{
    "geometry1": "curvedcubic",
    "geometry2": "large",
    "ope": "b2p_tang_ipp",
    "lc": 0.015,
    "dimP": 2,
    "dimQ": 2,
    "N": 68,
    "f0": 1000,
    "frequencies": [
        80,
        100,
        120,
        140,
        160,
        180,
        200,
        220,
        240,
        260,
        280,
        300,
        320,
        340,
        360,
        380,
        400,
        420,
        440,
        460,
        480,
        500,
        520,
        540,
        560,
        580,
        600,
        620,
        640,
        660,
        680,
        700,
        720,
        740,
        760,
        780,
        800,
        820,
        840,
        860,
        880,
        900,
        920,
        940,
        960,
        980,
        1000,
        1020,
        1040,
        1060,
        1080,
        1100,
        1120,
        1140,
        1160,
        1180,
        1200,
        1220,
        1240,
        1260,
        1280,
        1300,
        1320,
        1340,
        1360,
        1380,
        1400,
        1420,
        1440,
        1460,
        1480,
        1500,
        1520,
        1540,
        1560,
        1580,
        1600,
        1620,
        1640,
        1660,
        1680,
        1700,
        1720,
        1740,
        1760,
        1780,
        1800,
        1820,
        1840,
        1860,
        1880,
        1900,
        1920,
        1940,
        1960,
        1980,
        2000
    ],
    "Z_center": {
        "real": [
            0.011533337134954193,
            0.016879470620371984,
            0.023240294647538455,
            0.030841907367499283,
            0.03991183582876336,
            0.05063224293383159,
            0.06309830941130677,
            0.07728393784063631,
            0.09302705884307373,
            0.11004760641792315,
            0.12800098397919965,
            0.14655330448503706,
            0.16545291395532652,
            0.18457460977971324,
            0.2039268248103372,
            0.22362755053415437,
            0.24386295810299038,
            0.2648421769878147,
            0.28675667053363835,
            0.3097476603340662,
            0.3338822825226655,
            0.35913859729920483,
            0.38540019430928024,
            0.41246178188836796,
            0.44004692492921077,
            0.46783757830208283,
            0.4955124503163469,
            0.5227883802675586,
            0.5494570631610606,
            0.5754096307845825,
            0.6006440137246817,
            0.6252538774368801,
            0.6494018833507652,
            0.673282872684675,
            0.6970838036052791,
            0.7209470972050749,
            0.7449429735629839,
            0.7690547563637978,
            0.793179074319481,
            0.8171403921271001,
            0.8407166403919957,
            0.8636705719215952,
            0.8857806508072362,
            0.9068661349657847,
            0.9268031316484185,
            0.945530852691737,
            0.9630491973175344,
            0.9794097554539708,
            0.9947024510400367,
            1.0090396763371963,
            1.0225393016557267,
            1.035307738789103,
            1.0474244940593271,
            1.0589302423685056,
            1.0698208773266955,
            1.0800495880633323,
            1.0895374333620929,
            1.0981904599500443,
            1.1059191423642707,
            1.112655000125411,
            1.1183603485510671,
            1.123029900131764,
            1.1266860393596652,
            1.129371499722867,
            1.1311430114885737,
            1.1320675693132563,
            1.132220541509023,
            1.131683339749897,
            1.1305385772094034,
            1.128862307968972,
            1.1267150008555074,
            1.124134186656269,
            1.1211316106343894,
            1.1176963771719264,
            1.113803670039746,
            1.1094269440135194,
            1.1045505567426932,
            1.0991798428208168,
            1.0933465009042425,
            1.0871085103656188,
            1.0805451502926253,
            1.0737486518646795,
            1.0668143779706736,
            1.0598312643562708,
            1.052873829953931,
            1.0459966258881501,
            1.0392316537324988,
            1.0325890009065444,
            1.026060621605762,
            1.01962679652909,
            1.0132643743183118,
            1.0069555211181667,
            1.0006954930189784,
            0.9944980026721068,
            0.988397106181087,
            0.982445113104672,
            0.9767067354290901
        ],
        "imag": [
            0.12225681209329577,
            0.1520391120168127,
            0.18188935643811066,
            0.21183849523277037,
            0.241791865128462,
            0.27154537981825894,
            0.3008110166818816,
            0.32925909012540955,
            0.35657827532021896,
            0.38254199032037467,
            0.4070596722141973,
            0.43019226496054636,
            0.4521249830800488,
            0.47310881685119044,
            0.49339310812197795,
            0.5131696184426593,
            0.5325384847042459,
            0.551496412869455,
            0.56994209738749,
            0.5876931410177505,
            0.6045103669779074,
            0.6201271598730798,
            0.6342821710292577,
            0.6467531634848604,
            0.6573883975376503,
            0.6661306246353479,
            0.6730284507532734,
            0.6782312564187543,
            0.6819670115273195,
            0.6845063128122385,
            0.6861193751193416,
            0.6870342851770801,
            0.6874041656450337,
            0.6872885235082137,
            0.6866509858795157,
            0.6853727411232574,
            0.683278704526571,
            0.6801717213256098,
            0.6758689697029496,
            0.6702343337955033,
            0.663201261135741,
            0.6547826713930269,
            0.6450674286575347,
            0.6342057671038355,
            0.6223878858629405,
            0.6098202803720403,
            0.5967035437587479,
            0.5832140217378018,
            0.5694904482380153,
            0.5556258703680934,
            0.541664875551446,
            0.5276062184728122,
            0.5134110484209996,
            0.49901659393957004,
            0.4843541017415759,
            0.4693682789880041,
            0.45403420440908093,
            0.4383675654689327,
            0.42242563575446807,
            0.40629925851844256,
            0.39009905150757684,
            0.37394066333110043,
            0.3579333759290758,
            0.3421740007569212,
            0.3267451825877051,
            0.311715428681176,
            0.2971382672194372,
            0.2830496351495966,
            0.2694647433056246,
            0.2563769495866936,
            0.24376088377387076,
            0.23158044724599652,
            0.21980026773232564,
            0.20839770637583258,
            0.1973721559619283,
            0.18674914246685492,
            0.17657824875659014,
            0.16692555760678768,
            0.15786263713715448,
            0.14945471644020536,
            0.14175053482256345,
            0.13477558165392794,
            0.12852944413843795,
            0.12298711590721602,
            0.11810358470945045,
            0.11382078236148978,
            0.11007588875284052,
            0.10680990907113201,
            0.10397537929831492,
            0.1015420728854022,
            0.09949975963054103,
            0.0978574437656178,
            0.09663906548211712,
            0.09587629867161221,
            0.09559966339332829,
            0.09582956612836753,
            0.09656905433538004
        ]
    },
    "CPU_time": {
        "derivatives": 0.28801608085632324,
        "buildingVn": 68.06847405433655,
        "spliting_Vn": 0.0,