{
    "geometry1": "curvedcubic",
    "geometry2": "small",
    "ope": "b2p_tang_ipp",
    "lc": 0.015,
    "dimP": 2,
    "dimQ": 2,
    "N": 27,
    "f0": 1000,
    "frequencies": [
        80,
        100,
        120,
        140,
        160,
        180,
        200,
        220,
        240,
        260,
        280,
        300,
        320,
        340,
        360,
        380,
        400,
        420,
        440,
        460,
        480,
        500,
        520,
        540,
        560,
        580,
        600,
        620,
        640,
        660,
        680,
        700,
        720,
        740,
        760,
        780,
        800,
        820,
        840,
        860,
        880,
        900,
        920,
        940,
        960,
        980,
        1000,
        1020,
        1040,
        1060,
        1080,
        1100,
        1120,
        1140,
        1160,
        1180,
        1200,
        1220,
        1240,
        1260,
        1280,
        1300,
        1320,
        1340,
        1360,
        1380,
        1400,
        1420,
        1440,
        1460,
        1480,
        1500,
        1520,
        1540,
        1560,
        1580,
        1600,
        1620,
        1640,
        1660,
        1680,
        1700,
        1720,
        1740,
        1760,
        1780,
        1800,
        1820,
        1840,
        1860,
        1880,
        1900,
        1920,
        1940,
        1960,
        1980,
        2000
    ],
    "Z_center": {
        "real": [
            0.014893015104413576,
            0.022826244106797716,
            0.03214222982179146,
            0.04267194868792287,
            0.05425539323066036,
            0.06674978874794613,
            0.08003449623854755,
            0.0940129546359691,
            0.1086123101025129,
            0.12378146075374181,
            0.13948818031165242,
            0.15571584588114343,
            0.17246013878960542,
            0.1897259467752769,
            0.20752458560639409,
            0.22587138085260855,
            0.2447836018133593,
            0.26427871291679744,
            0.28437289662473114,
            0.305079800505699,
            0.32640946555629774,
            0.3483674002325675,
            0.37095377317545,
            0.3941627061821041,
            0.41798165696492107,
            0.4423908883220405,
            0.4673630263497302,
            0.49286271516569025,
            0.518846379227264,
            0.5452621066693106,
            0.5720496681041278,
            0.5991406849881502,
            0.6264589599488735,
            0.6539209784098415,
            0.6814365865344989,
            0.7089098450856588,
            0.7362400525022859,
            0.7633229236443174,
            0.7900519036363264,
            0.8163195894893992,
            0.8420192261594883,
            0.8670462388558445,
            0.8912997601375624,
            0.914684108933011,
            0.9371101792574864,
            0.9584966991234837,
            0.9787713248038664,
            0.9978715419543657,
            1.0157453527286708,
            1.0323517364473205,
            1.0476608800847442,
            1.061654183292793,
            1.074324050415015,
            1.085673488567368,
            1.0957155360944315,
            1.1044725493879806,
            1.1119753781449955,
            1.1182624597109596,
            1.1233788623616945,
            1.1273753054430664,
            1.1303071814818482,
            1.1322336019592278,
            1.1332164846832353,
            1.1333196968293158,
            1.1326082639510557,
            1.1311476517438654,
            1.129003124199154,
            1.1262391790708042,
            1.122919059340309,
            1.119104337606739,
            1.1148545690166134,
            1.1102270074684326,
            1.105276379306696,
            1.1000547085170507,
            1.0946111874923754,
            1.088992087694268,
            1.083240704944994,
            1.0773973345891819,
            1.0714992723386643,
            1.0655808372009952,
            1.059673413477773,
            1.0538055093703147,
            1.0480028302248123,
            1.0422883648798145,
            1.0366824839215965,
            1.0312030489215893,
            1.025865531892393,
            1.0206831442881938,
            1.015666974870043,
            1.0108261356862136,
            1.006167915272024,
            1.0016979379907607,
            0.9974203282155384,
            0.9933378778179441,
            0.9894522151998935,
            0.9857639739027587,
            0.9822729586619862
        ],
        "imag": [
            0.12851001429503234,
            0.1590799400622965,
            0.18875505253795763,
            0.21747423325820422,
            0.24521482338894723,
            0.27198531809231385,
            0.2978170117779699,
            0.3227557828056191,
            0.34685481120628836,
            0.37016863613180756,
            0.39274865425698885,
            0.4146399594967467,
            0.4358793187137439,
            0.4564940434244572,
            0.47650152770294374,
            0.495909255924315,
            0.5147151256272416,
            0.5329079715599166,
            0.5504682123656947,
            0.5673685697429648,
            0.5835748313193303,
            0.5990466437385583,
            0.6137383326513798,
            0.6275997524912202,
            0.640577172007492,
            0.6526142022550185,
            0.6636527726573406,
            0.6736341583061388,
            0.6825000581689553,
            0.6901937196434476,
            0.6966611001826767,
            0.7018520517939716,
            0.7057215093647209,
            0.7082306592941994,
            0.7093480611216637,
            0.7090506920520279,
            0.7073248827735089,
            0.7041671129822314,
            0.6995846367309381,
            0.6935959111728004,
            0.6862308074106608,
            0.6775305888037904,
            0.6675476499115272,
            0.656345017846622,
            0.6439956266637553,
            0.6305813839844198,
            0.6161920568214402,
            0.6009240100362456,
            0.5848788356596932,
            0.5681619141760951,
            0.5508809497087036,
            0.5331445198951512,
            0.5150606782880641,
            0.49673564265417297,
            0.4782725969509907,
            0.4597706284493169,
            0.44132381485984645,
            0.42302046980602753,
            0.4049425488894798,
            0.38716521318724495,
            0.3697565424694794,
            0.35277738684020543,
            0.3362813429012873,
            0.32031483888461515,
            0.30491731240751224,
            0.2901214644618157,
            0.2759535738200055,
            0.2624338570784603,
            0.2495768609434719,
            0.23739187494881456,
            0.2258833544915418,
            0.21505134577050455,
            0.2048919058575516,
            0.19539751265633412,
            0.18655746087744485,
            0.17835824135394504,
            0.17078390203229166,
            0.16381638979007704,
            0.1574358728687439,
            0.1516210441647132,
            0.1463494059344609,
            0.1415975366220455,
            0.13734134057208902,
            0.13355628133045483,
            0.13021759911305636,
            0.12730051283630378,
            0.1247804068961152,
            0.12263300265658138,
            0.12083451440422638,
            0.1193617893329093,
            0.11819243099665669,
            0.117304905578889,
            0.11667863031992576,
            0.11629404349860563,
            0.11613265549909445,
            0.11617708069783945,
            0.11641105016868551
        ]
    },
    "CPU_time": {
        "derivatives": 0.05342578887939453,
        "buildingVn": 2.3384079933166504,
        "spliting_Vn": 0.0,
        "solvingMOR": 0.06488704681396484,