{
    "geometry1": "curvedcubic",
    "geometry2": "large",
    "ope": "b2p_tang_ipp",
    "lc": 0.015,
    "dimP": 2,
    "dimQ": 2,
    "N": 27,
    "f0": 1000,
    "frequencies": [
        80,
        100,
        120,
        140,
        160,
        180,
        200,
        220,
        240,
        260,
        280,
        300,
        320,
        340,
        360,
        380,
        400,
        420,
        440,
        460,
        480,
        500,
        520,
        540,
        560,
        580,
        600,
        620,
        640,
        660,
        680,
        700,
        720,
        740,
        760,
        780,
        800,
        820,
        840,
        860,
        880,
        900,
        920,
        940,
        960,
        980,
        1000,
        1020,
        1040,
        1060,
        1080,
        1100,
        1120,
        1140,
        1160,
        1180,
        1200,
        1220,
        1240,
        1260,
        1280,
        1300,
        1320,
        1340,
        1360,
        1380,
        1400,
        1420,
        1440,
        1460,
        1480,
        1500,
        1520,
        1540,
        1560,
        1580,
        1600,
        1620,
        1640,
        1660,
        1680,
        1700,
        1720,
        1740,
        1760,
        1780,
        1800,
        1820,
        1840,
        1860,
        1880,
        1900,
        1920,
        1940,
        1960,
        1980,
        2000
    ],
    "Z_center": {
        "real": [
            0.011581785239708868,
            0.016867326503795767,
            0.02320878591740526,
            0.030815982485167308,
            0.03989854407099758,
            0.050628395948909714,
            0.06309801127011579,
            0.07728298695763988,
            0.09302418285677191,
            0.11004364501265018,
            0.12799739881685357,
            0.14655106698179013,
            0.1654521658484552,
            0.18457490960105716,
            0.2039275718150009,
            0.2236282868920643,
            0.24386346612298473,
            0.26484243227472526,
            0.2867567460027196,
            0.309747645928371,
            0.3338822434113385,
            0.3591385652992715,
            0.38540017701852236,
            0.4124617756396766,
            0.4400469240195354,
            0.4678375789250704,
            0.49551245090717033,
            0.5227883805402319,
            0.5494570632374152,
            0.5754096307930431,
            0.6006440137213804,
            0.6252538774348798,
            0.64940188335026,
            0.6732828726846241,
            0.6970838036052919,
            0.7209470972050844,
            0.7449429735629878,
            0.7690547563637923,
            0.7931790743194689,
            0.8171403921270827,
            0.8407166403919727,
            0.863670571921576,
            0.8857806508072174,
            0.9068661349657712,
            0.9268031316484142,
            0.9455308526917442,
            0.9630491973175525,
            0.9794097554540013,
            0.9947024510400755,
            1.009039676337238,
            1.0225393016557764,
            1.0353077387891436,
            1.0474244940593573,
            1.0589302423685127,
            1.0698208773266855,
            1.080049588063289,
            1.089537433362021,
            1.0981904599499392,
            1.1059191423639056,
            1.1126550001225084,
            1.1183603485390459,
            1.123029900135225,
            1.126686039686954,
            1.1293715016226114,
            1.1311430167631056,
            1.1320675718195687,
            1.1322204984829742,
            1.1316831324407217,
            1.130538056457872,
            1.1288616448680655,
            1.1267155268738898,
            1.124139382204611,
            1.1211467879540338,
            1.1177245561925784,
            1.113835678579226,
            1.1094274298556293,
            1.104448340007581,
            1.0988778955922518,
            1.0927682268180168,
            1.0862873531568789,
            1.079742438549127,
            1.0735554419530753,
            1.0681679845477514,
            1.0638679646709204,
            1.060554737813147,
            1.0574925978120844,
            1.0531492909717115,
            1.0452733013915168,
            1.0313814930920528,
            1.0096989941082049,
            0.980256173877903,
            0.945516867993048,
            0.9100379920079892,
            0.879329652943205,
            0.8586625868456544,
            0.8524735908879403,
            0.8644908215675442
        ],
        "imag": [
            0.12215399041606476,
            0.15196355101545614,
            0.18185342817755099,
            0.2118299462411924,
            0.24179440560608856,
            0.27154827875959103,
            0.3008105685104358,
            0.3292562266920447,
            0.35657541335980475,
            0.3825408311083779,
            0.40706048079464985,
            0.4301942713675259,
            0.45212716586630364,
            0.4731104737409247,
            0.4933940171322541,
            0.5131699071030541,
            0.5325384144157294,
            0.5514962179991918,
            0.5699419184463373,
            0.5876930286792128,
            0.6045103168707111,
            0.620127147724126,
            0.6342821744149711,
            0.6467531694403669,
            0.6573884014385696,
            0.6661306262716253,
            0.6730284511587012,
            0.6782312564141288,
            0.681967011469493,
            0.6845063127826585,
            0.6861193751110355,
            0.6870342851759254,
            0.6874041656451142,
            0.6872885235082763,
            0.6866509858795156,
            0.6853727411232393,
            0.6832787045265495,
            0.6801717213255882,
            0.6758689697029292,
            0.6702343337954874,
            0.6632012611357326,
            0.6547826713930267,
            0.6450674286575436,
            0.6342057671038507,
            0.6223878858629609,
            0.6098202803720604,
            0.5967035437587694,
            0.5832140217378161,
            0.5694904482380194,
            0.5556258703680743,
            0.541664875551414,
            0.5276062184727652,
            0.5134110484209318,
            0.4990165939394927,
            0.4843541017414854,
            0.46936827898790556,
            0.4540342044089967,
            0.43836756546885336,
            0.42242563575417275,
            0.4062992585185488,
            0.39009905152050206,
            0.3739406634266938,
            0.35793337624276833,
            0.34217400076952725,
            0.3267451777965601,
            0.3117154046200973,
            0.29713820572055905,
            0.2830495795192578,
            0.26946497539415565,
            0.25637820095712754,
            0.2437641519241302,
            0.23158560533414296,
            0.21980286741131916,
            0.20838493629899413,
            0.19732186236033036,
            0.1866385711303763,
            0.17640863330352816,
            0.1667618524137971,
            0.1578743294256334,
            0.14992832553762728,
            0.1430359371436655,
            0.13713578450330463,
            0.13189100719699942,
            0.12663305582128634,
            0.12040496178905598,
            0.11215861168030815,
            0.10114472157596015,
            0.08747419065118227,
            0.07269173229861893,
            0.06002020836830354,
            0.053895884939081116,
            0.05875750156785383,
            0.07765072979840972,
            0.11145295522931385,
            0.15905325665044712,
            0.21813151906577957,
            0.28593558391005575
        ]
    },
    "CPU_time": {
        "derivatives": 0.27849602699279785,
        "buildingVn": 58.767536878585815,
        "spliting_Vn": 0.0,