{
    "geometry1": "curvedcubic",
    "geometry2": "large",
    "ope": "b2p_tang_ipp",
    "lc": 0.015,
    "dimP": 2,
    "dimQ": 2,
    "N": 6,
    "f0": 1000,
    "frequencies": [
        80,
        100,
        120,
        140,
        160,
        180,
        200,
        220,
        240,
        260,
        280,
        300,
        320,
        340,
        360,
        380,
        400,
        420,
        440,
        460,
        480,
        500,
        520,
        540,
        560,
        580,
        600,
        620,
        640,
        660,
        680,
        700,
        720,
        740,
        760,
        780,
        800,
        820,
        840,
        860,
        880,
        900,
        920,
        940,
        960,
        980,
        1000,
        1020,
        1040,
        1060,
        1080,
        1100,
        1120,
        1140,
        1160,
        1180,
        1200,
        1220,
        1240,
        1260,
        1280,
        1300,
        1320,
        1340,
        1360,
        1380,
        1400,
        1420,
        1440,
        1460,
        1480,
        1500,
        1520,
        1540,
        1560,
        1580,
        1600,
        1620,
        1640,
        1660,
        1680,
        1700,
        1720,
        1740,
        1760,
        1780,
        1800,
        1820,
        1840,
        1860,
        1880,
        1900,
        1920,
        1940,
        1960,
        1980,
        2000
    ],
    "Z_center": {
        "real": [
            0.0034214842199122722,
            0.004463566594819935,
            0.005589509005050702,
            0.006809015735788236,
            0.008134207871406552,
            0.00957971920396232,
            0.011163060684427222,
            0.01290525616692346,
            0.014831781233457832,
            0.016973877206445595,
            0.01937036684179588,
            0.022070175241995973,
            0.025135874900635163,
            0.028648753988873545,
            0.03271619695942458,
            0.03748264362820654,
            0.04314619183498791,
            0.04998426505433101,
            0.058394086557795884,
            0.0689576580141516,
            0.08254751033087154,
            0.10049953628039379,
            0.12489086944530577,
            0.15895840919438248,
            0.20760844033253406,
            0.2775691506702284,
            0.375518535084066,
            0.5006758076758051,
            0.6320570715589591,
            0.730160746895463,
            0.7713769286275894,
            0.7695076915628718,
            0.7522039388878253,
            0.737681180079605,
            0.732708119694629,
            0.7378160623886846,
            0.7511129738016387,
            0.7700913165933755,
            0.7923973511952276,
            0.8161560081988826,
            0.8400709201612515,
            0.8633743617793371,
            0.8856854635290551,
            0.9068470227956303,
            0.9268013724055368,
            0.9455308259242233,
            0.9630491973175107,
            0.9794097363807095,
            0.9947016524144147,
            1.0090362857582509,
            1.0225546675031851,
            1.0354950495561597,
            1.0483264066914137,
            1.061890799247571,
            1.0774357128759986,
            1.0963831809143425,
            1.1196618463925276,
            1.146393254561578,
            1.1717894973209597,
            1.184825140079517,
            1.1683992146849598,
            1.1067210965485865,
            0.9989342588865632,
            0.8643873942994745,
            0.7297754884816691,
            0.6131566488566863,
            0.5201845140256898,
            0.44889227154074807,
            0.3947331341837456,
            0.35318433402302535,
            0.32057727318748186,
            0.29414589452653794,
            0.27183858886170037,
            0.25210549713976044,
            0.23372076163609576,
            0.2156444985215871,
            0.1969137448992763,
            0.17654907756528387,
            0.15346400762425,
            0.12636410867017966,
            0.0936207410339063,
            0.0530991232595925,
            0.0019107590654193732,
            -0.06395705764395213,
            -0.15021203314320716,
            -0.2651575664112859,
            -0.4211430844877237,
            -0.6369352542249446,
            -0.941614903376126,
            -1.3808682233720873,
            -2.0263851950391185,
            -2.986373451850455,
            -4.402076264796117,
            -6.372572820451942,
            -8.690746154429737,
            -10.4965930909625,
            -10.755649710759544
        ],
        "imag": [
            0.07735540749463342,
            0.09706080388947859,
            0.11701025988004672,
            0.1372563682248784,
            0.15785489087310553,
            0.17886577405451407,
            0.20035436158567713,
            0.22239282005913877,
            0.24506182693935663,
            0.26845260455400677,
            0.292669415145884,
            0.31783266937022714,
            0.3440828464376323,
            0.37158547984475093,
            0.4005375244641282,
            0.43117547170819637,
            0.4637855694365438,
            0.49871629985678945,
            0.5363925367954672,
            0.5773287099711503,
            0.6221327925856552,
            0.6714789835419279,
            0.7259926945783293,
            0.7859110384813527,
            0.8502129119875538,
            0.9146615725770783,
            0.9683459716260222,
            0.9909988123011048,
            0.9609360051430844,
            0.8804381954603349,
            0.7858650101538015,
            0.7136233305980667,
            0.6736411981979364,
            0.6582983279215486,
            0.6569231060293534,
            0.6614202607529932,
            0.666760143193502,
            0.6702258694284725,
            0.6706672574110986,
            0.6679224191742199,
            0.662363591909817,
            0.6545532947213742,
            0.6450268833070939,
            0.6342029704355542,
            0.6223880860094151,
            0.6098202908496158,
            0.5967035437587598,
            0.583214045593263,
            0.5694922795726591,
            0.5556487413711613,
            0.5417951532725637,
            0.5280722374338553,
            0.5146052745807304,
            0.5013118796930915,
            0.487527345797405,
            0.47148479711778163,
            0.44977290952966836,
            0.417049693025261,
            0.3666799462356137,
            0.293601997089756,
            0.20048778200596032,
            0.10412184400972231,
            0.03215886786533455,
            0.006443016807119551,
            0.029657562153564753,
            0.08957569781770465,
            0.1710621818011025,
            0.262974100959867,
            0.35904071673334337,
            0.4564520655553267,
            0.5543956969602261,
            0.6530991853172392,
            0.7533068033749859,
            0.8560242024390681,
            0.9624099232449018,
            1.0737441528492218,
            1.1914388937042628,
            1.3170726592495705,
            1.4524429534440728,
            1.5996352748806906,
            1.761110494022662,
            1.939814208647456,
            2.1393121514407802,
            2.3639537900466245,
            2.6190585407678015,
            2.911096880330608,
            3.2477806109928915,
            3.637829071972574,
            4.089807265196196,
            4.6085070722280665,
            5.185099475044278,
            5.772342638050068,
            6.228552260823467,
            6.221736208981647,
            5.197987311092266,
            2.8028352791573603,
            -0.2838489477248566
        ]
    },
    "CPU_time": {
        "derivatives": 0.2956101894378662,
        "buildingVn": 50.91201615333557,
        "spliting_Vn": 0.0,