{
    "geometry1": "curvedcubic",
    "geometry2": "small",
    "ope": "b2p_tang_ipp",
    "lc": 0.015,
    "dimP": 2,
    "dimQ": 2,
    "N": 8,
    "f0": 1000,
    "frequencies": [
        80,
        100,
        120,
        140,
        160,
        180,
        200,
        220,
        240,
        260,
        280,
        300,
        320,
        340,
        360,
        380,
        400,
        420,
        440,
        460,
        480,
        500,
        520,
        540,
        560,
        580,
        600,
        620,
        640,
        660,
        680,
        700,
        720,
        740,
        760,
        780,
        800,
        820,
        840,
        860,
        880,
        900,
        920,
        940,
        960,
        980,
        1000,
        1020,
        1040,
        1060,
        1080,
        1100,
        1120,
        1140,
        1160,
        1180,
        1200,
        1220,
        1240,
        1260,
        1280,
        1300,
        1320,
        1340,
        1360,
        1380,
        1400,
        1420,
        1440,
        1460,
        1480,
        1500,
        1520,
        1540,
        1560,
        1580,
        1600,
        1620,
        1640,
        1660,
        1680,
        1700,
        1720,
        1740,
        1760,
        1780,
        1800,
        1820,
        1840,
        1860,
        1880,
        1900,
        1920,
        1940,
        1960,
        1980,
        2000
    ],
    "Z_center": {
        "real": [
            0.014953242650180616,
            0.022798291110582528,
            0.032045564922354705,
            0.04253888119722059,
            0.05411898233582083,
            0.06663610618609224,
            0.07995945324648715,
            0.0939825387433552,
            0.10862471913705532,
            0.12382986431958144,
            0.1395632928777569,
            0.1558079196688642,
            0.1725602831024179,
            0.1898268476395377,
            0.20762076799880227,
            0.22595916380608486,
            0.244860874906078,
            0.264344630840177,
            0.2844275574448428,
            0.30512394754839856,
            0.3264442337291762,
            0.34839411449959656,
            0.3709737986379579,
            0.39417734452217684,
            0.4179920817715458,
            0.442398111184418,
            0.46736788593494283,
            0.49286588236440965,
            0.51884837256177,
            0.545263313328332,
            0.572050367091067,
            0.599141069877137,
            0.6264591596086844,
            0.6539210747651628,
            0.681436628988807,
            0.7089098616388315,
            0.736240057872314,
            0.7633229248633816,
            0.7900519036575064,
            0.8163195893323666,
            0.8420192260640517,
            0.8670462388220497,
            0.8912997601303448,
            0.9146841089326406,
            0.9371101792580793,
            0.9584966991241348,
            0.978771324804524,
            0.9978715419550394,
            1.0157453527292368,
            1.0323517364457442,
            1.0476608800615648,
            1.0616541831420037,
            1.0743240497266051,
            1.0856734860863406,
            1.095715528575568,
            1.1044725294491355,
            1.1119753306090592,
            1.1182623558412343,
            1.1233786513662112,
            1.1273749026845592,
            1.1303064530124454,
            1.1322323453492706,
            1.133214406660934,
            1.1333163890372429,
            1.132603179185243,
            1.1311400844069026,
            1.128992200380689,
            1.1262238636843582,
            1.1228981900724542,
            1.1190766980386078,
            1.1148190160913611,
            1.1101826713763678,
            1.1052229566848946,
            1.099992872385399,
            1.0945431392781728,
            1.0889222776864627,
            1.0831767471466043,
            1.077351139759473,
            1.0714884185631777,
            1.065630190172973,
            1.0598169984611399,
            1.0540886233363786,
            1.04848436589882,
            1.043043298631494,
            1.0378044570962404,
            1.0328069480824635,
            1.0280899485183361,
            1.0236925698180035,
            1.0196535637111732,
            1.01601084787202,
            1.012800832640033,
            1.0100575335716762,
            1.0078114583297304,
            1.0060882605230137,
            1.0049071578817996,
            1.0042791183023336,
            1.0042048259584804
        ],
        "imag": [
            0.1283867907812815,
            0.1589852220354827,
            0.1887222424450955,
            0.2175186099902835,
            0.24533403986023994,
            0.272164475598755,
            0.2980349949862388,
            0.3229907107389015,
            0.34708769395307615,
            0.370385200171469,
            0.392939740853042,
            0.41480101781438505,
            0.4360094526654627,
            0.4565949417685338,
            0.4765764766971121,
            0.49596233135011414,
            0.5147505920641984,
            0.5329298766380167,
            0.5504801444100484,
            0.5673735412365379,
            0.5835752521665498,
            0.5990443534859483,
            0.6137346671968733,
            0.6275956270500813,
            0.6405731675612161,
            0.6526106471615595,
            0.6636498145475289,
            0.6736318239384655,
            0.682498300710658,
            0.6901924540374847,
            0.6966602279844383,
            0.701851477233131,
            0.7057211485008571,
            0.7082304440663041,
            0.7093479399041863,
            0.709050628070434,
            0.707324851443049,
            0.7041670989421704,
            0.6995846310800602,
            0.6935959091835345,
            0.6862308068216693,
            0.6775305886658028,
            0.6675476498885186,
            0.6563450178444691,
            0.6439956266637723,
            0.630581383984482,
            0.6161920568214381,
            0.6009240100361899,
            0.5848788356595209,
            0.5681619141741698,
            0.5508809496922893,
            0.5331445198085318,
            0.5150606779641967,
            0.49673564171941165,
            0.47827259477605005,
            0.45977062433998317,
            0.441323808873891,
            0.4230204648577698,
            0.40494255516990246,
            0.38716525637837823,
            0.36975667776596033,
            0.3527777213841611,
            0.33628206986345727,
            0.3203162870453636,
            0.304920015653025,
            0.2901262560480065,
            0.27596171048467577,
            0.2624471780107904,
            0.24959798612341014,
            0.23742444633172066,
            0.2259323217799403,
            0.21512329595098412,
            0.204995432130203,
            0.19554361372547455,
            0.18675995571044707,
            0.17863417741596727,
            0.17115392671812688,
            0.164305045463447,
            0.15807176588616542,
            0.15243682797040864,
            0.14738150837442004,
            0.14288555283265153,
            0.13892700601855218,
            0.13548193576305337,
            0.13252405227359554,
            0.13002422749246834,
            0.12794992478200132,
            0.12626455448406174,
            0.12492677630572381,
            0.1238897747074999,
            0.12310053840983026,
            0.12249917982089953,
            0.12201833487719123,
            0.12158268886468801,
            0.12110867975099039,
            0.12050443783470553,
            0.11967002930246529
        ]
    },
    "CPU_time": {
        "derivatives": 0.05199575424194336,
        "buildingVn": 1.6745798587799072,
        "spliting_Vn": 0.0,
        "solvingMOR": 0.03657078742980957,