{
    "geometry1": "curvedcubic",
    "geometry2": "large",
    "ope": "b2p_tang_ipp",
    "lc": 0.015,
    "dimP": 2,
    "dimQ": 2,
    "N": 100,
    "f0": 1000,
    "frequencies": [
        80,
        100,
        120,
        140,
        160,
        180,
        200,
        220,
        240,
        260,
        280,
        300,
        320,
        340,
        360,
        380,
        400,
        420,
        440,
        460,
        480,
        500,
        520,
        540,
        560,
        580,
        600,
        620,
        640,
        660,
        680,
        700,
        720,
        740,
        760,
        780,
        800,
        820,
        840,
        860,
        880,
        900,
        920,
        940,
        960,
        980,
        1000,
        1020,
        1040,
        1060,
        1080,
        1100,
        1120,
        1140,
        1160,
        1180,
        1200,
        1220,
        1240,
        1260,
        1280,
        1300,
        1320,
        1340,
        1360,
        1380,
        1400,
        1420,
        1440,
        1460,
        1480,
        1500,
        1520,
        1540,
        1560,
        1580,
        1600,
        1620,
        1640,
        1660,
        1680,
        1700,
        1720,
        1740,
        1760,
        1780,
        1800,
        1820,
        1840,
        1860,
        1880,
        1900,
        1920,
        1940,
        1960,
        1980,
        2000
    ],
    "Z_center": {
        "real": [
            0.01153333713493759,
            0.01687947062035162,
            0.02324029464752848,
            0.030841907367495716,
            0.03991183582877267,
            0.05063224293384408,
            0.06309830941132086,
            0.07728393784065277,
            0.09302705884309959,
            0.11004760641793897,
            0.12800098397919754,
            0.146553304485037,
            0.16545291395530715,
            0.184574609779696,
            0.20392682481031835,
            0.2236275505341373,
            0.24386295810297534,
            0.26484217698780665,
            0.28675667053363313,
            0.3097476603340592,
            0.3338822825226576,
            0.35913859729920544,
            0.3854001943092813,
            0.4124617818883703,
            0.44004692492921005,
            0.46783757830208467,
            0.49551245031634744,
            0.5227883802675662,
            0.5494570631610675,
            0.5754096307845883,
            0.6006440137246857,
            0.6252538774368837,
            0.6494018833507684,
            0.6732828726846817,
            0.6970838036052837,
            0.7209470972050772,
            0.7449429735629882,
            0.7690547563638012,
            0.7931790743194799,
            0.8171403921270931,
            0.8407166403919867,
            0.863670571921591,
            0.8857806508072323,
            0.9068661349657815,
            0.926803131648415,
            0.9455308526917374,
            0.9630491973175367,
            0.9794097554539787,
            0.9947024510400438,
            1.0090396763372034,
            1.0225393016557425,
            1.0353077387891192,
            1.0474244940593473,
            1.0589302423685212,
            1.0698208773267046,
            1.0800495880633045,
            1.0895374333620864,
            1.0981904599499994,
            1.1059191423642136,
            1.1126550001253808,
            1.1183603485510534,
            1.123029900131754,
            1.1266860393596458,
            1.1293714997229454,
            1.1311430114885572,
            1.132067569313223,
            1.132220541509035,
            1.1316833397499029,
            1.1305385772094427,
            1.1288623079689084,
            1.1267150008555482,
            1.1241341866559744,
            1.1211316106343365,
            1.117696377171786,
            1.1138036700397849,
            1.1094269440135072,
            1.1045505567426743,
            1.099179842820872,
            1.0933465009042682,
            1.0871085103657558,
            1.0805451502926702,
            1.073748651864306,
            1.0668143779715644,
            1.0598312643653014,
            1.0528738299608429,
            1.045996625816608,
            1.0392316535414905,
            1.032589001079888,
            1.0260606232220508,
            1.0196267986169218,
            1.0132643694760317,
            1.0069555009320317,
            1.0006954752248698,
            0.9944980538582658,
            0.9883972810779367,
            0.9824452779352455,
            0.9767064607038318
        ],
        "imag": [
            0.12225681209324386,
            0.15203911201681058,
            0.1818893564381272,
            0.21183849523278594,
            0.24179186512847128,
            0.27154537981826754,
            0.3008110166819046,
            0.3292590901253944,
            0.3565782753202156,
            0.38254199032035735,
            0.4070596722141821,
            0.43019226496052876,
            0.4521249830800298,
            0.47310881685117917,
            0.4933931081219635,
            0.5131696184426724,
            0.5325384847042555,
            0.5514964128694618,
            0.5699420973874997,
            0.5876931410177666,
            0.6045103669779227,
            0.620127159873087,
            0.6342821710292657,
            0.6467531634848677,
            0.6573883975376582,
            0.6661306246353508,
            0.6730284507532761,
            0.6782312564187603,
            0.6819670115273205,
            0.6845063128122345,
            0.6861193751193446,
            0.6870342851770742,
            0.6874041656450367,
            0.6872885235082118,
            0.6866509858795092,
            0.6853727411232513,
            0.6832787045265656,
            0.6801717213256017,
            0.6758689697029433,
            0.6702343337954977,
            0.6632012611357346,
            0.654782671393024,
            0.6450674286575374,
            0.6342057671038395,
            0.6223878858629465,
            0.6098202803720468,
            0.5967035437587547,
            0.583214021737806,
            0.569490448238023,
            0.5556258703680862,
            0.5416648755514405,
            0.5276062184728102,
            0.5134110484210019,
            0.49901659393956393,
            0.48435410174155985,
            0.4693682789879877,
            0.4540342044090467,
            0.438367565468922,
            0.42242563575441494,
            0.4062992585184711,
            0.39009905150756663,
            0.37394066333105497,
            0.35793337592905905,
            0.3421740007569259,
            0.3267451825876948,
            0.3117154286810901,
            0.29713826721946196,
            0.28304963514950904,
            0.2694647433056242,
            0.2563769495866187,
            0.2437608837739228,
            0.23158044724596566,
            0.21980026773238287,
            0.20839770637590488,
            0.1973721559620081,
            0.1867491424668804,
            0.17657824875658432,
            0.16692555760679645,
            0.15786263713729187,
            0.14945471644025746,
            0.14175053482249486,
            0.13477558165428627,
            0.12852944414080317,
            0.12298711590674327,
            0.1181035846817321,
            0.11382078231562638,
            0.11007588889808367,
            0.1068099096885896,
            0.10397537950768015,
            0.10154206953700085,
            0.09949975188897893,
            0.09785744537084137,
            0.0966391047837129,
            0.09587637088167444,
            0.09559965227549769,
            0.09582927383226497,
            0.09656849559693195
        ]
    },
    "CPU_time": {
        "derivatives": 0.2819252014160156,
        "buildingVn": 79.34698796272278,
        "spliting_Vn": 0.0,