{
    "geometry1": "curvedcubic",
    "geometry2": "small",
    "ope": "b2p_tang_ipp",
    "lc": 0.015,
    "dimP": 2,
    "dimQ": 2,
    "N": 72,
    "f0": 1000,
    "frequencies": [
        80,
        100,
        120,
        140,
        160,
        180,
        200,
        220,
        240,
        260,
        280,
        300,
        320,
        340,
        360,
        380,
        400,
        420,
        440,
        460,
        480,
        500,
        520,
        540,
        560,
        580,
        600,
        620,
        640,
        660,
        680,
        700,
        720,
        740,
        760,
        780,
        800,
        820,
        840,
        860,
        880,
        900,
        920,
        940,
        960,
        980,
        1000,
        1020,
        1040,
        1060,
        1080,
        1100,
        1120,
        1140,
        1160,
        1180,
        1200,
        1220,
        1240,
        1260,
        1280,
        1300,
        1320,
        1340,
        1360,
        1380,
        1400,
        1420,
        1440,
        1460,
        1480,
        1500,
        1520,
        1540,
        1560,
        1580,
        1600,
        1620,
        1640,
        1660,
        1680,
        1700,
        1720,
        1740,
        1760,
        1780,
        1800,
        1820,
        1840,
        1860,
        1880,
        1900,
        1920,
        1940,
        1960,
        1980,
        2000
    ],
    "Z_center": {
        "real": [
            0.014893015104469859,
            0.022826244106864953,
            0.03214222982186721,
            0.042671948687994565,
            0.05425539323069671,
            0.06674978874796667,
            0.08003449623854801,
            0.09401295463592522,
            0.10861231010245331,
            0.12378146075362036,
            0.13948818031147966,
            0.1557158458809399,
            0.17246013878934235,
            0.1897259467749787,
            0.20752458560603662,
            0.2258713808521887,
            0.24478360181288686,
            0.26427871291627764,
            0.284372896624187,
            0.3050798005050889,
            0.32640946555565764,
            0.3483674002319092,
            0.37095377317475275,
            0.39416270618140187,
            0.4179816569641567,
            0.44239088832126283,
            0.46736302634897836,
            0.49286271516492347,
            0.5188463792265193,
            0.5452621066685249,
            0.5720496681034116,
            0.5991406849874529,
            0.6264589599482547,
            0.6539209784091897,
            0.6814365865338986,
            0.7089098450851079,
            0.7362400525018106,
            0.763322923643847,
            0.7900519036359613,
            0.8163195894890619,
            0.8420192261592514,
            0.8670462388556103,
            0.8912997601374153,
            0.9146841089329274,
            0.937110179257453,
            0.958496699123481,
            0.978771324803935,
            0.9978715419544927,
            1.0157453527288263,
            1.032351736447485,
            1.0476608800849199,
            1.061654183293008,
            1.0743240504152283,
            1.0856734885675796,
            1.095715536094615,
            1.1044725493881618,
            1.1119753781451494,
            1.1182624597111395,
            1.1233788623617618,
            1.1273753054430358,
            1.1303071814820342,
            1.1322336019594492,
            1.1332164846832082,
            1.1333196968293315,
            1.1326082639508417,
            1.131147651743746,
            1.1290031241992813,
            1.1262391790707709,
            1.122919059340018,
            1.1191043376070018,
            1.114854569016596,
            1.1102270074683052,
            1.105276379306558,
            1.1000547085170473,
            1.0946111874923128,
            1.0889920876941894,
            1.083240704944895,
            1.0773973345889751,
            1.0714992723389327,
            1.0655808372009148,
            1.0596734134775287,
            1.053805509369925,
            1.0480028302244138,
            1.0422883648796881,
            1.0366824839212683,
            1.0312030489209447,
            1.0258655318919871,
            1.0206831442870454,
            1.0156669748697313,
            1.0108261356855426,
            1.0061679152712104,
            1.001697937990526,
            0.9974203282145077,
            0.9933378778170457,
            0.9894522151988485,
            0.9857639739017573,
            0.982272958660888
        ],
        "imag": [
            0.12851001429501413,
            0.1590799400622466,
            0.18875505253788896,
            0.21747423325811227,
            0.2452148233888262,
            0.2719853180921713,
            0.2978170117778177,
            0.32275578280542805,
            0.3468548112060976,
            0.37016863613161016,
            0.3927486542567868,
            0.4146399594965608,
            0.43587931871356617,
            0.4564940434242836,
            0.4765015277027954,
            0.4959092559242104,
            0.5147151256271706,
            0.5329079715598639,
            0.5504682123657023,
            0.5673685697430417,
            0.583574831319434,
            0.5990466437387245,
            0.6137383326515669,
            0.6275997524915508,
            0.6405771720078617,
            0.652614202255458,
            0.66365277265792,
            0.6736341583067965,
            0.6825000581696155,
            0.6901937196441441,
            0.6966611001834562,
            0.7018520517947395,
            0.7057215093656181,
            0.70823065929511,
            0.7093480611226225,
            0.7090506920530025,
            0.7073248827745796,
            0.7041671129833282,
            0.6995846367320132,
            0.6935959111738605,
            0.6862308074117457,
            0.6775305888047896,
            0.6675476499125947,
            0.6563450178476877,
            0.6439956266647467,
            0.6305813839853746,
            0.6161920568223818,
            0.6009240100371149,
            0.5848788356604919,
            0.5681619141768449,
            0.5508809497093158,
            0.5331445198957154,
            0.5150606782885911,
            0.49673564265459924,
            0.4782725969513269,
            0.4597706284495607,
            0.44132381486013034,
            0.4230204698062225,
            0.4049425488896379,
            0.3871652131873805,
            0.3697565424696544,
            0.35277738684038296,
            0.33628134290141776,
            0.32031483888479145,
            0.30491731240759923,
            0.2901214644619291,
            0.27595357382028973,
            0.2624338570788123,
            0.24957686094363568,
            0.23739187494902264,
            0.22588335449166447,
            0.21505134577037022,
            0.20489190585768718,
            0.19539751265640018,
            0.18655746087740194,
            0.17835824135391,
            0.17078390203199967,
            0.16381638978996468,
            0.15743587286831853,
            0.15162104416462416,
            0.1463494059343574,
            0.14159753662187538,
            0.1373413405716054,
            0.13355628133021127,
            0.13021759911310107,
            0.1273005128360184,
            0.1247804068955996,
            0.12263300265605837,
            0.1208345144041183,
            0.11936178933316145,
            0.11819243099621138,
            0.1173049055784273,
            0.11667863031965804,
            0.1162940434983365,
            0.11613265549945159,
            0.11617708069799207,
            0.11641105016892773
        ]
    },
    "CPU_time": {
        "derivatives": 0.053076982498168945,
        "buildingVn": 3.766633987426758,
        "spliting_Vn": 0.0,
        "solvingMOR": 0.16756987571716309,