{
    "geometry1": "curvedcubic",
    "geometry2": "small",
    "ope": "b2p_tang_ipp",
    "lc": 0.015,
    "dimP": 2,
    "dimQ": 2,
    "N": 58,
    "f0": 1000,
    "frequencies": [
        80,
        100,
        120,
        140,
        160,
        180,
        200,
        220,
        240,
        260,
        280,
        300,
        320,
        340,
        360,
        380,
        400,
        420,
        440,
        460,
        480,
        500,
        520,
        540,
        560,
        580,
        600,
        620,
        640,
        660,
        680,
        700,
        720,
        740,
        760,
        780,
        800,
        820,
        840,
        860,
        880,
        900,
        920,
        940,
        960,
        980,
        1000,
        1020,
        1040,
        1060,
        1080,
        1100,
        1120,
        1140,
        1160,
        1180,
        1200,
        1220,
        1240,
        1260,
        1280,
        1300,
        1320,
        1340,
        1360,
        1380,
        1400,
        1420,
        1440,
        1460,
        1480,
        1500,
        1520,
        1540,
        1560,
        1580,
        1600,
        1620,
        1640,
        1660,
        1680,
        1700,
        1720,
        1740,
        1760,
        1780,
        1800,
        1820,
        1840,
        1860,
        1880,
        1900,
        1920,
        1940,
        1960,
        1980,
        2000
    ],
    "Z_center": {
        "real": [
            0.014893015104403641,
            0.022826244106771726,
            0.032142229821745215,
            0.0426719486878498,
            0.05425539323055493,
            0.06674978874780353,
            0.08003449623838954,
            0.09401295463577444,
            0.10861231010231666,
            0.12378146075350478,
            0.1394881803114019,
            0.15571584588087156,
            0.1724601387893302,
            0.18972594677502938,
            0.20752458560613382,
            0.22587138085233252,
            0.2447836018130912,
            0.26427871291653826,
            0.28437289662449905,
            0.3050798005054767,
            0.3264094655560807,
            0.3483674002323531,
            0.3709537731753107,
            0.39416270618195476,
            0.41798165696487,
            0.4423908883219426,
            0.46736302634969185,
            0.492862715165728,
            0.5188463792273286,
            0.545262106669381,
            0.5720496681042432,
            0.5991406849883246,
            0.6264589599490936,
            0.653920978410076,
            0.6814365865347733,
            0.7089098450860108,
            0.7362400525026731,
            0.7633229236447054,
            0.7900519036367563,
            0.816319589489825,
            0.8420192261599456,
            0.8670462388563112,
            0.8912997601381042,
            0.9146841089335387,
            0.9371101792580175,
            0.9584966991240162,
            0.9787713248043994,
            0.9978715419549106,
            1.0157453527291869,
            1.0323517364477917,
            1.0476608800851834,
            1.0616541832932302,
            1.074324050415388,
            1.0856734885677122,
            1.0957155360947248,
            1.1044725493882135,
            1.11197537814516,
            1.1182624597111073,
            1.1233788623616918,
            1.1273753054431026,
            1.1303071814818006,
            1.1322336019592139,
            1.133216484683131,
            1.1333196968291859,
            1.132608263950853,
            1.1311476517437036,
            1.1290031241990093,
            1.1262391790705157,
            1.1229190593400282,
            1.1191043376066068,
            1.114854569016348,
            1.1102270074681446,
            1.1052763793065012,
            1.100054708516831,
            1.0946111874920617,
            1.088992087694092,
            1.083240704944838,
            1.0773973345889234,
            1.071499272338471,
            1.0655808372006639,
            1.0596734134773647,
            1.053805509369982,
            1.0480028302244877,
            1.042288364879401,
            1.0366824839211872,
            1.0312030489212067,
            1.0258655318921148,
            1.0206831442876596,
            1.0156669748696456,
            1.010826135685707,
            1.0061679152715919,
            1.0016979379902335,
            0.9974203282149445,
            0.9933378778172439,
            0.9894522151992868,
            0.9857639739020917,
            0.9822729586615818
        ],
        "imag": [
            0.12851001429496853,
            0.1590799400622152,
            0.18875505253786612,
            0.2174742332581066,
            0.24521482338885203,
            0.2719853180922135,
            0.29781701177790026,
            0.32275578280555944,
            0.3468548112062436,
            0.3701686361318091,
            0.3927486542570055,
            0.4146399594967767,
            0.4358793187138333,
            0.456494043424557,
            0.47650152770308546,
            0.49590925592451673,
            0.5147151256274464,
            0.5329079715601562,
            0.5504682123659891,
            0.5673685697432692,
            0.583574831319697,
            0.5990466437389148,
            0.6137383326517682,
            0.6275997524916498,
            0.6405771720079508,
            0.6526142022554601,
            0.6636527726578026,
            0.6736341583066627,
            0.6825000581694173,
            0.6901937196439493,
            0.6966611001831774,
            0.7018520517944794,
            0.7057215093652179,
            0.7082306592946694,
            0.7093480611221313,
            0.7090506920524657,
            0.7073248827739289,
            0.7041671129826386,
            0.699584636731297,
            0.6935959111730845,
            0.6862308074109793,
            0.6775305888040563,
            0.6675476499117076,
            0.6563450178467681,
            0.6439956266638676,
            0.6305813839844853,
            0.6161920568214396,
            0.600924010036202,
            0.5848788356596021,
            0.5681619141759571,
            0.5508809497084928,
            0.5331445198949255,
            0.5150606782878091,
            0.49673564265389253,
            0.4782725969506897,
            0.459770628448947,
            0.44132381485953565,
            0.42302046980566355,
            0.4049425488891041,
            0.3871652131869078,
            0.3697565424691515,
            0.35277738683989085,
            0.3362813429010669,
            0.3203148388844097,
            0.3049173124072951,
            0.29012146446175013,
            0.2759535738199588,
            0.2624338570784148,
            0.24957686094334017,
            0.237391874948864,
            0.22588335449165864,
            0.21505134577059914,
            0.20489190585757472,
            0.19539751265640776,
            0.1865574608775542,
            0.1783582413539559,
            0.170783902032235,
            0.16381638979013766,
            0.15743587286876687,
            0.15162104416490887,
            0.14634940593472676,
            0.14159753662227592,
            0.13734134057223502,
            0.13355628133063072,
            0.13021759911343586,
            0.12730051283661062,
            0.12478040689629687,
            0.12263300265699333,
            0.12083451440457398,
            0.11936178933330102,
            0.11819243099710317,
            0.1173049055793683,
            0.1166786303204696,
            0.11629404349922831,
            0.11613265549983011,
            0.116177080698543,
            0.1164110501695892
        ]
    },
    "CPU_time": {
        "derivatives": 0.053903818130493164,
        "buildingVn": 3.2771780490875244,
        "spliting_Vn": 0.0,
        "solvingMOR": 0.13345599174499512,