{
    "geometry1": "curvedcubic",
    "geometry2": "small",
    "ope": "b2p_tang_ipp",
    "lc": 0.015,
    "dimP": 2,
    "dimQ": 2,
    "N": 93,
    "f0": 1000,
    "frequencies": [
        80,
        100,
        120,
        140,
        160,
        180,
        200,
        220,
        240,
        260,
        280,
        300,
        320,
        340,
        360,
        380,
        400,
        420,
        440,
        460,
        480,
        500,
        520,
        540,
        560,
        580,
        600,
        620,
        640,
        660,
        680,
        700,
        720,
        740,
        760,
        780,
        800,
        820,
        840,
        860,
        880,
        900,
        920,
        940,
        960,
        980,
        1000,
        1020,
        1040,
        1060,
        1080,
        1100,
        1120,
        1140,
        1160,
        1180,
        1200,
        1220,
        1240,
        1260,
        1280,
        1300,
        1320,
        1340,
        1360,
        1380,
        1400,
        1420,
        1440,
        1460,
        1480,
        1500,
        1520,
        1540,
        1560,
        1580,
        1600,
        1620,
        1640,
        1660,
        1680,
        1700,
        1720,
        1740,
        1760,
        1780,
        1800,
        1820,
        1840,
        1860,
        1880,
        1900,
        1920,
        1940,
        1960,
        1980,
        2000
    ],
    "Z_center": {
        "real": [
            0.014893015104418324,
            0.02282624410680492,
            0.03214222982179234,
            0.042671948687912166,
            0.054255393230634164,
            0.06674978874790721,
            0.08003449623851071,
            0.09401295463590859,
            0.10861231010243999,
            0.1237814607536535,
            0.1394881803115415,
            0.15571584588102996,
            0.1724601387894876,
            0.18972594677514457,
            0.2075245856062494,
            0.22587138085245181,
            0.2447836018132111,
            0.26427871291663985,
            0.2843728966245746,
            0.305079800505546,
            0.32640946555615036,
            0.3483674002324541,
            0.3709537731753329,
            0.3941627061820124,
            0.41798165696482065,
            0.4423908883219668,
            0.4673630263496989,
            0.49286271516569496,
            0.5188463792273151,
            0.5452621066693631,
            0.5720496681042397,
            0.5991406849882783,
            0.6264589599489927,
            0.6539209784099936,
            0.6814365865347163,
            0.7089098450858815,
            0.7362400525023968,
            0.763322923644486,
            0.7900519036366808,
            0.8163195894897862,
            0.8420192261599028,
            0.867046238856254,
            0.8912997601379604,
            0.9146841089334233,
            0.9371101792579208,
            0.9584966991239051,
            0.9787713248042972,
            0.9978715419548005,
            1.0157453527290785,
            1.0323517364477057,
            1.0476608800851142,
            1.061654183293149,
            1.0743240504153253,
            1.08567348856765,
            1.0957155360946238,
            1.104472549388138,
            1.1119753781451187,
            1.1182624597110693,
            1.1233788623616932,
            1.1273753054430597,
            1.1303071814818249,
            1.1322336019591552,
            1.1332164846831558,
            1.1333196968290828,
            1.1326082639509578,
            1.1311476517436652,
            1.1290031241989753,
            1.1262391790706532,
            1.122919059340076,
            1.119104337606537,
            1.1148545690165432,
            1.110227007468361,
            1.1052763793064042,
            1.1000547085169445,
            1.094611187492309,
            1.0889920876942862,
            1.0832407049450263,
            1.0773973345891554,
            1.0714992723386068,
            1.0655808372009232,
            1.0596734134776271,
            1.0538055093703982,
            1.0480028302251707,
            1.0422883648799268,
            1.0366824839217488,
            1.0312030489218456,
            1.0258655318925738,
            1.0206831442881148,
            1.015666974870084,
            1.0108261356863213,
            1.0061679152723122,
            1.0016979379909168,
            0.9974203282156636,
            0.9933378778179142,
            0.9894522151997598,
            0.9857639739028138,
            0.9822729586617612
        ],
        "imag": [
            0.12851001429501446,
            0.15907994006226991,
            0.18875505253793037,
            0.2174742332581704,
            0.24521482338891443,
            0.27198531809227405,
            0.29781701177793846,
            0.3227557828055905,
            0.3468548112062688,
            0.37016863613179113,
            0.3927486542569764,
            0.4146399594967553,
            0.43587931871376345,
            0.45649404342451055,
            0.47650152770300264,
            0.49590925592439405,
            0.5147151256273351,
            0.5329079715600208,
            0.5504682123658537,
            0.5673685697431545,
            0.5835748313195185,
            0.599046643738782,
            0.6137383326516551,
            0.6275997524914967,
            0.6405771720077711,
            0.6526142022552761,
            0.6636527726576846,
            0.673634158306481,
            0.6825000581693451,
            0.6901937196438167,
            0.6966611001830422,
            0.7018520517943531,
            0.7057215093650595,
            0.708230659294516,
            0.7093480611220377,
            0.7090506920523694,
            0.7073248827739195,
            0.704167112982401,
            0.6995846367312499,
            0.6935959111729978,
            0.6862308074108444,
            0.6775305888039382,
            0.6675476499116656,
            0.6563450178467239,
            0.6439956266638226,
            0.6305813839844406,
            0.6161920568214072,
            0.6009240100361687,
            0.5848788356595773,
            0.5681619141759228,
            0.5508809497084586,
            0.5331445198949143,
            0.5150606782877882,
            0.4967356426538873,
            0.4782725969506744,
            0.4597706284489284,
            0.44132381485953653,
            0.42302046980563995,
            0.40494254888918807,
            0.38716521318694175,
            0.3697565424692303,
            0.35277738683988724,
            0.3362813429011563,
            0.32031483888445095,
            0.3049173124072718,
            0.290121464461718,
            0.27595357381993413,
            0.26243385707835976,
            0.24957686094330697,
            0.23739187494883185,
            0.22588335449135782,
            0.2150513457706278,
            0.20489190585756026,
            0.19539751265620897,
            0.1865574608774012,
            0.17835824135386746,
            0.17078390203223104,
            0.16381638979004126,
            0.15743587286869326,
            0.15162104416477915,
            0.14634940593436532,
            0.1415975366218928,
            0.13734134057180486,
            0.13355628133049358,
            0.13021759911280906,
            0.12730051283597238,
            0.12478040689580888,
            0.12263300265642711,
            0.12083451440398395,
            0.11936178933264664,
            0.11819243099622095,
            0.11730490557838946,
            0.11667863031928938,
            0.11629404349795501,
            0.1161326554983131,
            0.11617708069715499,
            0.11641105016780898
        ]
    },
    "CPU_time": {
        "derivatives": 0.054940223693847656,
        "buildingVn": 4.627699851989746,
        "spliting_Vn": 0.0,