{
    "geometry1": "curvedcubic",
    "geometry2": "small",
    "ope": "b2p_tang_ipp",
    "lc": 0.015,
    "dimP": 2,
    "dimQ": 2,
    "N": 92,
    "f0": 1000,
    "frequencies": [
        80,
        100,
        120,
        140,
        160,
        180,
        200,
        220,
        240,
        260,
        280,
        300,
        320,
        340,
        360,
        380,
        400,
        420,
        440,
        460,
        480,
        500,
        520,
        540,
        560,
        580,
        600,
        620,
        640,
        660,
        680,
        700,
        720,
        740,
        760,
        780,
        800,
        820,
        840,
        860,
        880,
        900,
        920,
        940,
        960,
        980,
        1000,
        1020,
        1040,
        1060,
        1080,
        1100,
        1120,
        1140,
        1160,
        1180,
        1200,
        1220,
        1240,
        1260,
        1280,
        1300,
        1320,
        1340,
        1360,
        1380,
        1400,
        1420,
        1440,
        1460,
        1480,
        1500,
        1520,
        1540,
        1560,
        1580,
        1600,
        1620,
        1640,
        1660,
        1680,
        1700,
        1720,
        1740,
        1760,
        1780,
        1800,
        1820,
        1840,
        1860,
        1880,
        1900,
        1920,
        1940,
        1960,
        1980,
        2000
    ],
    "Z_center": {
        "real": [
            0.014893015104408878,
            0.02282624410678753,
            0.0321422298217757,
            0.04267194868789778,
            0.05425539323061949,
            0.06674978874789819,
            0.08003449623849268,
            0.09401295463589808,
            0.10861231010243462,
            0.12378146075363892,
            0.13948818031152532,
            0.15571584588100612,
            0.17246013878947605,
            0.18972594677515983,
            0.20752458560624176,
            0.225871380852451,
            0.24478360181320166,
            0.26427871291661326,
            0.28437289662457466,
            0.30507980050551936,
            0.3264094655561367,
            0.3483674002324563,
            0.3709537731753317,
            0.3941627061820002,
            0.41798165696483297,
            0.4423908883219699,
            0.467363026349691,
            0.4928627151656971,
            0.5188463792272977,
            0.5452621066693676,
            0.5720496681042473,
            0.5991406849882358,
            0.6264589599489853,
            0.6539209784100454,
            0.6814365865347123,
            0.7089098450859473,
            0.7362400525025614,
            0.7633229236446419,
            0.7900519036366752,
            0.8163195894897274,
            0.8420192261598712,
            0.8670462388562237,
            0.8912997601379824,
            0.9146841089334272,
            0.9371101792579077,
            0.95849669912389,
            0.9787713248042911,
            0.9978715419548003,
            1.0157453527290616,
            1.0323517364476853,
            1.0476608800850702,
            1.0616541832931201,
            1.0743240504153118,
            1.0856734885675994,
            1.0957155360946573,
            1.1044725493882053,
            1.1119753781451183,
            1.1182624597111066,
            1.1233788623617715,
            1.1273753054430726,
            1.1303071814818484,
            1.1322336019592703,
            1.133216484683132,
            1.1333196968292725,
            1.1326082639509758,
            1.1311476517439327,
            1.1290031241991851,
            1.1262391790706696,
            1.122919059340332,
            1.1191043376067438,
            1.1148545690165939,
            1.1102270074685607,
            1.105276379306769,
            1.100054708517166,
            1.094611187492465,
            1.0889920876945696,
            1.0832407049451898,
            1.0773973345891559,
            1.071499272338922,
            1.065580837201185,
            1.0596734134780115,
            1.0538055093706884,
            1.048002830225106,
            1.0422883648805858,
            1.0366824839221829,
            1.0312030489223014,
            1.0258655318938432,
            1.020683144289275,
            1.015666974871487,
            1.0108261356875918,
            1.0061679152733802,
            1.0016979379916764,
            0.9974203282152138,
            0.9933378778168002,
            0.9894522151984769,
            0.9857639739005535,
            0.9822729586597178
        ],
        "imag": [
            0.12851001429502615,
            0.15907994006228002,
            0.18875505253794242,
            0.21747423325818108,
            0.24521482338892253,
            0.2719853180922838,
            0.2978170117779546,
            0.32275578280560463,
            0.34685481120627143,
            0.37016863613181844,
            0.39274865425699074,
            0.414639959496763,
            0.43587931871375724,
            0.45649404342451755,
            0.47650152770302234,
            0.49590925592440704,
            0.5147151256273612,
            0.532907971560055,
            0.5504682123658815,
            0.5673685697431627,
            0.5835748313195647,
            0.599046643738821,
            0.6137383326516466,
            0.6275997524914958,
            0.6405771720077958,
            0.652614202255335,
            0.6636527726576975,
            0.6736341583064971,
            0.6825000581692933,
            0.690193719643832,
            0.6966611001830287,
            0.7018520517943129,
            0.7057215093650385,
            0.708230659294553,
            0.7093480611220135,
            0.7090506920523585,
            0.7073248827738134,
            0.7041671129824965,
            0.6995846367312085,
            0.6935959111729904,
            0.686230807410837,
            0.6775305888039385,
            0.6675476499116388,
            0.6563450178467082,
            0.643995626663799,
            0.6305813839844268,
            0.6161920568213894,
            0.600924010036162,
            0.584878835659579,
            0.5681619141759391,
            0.5508809497084992,
            0.5331445198949338,
            0.5150606782878113,
            0.49673564265390385,
            0.47827259695067575,
            0.45977062844905847,
            0.4413238148595194,
            0.42302046980555497,
            0.40494254888913084,
            0.3871652131869323,
            0.36975654246925055,
            0.3527773868399626,
            0.3362813429009943,
            0.3203148388844791,
            0.3049173124073567,
            0.2901214644618091,
            0.2759535738198703,
            0.26243385707841815,
            0.24957686094342563,
            0.23739187494877953,
            0.22588335449152314,
            0.2150513457704296,
            0.20489190585745679,
            0.19539751265651242,
            0.18655746087751676,
            0.17835824135388256,
            0.17078390203195945,
            0.16381638979003862,
            0.15743587286875343,
            0.1516210441648736,
            0.14634940593445417,
            0.1415975366219429,
            0.13734134057184663,
            0.13355628133022796,
            0.13021759911290962,
            0.12730051283647922,
            0.12478040689593412,
            0.12263300265579467,
            0.1208345144033864,
            0.11936178933160907,
            0.11819243099498128,
            0.1173049055763134,
            0.11667863031643412,
            0.11629404349597698,
            0.11613265549718314,
            0.11617708069619911,
            0.11641105016763392
        ]
    },
    "CPU_time": {
        "derivatives": 0.05337810516357422,
        "buildingVn": 4.51796293258667,
        "spliting_Vn": 0.0,