{
    "geometry1": "curvedcubic",
    "geometry2": "large",
    "ope": "b2p_tang_ipp",
    "lc": 0.015,
    "dimP": 2,
    "dimQ": 2,
    "N": 86,
    "f0": 1000,
    "frequencies": [
        80,
        100,
        120,
        140,
        160,
        180,
        200,
        220,
        240,
        260,
        280,
        300,
        320,
        340,
        360,
        380,
        400,
        420,
        440,
        460,
        480,
        500,
        520,
        540,
        560,
        580,
        600,
        620,
        640,
        660,
        680,
        700,
        720,
        740,
        760,
        780,
        800,
        820,
        840,
        860,
        880,
        900,
        920,
        940,
        960,
        980,
        1000,
        1020,
        1040,
        1060,
        1080,
        1100,
        1120,
        1140,
        1160,
        1180,
        1200,
        1220,
        1240,
        1260,
        1280,
        1300,
        1320,
        1340,
        1360,
        1380,
        1400,
        1420,
        1440,
        1460,
        1480,
        1500,
        1520,
        1540,
        1560,
        1580,
        1600,
        1620,
        1640,
        1660,
        1680,
        1700,
        1720,
        1740,
        1760,
        1780,
        1800,
        1820,
        1840,
        1860,
        1880,
        1900,
        1920,
        1940,
        1960,
        1980,
        2000
    ],
    "Z_center": {
        "real": [
            0.011533337134939368,
            0.016879470620350598,
            0.023240294647529854,
            0.030841907367504733,
            0.03991183582876679,
            0.05063224293384253,
            0.06309830941130845,
            0.07728393784064642,
            0.09302705884308078,
            0.11004760641792606,
            0.1280009839792075,
            0.14655330448503617,
            0.16545291395531517,
            0.1845746097797019,
            0.20392682481032343,
            0.2236275505341412,
            0.24386295810297792,
            0.26484217698780677,
            0.2867566705336247,
            0.3097476603340662,
            0.33388228252266533,
            0.35913859729920417,
            0.38540019430928757,
            0.4124617818883747,
            0.4400469249292225,
            0.4678375783020802,
            0.4955124503163483,
            0.5227883802675596,
            0.5494570631610564,
            0.5754096307845901,
            0.6006440137246768,
            0.6252538774368889,
            0.6494018833507719,
            0.6732828726846788,
            0.6970838036052779,
            0.7209470972050764,
            0.7449429735629792,
            0.7690547563637941,
            0.7931790743194774,
            0.8171403921270938,
            0.8407166403919872,
            0.8636705719215879,
            0.8857806508072334,
            0.9068661349657858,
            0.9268031316484185,
            0.9455308526917411,
            0.9630491973175414,
            0.9794097554539797,
            0.994702451040042,
            1.0090396763372,
            1.0225393016557356,
            1.0353077387890972,
            1.047424494059339,
            1.0589302423685292,
            1.0698208773266722,
            1.0800495880633543,
            1.089537433362142,
            1.0981904599499628,
            1.1059191423642574,
            1.112655000125347,
            1.1183603485510685,
            1.1230299001317754,
            1.1266860393596403,
            1.1293714997229485,
            1.1311430114885959,
            1.132067569313253,
            1.132220541509045,
            1.1316833397499095,
            1.1305385772093992,
            1.1288623079689195,
            1.126715000855528,
            1.1241341866562677,
            1.1211316106343465,
            1.1176963771719035,
            1.113803670039738,
            1.1094269440135254,
            1.1045505567426621,
            1.0991798428208261,
            1.0933465009042223,
            1.0871085103657034,
            1.080545150292481,
            1.073748651864209,
            1.0668143779716488,
            1.0598312643652033,
            1.0528738299608507,
            1.0459966258166573,
            1.0392316535414248,
            1.0325890010799594,
            1.026060623222476,
            1.0196267986165095,
            1.013264369474003,
            1.006955500933774,
            1.0006954752443074,
            0.9944980538645604,
            0.9883972809579349,
            0.9824452777501463,
            0.9767064611176437
        ],
        "imag": [
            0.12225681209324311,
            0.15203911201680811,
            0.18188935643812376,
            0.21183849523277798,
            0.2417918651284691,
            0.2715453798182594,
            0.30081101668188,
            0.3292590901254065,
            0.35657827532022074,
            0.3825419903203676,
            0.4070596722141888,
            0.430192264960538,
            0.45212498308004495,
            0.47310881685117867,
            0.4933931081219751,
            0.5131696184426522,
            0.5325384847042421,
            0.5514964128694658,
            0.5699420973874931,
            0.5876931410177653,
            0.6045103669779203,
            0.6201271598730959,
            0.6342821710292564,
            0.6467531634848623,
            0.6573883975376459,
            0.6661306246353265,
            0.673028450753267,
            0.678231256418756,
            0.6819670115273261,
            0.6845063128122502,
            0.6861193751193296,
            0.6870342851770876,
            0.687404165645035,
            0.6872885235082056,
            0.6866509858795081,
            0.6853727411232515,
            0.6832787045265636,
            0.6801717213256028,
            0.6758689697029439,
            0.6702343337955015,
            0.663201261135738,
            0.6547826713930284,
            0.645067428657544,
            0.6342057671038436,
            0.6223878858629476,
            0.6098202803720485,
            0.5967035437587531,
            0.5832140217378039,
            0.5694904482380175,
            0.555625870368094,
            0.5416648755514142,
            0.5276062184728125,
            0.5134110484209913,
            0.4990165939395634,
            0.4843541017415497,
            0.4693682789879091,
            0.4540342044090268,
            0.4383675654689418,
            0.4224256357544235,
            0.4062992585184496,
            0.3900990515075635,
            0.37394066333113624,
            0.3579333759290659,
            0.3421740007569694,
            0.3267451825877086,
            0.3117154286811637,
            0.29713826721944614,
            0.28304963514956705,
            0.26946474330564935,
            0.25637694958665685,
            0.243760883773877,
            0.2315804472460017,
            0.2198002677322495,
            0.2083977063758055,
            0.19737215596190238,
            0.18674914246681898,
            0.17657824875664194,
            0.1669255576068052,
            0.15786263713718418,
            0.14945471644013705,
            0.1417505348223609,
            0.13477558165431072,
            0.12852944414090636,
            0.12298711590656938,
            0.11810358468189895,
            0.11382078231556866,
            0.11007588889796263,
            0.10680990968843312,
            0.10397537950751316,
            0.10154206953632193,
            0.09949975188998983,
            0.09785744537770057,
            0.09663910478194712,
            0.09587637083072358,
            0.09559965222869118,
            0.09582927408003966,
            0.0965684961770707
        ]
    },
    "CPU_time": {
        "derivatives": 0.2804892063140869,
        "buildingVn": 73.6639769077301,
        "spliting_Vn": 0.0,
        "solvingMOR": 0.7630972862243652,