{
    "geometry1": "curvedcubic",
    "geometry2": "small",
    "ope": "b2p_tang_ipp",
    "lc": 0.015,
    "dimP": 2,
    "dimQ": 2,
    "N": 80,
    "f0": 1000,
    "frequencies": [
        80,
        100,
        120,
        140,
        160,
        180,
        200,
        220,
        240,
        260,
        280,
        300,
        320,
        340,
        360,
        380,
        400,
        420,
        440,
        460,
        480,
        500,
        520,
        540,
        560,
        580,
        600,
        620,
        640,
        660,
        680,
        700,
        720,
        740,
        760,
        780,
        800,
        820,
        840,
        860,
        880,
        900,
        920,
        940,
        960,
        980,
        1000,
        1020,
        1040,
        1060,
        1080,
        1100,
        1120,
        1140,
        1160,
        1180,
        1200,
        1220,
        1240,
        1260,
        1280,
        1300,
        1320,
        1340,
        1360,
        1380,
        1400,
        1420,
        1440,
        1460,
        1480,
        1500,
        1520,
        1540,
        1560,
        1580,
        1600,
        1620,
        1640,
        1660,
        1680,
        1700,
        1720,
        1740,
        1760,
        1780,
        1800,
        1820,
        1840,
        1860,
        1880,
        1900,
        1920,
        1940,
        1960,
        1980,
        2000
    ],
    "Z_center": {
        "real": [
            0.014893015104483893,
            0.022826244106873842,
            0.03214222982185498,
            0.042671948687988966,
            0.0542553932306882,
            0.06674978874795824,
            0.08003449623854608,
            0.09401295463591237,
            0.10861231010242957,
            0.12378146075363987,
            0.1394881803114973,
            0.15571584588097304,
            0.17246013878941832,
            0.18972594677508006,
            0.20752458560618056,
            0.22587138085238556,
            0.2447836018131118,
            0.2642787129165564,
            0.28437289662451837,
            0.3050798005054741,
            0.32640946555605527,
            0.3483674002323855,
            0.37095377317526246,
            0.39416270618197985,
            0.41798165696481865,
            0.4423908883219772,
            0.4673630263497348,
            0.4928627151656878,
            0.5188463792273527,
            0.5452621066694424,
            0.5720496681043351,
            0.5991406849883327,
            0.6264589599491291,
            0.6539209784101349,
            0.6814365865348168,
            0.708909845086052,
            0.736240052502725,
            0.7633229236447598,
            0.7900519036368159,
            0.8163195894898965,
            0.8420192261600096,
            0.8670462388563585,
            0.8912997601380784,
            0.914684108933565,
            0.9371101792580471,
            0.9584966991240065,
            0.9787713248044007,
            0.9978715419548831,
            1.0157453527291447,
            1.0323517364477577,
            1.0476608800851408,
            1.0616541832931559,
            1.0743240504153335,
            1.085673488567583,
            1.0957155360946151,
            1.1044725493881014,
            1.1119753781449757,
            1.118262459710944,
            1.123378862361464,
            1.127375305443211,
            1.130307181481767,
            1.1322336019589507,
            1.1332164846829929,
            1.133319696828946,
            1.1326082639505692,
            1.131147651743555,
            1.1290031241989034,
            1.1262391790701378,
            1.1229190593399172,
            1.119104337606105,
            1.1148545690164464,
            1.1102270074681826,
            1.1052763793064257,
            1.1000547085167338,
            1.0946111874924076,
            1.0889920876940775,
            1.083240704945094,
            1.077397334589231,
            1.071499272338692,
            1.065580837200733,
            1.0596734134773549,
            1.053805509369804,
            1.0480028302243025,
            1.042288364879201,
            1.0366824839207909,
            1.0312030489209831,
            1.025865531891541,
            1.0206831442874447,
            1.0156669748690415,
            1.0108261356853714,
            1.0061679152709098,
            1.0016979379895592,
            0.9974203282141789,
            0.9933378778164265,
            0.9894522151985257,
            0.9857639739013859,
            0.9822729586604318
        ],
        "imag": [
            0.1285100142950257,
            0.15907994006226814,
            0.18875505253789604,
            0.21747423325814233,
            0.24521482338886155,
            0.2719853180922078,
            0.2978170117778706,
            0.32275578280549505,
            0.34685481120618966,
            0.37016863613171724,
            0.3927486542569385,
            0.41463995949670746,
            0.43587931871372,
            0.4564940434244837,
            0.4765015277029995,
            0.49590925592439655,
            0.5147151256273662,
            0.5329079715600669,
            0.55046821236593,
            0.5673685697432421,
            0.5835748313196495,
            0.5990466437388796,
            0.6137383326518104,
            0.6275997524916547,
            0.6405771720079492,
            0.6526142022554372,
            0.6636527726578684,
            0.6736341583066279,
            0.6825000581694911,
            0.6901937196439946,
            0.6966611001832076,
            0.7018520517945034,
            0.705721509365202,
            0.7082306592946769,
            0.709348061122157,
            0.7090506920524882,
            0.7073248827739317,
            0.7041671129825856,
            0.6995846367312587,
            0.6935959111730627,
            0.6862308074109175,
            0.6775305888039794,
            0.6675476499116654,
            0.6563450178466999,
            0.6439956266637962,
            0.6305813839844016,
            0.6161920568213584,
            0.6009240100361052,
            0.58487883565949,
            0.5681619141758439,
            0.550880949708401,
            0.5331445198948206,
            0.5150606782877067,
            0.496735642653757,
            0.47827259695054497,
            0.45977062844880484,
            0.44132381485940464,
            0.42302046980560765,
            0.40494254888888487,
            0.3871652131867149,
            0.3697565424691328,
            0.3527773868398481,
            0.33628134290100825,
            0.32031483888436,
            0.304917312407223,
            0.2901214644613824,
            0.2759535738201035,
            0.26243385707871175,
            0.24957686094314965,
            0.2373918749486561,
            0.22588335449157676,
            0.21505134577080207,
            0.20489190585783398,
            0.1953975126563999,
            0.18655746087763428,
            0.1783582413538419,
            0.1707839020321982,
            0.1638163897898019,
            0.15743587286847294,
            0.15162104416426206,
            0.1463494059339402,
            0.1415975366215619,
            0.13734134057151004,
            0.13355628132985786,
            0.13021759911261718,
            0.12730051283580243,
            0.12478040689548207,
            0.12263300265614437,
            0.12083451440372199,
            0.11936178933253405,
            0.11819243099621575,
            0.11730490557880033,
            0.1166786303199607,
            0.11629404349833646,
            0.11613265549961094,
            0.11617708069794291,
            0.11641105016883041
        ]
    },
    "CPU_time": {
        "derivatives": 0.05362105369567871,
        "buildingVn": 4.110515832901001,
        "spliting_Vn": 0.0,
        "solvingMOR": 0.17453503608703613,