{
    "geometry1": "curvedcubic",
    "geometry2": "small",
    "ope": "b2p_tang_ipp",
    "lc": 0.015,
    "dimP": 2,
    "dimQ": 2,
    "N": 71,
    "f0": 1000,
    "frequencies": [
        80,
        100,
        120,
        140,
        160,
        180,
        200,
        220,
        240,
        260,
        280,
        300,
        320,
        340,
        360,
        380,
        400,
        420,
        440,
        460,
        480,
        500,
        520,
        540,
        560,
        580,
        600,
        620,
        640,
        660,
        680,
        700,
        720,
        740,
        760,
        780,
        800,
        820,
        840,
        860,
        880,
        900,
        920,
        940,
        960,
        980,
        1000,
        1020,
        1040,
        1060,
        1080,
        1100,
        1120,
        1140,
        1160,
        1180,
        1200,
        1220,
        1240,
        1260,
        1280,
        1300,
        1320,
        1340,
        1360,
        1380,
        1400,
        1420,
        1440,
        1460,
        1480,
        1500,
        1520,
        1540,
        1560,
        1580,
        1600,
        1620,
        1640,
        1660,
        1680,
        1700,
        1720,
        1740,
        1760,
        1780,
        1800,
        1820,
        1840,
        1860,
        1880,
        1900,
        1920,
        1940,
        1960,
        1980,
        2000
    ],
    "Z_center": {
        "real": [
            0.014893015104506666,
            0.022826244106888067,
            0.03214222982186941,
            0.04267194868797339,
            0.0542553932306657,
            0.06674978874790792,
            0.08003449623845756,
            0.09401295463581726,
            0.10861231010232217,
            0.12378146075347495,
            0.13948818031133267,
            0.15571584588077414,
            0.17246013878920324,
            0.189725946774862,
            0.20752458560592893,
            0.22587138085211558,
            0.24478360181286657,
            0.26427871291631166,
            0.2843728966242568,
            0.30507980050523087,
            0.3264094655558775,
            0.34836740023218665,
            0.37095377317511535,
            0.394162706181839,
            0.41798165696469497,
            0.44239088832187434,
            0.46736302634972576,
            0.49286271516577224,
            0.5188463792274168,
            0.545262106669611,
            0.5720496681045575,
            0.5991406849887212,
            0.6264589599495725,
            0.653920978410661,
            0.6814365865355388,
            0.708909845086754,
            0.73624005250357,
            0.7633229236456883,
            0.7900519036379552,
            0.8163195894912852,
            0.8420192261612329,
            0.8670462388576808,
            0.8912997601393368,
            0.9146841089349041,
            0.9371101792593985,
            0.9584966991253028,
            0.9787713248056249,
            0.9978715419560562,
            1.015745352730134,
            1.032351736448413,
            1.0476608800852738,
            1.061654183292356,
            1.074324050412214,
            1.0856734885599917,
            1.0957155360854804,
            1.1044725493845557,
            1.1119753781440742,
            1.1182624597111543,
            1.123378862362179,
            1.1273753054435867,
            1.1303071814823817,
            1.132233601959804,
            1.1332164846836095,
            1.1333196968297963,
            1.1326082639514146,
            1.1311476517442203,
            1.1290031241995153,
            1.1262391790708808,
            1.1229190593404126,
            1.1191043376069252,
            1.1148545690166327,
            1.1102270074684233,
            1.1052763793067393,
            1.100054708517223,
            1.0946111874922537,
            1.0889920876940313,
            1.0832407049449517,
            1.0773973345890855,
            1.0714992723385068,
            1.0655808372008377,
            1.0596734134773917,
            1.0538055093703362,
            1.0480028302245015,
            1.0422883648794785,
            1.0366824839211677,
            1.0312030489213404,
            1.0258655318918959,
            1.0206831442877047,
            1.0156669748692937,
            1.0108261356855839,
            1.006167915271282,
            1.001697937989914,
            0.9974203282146339,
            0.993337877817297,
            0.9894522151988028,
            0.9857639739018188,
            0.9822729586607754
        ],
        "imag": [
            0.12851001429495576,
            0.15907994006217416,
            0.18875505253779523,
            0.21747423325800747,
            0.2452148233887238,
            0.2719853180920602,
            0.29781701177772407,
            0.3227557828053626,
            0.34685481120604744,
            0.3701686361316048,
            0.3927486542568157,
            0.4146399594966108,
            0.43587931871366126,
            0.45649404342443367,
            0.47650152770301485,
            0.4959092559244696,
            0.5147151256274162,
            0.5329079715601822,
            0.5504682123660742,
            0.56736856974341,
            0.5835748313198218,
            0.5990466437391496,
            0.613738332652056,
            0.6275997524919584,
            0.6405771720083115,
            0.6526142022559059,
            0.663652772658297,
            0.6736341583071208,
            0.6825000581700302,
            0.6901937196445185,
            0.6966611001836911,
            0.7018520517950002,
            0.7057215093657225,
            0.7082306592951212,
            0.709348061122563,
            0.7090506920528437,
            0.7073248827742682,
            0.7041671129827917,
            0.6995846367313039,
            0.6935959111728796,
            0.6862308074106876,
            0.6775305888036467,
            0.6675476499111437,
            0.6563450178459773,
            0.6439956266627923,
            0.6305813839830855,
            0.6161920568197645,
            0.600924010034132,
            0.5848788356570772,
            0.5681619141729324,
            0.5508809497048262,
            0.5331445198901331,
            0.5150606782822849,
            0.4967356426491994,
            0.47827259695298124,
            0.45977062845444266,
            0.4413238148637062,
            0.4230204698086211,
            0.4049425488912668,
            0.3871652131885515,
            0.3697565424702797,
            0.3527773868407943,
            0.33628134290167816,
            0.3203148388849143,
            0.3049173124075746,
            0.29012146446188797,
            0.2759535738200693,
            0.2624338570785145,
            0.24957686094334006,
            0.23739187494877576,
            0.22588335449157504,
            0.21505134577034773,
            0.2048919058574554,
            0.19539751265597832,
            0.18655746087728475,
            0.17835824135372652,
            0.1707839020319782,
            0.1638163897899448,
            0.15743587286847827,
            0.15162104416446642,
            0.14634940593414847,
            0.14159753662148694,
            0.13734134057171804,
            0.1335562813301982,
            0.1302175991127493,
            0.12730051283602592,
            0.12478040689594257,
            0.12263300265658598,
            0.12083451440405552,
            0.11936178933294503,
            0.11819243099656371,
            0.11730490557895455,
            0.11667863031985197,
            0.11629404349896715,
            0.11613265549903744,
            0.11617708069830943,
            0.11641105016920521
        ]
    },
    "CPU_time": {
        "derivatives": 0.05273175239562988,
        "buildingVn": 3.7444047927856445,
        "spliting_Vn": 0.0,