{
    "geometry1": "curvedcubic",
    "geometry2": "large",
    "ope": "b2p_tang_ipp",
    "lc": 0.015,
    "dimP": 2,
    "dimQ": 2,
    "N": 35,
    "f0": 1000,
    "frequencies": [
        80,
        100,
        120,
        140,
        160,
        180,
        200,
        220,
        240,
        260,
        280,
        300,
        320,
        340,
        360,
        380,
        400,
        420,
        440,
        460,
        480,
        500,
        520,
        540,
        560,
        580,
        600,
        620,
        640,
        660,
        680,
        700,
        720,
        740,
        760,
        780,
        800,
        820,
        840,
        860,
        880,
        900,
        920,
        940,
        960,
        980,
        1000,
        1020,
        1040,
        1060,
        1080,
        1100,
        1120,
        1140,
        1160,
        1180,
        1200,
        1220,
        1240,
        1260,
        1280,
        1300,
        1320,
        1340,
        1360,
        1380,
        1400,
        1420,
        1440,
        1460,
        1480,
        1500,
        1520,
        1540,
        1560,
        1580,
        1600,
        1620,
        1640,
        1660,
        1680,
        1700,
        1720,
        1740,
        1760,
        1780,
        1800,
        1820,
        1840,
        1860,
        1880,
        1900,
        1920,
        1940,
        1960,
        1980,
        2000
    ],
    "Z_center": {
        "real": [
            0.011534256796053228,
            0.016876073354315815,
            0.023236634379213972,
            0.030839576505369257,
            0.03991086610297661,
            0.05063208877177928,
            0.06309844265314014,
            0.07728406602456647,
            0.09302710555970035,
            0.1100476022753504,
            0.12800097308187477,
            0.146553305692743,
            0.1654529242719045,
            0.1845746203717431,
            0.20392683084269925,
            0.22362755214225166,
            0.24386295748799203,
            0.2648421759902156,
            0.28675666991637805,
            0.3097476601209909,
            0.3338822825097842,
            0.3591385973320081,
            0.3854001943307974,
            0.4124617818951177,
            0.4400469249297694,
            0.46783757830159184,
            0.4955124503160965,
            0.5227883802675045,
            0.5494570631610574,
            0.5754096307845871,
            0.6006440137246835,
            0.6252538774368823,
            0.6494018833507673,
            0.6732828726846778,
            0.6970838036052757,
            0.7209470972050744,
            0.7449429735629782,
            0.7690547563637914,
            0.7931790743194709,
            0.8171403921270893,
            0.8407166403919843,
            0.8636705719215882,
            0.8857806508072296,
            0.9068661349657822,
            0.9268031316484192,
            0.9455308526917455,
            0.9630491973175492,
            0.9794097554539927,
            0.9947024510400667,
            1.00903967633723,
            1.0225393016557704,
            1.0353077387891445,
            1.0474244940593689,
            1.0589302423685285,
            1.0698208773267144,
            1.080049588063321,
            1.0895374333620673,
            1.098190459949987,
            1.1059191423642167,
            1.1126550001253186,
            1.1183603485509792,
            1.1230299001317232,
            1.1266860393596114,
            1.1293714997233824,
            1.131143011490811,
            1.132067569311497,
            1.13222054144684,
            1.1316833394835553,
            1.1305385769650826,
            1.1288623102974733,
            1.1267150125886718,
            1.1241342093015134,
            1.1211315992740918,
            1.1176961840491442,
            1.1138031102579726,
            1.1094262269153699,
            1.1045510806124883,
            1.099184484423044,
            1.0933576036748724,
            1.0871224642592971,
            1.0805460982087274,
            1.0737087721053347,
            1.0667091053546116,
            1.0596699935480032,
            1.052731976118715,
            1.0460231304378613,
            1.0396081738630139,
            1.0334365969636876,
            1.0273193736890798,
            1.0209593461035047,
            1.0140420964726924,
            1.0063681736527568,
            0.9979843504871094,
            0.9892633179568868,
            0.9808952113440212,
            0.9737853658448711,
            0.9688834238062131
        ],
        "imag": [
            0.12224639195334752,
            0.15203342708249495,
            0.181887676934908,
            0.21183887382485114,
            0.24179277189426118,
            0.27154606867929326,
            0.30081133597928567,
            0.3292591646174937,
            0.3565782645511787,
            0.38254198279480967,
            0.40705968478257776,
            0.4301922832844522,
            0.4521249941018558,
            0.4731088184788703,
            0.4933931047583033,
            0.5131696146350905,
            0.5325384824647399,
            0.5514964121464924,
            0.5699420974240743,
            0.5876931412196544,
            0.6045103671088246,
            0.6201271599178051,
            0.634282171033377,
            0.6467531634804529,
            0.6573883975349573,
            0.6661306246346337,
            0.6730284507532374,
            0.6782312564187968,
            0.6819670115273405,
            0.6845063128122456,
            0.6861193751193476,
            0.6870342851770833,
            0.6874041656450365,
            0.68728852350821,
            0.6866509858795141,
            0.6853727411232534,
            0.6832787045265678,
            0.6801717213256085,
            0.6758689697029514,
            0.6702343337955088,
            0.6632012611357463,
            0.6547826713930376,
            0.6450674286575491,
            0.6342057671038532,
            0.6223878858629596,
            0.6098202803720599,
            0.5967035437587702,
            0.583214021737821,
            0.5694904482380296,
            0.5556258703680934,
            0.5416648755514396,
            0.5276062184727988,
            0.5134110484209646,
            0.4990165939395313,
            0.4843541017415209,
            0.46936827898794364,
            0.45403420440902786,
            0.4383675654689056,
            0.42242563575443,
            0.40629925851843757,
            0.39009905150758667,
            0.3739406633311289,
            0.35793337592919616,
            0.3421740007571581,
            0.32674518258580937,
            0.31171542866581237,
            0.29713826718504366,
            0.28304963527126914,
            0.26946474437131396,
            0.25637695250299813,
            0.24376088395867024,
            0.23158042159289655,
            0.21980017535305338,
            0.20839756837519263,
            0.19737226373457992,
            0.186750220034187,
            0.17658098720120421,
            0.16692889205236816,
            0.15786131891899913,
            0.1494391117471011,
            0.14171293361130813,
            0.13472420888034198,
            0.12850313978715414,
            0.12305553612861714,
            0.11833849766371018,
            0.11423812729123871,
            0.11057032097819276,
            0.10712053197830707,
            0.10372110329786363,
            0.10034355874348598,
            0.09716829900537902,
            0.09459342128095323,
            0.09316127851181868,
            0.09341171524480978,
            0.09570129291216396,
            0.10004164141252335,
            0.10599989566543508
        ]
    },
    "CPU_time": {
        "derivatives": 0.2779359817504883,
        "buildingVn": 57.50246286392212,
        "spliting_Vn": 0.0,