{
    "geometry1": "curvedcubic",
    "geometry2": "large",
    "ope": "b2p_tang_ipp",
    "lc": 0.015,
    "dimP": 2,
    "dimQ": 2,
    "N": 82,
    "f0": 1000,
    "frequencies": [
        80,
        100,
        120,
        140,
        160,
        180,
        200,
        220,
        240,
        260,
        280,
        300,
        320,
        340,
        360,
        380,
        400,
        420,
        440,
        460,
        480,
        500,
        520,
        540,
        560,
        580,
        600,
        620,
        640,
        660,
        680,
        700,
        720,
        740,
        760,
        780,
        800,
        820,
        840,
        860,
        880,
        900,
        920,
        940,
        960,
        980,
        1000,
        1020,
        1040,
        1060,
        1080,
        1100,
        1120,
        1140,
        1160,
        1180,
        1200,
        1220,
        1240,
        1260,
        1280,
        1300,
        1320,
        1340,
        1360,
        1380,
        1400,
        1420,
        1440,
        1460,
        1480,
        1500,
        1520,
        1540,
        1560,
        1580,
        1600,
        1620,
        1640,
        1660,
        1680,
        1700,
        1720,
        1740,
        1760,
        1780,
        1800,
        1820,
        1840,
        1860,
        1880,
        1900,
        1920,
        1940,
        1960,
        1980,
        2000
    ],
    "Z_center": {
        "real": [
            0.011533337134941533,
            0.016879470620351788,
            0.023240294647533834,
            0.03084190736750624,
            0.039911835828769504,
            0.0506322429338412,
            0.06309830941131275,
            0.07728393784063747,
            0.09302705884308009,
            0.1100476064179167,
            0.12800098397919477,
            0.14655330448502996,
            0.16545291395531928,
            0.18457460977970414,
            0.20392682481032753,
            0.22362755053414843,
            0.24386295810298503,
            0.26484217698781515,
            0.28675667053363496,
            0.3097476603340709,
            0.33388228252267516,
            0.359138597299214,
            0.38540019430928935,
            0.4124617818883781,
            0.4400469249292118,
            0.4678375783020796,
            0.4955124503163369,
            0.5227883802675479,
            0.549457063161046,
            0.5754096307845756,
            0.6006440137246749,
            0.6252538774368758,
            0.6494018833507674,
            0.6732828726846801,
            0.6970838036052871,
            0.7209470972050859,
            0.7449429735629977,
            0.769054756363819,
            0.7931790743194983,
            0.8171403921271106,
            0.8407166403919993,
            0.8636705719215911,
            0.8857806508072249,
            0.9068661349657748,
            0.9268031316484047,
            0.9455308526917223,
            0.9630491973175189,
            0.979409755453958,
            0.9947024510400231,
            1.0090396763371894,
            1.0225393016557265,
            1.035307738789109,
            1.0474244940593402,
            1.0589302423685172,
            1.069820877326712,
            1.0800495880633532,
            1.089537433362114,
            1.0981904599500472,
            1.1059191423642805,
            1.1126550001254045,
            1.1183603485510278,
            1.123029900131769,
            1.126686039359593,
            1.129371499722897,
            1.1311430114885896,
            1.1320675693132296,
            1.1322205415089581,
            1.1316833397498982,
            1.1305385772094985,
            1.1288623079690538,
            1.1267150008556288,
            1.1241341866562589,
            1.1211316106342928,
            1.11769637717192,
            1.1138036700397356,
            1.1094269440134104,
            1.1045505567426677,
            1.099179842820753,
            1.0933465009041652,
            1.08710851036557,
            1.0805451502926158,
            1.073748651864086,
            1.0668143779714008,
            1.0598312643653167,
            1.0528738299609508,
            1.0459966258166284,
            1.0392316535415107,
            1.032589001080418,
            1.0260606232219152,
            1.0196267986132854,
            1.0132643694739862,
            1.006955500958949,
            1.0006954752772805,
            0.9944980537511503,
            0.9883972806046597,
            0.9824452777994416,
            0.9767064628751856
        ],
        "imag": [
            0.1222568120932433,
            0.1520391120168089,
            0.18188935643812046,
            0.211838495232778,
            0.24179186512846115,
            0.27154537981825816,
            0.3008110166818756,
            0.32925909012540494,
            0.356578275320213,
            0.3825419903203681,
            0.4070596722141905,
            0.4301922649605394,
            0.45212498308004645,
            0.47310881685119033,
            0.4933931081219782,
            0.5131696184426635,
            0.5325384847042494,
            0.5514964128694608,
            0.5699420973874982,
            0.5876931410177577,
            0.6045103669779128,
            0.6201271598730825,
            0.6342821710292524,
            0.6467531634848506,
            0.6573883975376396,
            0.6661306246353332,
            0.6730284507532638,
            0.6782312564187496,
            0.6819670115273215,
            0.684506312812246,
            0.6861193751193542,
            0.6870342851770983,
            0.6874041656450437,
            0.687288523508226,
            0.6866509858795236,
            0.6853727411232634,
            0.6832787045265756,
            0.6801717213256062,
            0.6758689697029437,
            0.6702343337954919,
            0.663201261135724,
            0.654782671393006,
            0.6450674286575175,
            0.6342057671038241,
            0.62238788586293,
            0.6098202803720363,
            0.5967035437587485,
            0.583214021737806,
            0.5694904482380251,
            0.5556258703680999,
            0.5416648755514586,
            0.5276062184728276,
            0.5134110484210163,
            0.4990165939395774,
            0.4843541017415825,
            0.4693682789879937,
            0.45403420440906445,
            0.43836756546893574,
            0.42242563575444536,
            0.4062992585184293,
            0.3900990515076,
            0.3739406633311168,
            0.35793337592908897,
            0.34217400075696036,
            0.32674518258772534,
            0.3117154286811832,
            0.2971382672194117,
            0.2830496351495282,
            0.2694647433054982,
            0.25637694958672097,
            0.24376088377391567,
            0.23158044724600038,
            0.21980026773217232,
            0.20839770637582022,
            0.19737215596191404,
            0.18674914246679652,
            0.17657824875663117,
            0.16692555760675284,
            0.15786263713721602,
            0.14945471644020228,
            0.141750534822523,
            0.1347755816544207,
            0.1285294441410061,
            0.1229871159067461,
            0.11810358468208747,
            0.11382078231570879,
            0.11007588889810015,
            0.10680990968854129,
            0.10397537950623006,
            0.1015420695368447,
            0.09949975189973431,
            0.09785744538383447,
            0.09663910472344547,
            0.09587637071148888,
            0.09559965238777134,
            0.09582927494365572,
            0.09656849679207866
        ]
    },
    "CPU_time": {
        "derivatives": 0.2759518623352051,
        "buildingVn": 71.94378519058228,
        "spliting_Vn": 0.0,
        "solvingMOR": 0.7163419723510742,