{
    "geometry1": "curvedcubic",
    "geometry2": "large",
    "ope": "b2p_tang_ipp",
    "lc": 0.015,
    "dimP": 2,
    "dimQ": 2,
    "N": 49,
    "f0": 1000,
    "frequencies": [
        80,
        100,
        120,
        140,
        160,
        180,
        200,
        220,
        240,
        260,
        280,
        300,
        320,
        340,
        360,
        380,
        400,
        420,
        440,
        460,
        480,
        500,
        520,
        540,
        560,
        580,
        600,
        620,
        640,
        660,
        680,
        700,
        720,
        740,
        760,
        780,
        800,
        820,
        840,
        860,
        880,
        900,
        920,
        940,
        960,
        980,
        1000,
        1020,
        1040,
        1060,
        1080,
        1100,
        1120,
        1140,
        1160,
        1180,
        1200,
        1220,
        1240,
        1260,
        1280,
        1300,
        1320,
        1340,
        1360,
        1380,
        1400,
        1420,
        1440,
        1460,
        1480,
        1500,
        1520,
        1540,
        1560,
        1580,
        1600,
        1620,
        1640,
        1660,
        1680,
        1700,
        1720,
        1740,
        1760,
        1780,
        1800,
        1820,
        1840,
        1860,
        1880,
        1900,
        1920,
        1940,
        1960,
        1980,
        2000
    ],
    "Z_center": {
        "real": [
            0.011533332598364112,
            0.016879468949127657,
            0.023240294675282453,
            0.030841907755344556,
            0.03991183607224391,
            0.05063224301174735,
            0.06309830941331633,
            0.07728393782713704,
            0.0930270588343848,
            0.11004760641503296,
            0.12800098397891085,
            0.1465533044852911,
            0.16545291395549067,
            0.18457460977976245,
            0.20392682481034335,
            0.2236275505341508,
            0.24386295810298678,
            0.26484217698781126,
            0.2867566705336343,
            0.3097476603340644,
            0.3338822825226615,
            0.3591385972992035,
            0.3854001943092798,
            0.41246178188836974,
            0.44004692492921427,
            0.4678375783020888,
            0.49551245031635754,
            0.5227883802675718,
            0.5494570631610739,
            0.5754096307845973,
            0.6006440137246908,
            0.6252538774368873,
            0.6494018833507682,
            0.6732828726846756,
            0.6970838036052727,
            0.7209470972050678,
            0.7449429735629722,
            0.7690547563637848,
            0.7931790743194661,
            0.8171403921270859,
            0.8407166403919829,
            0.8636705719215887,
            0.8857806508072344,
            0.9068661349657882,
            0.9268031316484262,
            0.9455308526917523,
            0.963049197317554,
            0.9794097554539942,
            0.9947024510400603,
            1.0090396763372178,
            1.0225393016557527,
            1.035307738789118,
            1.0474244940593327,
            1.0589302423684916,
            1.0698208773266775,
            1.0800495880632908,
            1.0895374333620387,
            1.0981904599499683,
            1.1059191423642094,
            1.1126550001253137,
            1.1183603485509805,
            1.123029900131733,
            1.126686039359615,
            1.129371499722927,
            1.1311430114885903,
            1.1320675693132936,
            1.1322205415091091,
            1.1316833397500028,
            1.1305385772095575,
            1.128862307969125,
            1.1267150008555225,
            1.1241341866556154,
            1.121131610634497,
            1.1176963771852015,
            1.113803670081213,
            1.1094269439737583,
            1.104550556176421,
            1.0991798415486065,
            1.0933465019093744,
            1.087108522239459,
            1.0805451760090448,
            1.0737486526267326,
            1.0668142482116114,
            1.0598309272853783,
            1.0528735268634795,
            1.0459971846115232,
            1.0392341343960225,
            1.032593205715835,
            1.0260630379770366,
            1.0196201959049638,
            1.0132418535508823,
            1.0069194791078426,
            1.000667020447274,
            0.9945175600467825,
            0.9885078760160718,
            0.9826587522813323,
            0.9769649633959891
        ],
        "imag": [
            0.12225681164699873,
            0.15203911363420652,
            0.18188935756633576,
            0.2118384955945037,
            0.24179186512292414,
            0.27154537974106707,
            0.30081101663349863,
            0.3292590901094606,
            0.35657827531911895,
            0.38254199032242653,
            0.40705967221553563,
            0.4301922649609764,
            0.45212498308010407,
            0.47310881685116846,
            0.4933931081219592,
            0.5131696184426514,
            0.5325384847042437,
            0.5514964128694543,
            0.5699420973874901,
            0.5876931410177534,
            0.6045103669779123,
            0.6201271598730849,
            0.6342821710292641,
            0.6467531634848698,
            0.6573883975376582,
            0.6661306246353536,
            0.673028450753278,
            0.678231256418756,
            0.6819670115273186,
            0.6845063128122325,
            0.6861193751193342,
            0.6870342851770701,
            0.6874041656450205,
            0.6872885235081957,
            0.6866509858795009,
            0.6853727411232454,
            0.6832787045265631,
            0.6801717213256047,
            0.6758689697029501,
            0.6702343337955103,
            0.6632012611357493,
            0.6547826713930398,
            0.6450674286575495,
            0.634205767103852,
            0.6223878858629549,
            0.6098202803720518,
            0.5967035437587552,
            0.5832140217378019,
            0.5694904482380091,
            0.555625870368071,
            0.5416648755514183,
            0.5276062184727814,
            0.5134110484209571,
            0.49901659393952796,
            0.4843541017415305,
            0.4693682789879506,
            0.45403420440905257,
            0.43836756546893524,
            0.42242563575446745,
            0.4062992585184798,
            0.3900990515076145,
            0.37394066333116727,
            0.35793337592915525,
            0.342174000757069,
            0.32674518258781643,
            0.3117154286812437,
            0.2971382672195192,
            0.2830496351496288,
            0.26946474330568304,
            0.25637694958661716,
            0.24376088377374092,
            0.23158044724625773,
            0.219800267735754,
            0.20839770638158767,
            0.19737215592705187,
            0.1867491422853723,
            0.1765782485892342,
            0.1669255588096261,
            0.15786264189548407,
            0.1494547209713946,
            0.1417505168562829,
            0.1347755082348343,
            0.1285293446110443,
            0.1229872015964354,
            0.11810422514089088,
            0.11382205164991456,
            0.11007671691278363,
            0.10680766965608837,
            0.10396733126312249,
            0.10152929314730352,
            0.09949163182250555,
            0.09787188802073168,
            0.09669352803415386,
            0.0959693481793905,
            0.09569169237481584,
            0.09583830150272955,
            0.09639466463051616
        ]
    },
    "CPU_time": {
        "derivatives": 0.26944684982299805,
        "buildingVn": 61.450178146362305,
        "spliting_Vn": 0.0,