{
    "geometry1": "curvedcubic",
    "geometry2": "large",
    "ope": "b2p_tang_ipp",
    "lc": 0.015,
    "dimP": 2,
    "dimQ": 2,
    "N": 60,
    "f0": 1000,
    "frequencies": [
        80,
        100,
        120,
        140,
        160,
        180,
        200,
        220,
        240,
        260,
        280,
        300,
        320,
        340,
        360,
        380,
        400,
        420,
        440,
        460,
        480,
        500,
        520,
        540,
        560,
        580,
        600,
        620,
        640,
        660,
        680,
        700,
        720,
        740,
        760,
        780,
        800,
        820,
        840,
        860,
        880,
        900,
        920,
        940,
        960,
        980,
        1000,
        1020,
        1040,
        1060,
        1080,
        1100,
        1120,
        1140,
        1160,
        1180,
        1200,
        1220,
        1240,
        1260,
        1280,
        1300,
        1320,
        1340,
        1360,
        1380,
        1400,
        1420,
        1440,
        1460,
        1480,
        1500,
        1520,
        1540,
        1560,
        1580,
        1600,
        1620,
        1640,
        1660,
        1680,
        1700,
        1720,
        1740,
        1760,
        1780,
        1800,
        1820,
        1840,
        1860,
        1880,
        1900,
        1920,
        1940,
        1960,
        1980,
        2000
    ],
    "Z_center": {
        "real": [
            0.011533337119993712,
            0.016879470610316707,
            0.02324029464571585,
            0.030841907368346,
            0.03991183582941505,
            0.05063224293399402,
            0.06309830941128669,
            0.07728393784060887,
            0.09302705884306893,
            0.11004760641792595,
            0.12800098397920417,
            0.1465533044850429,
            0.16545291395532674,
            0.1845746097797123,
            0.20392682481033705,
            0.22362755053415387,
            0.2438629581029888,
            0.2648421769878152,
            0.2867566705336369,
            0.30974766033406786,
            0.3338822825226632,
            0.35913859729920494,
            0.3854001943092829,
            0.4124617818883703,
            0.44004692492921355,
            0.46783757830208456,
            0.4955124503163506,
            0.5227883802675637,
            0.5494570631610644,
            0.5754096307845872,
            0.6006440137246852,
            0.6252538774368818,
            0.6494018833507667,
            0.6732828726846761,
            0.6970838036052749,
            0.7209470972050736,
            0.7449429735629782,
            0.7690547563637904,
            0.7931790743194729,
            0.8171403921270899,
            0.8407166403919847,
            0.8636705719215888,
            0.8857806508072338,
            0.9068661349657855,
            0.9268031316484221,
            0.9455308526917457,
            0.9630491973175473,
            0.9794097554539852,
            0.9947024510400503,
            1.0090396763372063,
            1.022539301655742,
            1.0353077387891088,
            1.0474244940593278,
            1.0589302423684919,
            1.0698208773266846,
            1.0800495880633043,
            1.0895374333620693,
            1.0981904599500163,
            1.10591914236426,
            1.1126550001253799,
            1.1183603485510598,
            1.1230299001317858,
            1.1266860393596707,
            1.1293714997229531,
            1.1311430114886054,
            1.1320675693132418,
            1.1322205415090443,
            1.1316833397499517,
            1.1305385772094243,
            1.128862307968951,
            1.1267150008554696,
            1.1241341866562813,
            1.1211316106343239,
            1.1176963771718422,
            1.1138036700396994,
            1.1094269440134303,
            1.1045505567425413,
            1.0991798428205888,
            1.0933465009055892,
            1.0871085103707776,
            1.0805451502882941,
            1.073748651801466,
            1.0668143778647252,
            1.0598312646141101,
            1.052873831296762,
            1.0459966273623473,
            1.039231649496918,
            1.0325889835096635,
            1.02606060139974,
            1.01962682525331,
            1.0132645217629337,
            1.0069557557687914,
            1.0006955238439879,
            0.9944973029847535,
            0.9883953697702751,
            0.982443105475342,
            0.9767069515500044
        ],
        "imag": [
            0.12225681207629727,
            0.1520391120184117,
            0.18188935644199455,
            0.21183849523426637,
            0.24179186512853532,
            0.2715453798180838,
            0.300811016681805,
            0.32925909012540466,
            0.35657827532022807,
            0.3825419903203818,
            0.4070596722141992,
            0.4301922649605431,
            0.45212498308004745,
            0.47310881685118833,
            0.4933931081219758,
            0.513169618442657,
            0.5325384847042448,
            0.5514964128694566,
            0.5699420973874881,
            0.5876931410177527,
            0.6045103669779092,
            0.620127159873082,
            0.6342821710292578,
            0.6467531634848621,
            0.6573883975376528,
            0.66613062463535,
            0.6730284507532752,
            0.678231256418755,
            0.6819670115273196,
            0.6845063128122348,
            0.6861193751193384,
            0.6870342851770769,
            0.6874041656450284,
            0.687288523508206,
            0.6866509858795118,
            0.6853727411232509,
            0.6832787045265644,
            0.6801717213256048,
            0.675868969702947,
            0.6702343337955082,
            0.6632012611357461,
            0.6547826713930346,
            0.6450674286575452,
            0.634205767103847,
            0.622387885862952,
            0.6098202803720494,
            0.5967035437587539,
            0.583214021737803,
            0.569490448238012,
            0.5556258703680781,
            0.5416648755514295,
            0.527606218472797,
            0.5134110484209798,
            0.49901659393955455,
            0.4843541017415614,
            0.4693682789879923,
            0.45403420440907827,
            0.4383675654689621,
            0.4224256357544838,
            0.4062992585184825,
            0.3900990515075834,
            0.373940663331134,
            0.35793337592909485,
            0.342174000756982,
            0.32674518258771723,
            0.3117154286811248,
            0.2971382672194169,
            0.28304963514951614,
            0.26946474330559544,
            0.25637694958665247,
            0.2437608837738654,
            0.23158044724599527,
            0.21980026773223643,
            0.20839770637580946,
            0.19737215596195284,
            0.18674914246683746,
            0.17657824875663247,
            0.166925557607205,
            0.1578626371382053,
            0.1494547164368774,
            0.14175053480248465,
            0.13477558164262152,
            0.12852944429367905,
            0.1229871163554824,
            0.1181035846500856,
            0.11382077939482439,
            0.11007588223873921,
            0.1068099093472044,
            0.10397541066658168,
            0.10154214418393818,
            0.09949979884943035,
            0.09785726884093465,
            0.09663852203637398,
            0.09587560592536334,
            0.09559973471050145,
            0.09583179834573721,
            0.09657413977334486
        ]
    },
    "CPU_time": {
        "derivatives": 0.2728700637817383,
        "buildingVn": 67.01997518539429,
        "spliting_Vn": 0.0,
        "solvingMOR": 0.537020206451416,