{
    "geometry1": "curvedcubic",
    "geometry2": "large",
    "ope": "b2p_tang_ipp",
    "lc": 0.015,
    "dimP": 2,
    "dimQ": 2,
    "N": 1,
    "f0": 1000,
    "frequencies": [
        80,
        100,
        120,
        140,
        160,
        180,
        200,
        220,
        240,
        260,
        280,
        300,
        320,
        340,
        360,
        380,
        400,
        420,
        440,
        460,
        480,
        500,
        520,
        540,
        560,
        580,
        600,
        620,
        640,
        660,
        680,
        700,
        720,
        740,
        760,
        780,
        800,
        820,
        840,
        860,
        880,
        900,
        920,
        940,
        960,
        980,
        1000,
        1020,
        1040,
        1060,
        1080,
        1100,
        1120,
        1140,
        1160,
        1180,
        1200,
        1220,
        1240,
        1260,
        1280,
        1300,
        1320,
        1340,
        1360,
        1380,
        1400,
        1420,
        1440,
        1460,
        1480,
        1500,
        1520,
        1540,
        1560,
        1580,
        1600,
        1620,
        1640,
        1660,
        1680,
        1700,
        1720,
        1740,
        1760,
        1780,
        1800,
        1820,
        1840,
        1860,
        1880,
        1900,
        1920,
        1940,
        1960,
        1980,
        2000
    ],
    "Z_center": {
        "real": [
            0.0005863410809852606,
            0.0007189011981255075,
            0.000844909231933148,
            0.0009650055238332849,
            0.001080008450327628,
            0.0011907974240469039,
            0.0012982507212794313,
            0.0014032158629441018,
            0.0015064988227098915,
            0.0016088638432773246,
            0.001711039062796318,
            0.001813725233828316,
            0.0019176060680991458,
            0.0020233594902261086,
            0.0021316695374400327,
            0.002243238925926145,
            0.002358802495277261,
            0.002479141889533448,
            0.002605101969032469,
            0.0027376095963340032,
            0.0028776956237359015,
            0.0030265211531312324,
            0.0031854094711128,
            0.0033558855247740266,
            0.0035397254570743563,
            0.003739019656073286,
            0.003956254130368789,
            0.004194417025105585,
            0.0044571400950222375,
            0.004748889538698896,
            0.0050752277578033755,
            0.005443179043143565,
            0.005861750946421004,
            0.006342694772885481,
            0.0069016439300132884,
            0.007559869133162684,
            0.008347079359044291,
            0.009306075776782314,
            0.010500866219650492,
            0.012031667037831234,
            0.014064736233429163,
            0.016897518184945826,
            0.0211198405410082,
            0.028090188538567595,
            0.04179234177770798,
            0.08108921577096329,
            0.9630491973180196,
            -0.09333726686340055,
            -0.045205625471814476,
            -0.029868413743937804,
            -0.02232670797219714,
            -0.017840916124805147,
            -0.014866068861324163,
            -0.012748448260785958,
            -0.011163928628871889,
            -0.009933512126090928,
            -0.008950279429244874,
            -0.008146427222302148,
            -0.007476878789933452,
            -0.006910497922801211,
            -0.006425086324461428,
            -0.0060043910056994795,
            -0.005636238613548732,
            -0.005311330832295271,
            -0.005022442814396352,
            -0.004763875631903067,
            -0.004531073542673532,
            -0.00432035095741307,
            -0.004128694096192525,
            -0.003953614536522077,
            -0.00379303947563854,
            -0.003645228399466601,
            -0.003508709030460333,
            -0.0033822275437242087,
            -0.0032647094758460064,
            -0.00315522873952037,
            -0.0030529828484287718,
            -0.0029572729470694207,
            -0.0028674875922913776,
            -0.0027830894891367093,
            -0.0027036045715848203,
            -0.002628612958350789,
            -0.0025577414184927735,
            -0.0024906570606964646,
            -0.002427062020447633,
            -0.0023666889656974075,
            -0.002309297277562469,
            -0.0022546697906389293,
            -0.002202609999527075,
            -0.00215293965556768,
            -0.0021054966916286633,
            -0.002060133423847097,
            -0.002016714988130093,
            -0.0019751179764096716,
            -0.001935229243488559,
            -0.0018969448600809312,
            -0.001860169191560315
        ],