{
    "geometry1": "curvedcubic",
    "geometry2": "large",
    "ope": "b2p_tang_ipp",
    "lc": 0.015,
    "dimP": 2,
    "dimQ": 2,
    "N": 55,
    "f0": 1000,
    "frequencies": [
        80,
        100,
        120,
        140,
        160,
        180,
        200,
        220,
        240,
        260,
        280,
        300,
        320,
        340,
        360,
        380,
        400,
        420,
        440,
        460,
        480,
        500,
        520,
        540,
        560,
        580,
        600,
        620,
        640,
        660,
        680,
        700,
        720,
        740,
        760,
        780,
        800,
        820,
        840,
        860,
        880,
        900,
        920,
        940,
        960,
        980,
        1000,
        1020,
        1040,
        1060,
        1080,
        1100,
        1120,
        1140,
        1160,
        1180,
        1200,
        1220,
        1240,
        1260,
        1280,
        1300,
        1320,
        1340,
        1360,
        1380,
        1400,
        1420,
        1440,
        1460,
        1480,
        1500,
        1520,
        1540,
        1560,
        1580,
        1600,
        1620,
        1640,
        1660,
        1680,
        1700,
        1720,
        1740,
        1760,
        1780,
        1800,
        1820,
        1840,
        1860,
        1880,
        1900,
        1920,
        1940,
        1960,
        1980,
        2000
    ],
    "Z_center": {
        "real": [
            0.011533337174737212,
            0.01687947051591602,
            0.0232402945763767,
            0.030841907346679163,
            0.039911835830399284,
            0.05063224293852637,
            0.0630983094135245,
            0.07728393784100632,
            0.09302705884292925,
            0.11004760641781304,
            0.12800098397917553,
            0.1465533044850429,
            0.16545291395533096,
            0.18457460977971227,
            0.20392682481033453,
            0.22362755053415262,
            0.24386295810299027,
            0.26484217698781376,
            0.2867566705336357,
            0.3097476603340663,
            0.33388228252266255,
            0.3591385972992032,
            0.385400194309281,
            0.41246178188836946,
            0.4400469249292163,
            0.4678375783020889,
            0.49551245031635716,
            0.5227883802675708,
            0.5494570631610737,
            0.5754096307845958,
            0.6006440137246881,
            0.6252538774368833,
            0.6494018833507658,
            0.6732828726846727,
            0.6970838036052714,
            0.7209470972050663,
            0.7449429735629697,
            0.7690547563637828,
            0.7931790743194657,
            0.8171403921270852,
            0.8407166403919811,
            0.8636705719215879,
            0.8857806508072331,
            0.9068661349657873,
            0.9268031316484248,
            0.9455308526917507,
            0.9630491973175521,
            0.9794097554539922,
            0.9947024510400574,
            1.009039676337215,
            1.022539301655747,
            1.0353077387891096,
            1.0474244940593251,
            1.0589302423684885,
            1.0698208773266724,
            1.0800495880632945,
            1.0895374333620418,
            1.0981904599499843,
            1.1059191423642318,
            1.1126550001253495,
            1.1183603485510356,
            1.123029900131777,
            1.126686039359679,
            1.1293714997229796,
            1.1311430114886378,
            1.132067569313338,
            1.132220541509123,
            1.1316833397499908,
            1.1305385772095013,
            1.1288623079690068,
            1.1267150008555338,
            1.1241341866562522,
            1.121131610634354,
            1.1176963771719661,
            1.113803670039368,
            1.109426944010421,
            1.1045505567390772,
            1.0991798428507995,
            1.0933465010203127,
            1.0871085103595826,
            1.0805451492764535,
            1.0737486493985704,
            1.0668143787849649,
            1.0598312812639084,
            1.0528738664508057,
            1.0459966297165555,
            1.0392314967594938,
            1.0325886108181865,
            1.0260603063652625,
            1.0196274631866997,
            1.0132670073772305,
            1.0069595644583051,
            1.0006970216771938,
            0.9944900562790515,
            0.988374541741364,
            0.982413459937439,
            0.9766896190056575
        ],
        "imag": [
            0.12225681177847864,
            0.15203911190357805,
            0.1818893564395082,
            0.21183849525669235,
            0.24179186514204454,
            0.2715453798215026,
            0.3008110166813028,
            0.32925909012461,
            0.3565782753199332,
            0.3825419903203585,
            0.40705967221422285,
            0.4301922649605547,
            0.45212498308004895,
            0.47310881685118766,
            0.4933931081219757,
            0.5131696184426571,
            0.5325384847042459,
            0.5514964128694543,
            0.5699420973874904,
            0.5876931410177523,
            0.6045103669779112,
            0.6201271598730855,
            0.6342821710292618,
            0.6467531634848686,
            0.6573883975376572,
            0.6661306246353541,
            0.6730284507532741,
            0.6782312564187527,
            0.6819670115273154,
            0.6845063128122307,
            0.6861193751193321,
            0.6870342851770692,
            0.6874041656450202,
            0.6872885235081972,
            0.6866509858795043,
            0.6853727411232472,
            0.6832787045265633,
            0.6801717213256067,
            0.6758689697029501,
            0.6702343337955108,
            0.6632012611357496,
            0.6547826713930394,
            0.6450674286575503,
            0.6342057671038517,
            0.6223878858629557,
            0.6098202803720525,
            0.5967035437587561,
            0.5832140217378028,
            0.5694904482380099,
            0.5556258703680725,
            0.5416648755514212,
            0.5276062184727857,
            0.513411048420965,
            0.4990165939395378,
            0.4843541017415452,
            0.46936827898798106,
            0.45403420440908526,
            0.43836756546897004,
            0.4224256357544914,
            0.40629925851851145,
            0.3900990515076316,
            0.37394066333116155,
            0.3579333759291386,
            0.34217400075703064,
            0.32674518258776225,
            0.3117154286811814,
            0.2971382672194459,
            0.28304963514954146,
            0.26946474330557996,
            0.2563769495866073,
            0.24376088377380392,
            0.23158044724589913,
            0.21980026773220082,
            0.20839770637562932,
            0.1973721559612226,
            0.186749142466972,
            0.1765782487672799,
            0.16692555763236075,
            0.15786263708045417,
            0.14945471604539562,
            0.14175053432959359,
            0.1347755834350642,
            0.12852945183726086,
            0.1229871238882651,
            0.11810356196084325,
            0.11382068790005789,
            0.11007576606476575,
            0.10681001283691835,
            0.10397610187494749,
            0.10154340300862229,
            0.09950044075806067,
            0.09785480911916083,
            0.09663087692205892,
            0.09586475415683696,
            0.09559506014750145,
            0.0958487769612676,
            0.09662484134787974
        ]
    },
    "CPU_time": {
        "derivatives": 0.2709388732910156,
        "buildingVn": 63.57162809371948,
        "spliting_Vn": 0.0,