{
    "geometry1": "curvedcubic",
    "geometry2": "small",
    "ope": "b2p_tang_ipp",
    "lc": 0.015,
    "dimP": 2,
    "dimQ": 2,
    "N": 65,
    "f0": 1000,
    "frequencies": [
        80,
        100,
        120,
        140,
        160,
        180,
        200,
        220,
        240,
        260,
        280,
        300,
        320,
        340,
        360,
        380,
        400,
        420,
        440,
        460,
        480,
        500,
        520,
        540,
        560,
        580,
        600,
        620,
        640,
        660,
        680,
        700,
        720,
        740,
        760,
        780,
        800,
        820,
        840,
        860,
        880,
        900,
        920,
        940,
        960,
        980,
        1000,
        1020,
        1040,
        1060,
        1080,
        1100,
        1120,
        1140,
        1160,
        1180,
        1200,
        1220,
        1240,
        1260,
        1280,
        1300,
        1320,
        1340,
        1360,
        1380,
        1400,
        1420,
        1440,
        1460,
        1480,
        1500,
        1520,
        1540,
        1560,
        1580,
        1600,
        1620,
        1640,
        1660,
        1680,
        1700,
        1720,
        1740,
        1760,
        1780,
        1800,
        1820,
        1840,
        1860,
        1880,
        1900,
        1920,
        1940,
        1960,
        1980,
        2000
    ],
    "Z_center": {
        "real": [
            0.014893015104402198,
            0.022826244106765307,
            0.032142229821741634,
            0.04267194868785948,
            0.05425539323056529,
            0.06674978874782084,
            0.08003449623840896,
            0.09401295463581322,
            0.10861231010233888,
            0.12378146075355054,
            0.13948818031143737,
            0.15571584588091975,
            0.17246013878936625,
            0.18972594677503957,
            0.2075245856061343,
            0.22587138085234304,
            0.24478360181312875,
            0.2642787129165319,
            0.2843728966244737,
            0.305079800505472,
            0.3264094655560848,
            0.3483674002323636,
            0.3709537731753075,
            0.3941627061819365,
            0.41798165696477974,
            0.4423908883219076,
            0.4673630263496624,
            0.49286271516564273,
            0.5188463792272655,
            0.5452621066693446,
            0.5720496681042216,
            0.5991406849882833,
            0.6264589599490489,
            0.6539209784100638,
            0.6814365865347667,
            0.7089098450859875,
            0.7362400525026477,
            0.7633229236447184,
            0.7900519036367794,
            0.8163195894898708,
            0.8420192261600123,
            0.8670462388563792,
            0.8912997601381474,
            0.9146841089335989,
            0.9371101792581155,
            0.9584966991241071,
            0.9787713248045056,
            0.9978715419550144,
            1.0157453527292928,
            1.032351736447911,
            1.047660880085307,
            1.06165418329335,
            1.0743240504155216,
            1.0856734885678216,
            1.095715536094834,
            1.1044725493883414,
            1.111975378145232,
            1.1182624597112076,
            1.1233788623618246,
            1.1273753054431468,
            1.1303071814818637,
            1.1322336019592456,
            1.1332164846831483,
            1.1333196968291928,
            1.132608263950847,
            1.1311476517437513,
            1.1290031241990817,
            1.1262391790704407,
            1.1229190593400442,
            1.1191043376065657,
            1.1148545690163894,
            1.1102270074681637,
            1.1052763793063751,
            1.1000547085166779,
            1.0946111874919275,
            1.0889920876939145,
            1.0832407049445123,
            1.0773973345887142,
            1.0714992723381678,
            1.0655808372004516,
            1.059673413476982,
            1.0538055093695302,
            1.0480028302240694,
            1.0422883648789911,
            1.0366824839206403,
            1.0312030489206272,
            1.0258655318913237,
            1.0206831442869586,
            1.015666974868904,
            1.0108261356849488,
            1.0061679152707554,
            1.0016979379894535,
            0.9974203282139356,
            0.9933378778164511,
            0.9894522151982934,
            0.9857639739010982,
            0.9822729586603737
        ],
        "imag": [
            0.1285100142949725,
            0.1590799400622217,
            0.18875505253787828,
            0.21747423325811766,
            0.2452148233888735,
            0.27198531809223314,
            0.2978170117779138,
            0.32275578280557043,
            0.34685481120625306,
            0.37016863613180623,
            0.39274865425699806,
            0.41463995949678,
            0.4358793187137949,
            0.45649404342452526,
            0.476501527703053,
            0.49590925592445667,
            0.5147151256273941,
            0.5329079715601144,
            0.5504682123659357,
            0.5673685697432054,
            0.5835748313196357,
            0.5990466437388418,
            0.6137383326517001,
            0.6275997524916358,
            0.6405771720079259,
            0.6526142022554527,
            0.663652772657815,
            0.6736341583066278,
            0.6825000581694763,
            0.6901937196439482,
            0.6966611001832074,
            0.7018520517944971,
            0.7057215093652504,
            0.7082306592947057,
            0.7093480611221957,
            0.7090506920524948,
            0.7073248827739739,
            0.7041671129827106,
            0.6995846367313445,
            0.6935959111731609,
            0.6862308074109658,
            0.6775305888040509,
            0.6675476499117579,
            0.6563450178468084,
            0.6439956266638803,
            0.6305813839844985,
            0.616192056821423,
            0.6009240100361692,
            0.5848788356595652,
            0.5681619141758979,
            0.5508809497084436,
            0.5331445198948223,
            0.5150606782876923,
            0.4967356426537433,
            0.4782725969505311,
            0.45977062844879746,
            0.4413238148593514,
            0.4230204698054591,
            0.40494254888889436,
            0.38716521318668085,
            0.36975654246890727,
            0.3527773868397022,
            0.33628134290075534,
            0.3203148388841584,
            0.30491731240700437,
            0.2901214644613474,
            0.275953573819547,
            0.2624338570779541,
            0.24957686094297699,
            0.23739187494835873,
            0.22588335449114158,
            0.21505134577005008,
            0.20489190585703101,
            0.19539751265589575,
            0.18655746087689576,
            0.17835824135340358,
            0.17078390203164528,
            0.16381638978957586,
            0.15743587286810334,
            0.1516210441642196,
            0.1463494059340108,
            0.14159753662161548,
            0.1373413405715304,
            0.1335562813299231,
            0.13021759911258474,
            0.12730051283609906,
            0.12478040689577456,
            0.12263300265636438,
            0.12083451440397708,
            0.11936178933281151,
            0.11819243099647338,
            0.11730490557886075,
            0.11667863031983655,
            0.11629404349863624,
            0.11613265549942357,
            0.1161770806981873,
            0.1164110501690613
        ]
    },
    "CPU_time": {
        "derivatives": 0.05476021766662598,
        "buildingVn": 3.5110647678375244,
        "spliting_Vn": 0.0,