{
    "geometry1": "curvedcubic",
    "geometry2": "small",
    "ope": "b2p_tang_ipp",
    "lc": 0.015,
    "dimP": 2,
    "dimQ": 2,
    "N": 79,
    "f0": 1000,
    "frequencies": [
        80,
        100,
        120,
        140,
        160,
        180,
        200,
        220,
        240,
        260,
        280,
        300,
        320,
        340,
        360,
        380,
        400,
        420,
        440,
        460,
        480,
        500,
        520,
        540,
        560,
        580,
        600,
        620,
        640,
        660,
        680,
        700,
        720,
        740,
        760,
        780,
        800,
        820,
        840,
        860,
        880,
        900,
        920,
        940,
        960,
        980,
        1000,
        1020,
        1040,
        1060,
        1080,
        1100,
        1120,
        1140,
        1160,
        1180,
        1200,
        1220,
        1240,
        1260,
        1280,
        1300,
        1320,
        1340,
        1360,
        1380,
        1400,
        1420,
        1440,
        1460,
        1480,
        1500,
        1520,
        1540,
        1560,
        1580,
        1600,
        1620,
        1640,
        1660,
        1680,
        1700,
        1720,
        1740,
        1760,
        1780,
        1800,
        1820,
        1840,
        1860,
        1880,
        1900,
        1920,
        1940,
        1960,
        1980,
        2000
    ],
    "Z_center": {
        "real": [
            0.014893015104426923,
            0.022826244106759718,
            0.032142229821693215,
            0.04267194868776482,
            0.05425539323042456,
            0.06674978874766972,
            0.08003449623824455,
            0.09401295463562731,
            0.10861231010217885,
            0.12378146075341641,
            0.1394881803113608,
            0.1557158458808985,
            0.17246013878941172,
            0.18972594677514784,
            0.2075245856063083,
            0.2258713808525542,
            0.24478360181334732,
            0.26427871291673993,
            0.28437289662470905,
            0.3050798005056479,
            0.326409465556173,
            0.3483674002323824,
            0.37095377317520195,
            0.394162706181739,
            0.41798165696447825,
            0.4423908883215397,
            0.46736302634918026,
            0.49286271516511926,
            0.5188463792266664,
            0.5452621066687223,
            0.5720496681035384,
            0.5991406849876028,
            0.6264589599483585,
            0.653920978409354,
            0.6814365865340593,
            0.7089098450853256,
            0.7362400525020171,
            0.7633229236441014,
            0.7900519036361646,
            0.8163195894893628,
            0.8420192261595497,
            0.8670462388559266,
            0.8912997601377304,
            0.9146841089332546,
            0.9371101792577926,
            0.9584966991238406,
            0.9787713248042748,
            0.9978715419548351,
            1.0157453527291596,
            1.0323517364478547,
            1.0476608800852274,
            1.0616541832933364,
            1.0743240504155556,
            1.0856734885678752,
            1.0957155360949207,
            1.104472549388424,
            1.1119753781453632,
            1.1182624597114605,
            1.1233788623619605,
            1.1273753054433644,
            1.1303071814819976,
            1.132233601959471,
            1.1332164846833144,
            1.1333196968294708,
            1.1326082639510495,
            1.1311476517439207,
            1.1290031241993197,
            1.126239179070685,
            1.122919059340254,
            1.119104337606624,
            1.1148545690165532,
            1.1102270074681022,
            1.1052763793065714,
            1.1000547085170207,
            1.0946111874918762,
            1.0889920876942136,
            1.083240704944605,
            1.0773973345889547,
            1.0714992723384147,
            1.0655808372005893,
            1.0596734134773627,
            1.053805509369783,
            1.0480028302243893,
            1.0422883648793853,
            1.0366824839209987,
            1.0312030489208628,
            1.0258655318916914,
            1.0206831442872906,
            1.0156669748691813,
            1.0108261356852601,
            1.0061679152709233,
            1.0016979379895932,
            0.9974203282142722,
            0.993337877816455,
            0.9894522151984037,
            0.985763973901092,
            0.9822729586607014
        ],
        "imag": [
            0.12851001429481393,
            0.15907994006204135,
            0.18875505253768526,
            0.21747423325793888,
            0.24521482338870323,
            0.2719853180921217,
            0.2978170117778368,
            0.32275578280552936,
            0.3468548112062709,
            0.3701686361318629,
            0.3927486542570733,
            0.41463995949687793,
            0.4358793187138962,
            0.4564940434246144,
            0.47650152770307036,
            0.4959092559244125,
            0.5147151256272623,
            0.5329079715599149,
            0.5504682123656336,
            0.567368569742881,
            0.5835748313191849,
            0.5990466437383366,
            0.6137383326512551,
            0.627599752491048,
            0.6405771720074269,
            0.6526142022549488,
            0.6636527726573417,
            0.6736341583061606,
            0.6825000581690991,
            0.6901937196436597,
            0.6966611001829659,
            0.7018520517943292,
            0.7057215093651715,
            0.7082306592946888,
            0.7093480611222497,
            0.7090506920526253,
            0.7073248827741371,
            0.7041671129829207,
            0.6995846367316175,
            0.6935959111735281,
            0.6862308074114355,
            0.6775305888044331,
            0.6675476499121459,
            0.6563450178472521,
            0.64399562666432,
            0.6305813839849439,
            0.6161920568219048,
            0.6009240100366336,
            0.5848788356600165,
            0.5681619141763382,
            0.5508809497088658,
            0.5331445198952237,
            0.5150606782880928,
            0.4967356426541174,
            0.4782725969508295,
            0.4597706284491359,
            0.44132381485964534,
            0.4230204698057482,
            0.4049425488891591,
            0.38716521318696234,
            0.3697565424691058,
            0.35277738683979043,
            0.33628134290076883,
            0.3203148388842574,
            0.3049173124070481,
            0.29012146446137266,
            0.27595357381953994,
            0.2624338570780719,
            0.24957686094312337,
            0.2373918749484618,
            0.2258833544912331,
            0.2150513457700811,
            0.20489190585692396,
            0.19539751265592223,
            0.1865574608768085,
            0.1783582413536103,
            0.17078390203167362,
            0.16381638978952257,
            0.15743587286827807,
            0.15162104416425848,
            0.1463494059341468,
            0.14159753662138483,
            0.13734134057144126,
            0.13355628132991731,
            0.13021759911273179,
            0.12730051283590893,
            0.12478040689563456,
            0.12263300265631966,
            0.12083451440394112,
            0.11936178933255313,
            0.1181924309966105,
            0.1173049055784125,
            0.11667863031990255,
            0.11629404349839727,
            0.11613265549903139,
            0.11617708069812588,
            0.11641105016894623
        ]
    },
    "CPU_time": {
        "derivatives": 0.053894996643066406,
        "buildingVn": 4.048722982406616,
        "spliting_Vn": 0.0,