{
    "geometry1": "curvedcubic",
    "geometry2": "large",
    "ope": "b2p_tang_ipp",
    "lc": 0.015,
    "dimP": 2,
    "dimQ": 2,
    "N": 97,
    "f0": 1000,
    "frequencies": [
        80,
        100,
        120,
        140,
        160,
        180,
        200,
        220,
        240,
        260,
        280,
        300,
        320,
        340,
        360,
        380,
        400,
        420,
        440,
        460,
        480,
        500,
        520,
        540,
        560,
        580,
        600,
        620,
        640,
        660,
        680,
        700,
        720,
        740,
        760,
        780,
        800,
        820,
        840,
        860,
        880,
        900,
        920,
        940,
        960,
        980,
        1000,
        1020,
        1040,
        1060,
        1080,
        1100,
        1120,
        1140,
        1160,
        1180,
        1200,
        1220,
        1240,
        1260,
        1280,
        1300,
        1320,
        1340,
        1360,
        1380,
        1400,
        1420,
        1440,
        1460,
        1480,
        1500,
        1520,
        1540,
        1560,
        1580,
        1600,
        1620,
        1640,
        1660,
        1680,
        1700,
        1720,
        1740,
        1760,
        1780,
        1800,
        1820,
        1840,
        1860,
        1880,
        1900,
        1920,
        1940,
        1960,
        1980,
        2000
    ],
    "Z_center": {
        "real": [
            0.011533337134939627,
            0.01687947062035103,
            0.023240294647532703,
            0.030841907367503,
            0.03991183582877514,
            0.05063224293383857,
            0.06309830941131891,
            0.07728393784064387,
            0.09302705884308746,
            0.11004760641792487,
            0.12800098397920087,
            0.14655330448502632,
            0.16545291395532022,
            0.18457460977969375,
            0.2039268248103207,
            0.22362755053413963,
            0.24386295810297837,
            0.26484217698780593,
            0.28675667053363296,
            0.30974766033406653,
            0.3338822825226685,
            0.3591385972992104,
            0.38540019430928746,
            0.4124617818883719,
            0.44004692492921244,
            0.46783757830208467,
            0.49551245031634816,
            0.5227883802675596,
            0.5494570631610587,
            0.5754096307845872,
            0.6006440137246836,
            0.6252538774368768,
            0.6494018833507672,
            0.6732828726846821,
            0.6970838036052841,
            0.7209470972050828,
            0.7449429735629933,
            0.7690547563638068,
            0.7931790743194821,
            0.8171403921270981,
            0.8407166403919943,
            0.8636705719215895,
            0.8857806508072334,
            0.9068661349657808,
            0.9268031316484114,
            0.9455308526917315,
            0.9630491973175327,
            0.979409755453972,
            0.9947024510400372,
            1.009039676337199,
            1.0225393016557152,
            1.0353077387891059,
            1.0474244940593334,
            1.0589302423685216,
            1.0698208773267064,
            1.0800495880633367,
            1.0895374333620966,
            1.0981904599500303,
            1.1059191423642634,
            1.1126550001253939,
            1.1183603485510354,
            1.1230299001317825,
            1.126686039359671,
            1.1293714997229236,
            1.131143011488564,
            1.1320675693132092,
            1.132220541509021,
            1.1316833397498842,
            1.1305385772093994,
            1.1288623079689244,
            1.126715000855452,
            1.1241341866562504,
            1.1211316106343552,
            1.1176963771719957,
            1.1138036700397005,
            1.1094269440134619,
            1.1045505567426617,
            1.0991798428208848,
            1.0933465009043977,
            1.087108510365738,
            1.0805451502926016,
            1.0737486518642256,
            1.066814377971513,
            1.0598312643652694,
            1.05287382996086,
            1.045996625816695,
            1.0392316535414872,
            1.0325890010799628,
            1.026060623222153,
            1.0196267986167948,
            1.0132643694759182,
            1.00695550093198,
            1.0006954752246677,
            0.9944980538573837,
            0.988397281078414,
            0.9824452779412552,
            0.9767064607022756
        ],
        "imag": [
            0.12225681209324396,
            0.1520391120168117,
            0.18188935643812126,
            0.21183849523278206,
            0.2417918651284679,
            0.27154537981826155,
            0.30081101668187815,
            0.3292590901254008,
            0.35657827532020675,
            0.38254199032036246,
            0.4070596722141809,
            0.4301922649605233,
            0.4521249830800425,
            0.473108816851194,
            0.49339310812197384,
            0.5131696184426607,
            0.5325384847042487,
            0.5514964128694665,
            0.5699420973874944,
            0.5876931410177588,
            0.6045103669779156,
            0.6201271598730864,
            0.6342821710292624,
            0.6467531634848636,
            0.657388397537648,
            0.6661306246353479,
            0.6730284507532723,
            0.6782312564187543,
            0.6819670115273218,
            0.6845063128122405,
            0.6861193751193468,
            0.6870342851770852,
            0.6874041656450393,
            0.687288523508216,
            0.6866509858795211,
            0.6853727411232561,
            0.6832787045265639,
            0.6801717213256002,
            0.6758689697029419,
            0.6702343337954945,
            0.6632012611357311,
            0.6547826713930198,
            0.6450674286575308,
            0.6342057671038362,
            0.6223878858629412,
            0.6098202803720434,
            0.5967035437587532,
            0.5832140217378065,
            0.5694904482380222,
            0.5556258703680923,
            0.5416648755514375,
            0.5276062184728262,
            0.5134110484209847,
            0.49901659393957754,
            0.4843541017415901,
            0.46936827898799305,
            0.454034204409092,
            0.4383675654689398,
            0.4224256357544554,
            0.40629925851843995,
            0.3900990515075657,
            0.3739406633310626,
            0.35793337592907964,
            0.3421740007569714,
            0.3267451825877347,
            0.3117154286811358,
            0.29713826721942477,
            0.28304963514958814,
            0.2694647433055949,
            0.2563769495866464,
            0.24376088377388982,
            0.23158044724598248,
            0.21980026773234745,
            0.20839770637587463,
            0.19737215596203067,
            0.18674914246693577,
            0.17657824875658926,
            0.1669255576068853,
            0.1578626371372673,
            0.14945471644056413,
            0.14175053482249667,
            0.13477558165421738,
            0.12852944414090972,
            0.12298711590688367,
            0.11810358468185637,
            0.1138207823155174,
            0.11007588889790482,
            0.10680990968856685,
            0.10397537950753173,
            0.10154206953698555,
            0.09949975188880943,
            0.09785744537093605,
            0.09663910478349527,
            0.09587637088203443,
            0.09559965227751697,
            0.095829273830869,
            0.09656849558048418
        ]
    },
    "CPU_time": {
        "derivatives": 0.2814772129058838,
        "buildingVn": 78.63297510147095,
        "spliting_Vn": 0.0,
        "solvingMOR": 0.8853018283843994,