{
    "geometry1": "curvedcubic",
    "geometry2": "small",
    "ope": "b2p_tang_ipp",
    "lc": 0.015,
    "dimP": 2,
    "dimQ": 2,
    "N": 45,
    "f0": 1000,
    "frequencies": [
        80,
        100,
        120,
        140,
        160,
        180,
        200,
        220,
        240,
        260,
        280,
        300,
        320,
        340,
        360,
        380,
        400,
        420,
        440,
        460,
        480,
        500,
        520,
        540,
        560,
        580,
        600,
        620,
        640,
        660,
        680,
        700,
        720,
        740,
        760,
        780,
        800,
        820,
        840,
        860,
        880,
        900,
        920,
        940,
        960,
        980,
        1000,
        1020,
        1040,
        1060,
        1080,
        1100,
        1120,
        1140,
        1160,
        1180,
        1200,
        1220,
        1240,
        1260,
        1280,
        1300,
        1320,
        1340,
        1360,
        1380,
        1400,
        1420,
        1440,
        1460,
        1480,
        1500,
        1520,
        1540,
        1560,
        1580,
        1600,
        1620,
        1640,
        1660,
        1680,
        1700,
        1720,
        1740,
        1760,
        1780,
        1800,
        1820,
        1840,
        1860,
        1880,
        1900,
        1920,
        1940,
        1960,
        1980,
        2000
    ],
    "Z_center": {
        "real": [
            0.014893015104431057,
            0.02282624410681021,
            0.03214222982179723,
            0.04267194868791284,
            0.05425539323062442,
            0.06674978874788676,
            0.08003449623846758,
            0.09401295463585539,
            0.10861231010238497,
            0.1237814607535775,
            0.13948818031145113,
            0.15571584588092,
            0.1724601387893532,
            0.18972594677500454,
            0.20752458560609008,
            0.2258713808522698,
            0.24478360181301004,
            0.26427871291641225,
            0.28437289662433674,
            0.3050798005052845,
            0.3264094655558738,
            0.3483674002321416,
            0.37095377317500766,
            0.39416270618168037,
            0.41798165696447204,
            0.4423908883216147,
            0.46736302634933613,
            0.4928627151652821,
            0.5188463792268521,
            0.545262106668924,
            0.5720496681037991,
            0.5991406849878439,
            0.6264589599485668,
            0.6539209784096007,
            0.6814365865343052,
            0.7089098450855252,
            0.736240052502204,
            0.7633229236442778,
            0.7900519036363693,
            0.8163195894894961,
            0.8420192261596618,
            0.8670462388560988,
            0.8912997601378804,
            0.9146841089334233,
            0.9371101792579605,
            0.958496699124012,
            0.9787713248044707,
            0.9978715419550201,
            1.0157453527293006,
            1.032351736447937,
            1.047660880085346,
            1.0616541832933963,
            1.0743240504155465,
            1.085673488567839,
            1.0957155360948405,
            1.104472549388329,
            1.1119753781452641,
            1.1182624597112063,
            1.123378862361824,
            1.1273753054431708,
            1.1303071814818828,
            1.1322336019592563,
            1.1332164846832204,
            1.1333196968292032,
            1.132608263950919,
            1.1311476517437882,
            1.1290031241990686,
            1.1262391790705861,
            1.1229190593401164,
            1.1191043376067056,
            1.1148545690165557,
            1.1102270074684453,
            1.1052763793066254,
            1.1000547085170218,
            1.0946111874923607,
            1.0889920876942631,
            1.0832407049449644,
            1.0773973345892351,
            1.0714992723387837,
            1.065580837201005,
            1.059673413477824,
            1.0538055093708454,
            1.0480028302248876,
            1.0422883648799064,
            1.0366824839215654,
            1.0312030489217372,
            1.02586553189209,
            1.020683144287781,
            1.0156669748700662,
            1.010826135686422,
            1.0061679152713168,
            1.0016979379909114,
            0.9974203282153951,
            0.9933378778176867,
            0.9894522151995818,
            0.9857639739029319,
            0.982272958660641
        ],
        "imag": [
            0.12851001429499545,
            0.15907994006223916,
            0.18875505253788447,
            0.2174742332581159,
            0.2452148233888474,
            0.2719853180922011,
            0.29781701177786046,
            0.3227557828055013,
            0.3468548112061723,
            0.3701686361317025,
            0.3927486542568865,
            0.4146399594966509,
            0.4358793187136651,
            0.4564940434244036,
            0.4765015277029114,
            0.4959092559243152,
            0.5147151256272577,
            0.5329079715599616,
            0.5504682123657931,
            0.567368569743087,
            0.5835748313195066,
            0.5990466437387587,
            0.6137383326516228,
            0.6275997524915251,
            0.6405771720078388,
            0.6526142022553832,
            0.6636527726577668,
            0.6736341583066229,
            0.6825000581694448,
            0.6901937196440144,
            0.6966611001832954,
            0.7018520517945875,
            0.7057215093654111,
            0.7082306592949018,
            0.7093480611224457,
            0.7090506920527855,
            0.7073248827743535,
            0.704167112983087,
            0.6995846367318208,
            0.6935959111736563,
            0.6862308074115396,
            0.6775305888046385,
            0.6675476499123854,
            0.656345017847416,
            0.6439956266645225,
            0.6305813839851157,
            0.6161920568220421,
            0.6009240100367654,
            0.5848788356601201,
            0.5681619141764251,
            0.5508809497089535,
            0.5331445198953191,
            0.5150606782881533,
            0.4967356426542078,
            0.47827259695097973,
            0.4597706284492679,
            0.44132381485983463,
            0.42302046980594427,
            0.4049425488893821,
            0.3871652131871762,
            0.36975654246947176,
            0.35277738684021376,
            0.33628134290134903,
            0.3203148388847639,
            0.30491731240762565,
            0.29012146446204073,
            0.2759535738203142,
            0.2624338570787911,
            0.24957686094386164,
            0.23739187494919545,
            0.22588335449200686,
            0.21505134577101534,
            0.20489190585794137,
            0.1953975126568649,
            0.18655746087809127,
            0.17835824135431533,
            0.170783902032773,
            0.1638163897906052,
            0.15743587286916677,
            0.15162104416513153,
            0.14634940593488735,
            0.14159753662245272,
            0.13734134057210418,
            0.1335562813311938,
            0.1302175991134631,
            0.12730051283653138,
            0.12478040689644596,
            0.12263300265646226,
            0.12083451440453394,
            0.11936178933361241,
            0.11819243099738742,
            0.11730490557948492,
            0.11667863032059587,
            0.11629404349905978,
            0.11613265549938613,
            0.11617708069854465,
            0.11641105016947029
        ]
    },
    "CPU_time": {
        "derivatives": 0.05278801918029785,
        "buildingVn": 2.848022937774658,
        "spliting_Vn": 0.0,
        "solvingMOR": 0.10182976722717285,