{
    "geometry1": "curvedcubic",
    "geometry2": "large",
    "ope": "b2p_tang_ipp",
    "lc": 0.015,
    "dimP": 2,
    "dimQ": 2,
    "N": 25,
    "f0": 1000,
    "frequencies": [
        80,
        100,
        120,
        140,
        160,
        180,
        200,
        220,
        240,
        260,
        280,
        300,
        320,
        340,
        360,
        380,
        400,
        420,
        440,
        460,
        480,
        500,
        520,
        540,
        560,
        580,
        600,
        620,
        640,
        660,
        680,
        700,
        720,
        740,
        760,
        780,
        800,
        820,
        840,
        860,
        880,
        900,
        920,
        940,
        960,
        980,
        1000,
        1020,
        1040,
        1060,
        1080,
        1100,
        1120,
        1140,
        1160,
        1180,
        1200,
        1220,
        1240,
        1260,
        1280,
        1300,
        1320,
        1340,
        1360,
        1380,
        1400,
        1420,
        1440,
        1460,
        1480,
        1500,
        1520,
        1540,
        1560,
        1580,
        1600,
        1620,
        1640,
        1660,
        1680,
        1700,
        1720,
        1740,
        1760,
        1780,
        1800,
        1820,
        1840,
        1860,
        1880,
        1900,
        1920,
        1940,
        1960,
        1980,
        2000
    ],
    "Z_center": {
        "real": [
            0.011578127749855786,
            0.01684146791677053,
            0.02318843195854396,
            0.03080954561762119,
            0.0399023354199294,
            0.05063503451582122,
            0.0631016558610736,
            0.07728127778597405,
            0.09301792405573069,
            0.11003535619143702,
            0.1279897155879464,
            0.14654567241820965,
            0.16544949533162362,
            0.18457445627623362,
            0.20392842420094556,
            0.2236295851106588,
            0.24386463911821737,
            0.2648432313462417,
            0.28675715969784604,
            0.30974778192515606,
            0.33388223212698165,
            0.35913850598290303,
            0.3854001229344217,
            0.4124617433233687,
            0.4400469104410077,
            0.4678375756438525,
            0.4955124513206294,
            0.5227883814488444,
            0.5494570637595028,
            0.5754096309759227,
            0.6006440137584816,
            0.6252538774351638,
            0.649401883347551,
            0.6732828726836181,
            0.6970838036050908,
            0.7209470972050563,
            0.7449429735629745,
            0.769054756363784,
            0.793179074319465,
            0.817140392127084,
            0.8407166403919787,
            0.8636705719215869,
            0.8857806508072316,
            0.9068661349657866,
            0.9268031316484256,
            0.9455308526917533,
            0.9630491973175539,
            0.9794097554539941,
            0.9947024510400615,
            1.0090396763372194,
            1.022539301655753,
            1.0353077387891194,
            1.0474244940593362,
            1.0589302423684996,
            1.0698208773266862,
            1.080049588063308,
            1.0895374333620522,
            1.09819045995026,
            1.1059191423681742,
            1.1126550001493027,
            1.1183603486017135,
            1.1230298998507728,
            1.1266860365852094,
            1.1293714886115993,
            1.1311429898806287,
            1.1320675827918576,
            1.1322207859984674,
            1.1316842349346476,
            1.1305404684873102,
            1.1288642637234845,
            1.1267125936912872,
            1.1241176655157872,
            1.121088040442755,
            1.1176202492493867,
            1.1137176230773633,
            1.1094065086415932,
            1.1047366778586447,
            1.0997562983665785,
            1.0944630260025723,
            1.0887481380474786,
            1.0823636649905546,
            1.0749461129992413,
            1.0661190664006452,
            1.0556693575413134,
            1.0437547828698057,
            1.0310738618861996,
            1.0189315074942176,
            1.0091743029624993,
            1.0040219078826917,
            1.00584735302719,
            1.0169316507827721,
            1.0391344853678801,
            1.0732893862149275,
            1.117963139099684,
            1.1671365251849752,
            1.2069157749126598,
            1.2138279088289794
        ],
        "imag": [
            0.12208663365164964,
            0.15193186651962293,
            0.18184826960858064,
            0.21183433554330866,
            0.24179640709472836,
            0.2715437230901828,
            0.30080097594522864,
            0.32924552487044795,
            0.3565672146663002,
            0.3825369567697421,
            0.4070607720357381,
            0.4301972813523896,
            0.45213112230992186,
            0.47311400650621727,
            0.49339644548623085,
            0.5131711597370825,
            0.5325387768591312,
            0.5514960790682157,
            0.5699416040835795,
            0.5876927366073049,
            0.6045101243328933,
            0.6201270537810235,
            0.6342821454494693,
            0.6467531706066117,
            0.6573884102573306,
            0.6661306331939751,
            0.6730284545391374,
            0.6782312574969976,
            0.6819670116220187,
            0.6845063127228033,
            0.6861193750613684,
            0.6870342851579455,
            0.6874041656413487,
            0.6872885235079701,
            0.6866509858795901,
            0.6853727411232728,
            0.6832787045265637,
            0.6801717213256012,
            0.6758689697029475,
            0.6702343337955098,
            0.66320126113575,
            0.6547826713930426,
            0.645067428657553,
            0.6342057671038542,
            0.6223878858629593,
            0.6098202803720547,
            0.5967035437587602,
            0.5832140217378077,
            0.5694904482380136,
            0.5556258703680764,
            0.5416648755514251,
            0.5276062184727909,
            0.5134110484209705,
            0.49901659393954056,
            0.4843541017415441,
            0.46936827898797523,
            0.4540342044091181,
            0.4383675654693895,
            0.4224256357555931,
            0.4062992585060497,
            0.3900990513657591,
            0.373940662662026,
            0.35793337461627134,
            0.34217400393384023,
            0.32674521529461736,
            0.31171554895535586,
            0.29713850803238756,
            0.28304973526556404,
            0.26946361109114086,
            0.25637228163384085,
            0.24375018507915122,
            0.2315651135072532,
            0.21979307882112442,
            0.20843029760170442,
            0.19749407122886456,
            0.18700762100546467,
            0.17697229994960775,
            0.16734094188315046,
            0.15801287935343988,
            0.14886918220438355,
            0.13985389608706872,
            0.13108574873711604,
            0.12296151214813743,
            0.11619768776875462,
            0.11176389691071319,
            0.1106950978100883,
            0.11381831233458364,
            0.12146285518584554,
            0.13321409377417634,
            0.1477208198401393,
            0.16250641022502957,
            0.17370361654768587,
            0.17567237131054889,
            0.16064697500939618,
            0.1190674484122546,
            0.04223512257614124,
            -0.07043696248637935
        ]
    },
    "CPU_time": {
        "derivatives": 0.2828249931335449,
        "buildingVn": 59.972824811935425,
        "spliting_Vn": 0.0,