{
    "geometry1": "curvedcubic",
    "geometry2": "large",
    "ope": "b2p_tang_ipp",
    "lc": 0.015,
    "dimP": 2,
    "dimQ": 2,
    "N": 36,
    "f0": 1000,
    "frequencies": [
        80,
        100,
        120,
        140,
        160,
        180,
        200,
        220,
        240,
        260,
        280,
        300,
        320,
        340,
        360,
        380,
        400,
        420,
        440,
        460,
        480,
        500,
        520,
        540,
        560,
        580,
        600,
        620,
        640,
        660,
        680,
        700,
        720,
        740,
        760,
        780,
        800,
        820,
        840,
        860,
        880,
        900,
        920,
        940,
        960,
        980,
        1000,
        1020,
        1040,
        1060,
        1080,
        1100,
        1120,
        1140,
        1160,
        1180,
        1200,
        1220,
        1240,
        1260,
        1280,
        1300,
        1320,
        1340,
        1360,
        1380,
        1400,
        1420,
        1440,
        1460,
        1480,
        1500,
        1520,
        1540,
        1560,
        1580,
        1600,
        1620,
        1640,
        1660,
        1680,
        1700,
        1720,
        1740,
        1760,
        1780,
        1800,
        1820,
        1840,
        1860,
        1880,
        1900,
        1920,
        1940,
        1960,
        1980,
        2000
    ],
    "Z_center": {
        "real": [
            0.011534609304613799,
            0.01687713968697918,
            0.023237518055601175,
            0.030840043950903763,
            0.039911006088815454,
            0.05063206907076313,
            0.06309839059320405,
            0.07728403812665681,
            0.09302710573680925,
            0.1100476137740154,
            0.12800098165096002,
            0.14655330709403977,
            0.1654529211153908,
            0.18457461655002214,
            0.20392682846387644,
            0.22362755136677137,
            0.24386295760408974,
            0.2648421763233765,
            0.2867566701478198,
            0.3097476602098431,
            0.33388228251931057,
            0.35913859732008574,
            0.3854001943218892,
            0.41246178189209576,
            0.4400469249294826,
            0.46783757830182054,
            0.49551245031622226,
            0.5227883802675363,
            0.5494570631610627,
            0.5754096307845888,
            0.600644013724682,
            0.6252538774368775,
            0.6494018833507627,
            0.673282872684672,
            0.69708380360527,
            0.7209470972050688,
            0.7449429735629756,
            0.769054756363789,
            0.7931790743194711,
            0.8171403921270906,
            0.8407166403919856,
            0.8636705719215892,
            0.8857806508072334,
            0.9068661349657843,
            0.9268031316484213,
            0.9455308526917477,
            0.9630491973175513,
            0.9794097554539942,
            0.9947024510400663,
            1.0090396763372278,
            1.0225393016557671,
            1.035307738789136,
            1.047424494059355,
            1.0589302423685212,
            1.0698208773267086,
            1.0800495880633243,
            1.0895374333620682,
            1.09819045995,
            1.105919142364252,
            1.1126550001253577,
            1.1183603485510325,
            1.1230299001317734,
            1.126686039359679,
            1.1293714997227504,
            1.1311430114871335,
            1.1320675693108508,
            1.1322205415363902,
            1.131683339957498,
            1.1305385777784596,
            1.128862307548281,
            1.126714991603966,
            1.1241341509609877,
            1.1211315491741207,
            1.1176964231348414,
            1.1138042826337253,
            1.1094289091167604,
            1.104554134201517,
            1.0991824262349443,
            1.093339387415382,
            1.0870758889837782,
            1.08047052433026,
            1.0736325488777543,
            1.0667003514747437,
            1.0598267585829948,
            1.0531447062025565,
            1.0467163235772607,
            1.0404815059373127,
            1.0342318226089269,
            1.027635946637869,
            1.020330498876789,
            1.012066140806179,
            1.0028697253828858,
            0.9931631281600298,
            0.9837833175489432,
            0.9758800210927782,
            0.9707106825802279,
            0.969380754527652
        ],
        "imag": [
            0.12224891670125865,
            0.15203453780208157,
            0.18188785286153736,
            0.2118386686619043,
            0.24179253255918073,
            0.2715459281753762,
            0.3008112941059295,
            0.32925917252393744,
            0.3565782793278495,
            0.3825419864013965,
            0.4070596785919293,
            0.4301922750187365,
            0.4521249889447738,
            0.47310881716939607,
            0.49339310562795824,
            0.5131696159213092,
            0.5325384833028676,
            0.5514964124546179,
            0.5699420974355593,
            0.5876931411506534,
            0.6045103670579313,
            0.6201271598987159,
            0.6342821710311044,
            0.6467531634822391,
            0.6573883975361696,
            0.6661306246349773,
            0.6730284507532548,
            0.6782312564187729,
            0.6819670115273264,
            0.6845063128122366,
            0.6861193751193387,
            0.6870342851770769,
            0.6874041656450304,
            0.6872885235082079,
            0.6866509858795149,
            0.6853727411232554,
            0.6832787045265709,
            0.6801717213256113,
            0.6758689697029541,
            0.6702343337955144,
            0.6632012611357517,
            0.6547826713930408,
            0.6450674286575513,
            0.6342057671038542,
            0.622387885862961,
            0.6098202803720602,
            0.5967035437587687,
            0.5832140217378183,
            0.5694904482380269,
            0.5556258703680896,
            0.5416648755514347,
            0.5276062184727957,
            0.5134110484209725,
            0.4990165939395381,
            0.48435410174154103,
            0.46936827898795885,
            0.4540342044090529,
            0.4383675654689367,
            0.4224256357544618,
            0.4062992585184599,
            0.39009905150758073,
            0.3739406633311239,
            0.3579333759290579,
            0.34217400075682414,
            0.32674518258824703,
            0.31171542868972263,
            0.29713826725579173,
            0.2830496351554899,
            0.2694647426612019,
            0.2563769463640322,
            0.2437608772835295,
            0.2315804542040503,
            0.21980035758119734,
            0.20839800727413413,
            0.19737266703120496,
            0.1867491413493322,
            0.1765754240388538,
            0.16691592568980734,
            0.15784329559608357,
            0.14943105580111576,
            0.14174624808805034,
            0.1348382771577949,
            0.12872058365587466,
            0.12334746398243342,
            0.11859687355219835,
            0.11427561091590469,
            0.11016053127898644,
            0.10607713186684464,
            0.10199850783006457,
            0.09813000990189759,
            0.09493640169791914,
            0.0930772434195827,
            0.09324553358058829,
            0.09594470520927763,
            0.10126832366085534,
            0.10874646065270704,
            0.11729443279186638
        ]
    },
    "CPU_time": {
        "derivatives": 0.26612186431884766,
        "buildingVn": 57.86692404747009,
        "spliting_Vn": 0.0,
        "solvingMOR": 0.3294699192047119,