{
    "geometry1": "curvedcubic",
    "geometry2": "small",
    "ope": "b2p_tang_ipp",
    "lc": 0.015,
    "dimP": 2,
    "dimQ": 2,
    "N": 81,
    "f0": 1000,
    "frequencies": [
        80,
        100,
        120,
        140,
        160,
        180,
        200,
        220,
        240,
        260,
        280,
        300,
        320,
        340,
        360,
        380,
        400,
        420,
        440,
        460,
        480,
        500,
        520,
        540,
        560,
        580,
        600,
        620,
        640,
        660,
        680,
        700,
        720,
        740,
        760,
        780,
        800,
        820,
        840,
        860,
        880,
        900,
        920,
        940,
        960,
        980,
        1000,
        1020,
        1040,
        1060,
        1080,
        1100,
        1120,
        1140,
        1160,
        1180,
        1200,
        1220,
        1240,
        1260,
        1280,
        1300,
        1320,
        1340,
        1360,
        1380,
        1400,
        1420,
        1440,
        1460,
        1480,
        1500,
        1520,
        1540,
        1560,
        1580,
        1600,
        1620,
        1640,
        1660,
        1680,
        1700,
        1720,
        1740,
        1760,
        1780,
        1800,
        1820,
        1840,
        1860,
        1880,
        1900,
        1920,
        1940,
        1960,
        1980,
        2000
    ],
    "Z_center": {
        "real": [
            0.014893015104472251,
            0.022826244106868877,
            0.032142229821868484,
            0.04267194868796327,
            0.054255393230696496,
            0.06674978874795408,
            0.08003449623852509,
            0.09401295463591165,
            0.10861231010248983,
            0.12378146075361429,
            0.13948818031149351,
            0.15571584588097673,
            0.1724601387894293,
            0.1897259467750704,
            0.20752458560619466,
            0.22587138085240685,
            0.24478360181310968,
            0.2642787129165716,
            0.28437289662450355,
            0.30507980050544836,
            0.3264094655561371,
            0.34836740023254714,
            0.37095377317526534,
            0.3941627061818949,
            0.4179816569646448,
            0.44239088832193474,
            0.46736302635016963,
            0.4928627151655794,
            0.5188463792272882,
            0.5452621066695406,
            0.5720496681043644,
            0.5991406849883946,
            0.6264589599491318,
            0.6539209784101342,
            0.681436586534938,
            0.7089098450861491,
            0.7362400525027709,
            0.7633229236448843,
            0.7900519036369231,
            0.8163195894899488,
            0.8420192261600725,
            0.8670462388564435,
            0.8912997601381876,
            0.914684108933636,
            0.9371101792580788,
            0.9584966991240773,
            0.9787713248044583,
            0.9978715419549355,
            1.0157453527291858,
            1.0323517364477774,
            1.0476608800851273,
            1.0616541832931576,
            1.074324050415274,
            1.085673488567576,
            1.095715536094529,
            1.1044725493880152,
            1.111975378144871,
            1.1182624597108215,
            1.1233788623614993,
            1.127375305442738,
            1.1303071814815515,
            1.1322336019589874,
            1.1332164846827366,
            1.1333196968289567,
            1.1326082639506154,
            1.1311476517441417,
            1.1290031241989678,
            1.1262391790701483,
            1.1229190593398892,
            1.1191043376063956,
            1.1148545690164287,
            1.1102270074681342,
            1.1052763793063973,
            1.1000547085167716,
            1.0946111874923332,
            1.088992087694245,
            1.0832407049447315,
            1.0773973345891978,
            1.0714992723383459,
            1.0655808372006328,
            1.0596734134772563,
            1.0538055093698722,
            1.0480028302245437,
            1.0422883648792574,
            1.0366824839210087,
            1.031203048921046,
            1.0258655318918581,
            1.020683144287433,
            1.0156669748694025,
            1.0108261356855193,
            1.0061679152713712,
            1.001697937989795,
            0.9974203282145551,
            0.9933378778167902,
            0.9894522151986832,
            0.9857639739015169,
            0.982272958660632
        ],
        "imag": [
            0.1285100142950264,
            0.1590799400622701,
            0.1887550525379057,
            0.21747423325813692,
            0.24521482338885758,
            0.27198531809223053,
            0.2978170117778491,
            0.32275578280551664,
            0.34685481120617484,
            0.37016863613172024,
            0.3927486542568882,
            0.41463995949668764,
            0.4358793187137329,
            0.4564940434244749,
            0.47650152770300064,
            0.4959092559244052,
            0.5147151256273562,
            0.532907971560062,
            0.5504682123659267,
            0.5673685697432411,
            0.583574831319611,
            0.5990466437388939,
            0.6137383326516398,
            0.6275997524915338,
            0.6405771720078602,
            0.6526142022555629,
            0.6636527726579293,
            0.6736341583066258,
            0.6825000581696232,
            0.6901937196440473,
            0.6966611001832798,
            0.7018520517943636,
            0.705721509365153,
            0.7082306592946931,
            0.7093480611220185,
            0.7090506920524631,
            0.7073248827737424,
            0.7041671129825493,
            0.6995846367311681,
            0.6935959111729888,
            0.6862308074107855,
            0.6775305888038357,
            0.6675476499115255,
            0.6563450178465761,
            0.6439956266636324,
            0.6305813839842019,
            0.6161920568211559,
            0.6009240100359169,
            0.5848788356593021,
            0.568161914175612,
            0.5508809497081733,
            0.5331445198945955,
            0.5150606782874545,
            0.49673564265355247,
            0.4782725969503322,
            0.4597706284486816,
            0.4413238148592379,
            0.423020469805396,
            0.4049425488888826,
            0.38716521318672537,
            0.3697565424689122,
            0.35277738683972054,
            0.3362813429008279,
            0.3203148388843509,
            0.30491731240752634,
            0.29012146446156334,
            0.27595357381966534,
            0.2624338570785061,
            0.24957686094313347,
            0.23739187494872752,
            0.22588335449157942,
            0.21505134577047408,
            0.2048919058574631,
            0.19539751265622904,
            0.18655746087724953,
            0.178358241353721,
            0.17078390203188146,
            0.1638163897897521,
            0.15743587286848112,
            0.1516210441644089,
            0.14634940593422796,
            0.14159753662178687,
            0.13734134057161024,
            0.13355628132993475,
            0.13021759911258146,
            0.12730051283604019,
            0.12478040689556286,
            0.12263300265594503,
            0.12083451440386503,
            0.1193617893326837,
            0.11819243099648728,
            0.11730490557869011,
            0.1166786303196554,
            0.11629404349838293,
            0.11613265549892121,
            0.11617708069778991,
            0.11641105016867251
        ]
    },
    "CPU_time": {
        "derivatives": 0.05494117736816406,
        "buildingVn": 4.120633125305176,
        "spliting_Vn": 0.0,