{
    "geometry1": "curvedcubic",
    "geometry2": "large",
    "ope": "b2p_tang_ipp",
    "lc": 0.015,
    "dimP": 2,
    "dimQ": 2,
    "N": 87,
    "f0": 1000,
    "frequencies": [
        80,
        100,
        120,
        140,
        160,
        180,
        200,
        220,
        240,
        260,
        280,
        300,
        320,
        340,
        360,
        380,
        400,
        420,
        440,
        460,
        480,
        500,
        520,
        540,
        560,
        580,
        600,
        620,
        640,
        660,
        680,
        700,
        720,
        740,
        760,
        780,
        800,
        820,
        840,
        860,
        880,
        900,
        920,
        940,
        960,
        980,
        1000,
        1020,
        1040,
        1060,
        1080,
        1100,
        1120,
        1140,
        1160,
        1180,
        1200,
        1220,
        1240,
        1260,
        1280,
        1300,
        1320,
        1340,
        1360,
        1380,
        1400,
        1420,
        1440,
        1460,
        1480,
        1500,
        1520,
        1540,
        1560,
        1580,
        1600,
        1620,
        1640,
        1660,
        1680,
        1700,
        1720,
        1740,
        1760,
        1780,
        1800,
        1820,
        1840,
        1860,
        1880,
        1900,
        1920,
        1940,
        1960,
        1980,
        2000
    ],
    "Z_center": {
        "real": [
            0.011533337134939672,
            0.016879470620347184,
            0.02324029464753322,
            0.03084190736750567,
            0.03991183582876683,
            0.050632242933843906,
            0.06309830941131715,
            0.07728393784064388,
            0.09302705884308404,
            0.11004760641793013,
            0.12800098397920137,
            0.14655330448503517,
            0.16545291395532188,
            0.1845746097797031,
            0.20392682481032473,
            0.22362755053414135,
            0.24386295810297853,
            0.2648421769878049,
            0.28675667053362763,
            0.3097476603340658,
            0.3338822825226658,
            0.35913859729920883,
            0.3854001943092881,
            0.41246178188837906,
            0.44004692492921277,
            0.46783757830208744,
            0.4955124503163453,
            0.5227883802675655,
            0.549457063161067,
            0.5754096307845827,
            0.6006440137246845,
            0.6252538774368814,
            0.6494018833507688,
            0.6732828726846768,
            0.697083803605279,
            0.7209470972050753,
            0.744942973562982,
            0.7690547563637947,
            0.7931790743194772,
            0.8171403921270878,
            0.8407166403919849,
            0.8636705719215859,
            0.8857806508072297,
            0.9068661349657771,
            0.9268031316484143,
            0.9455308526917396,
            0.9630491973175407,
            0.979409755453983,
            0.9947024510400447,
            1.0090396763372103,
            1.0225393016557538,
            1.0353077387891172,
            1.0474244940593345,
            1.0589302423684885,
            1.0698208773267082,
            1.080049588063301,
            1.0895374333620738,
            1.09819045995003,
            1.1059191423642691,
            1.112655000125389,
            1.1183603485510525,
            1.1230299001317663,
            1.1266860393596425,
            1.1293714997229438,
            1.131143011488574,
            1.132067569313229,
            1.1322205415090214,
            1.1316833397498944,
            1.1305385772093846,
            1.1288623079689797,
            1.1267150008555202,
            1.1241341866562375,
            1.1211316106343725,
            1.1176963771718522,
            1.113803670039762,
            1.1094269440134545,
            1.1045505567426228,
            1.0991798428208175,
            1.093346500904212,
            1.0871085103656581,
            1.0805451502926158,
            1.073748651864193,
            1.0668143779715185,
            1.0598312643652608,
            1.0528738299608718,
            1.0459966258166156,
            1.0392316535414743,
            1.032589001080021,
            1.0260606232223763,
            1.0196267986175382,
            1.0132643694753058,
            1.0069555009252003,
            1.0006954752264898,
            0.9944980539099946,
            0.9883972811182643,
            0.982445277659714,
            0.9767064601475441
        ],
        "imag": [
            0.12225681209324252,
            0.15203911201680956,
            0.18188935643812457,
            0.21183849523277842,
            0.24179186512846923,
            0.2715453798182616,
            0.3008110166818844,
            0.3292590901254025,
            0.3565782753202161,
            0.3825419903203662,
            0.4070596722141903,
            0.43019226496053714,
            0.45212498308003835,
            0.4731088168511867,
            0.4933931081219776,
            0.5131696184426461,
            0.5325384847042496,
            0.5514964128694617,
            0.5699420973875001,
            0.5876931410177654,
            0.6045103669779086,
            0.6201271598730927,
            0.6342821710292732,
            0.6467531634848677,
            0.6573883975376575,
            0.6661306246353491,
            0.6730284507532731,
            0.6782312564187531,
            0.6819670115273168,
            0.6845063128122316,
            0.6861193751193363,
            0.6870342851770833,
            0.6874041656450288,
            0.6872885235082051,
            0.6866509858795028,
            0.6853727411232542,
            0.6832787045265661,
            0.6801717213255992,
            0.6758689697029416,
            0.6702343337955028,
            0.6632012611357411,
            0.6547826713930318,
            0.6450674286575394,
            0.6342057671038472,
            0.622387885862953,
            0.6098202803720526,
            0.5967035437587611,
            0.5832140217378106,
            0.569490448238022,
            0.5556258703680826,
            0.5416648755514424,
            0.527606218472798,
            0.5134110484210022,
            0.49901659393954895,
            0.4843541017415552,
            0.469368278987969,
            0.4540342044090801,
            0.4383675654689476,
            0.42242563575446135,
            0.4062992585184956,
            0.3900990515075685,
            0.37394066333112747,
            0.35793337592907476,
            0.3421740007569959,
            0.3267451825877131,
            0.31171542868110724,
            0.2971382672194177,
            0.2830496351495929,
            0.26946474330563586,
            0.25637694958665264,
            0.24376088377387545,
            0.23158044724594515,
            0.21980026773229364,
            0.20839770637583427,
            0.19737215596199004,
            0.18674914246684035,
            0.17657824875658942,
            0.16692555760677344,
            0.15786263713719,
            0.14945471644015199,
            0.14175053482245528,
            0.13477558165440606,
            0.12852944414102463,
            0.12298711590668575,
            0.11810358468189724,
            0.11382078231541494,
            0.11007588889786579,
            0.10680990968873948,
            0.10397537950791845,
            0.10154206953661428,
            0.09949975188692714,
            0.09785744537259916,
            0.09663910480295713,
            0.09587637088657586,
            0.09559965214872916,
            0.09582927366228894,
            0.09656849610565486
        ]
    },
    "CPU_time": {
        "derivatives": 0.2828691005706787,
        "buildingVn": 74.25512909889221,
        "spliting_Vn": 0.0,