{
    "geometry1": "curvedcubic",
    "geometry2": "small",
    "ope": "b2p_tang_ipp",
    "lc": 0.015,
    "dimP": 2,
    "dimQ": 2,
    "N": 3,
    "f0": 1000,
    "frequencies": [
        80,
        100,
        120,
        140,
        160,
        180,
        200,
        220,
        240,
        260,
        280,
        300,
        320,
        340,
        360,
        380,
        400,
        420,
        440,
        460,
        480,
        500,
        520,
        540,
        560,
        580,
        600,
        620,
        640,
        660,
        680,
        700,
        720,
        740,
        760,
        780,
        800,
        820,
        840,
        860,
        880,
        900,
        920,
        940,
        960,
        980,
        1000,
        1020,
        1040,
        1060,
        1080,
        1100,
        1120,
        1140,
        1160,
        1180,
        1200,
        1220,
        1240,
        1260,
        1280,
        1300,
        1320,
        1340,
        1360,
        1380,
        1400,
        1420,
        1440,
        1460,
        1480,
        1500,
        1520,
        1540,
        1560,
        1580,
        1600,
        1620,
        1640,
        1660,
        1680,
        1700,
        1720,
        1740,
        1760,
        1780,
        1800,
        1820,
        1840,
        1860,
        1880,
        1900,
        1920,
        1940,
        1960,
        1980,
        2000
    ],
    "Z_center": {
        "real": [
            0.006445301575610862,
            0.008950726202348123,
            0.011738145969543607,
            0.014778746653546039,
            0.018050663735308288,
            0.021538864193045168,
            0.02523476476385688,
            0.029135787938747514,
            0.03324496317715031,
            0.03757062516065644,
            0.042126231891784834,
            0.046930312872459266,
            0.05200655435553123,
            0.05738403048197724,
            0.06309759376186723,
            0.06918844487462855,
            0.07570490993630818,
            0.08270346337446363,
            0.09025004667482325,
            0.09842174775832141,
            0.10730892249652323,
            0.11701785791333923,
            0.12767409324661752,
            0.13942652421527812,
            0.15245240543275934,
            0.16696331319733762,
            0.18321199559649717,
            0.20149975160279524,
            0.22218344066714446,
            0.24568028227587374,
            0.27246709220159127,
            0.30306841271146884,
            0.33802530175744244,
            0.37783422934001376,
            0.4228457722365902,
            0.4731194611092311,
            0.5282487252580161,
            0.5871994125383226,
            0.6482370446355592,
            0.7090269076036276,
            0.766948853330021,
            0.8195748618012203,
            0.8651627985617762,
            0.9029975327356256,
            0.933485546070033,
            0.9580271782951864,
            0.9787713248043407,
            0.9983652209016897,
            1.0197667941116655,
            1.04612266709877,
            1.080639035712421,
            1.1262492363413656,
            1.1846219351003937,
            1.2535485247083347,
            1.3212456389561413,
            1.3579048529128297,
            1.315326071711289,
            1.1591429365203734,
            0.9191271498671686,
            0.6730764421366325,
            0.4759069391541658,
            0.33753005029618266,
            0.2457238391447907,
            0.18553242480370577,
            0.14560795240281427,
            0.11849920893215814,
            0.09954914191212466,
            0.08587848098045059,
            0.0756958459680178,
            0.06787091630264576,
            0.061677931295690616,
            0.05664207375459602,
            0.05244671940773209,
            0.04887668230988255,
            0.045782941583644286,
            0.04306036017893371,
            0.04063338159950306,
            0.03844670327175004,
            0.036459103050107605,
            0.0346392938502989,
            0.032963101738093616,
            0.031411519560613325,
            0.029969347384233656,
            0.02862423111016547,
            0.027365974468435268,
            0.026186040826294412,
            0.025077188219087207,
            0.024033198862862756,
            0.02304867635510982,
            0.022118891850512426,
            0.021239666018909115,
            0.020407277399925292,
            0.01961839041851047,
            0.018869998185801512,
            0.01815937652654992,
            0.017484046613984082,
            0.016841744268704422
        ],
        "imag": [
            0.015069760224691921,
            0.018799916571598404,
            0.02250180510766571,
            0.026190315713676224,
            0.029888210668716244,
            0.03362429934929146,
            0.03743224248248658,
            0.04134986481251542,
            0.04541886104770177,
            0.04968480453086273,
            0.05419739475006545,
            0.059010902063581165,
            0.06418478431394747,
            0.06978446076925097,
            0.07588223487247013,
            0.08255835911348208,
            0.08990223287088792,
            0.09801371645114455,
            0.10700453001419646,
            0.1169996817031335,
            0.1281388306803413,
            0.1405774315417042,
            0.15448741785318348,
            0.17005705246992261,
            0.18748938600070833,
            0.2069985057249232,
            0.22880241162164938,
            0.25311092367331817,
            0.2801065416947954,
            0.30991576268291565,
            0.3425682825554398,
            0.37794229758546094,
            0.41569665243403886,
            0.45519602344095084,
            0.49544462217711666,
            0.5350563713268859,
            0.572300430413013,
            0.6052596678409123,
            0.632112414853688,
            0.6514901267624164,
            0.6627977943811793,
            0.6663597728739674,
            0.6633104401707692,
            0.655265114996103,
            0.6439024765082503,
            0.6305996342603887,
            0.6161920568199052,
            0.6008414589853771,
            0.5839331440703914,
            0.5638963199951427,
            0.5378268162181182,
            0.5007810484727583,
            0.4446581514911694,
            0.35696240519682104,
            0.2212429987927407,
            0.024721349564082076,
            -0.219709792745995,
            -0.45167485121155504,
            -0.5941151516972293,
            -0.6242201049218985,
            -0.5785589847520134,
            -0.5024725743962428,
            -0.42330015698409257,
            -0.35226286458166467,
            -0.29220439539034987,
            -0.24262193445027183,
            -0.20199736129693374,
            -0.16870819095614384,
            -0.14132656402874885,
            -0.11868169883250046,
            -0.09984094664842118,
            -0.08406927604533525,
            -0.07078848241732304,
            -0.059542516334036434,
            -0.04996987617899459,
            -0.041782241360030135,
            -0.03474812821273304,
            -0.028680428203224327,
            -0.023426893082800052,
            -0.018862841307914626,
            -0.014885536998485818,
            -0.011409831237844744,
            -0.008364760247144706,
            -0.005690872843175292,
            -0.00333811709276186,
            -0.0012641584704501376,
            0.0005669668703933556,
            0.0021859369066343838,
            0.0036190225581356375,
            0.004888803500191725,
            0.006014754238149533,
            0.007013726334113208,
            0.007900347057303626,
            0.0086873504222933,
            0.009385853257430623,
            0.01000558636895574,
            0.010555088856167618
        ]
    },