{
    "geometry1": "curvedcubic",
    "geometry2": "large",
    "ope": "b2p_tang_ipp",
    "lc": 0.015,
    "dimP": 2,
    "dimQ": 2,
    "N": 22,
    "f0": 1000,
    "frequencies": [
        80,
        100,
        120,
        140,
        160,
        180,
        200,
        220,
        240,
        260,
        280,
        300,
        320,
        340,
        360,
        380,
        400,
        420,
        440,
        460,
        480,
        500,
        520,
        540,
        560,
        580,
        600,
        620,
        640,
        660,
        680,
        700,
        720,
        740,
        760,
        780,
        800,
        820,
        840,
        860,
        880,
        900,
        920,
        940,
        960,
        980,
        1000,
        1020,
        1040,
        1060,
        1080,
        1100,
        1120,
        1140,
        1160,
        1180,
        1200,
        1220,
        1240,
        1260,
        1280,
        1300,
        1320,
        1340,
        1360,
        1380,
        1400,
        1420,
        1440,
        1460,
        1480,
        1500,
        1520,
        1540,
        1560,
        1580,
        1600,
        1620,
        1640,
        1660,
        1680,
        1700,
        1720,
        1740,
        1760,
        1780,
        1800,
        1820,
        1840,
        1860,
        1880,
        1900,
        1920,
        1940,
        1960,
        1980,
        2000
    ],
    "Z_center": {
        "real": [
            0.011554048707865684,
            0.0168646841881732,
            0.02324358800532994,
            0.030871589767983747,
            0.03995123929586527,
            0.05065960334188437,
            0.06309872267667224,
            0.07725391885796618,
            0.09297363951744037,
            0.10998400366217742,
            0.1279410805481335,
            0.1465071512407884,
            0.1654246751859727,
            0.1845630568271119,
            0.2039274062518455,
            0.22363476317263406,
            0.24387211207427162,
            0.2648502368527931,
            0.2867622994950232,
            0.30975078878786527,
            0.333883524155184,
            0.3591387425655568,
            0.3853998934097301,
            0.41246142709958095,
            0.4400466758573605,
            0.46783745073235067,
            0.4955124035938607,
            0.5227883712657712,
            0.5494570655846271,
            0.5754096339687188,
            0.6006440153758268,
            0.6252538779924637,
            0.6494018834703674,
            0.6732828726944186,
            0.6970838036017153,
            0.7209470972034417,
            0.7449429735626373,
            0.7690547563637334,
            0.7931790743194481,
            0.8171403921270702,
            0.8407166403919657,
            0.8636705719215743,
            0.885780650807221,
            0.9068661349657821,
            0.9268031316484238,
            0.9455308526917574,
            0.9630491973175638,
            0.9794097554540078,
            0.994702451040081,
            1.009039676337238,
            1.0225393016557696,
            1.035307738789136,
            1.0474244940593478,
            1.0589302423685065,
            1.0698208773266629,
            1.0800495880629455,
            1.0895374333593895,
            1.098190459945027,
            1.1059191424429125,
            1.112655000933885,
            1.1183603524174361,
            1.1230299098020216,
            1.126686039362347,
            1.1293713910304264,
            1.1311425039412817,
            1.1320662116690212,
            1.13221838368794,
            1.1316828274076716,
            1.1305474673589029,
            1.1288952336025089,
            1.1267886808944847,
            1.1242506965250003,
            1.1212484641595415,
            1.1176921876840455,
            1.1134606571315109,
            1.1084596594036369,
            1.1027062307658004,
            1.0964157008367785,
            1.0900567919084956,
            1.0843398132912996,
            1.0801155337984436,
            1.0781809038122843,
            1.0790029569127266,
            1.0823822555947367,
            1.0870957190267627,
            1.0906099896133368,
            1.0890509033353928,
            1.0776968107503457,
            1.0521717957803824,
            1.0100886136168525,
            0.9523097649448135,
            0.8829115262490171,
            0.8077407555123801,
            0.7324484921374825,
            0.6610314001711639,
            0.5952285941478563,
            0.5344153521310371
        ],
        "imag": [
            0.12209047970856814,
            0.15194998902556434,
            0.18184621825222366,
            0.21180101784783614,
            0.24173657671458157,
            0.27146920297714683,
            0.30072507276431376,
            0.32917999251155267,
            0.3565203999764316,
            0.38251258606191474,
            0.4070576303550543,
            0.43021013360341204,
            0.45215269188616275,
            0.47313724585100114,
            0.4934162352451841,
            0.5131849787547615,
            0.5325464210300324,
            0.5514988348292105,
            0.5699413238904434,
            0.5876911253179342,
            0.604508360911768,
            0.6201257240037222,
            0.6342813771409007,
            0.6467528424711163,
            0.6573883332621846,
            0.6661306558486707,
            0.6730284935595241,
            0.6782312837105519,
            0.6819670234608062,
            0.6845063163876132,
            0.6861193756441283,
            0.6870342850433377,
            0.6874041655245424,
            0.6872885234645061,
            0.6866509858698455,
            0.6853727411220438,
            0.6832787045265438,
            0.6801717213256259,
            0.675868969702954,
            0.6702343337955161,
            0.6632012611357584,
            0.6547826713930539,
            0.645067428657565,
            0.6342057671038707,
            0.6223878858629766,
            0.6098202803720718,
            0.5967035437587769,
            0.5832140217378207,
            0.5694904482380215,
            0.555625870368078,
            0.5416648755514216,
            0.5276062184727784,
            0.5134110484209503,
            0.49901659393952014,
            0.4843541017415061,
            0.4693682789879597,
            0.4540342044112915,
            0.43836756549508743,
            0.4224256359015135,
            0.4062992588661252,
            0.3900990504753217,
            0.3739406506252355,
            0.35793331918127075,
            0.3421738549038111,
            0.32674502498432906,
            0.31171587240269716,
            0.29714109816718937,
            0.2830579043418289,
            0.2694805407828409,
            0.25639490188536274,
            0.24375762837608014,
            0.23150548046446165,
            0.21957962173538348,
            0.20796438445188697,
            0.1967313520491538,
            0.18607022294816464,
            0.1762830916763924,
            0.167723469733113,
            0.1606768408842685,
            0.1552008953448192,
            0.15096148029931003,
            0.14710773597581148,
            0.14222902122966638,
            0.13443777782131527,
            0.12163456391021549,
            0.10202161535833525,
            0.07489080420781839,
            0.04154910272998018,
            0.005957543555733067,
            -0.02552652439778952,
            -0.04559353828823108,
            -0.048040603751766026,
            -0.029252048451394473,
            0.01169705064148161,
            0.07411407703560324,
            0.15718743977425773,
            0.2613639633746768
        ]
    },
    "CPU_time": {
        "derivatives": 0.29345202445983887,
        "buildingVn": 54.902194023132324,
        "spliting_Vn": 0.0,