{
    "geometry1": "curvedcubic",
    "geometry2": "small",
    "ope": "b2p_tang_ipp",
    "lc": 0.015,
    "dimP": 2,
    "dimQ": 2,
    "N": 57,
    "f0": 1000,
    "frequencies": [
        80,
        100,
        120,
        140,
        160,
        180,
        200,
        220,
        240,
        260,
        280,
        300,
        320,
        340,
        360,
        380,
        400,
        420,
        440,
        460,
        480,
        500,
        520,
        540,
        560,
        580,
        600,
        620,
        640,
        660,
        680,
        700,
        720,
        740,
        760,
        780,
        800,
        820,
        840,
        860,
        880,
        900,
        920,
        940,
        960,
        980,
        1000,
        1020,
        1040,
        1060,
        1080,
        1100,
        1120,
        1140,
        1160,
        1180,
        1200,
        1220,
        1240,
        1260,
        1280,
        1300,
        1320,
        1340,
        1360,
        1380,
        1400,
        1420,
        1440,
        1460,
        1480,
        1500,
        1520,
        1540,
        1560,
        1580,
        1600,
        1620,
        1640,
        1660,
        1680,
        1700,
        1720,
        1740,
        1760,
        1780,
        1800,
        1820,
        1840,
        1860,
        1880,
        1900,
        1920,
        1940,
        1960,
        1980,
        2000
    ],
    "Z_center": {
        "real": [
            0.014893015104383574,
            0.02282624410675653,
            0.032142229821736965,
            0.04267194868785741,
            0.05425539323055574,
            0.06674978874781486,
            0.08003449623842794,
            0.09401295463583242,
            0.10861231010236787,
            0.12378146075358196,
            0.1394881803114578,
            0.15571584588094772,
            0.17246013878940034,
            0.18972594677509,
            0.20752458560618697,
            0.22587138085238453,
            0.24478360181314374,
            0.2642787129165576,
            0.2843728966245192,
            0.3050798005055438,
            0.32640946555606637,
            0.34836740023239543,
            0.37095377317526207,
            0.39416270618198096,
            0.41798165696480516,
            0.44239088832189505,
            0.46736302634967936,
            0.49286271516564245,
            0.518846379227275,
            0.5452621066693493,
            0.5720496681042033,
            0.5991406849882774,
            0.626458959949047,
            0.6539209784100377,
            0.6814365865347365,
            0.7089098450859501,
            0.7362400525026345,
            0.7633229236446962,
            0.7900519036367397,
            0.8163195894898635,
            0.8420192261599764,
            0.8670462388563214,
            0.8912997601380869,
            0.914684108933543,
            0.9371101792580135,
            0.9584966991240077,
            0.9787713248044028,
            0.9978715419549008,
            1.0157453527291675,
            1.0323517364477932,
            1.0476608800851817,
            1.0616541832932131,
            1.0743240504153713,
            1.0856734885676753,
            1.095715536094718,
            1.1044725493882184,
            1.111975378145131,
            1.118262459711111,
            1.1233788623617158,
            1.1273753054430347,
            1.130307181481794,
            1.1322336019592003,
            1.1332164846830801,
            1.1333196968292096,
            1.1326082639508448,
            1.1311476517437062,
            1.1290031241990335,
            1.126239179070529,
            1.1229190593400804,
            1.1191043376065148,
            1.114854569016342,
            1.110227007468185,
            1.1052763793064433,
            1.100054708516817,
            1.0946111874919993,
            1.0889920876939645,
            1.0832407049447046,
            1.0773973345888443,
            1.071499272338338,
            1.065580837200501,
            1.0596734134773234,
            1.0538055093697567,
            1.0480028302243365,
            1.042288364879292,
            1.036682483920964,
            1.0312030489209862,
            1.02586553189197,
            1.0206831442876745,
            1.0156669748695184,
            1.0108261356856187,
            1.0061679152714567,
            1.0016979379901185,
            0.9974203282148209,
            0.9933378778171498,
            0.9894522151992513,
            0.9857639739020363,
            0.982272958661189
        ],
        "imag": [
            0.12851001429500183,
            0.15907994006226023,
            0.1887550525379151,
            0.21747423325817045,
            0.24521482338891115,
            0.271985318092273,
            0.2978170117779633,
            0.3227557828056128,
            0.3468548112063066,
            0.3701686361318387,
            0.3927486542570319,
            0.4146399594968112,
            0.4358793187138316,
            0.4564940434245721,
            0.47650152770307097,
            0.49590925592448665,
            0.5147151256274158,
            0.5329079715601142,
            0.5504682123659332,
            0.5673685697432216,
            0.583574831319646,
            0.5990466437388733,
            0.6137383326517903,
            0.6275997524916163,
            0.6405771720079325,
            0.6526142022554718,
            0.6636527726578259,
            0.6736341583066608,
            0.682500058169491,
            0.6901937196439812,
            0.6966611001832034,
            0.7018520517944847,
            0.7057215093652514,
            0.7082306592947083,
            0.7093480611222386,
            0.7090506920525559,
            0.7073248827740113,
            0.7041671129827418,
            0.6995846367313843,
            0.693595911173203,
            0.6862308074110214,
            0.6775305888040991,
            0.6675476499118029,
            0.656345017846872,
            0.6439956266639272,
            0.6305813839845673,
            0.6161920568215061,
            0.6009240100362735,
            0.5848788356596746,
            0.5681619141760134,
            0.5508809497085811,
            0.5331445198949865,
            0.5150606782878837,
            0.49673564265394754,
            0.47827259695072255,
            0.45977062844904526,
            0.44132381485961497,
            0.4230204698057905,
            0.40494254888919307,
            0.3871652131870134,
            0.3697565424692319,
            0.3527773868399787,
            0.33628134290110606,
            0.3203148388844967,
            0.3049173124073624,
            0.2901214644617422,
            0.27595357381998936,
            0.2624338570784658,
            0.24957686094340614,
            0.23739187494882077,
            0.22588335449157668,
            0.21505134577059637,
            0.20489190585755157,
            0.1953975126563247,
            0.18655746087745667,
            0.178358241354014,
            0.17078390203228042,
            0.16381638979012675,
            0.15743587286871094,
            0.15162104416496583,
            0.14634940593463702,
            0.14159753662228702,
            0.1373413405722566,
            0.13355628133083508,
            0.13021759911328615,
            0.12730051283683594,
            0.12478040689651063,
            0.12263300265696232,
            0.12083451440469252,
            0.11936178933341285,
            0.11819243099714259,
            0.1173049055795629,
            0.11667863032061333,
            0.11629404349917193,
            0.1161326554998346,
            0.11617708069861872,
            0.11641105016957468
        ]
    },
    "CPU_time": {
        "derivatives": 0.05303668975830078,
        "buildingVn": 3.2334649562835693,
        "spliting_Vn": 0.0,
        "solvingMOR": 0.13204193115234375,