{
    "geometry1": "curvedcubic",
    "geometry2": "large",
    "ope": "b2p_tang_ipp",
    "lc": 0.015,
    "dimP": 2,
    "dimQ": 2,
    "N": 88,
    "f0": 1000,
    "frequencies": [
        80,
        100,
        120,
        140,
        160,
        180,
        200,
        220,
        240,
        260,
        280,
        300,
        320,
        340,
        360,
        380,
        400,
        420,
        440,
        460,
        480,
        500,
        520,
        540,
        560,
        580,
        600,
        620,
        640,
        660,
        680,
        700,
        720,
        740,
        760,
        780,
        800,
        820,
        840,
        860,
        880,
        900,
        920,
        940,
        960,
        980,
        1000,
        1020,
        1040,
        1060,
        1080,
        1100,
        1120,
        1140,
        1160,
        1180,
        1200,
        1220,
        1240,
        1260,
        1280,
        1300,
        1320,
        1340,
        1360,
        1380,
        1400,
        1420,
        1440,
        1460,
        1480,
        1500,
        1520,
        1540,
        1560,
        1580,
        1600,
        1620,
        1640,
        1660,
        1680,
        1700,
        1720,
        1740,
        1760,
        1780,
        1800,
        1820,
        1840,
        1860,
        1880,
        1900,
        1920,
        1940,
        1960,
        1980,
        2000
    ],
    "Z_center": {
        "real": [
            0.01153333713493675,
            0.016879470620347226,
            0.023240294647533032,
            0.030841907367507217,
            0.0399118358287696,
            0.050632242933842914,
            0.06309830941132223,
            0.07728393784065188,
            0.09302705884308614,
            0.11004760641792344,
            0.12800098397919682,
            0.14655330448503073,
            0.16545291395531175,
            0.1845746097796945,
            0.20392682481032023,
            0.2236275505341362,
            0.24386295810298136,
            0.2648421769878073,
            0.28675667053363074,
            0.3097476603340696,
            0.3338822825226684,
            0.3591385972992141,
            0.3854001943092898,
            0.41246178188837157,
            0.44004692492921993,
            0.4678375783020841,
            0.49551245031633384,
            0.5227883802675691,
            0.5494570631610649,
            0.5754096307845932,
            0.6006440137246897,
            0.6252538774368761,
            0.649401883350762,
            0.6732828726846719,
            0.6970838036052786,
            0.7209470972050696,
            0.7449429735629824,
            0.7690547563637893,
            0.7931790743194748,
            0.8171403921270907,
            0.8407166403919829,
            0.8636705719215929,
            0.8857806508072403,
            0.9068661349657907,
            0.9268031316484274,
            0.9455308526917471,
            0.9630491973175449,
            0.9794097554539811,
            0.9947024510400425,
            1.0090396763371883,
            1.02253930165573,
            1.0353077387890948,
            1.04742449405932,
            1.0589302423684865,
            1.0698208773266673,
            1.0800495880633132,
            1.0895374333620909,
            1.0981904599500267,
            1.105919142364273,
            1.1126550001253934,
            1.1183603485510727,
            1.123029900131818,
            1.1266860393596807,
            1.1293714997229511,
            1.1311430114885823,
            1.1320675693132536,
            1.132220541509052,
            1.131683339749901,
            1.1305385772094212,
            1.128862307968979,
            1.1267150008554874,
            1.1241341866562173,
            1.1211316106343676,
            1.1176963771718633,
            1.113803670039738,
            1.1094269440134252,
            1.1045505567427063,
            1.0991798428208912,
            1.09334650090422,
            1.0871085103657063,
            1.080545150292616,
            1.0737486518642128,
            1.066814377971644,
            1.0598312643652694,
            1.0528738299609912,
            1.0459966258166338,
            1.0392316535415622,
            1.0325890010799985,
            1.0260606232219553,
            1.0196267986167369,
            1.0132643694768484,
            1.0069555009320847,
            1.0006954752167043,
            0.9944980538497404,
            0.9883972811270694,
            0.9824452780342471,
            0.9767064605365481
        ],
        "imag": [
            0.1222568120932444,
            0.1520391120168126,
            0.18188935643812637,
            0.21183849523278248,
            0.24179186512846657,
            0.27154537981826166,
            0.30081101668187915,
            0.32925909012539895,
            0.35657827532020625,
            0.38254199032035907,
            0.40705967221417577,
            0.4301922649605284,
            0.45212498308004145,
            0.47310881685117967,
            0.49339310812197623,
            0.5131696184426595,
            0.5325384847042565,
            0.5514964128694646,
            0.569942097387499,
            0.5876931410177573,
            0.6045103669779145,
            0.620127159873085,
            0.6342821710292657,
            0.6467531634848553,
            0.6573883975376533,
            0.6661306246353454,
            0.6730284507532702,
            0.6782312564187517,
            0.6819670115273072,
            0.6845063128122414,
            0.6861193751193401,
            0.6870342851770974,
            0.6874041656450385,
            0.6872885235082099,
            0.6866509858795161,
            0.6853727411232496,
            0.6832787045265675,
            0.6801717213256073,
            0.6758689697029533,
            0.670234333795508,
            0.6632012611357487,
            0.6547826713930333,
            0.6450674286575481,
            0.6342057671038447,
            0.6223878858629478,
            0.6098202803720424,
            0.5967035437587445,
            0.583214021737794,
            0.5694904482380045,
            0.5556258703680722,
            0.541664875551426,
            0.5276062184727962,
            0.5134110484209854,
            0.49901659393956793,
            0.48435410174156984,
            0.4693682789880144,
            0.45403420440910514,
            0.4383675654689582,
            0.42242563575447206,
            0.40629925851848436,
            0.39009905150756485,
            0.3739406633310993,
            0.35793337592908453,
            0.3421740007569381,
            0.3267451825876856,
            0.3117154286811326,
            0.2971382672194118,
            0.2830496351495716,
            0.2694647433056066,
            0.2563769495866201,
            0.2437608837738657,
            0.23158044724598936,
            0.21980026773232772,
            0.20839770637585658,
            0.19737215596198057,
            0.18674914246687283,
            0.17657824875665806,
            0.16692555760674704,
            0.15786263713723112,
            0.14945471644016042,
            0.14175053482234537,
            0.134775581654373,
            0.12852944414085893,
            0.12298711590665033,
            0.11810358468182844,
            0.11382078231536413,
            0.11007588889785377,
            0.1068099096885305,
            0.10397537950750566,
            0.1015420695370804,
            0.09949975188925388,
            0.09785744536790653,
            0.09663910478182527,
            0.09587637090297023,
            0.0955996523063632,
            0.09582927373240938,
            0.09656849531557629
        ]
    },
    "CPU_time": {
        "derivatives": 0.2827317714691162,
        "buildingVn": 74.14058017730713,
        "spliting_Vn": 0.0,