{
    "geometry1": "curvedcubic",
    "geometry2": "small",
    "ope": "b2p_tang_ipp",
    "lc": 0.015,
    "dimP": 2,
    "dimQ": 2,
    "N": 19,
    "f0": 1000,
    "frequencies": [
        80,
        100,
        120,
        140,
        160,
        180,
        200,
        220,
        240,
        260,
        280,
        300,
        320,
        340,
        360,
        380,
        400,
        420,
        440,
        460,
        480,
        500,
        520,
        540,
        560,
        580,
        600,
        620,
        640,
        660,
        680,
        700,
        720,
        740,
        760,
        780,
        800,
        820,
        840,
        860,
        880,
        900,
        920,
        940,
        960,
        980,
        1000,
        1020,
        1040,
        1060,
        1080,
        1100,
        1120,
        1140,
        1160,
        1180,
        1200,
        1220,
        1240,
        1260,
        1280,
        1300,
        1320,
        1340,
        1360,
        1380,
        1400,
        1420,
        1440,
        1460,
        1480,
        1500,
        1520,
        1540,
        1560,
        1580,
        1600,
        1620,
        1640,
        1660,
        1680,
        1700,
        1720,
        1740,
        1760,
        1780,
        1800,
        1820,
        1840,
        1860,
        1880,
        1900,
        1920,
        1940,
        1960,
        1980,
        2000
    ],
    "Z_center": {
        "real": [
            0.014893015049816638,
            0.022826244123852917,
            0.03214222988652536,
            0.042671948773979465,
            0.054255393317225425,
            0.06674978882241568,
            0.08003449629580574,
            0.09401295467607579,
            0.10861231012837623,
            0.12378146076906393,
            0.13948818031995666,
            0.15571584588522103,
            0.17246013879131575,
            0.18972594677579804,
            0.20752458560641057,
            0.2258713808524063,
            0.24478360181315095,
            0.264278712916572,
            0.2843728966245592,
            0.3050798005055225,
            0.3264094655561619,
            0.34836740023245044,
            0.3709537731753542,
            0.39416270618203914,
            0.4179816569648848,
            0.4423908883220177,
            0.4673630263497833,
            0.4928627151657558,
            0.5188463792273746,
            0.5452621066694563,
            0.572049668104341,
            0.5991406849883992,
            0.6264589599491919,
            0.6539209784101724,
            0.6814365865349085,
            0.708909845086133,
            0.7362400525027875,
            0.7633229236448379,
            0.7900519036368759,
            0.816319589489967,
            0.8420192261600994,
            0.8670462388564432,
            0.8912997601382261,
            0.9146841089336921,
            0.9371101792581733,
            0.9584966991241699,
            0.9787713248045325,
            0.9978715419550425,
            1.0157453527293159,
            1.0323517364479238,
            1.047660880085295,
            1.0616541832933373,
            1.074324050415474,
            1.0856734885677972,
            1.095715536094794,
            1.10447254938828,
            1.1119753781451909,
            1.1182624597110922,
            1.1233788623617111,
            1.1273753054430589,
            1.1303071814818182,
            1.132233601959182,
            1.1332164846830421,
            1.1333196968290418,
            1.132608263950806,
            1.131147651743665,
            1.1290031241989147,
            1.1262391790704827,
            1.1229190593399783,
            1.1191043376062857,
            1.114854569015988,
            1.1102270074679967,
            1.1052763793060552,
            1.1000547085163337,
            1.094611187491372,
            1.0889920876929102,
            1.083240704942963,
            1.0773973345856545,
            1.0714992723331291,
            1.0655808371914681,
            1.0596734134624604,
            1.0538055093458192,
            1.0480028301872932,
            1.04228836482285,
            1.0366824838384732,
            1.0312030488052988,
            1.025865531737948,
            1.0206831440953754,
            1.0156669746535647,
            1.0108261354866666,
            1.00616791517688,
            1.001697938167193,
            0.9974203289574973,
            0.993337879618505,
            0.9894522188495292,
            0.9857639806292776,
            0.9822729703148616
        ],
        "imag": [
            0.1285100146446368,
            0.15907994036465456,
            0.18875505277198923,
            0.21747423342173655,
            0.2452148234918518,
            0.2719853181497132,
            0.29781701180511133,
            0.32275578281497236,
            0.3468548112066937,
            0.3701686361287507,
            0.3927486542533335,
            0.41463995949374965,
            0.43587931871172686,
            0.45649404342331357,
            0.47650152770240606,
            0.49590925592417373,
            0.5147151256273038,
            0.532907971560131,
            0.5504682123659975,
            0.5673685697433013,
            0.583574831319711,
            0.5990466437389497,
            0.6137383326517869,
            0.6275997524916649,
            0.6405771720079573,
            0.652614202255498,
            0.6636527726578596,
            0.673634158306665,
            0.6825000581694939,
            0.6901937196439802,
            0.6966611001831986,
            0.7018520517944874,
            0.705721509365241,
            0.7082306592946945,
            0.7093480611221445,
            0.7090506920524596,
            0.7073248827739049,
            0.7041671129826217,
            0.699584636731244,
            0.6935959111730378,
            0.6862308074108883,
            0.6775305888039552,
            0.667547649911639,
            0.6563450178466836,
            0.643995626663729,
            0.6305813839843472,
            0.6161920568212885,
            0.6009240100360336,
            0.5848788356593931,
            0.568161914175756,
            0.5508809497082838,
            0.533144519894679,
            0.5150606782875446,
            0.4967356426535653,
            0.47827259695038693,
            0.4597706284486644,
            0.4413238148591906,
            0.42302046980531044,
            0.4049425488887579,
            0.3871652131864981,
            0.3697565424687687,
            0.3527773868394788,
            0.3362813429006116,
            0.3203148388839982,
            0.3049173124067765,
            0.29012146446124404,
            0.27595357381947105,
            0.2624338570778139,
            0.24957686094284806,
            0.23739187494825686,
            0.22588335449098093,
            0.21505134576989282,
            0.20489190585695344,
            0.19539751265584518,
            0.18655746087671116,
            0.1783582413532067,
            0.17078390203156957,
            0.16381638978964624,
            0.15743587286923658,
            0.15162104416708966,
            0.14634940594059223,
            0.141597536635654,
            0.13734134059955141,
            0.13355628138336434,
            0.1302175992097015,
            0.1273005130071331,
            0.12478040718860092,
            0.12263300314331589,
            0.12083451519428295,
            0.11936179058513759,
            0.11819243293552822,
            0.11730490851611991,
            0.1166786346742807,
            0.11629404981614977,
            0.1161326644673228,
            0.11617709314646335,
            0.11641106704220427
        ]
    },
    "CPU_time": {
        "derivatives": 0.055667877197265625,
        "buildingVn": 2.0410220623016357,
        "spliting_Vn": 0.0,
        "solvingMOR": 0.05112719535827637,