{
    "geometry1": "curvedcubic",
    "geometry2": "small",
    "ope": "b2p_tang_ipp",
    "lc": 0.015,
    "dimP": 2,
    "dimQ": 2,
    "N": 83,
    "f0": 1000,
    "frequencies": [
        80,
        100,
        120,
        140,
        160,
        180,
        200,
        220,
        240,
        260,
        280,
        300,
        320,
        340,
        360,
        380,
        400,
        420,
        440,
        460,
        480,
        500,
        520,
        540,
        560,
        580,
        600,
        620,
        640,
        660,
        680,
        700,
        720,
        740,
        760,
        780,
        800,
        820,
        840,
        860,
        880,
        900,
        920,
        940,
        960,
        980,
        1000,
        1020,
        1040,
        1060,
        1080,
        1100,
        1120,
        1140,
        1160,
        1180,
        1200,
        1220,
        1240,
        1260,
        1280,
        1300,
        1320,
        1340,
        1360,
        1380,
        1400,
        1420,
        1440,
        1460,
        1480,
        1500,
        1520,
        1540,
        1560,
        1580,
        1600,
        1620,
        1640,
        1660,
        1680,
        1700,
        1720,
        1740,
        1760,
        1780,
        1800,
        1820,
        1840,
        1860,
        1880,
        1900,
        1920,
        1940,
        1960,
        1980,
        2000
    ],
    "Z_center": {
        "real": [
            0.014893015104442138,
            0.02282624410682017,
            0.032142229821807734,
            0.04267194868792636,
            0.054255393230605034,
            0.0667497887478887,
            0.08003449623846902,
            0.09401295463585936,
            0.10861231010239687,
            0.12378146075358071,
            0.13948818031147514,
            0.15571584588093867,
            0.17246013878941271,
            0.1897259467750879,
            0.2075245856061831,
            0.22587138085237288,
            0.24478360181311168,
            0.264278712916601,
            0.2843728966245385,
            0.30507980050556266,
            0.3264094655561227,
            0.3483674002324542,
            0.3709537731753566,
            0.3941627061820688,
            0.4179816569648774,
            0.4423908883220319,
            0.467363026349777,
            0.4928627151658556,
            0.5188463792274064,
            0.5452621066695598,
            0.5720496681043364,
            0.5991406849884472,
            0.6264589599492376,
            0.6539209784101867,
            0.6814365865349346,
            0.7089098450861184,
            0.7362400525027967,
            0.7633229236448009,
            0.7900519036368525,
            0.8163195894899236,
            0.8420192261600309,
            0.8670462388563753,
            0.8912997601381133,
            0.9146841089335491,
            0.9371101792580284,
            0.9584966991240124,
            0.9787713248043909,
            0.9978715419548885,
            1.015745352729148,
            1.0323517364477661,
            1.047660880085145,
            1.0616541832931963,
            1.0743240504153482,
            1.0856734885676438,
            1.0957155360946604,
            1.1044725493881669,
            1.1119753781451633,
            1.1182624597111441,
            1.123378862361768,
            1.1273753054431277,
            1.130307181481883,
            1.1322336019592465,
            1.1332164846831854,
            1.1333196968292445,
            1.1326082639509587,
            1.1311476517437236,
            1.1290031241991536,
            1.1262391790705144,
            1.1229190593400924,
            1.1191043376067102,
            1.1148545690163993,
            1.1102270074682303,
            1.1052763793066445,
            1.1000547085168728,
            1.0946111874921067,
            1.0889920876942654,
            1.0832407049446033,
            1.077397334589048,
            1.0714992723382522,
            1.0655808372007813,
            1.059673413477729,
            1.0538055093699914,
            1.048002830224503,
            1.042288364879526,
            1.0366824839212159,
            1.0312030489212176,
            1.0258655318921153,
            1.0206831442875401,
            1.0156669748694096,
            1.0108261356857242,
            1.006167915271204,
            1.0016979379897313,
            0.9974203282144398,
            0.9933378778168946,
            0.9894522151987216,
            0.9857639739013871,
            0.9822729586607863
        ],
        "imag": [
            0.1285100142949938,
            0.15907994006224607,
            0.1887550525378896,
            0.21747423325812607,
            0.24521482338889006,
            0.2719853180922184,
            0.29781701177790937,
            0.32275578280556066,
            0.3468548112062508,
            0.3701686361317814,
            0.392748654256981,
            0.4146399594967549,
            0.43587931871378305,
            0.4564940434245487,
            0.47650152770304927,
            0.4959092559244499,
            0.5147151256274044,
            0.5329079715601113,
            0.5504682123659654,
            0.5673685697432306,
            0.5835748313196507,
            0.599046643738941,
            0.6137383326517809,
            0.6275997524916349,
            0.6405771720079199,
            0.6526142022554329,
            0.6636527726577975,
            0.6736341583065816,
            0.6825000581693892,
            0.6901937196439052,
            0.6966611001830761,
            0.7018520517943609,
            0.7057215093651152,
            0.7082306592946003,
            0.709348061122016,
            0.7090506920523466,
            0.7073248827738237,
            0.704167112982531,
            0.6995846367311404,
            0.6935959111729756,
            0.6862308074107817,
            0.6775305888038393,
            0.6675476499115434,
            0.6563450178466387,
            0.6439956266637228,
            0.6305813839843475,
            0.6161920568213268,
            0.6009240100360914,
            0.584878835659491,
            0.5681619141758657,
            0.5508809497084277,
            0.5331445198948626,
            0.5150606782877668,
            0.4967356426538275,
            0.4782725969506268,
            0.4597706284489266,
            0.44132381485954286,
            0.4230204698056955,
            0.4049425488890756,
            0.3871652131869895,
            0.36975654246917944,
            0.35277738683994314,
            0.3362813429010973,
            0.32031483888436196,
            0.3049173124071617,
            0.29012146446159914,
            0.2759535738198128,
            0.26243385707821454,
            0.24957686094341608,
            0.2373918749487727,
            0.22588335449161048,
            0.21505134577033952,
            0.2048919058573085,
            0.19539751265633712,
            0.186557460877387,
            0.17835824135373762,
            0.17078390203199484,
            0.16381638978967203,
            0.15743587286842028,
            0.15162104416434352,
            0.14634940593402593,
            0.14159753662159683,
            0.13734134057164785,
            0.13355628133027847,
            0.13021759911264547,
            0.1273005128359837,
            0.12478040689547557,
            0.12263300265612925,
            0.12083451440389062,
            0.11936178933241892,
            0.11819243099632923,
            0.11730490557836191,
            0.11667863031959531,
            0.11629404349814455,
            0.11613265549890645,
            0.11617708069754024,
            0.11641105016850836
        ]
    },
    "CPU_time": {
        "derivatives": 0.053845882415771484,
        "buildingVn": 4.108977794647217,
        "spliting_Vn": 0.0,