{
    "geometry1": "new_broken_cubic",
    "geometry2": "large",
    "ope": "b2p_tang_ipp",
    "lc": 0.015,
    "dimP": 2,
    "dimQ": 2,
    "N": 25,
    "f0": 1000,
    "frequencies": [
        80,
        100,
        120,
        140,
        160,
        180,
        200,
        220,
        240,
        260,
        280,
        300,
        320,
        340,
        360,
        380,
        400,
        420,
        440,
        460,
        480,
        500,
        520,
        540,
        560,
        580,
        600,
        620,
        640,
        660,
        680,
        700,
        720,
        740,
        760,
        780,
        800,
        820,
        840,
        860,
        880,
        900,
        920,
        940,
        960,
        980,
        1000,
        1020,
        1040,
        1060,
        1080,
        1100,
        1120,
        1140,
        1160,
        1180,
        1200,
        1220,
        1240,
        1260,
        1280,
        1300,
        1320,
        1340,
        1360,
        1380,
        1400,
        1420,
        1440,
        1460,
        1480,
        1500,
        1520,
        1540,
        1560,
        1580,
        1600,
        1620,
        1640,
        1660,
        1680,
        1700,
        1720,
        1740,
        1760,
        1780,
        1800,
        1820,
        1840,
        1860,
        1880,
        1900,
        1920,
        1940,
        1960,
        1980,
        2000
    ],
    "Z_center": {
        "real": [
            0.010881120156376602,
            0.015819030664854974,
            0.02163539251525741,
            0.028515576761689778,
            0.036703569794512066,
            0.04645676995569684,
            0.05800571941837635,
            0.07151514733663052,
            0.08704625916944697,
            0.10452742065724378,
            0.12374487112004494,
            0.14436309435044858,
            0.16597524044354556,
            0.18817156873890423,
            0.2106056987608566,
            0.23303988057247735,
            0.2553602864508586,
            0.27756497436420724,
            0.2997345236325674,
            0.32199656483827027,
            0.34449253007560665,
            0.36735097618404267,
            0.39066877940977546,
            0.4144999167753421,
            0.43885108576197324,
            0.46368344336939615,
            0.48891974570757385,
            0.5144558758242301,
            0.540175180866112,
            0.5659634439484094,
            0.5917220198534421,
            0.6173769021633174,
            0.6428822737337264,
            0.6682182036780777,
            0.6933832634384479,
            0.7183836643716722,
            0.7432209431464377,
            0.7678802609565452,
            0.7923211362577707,
            0.816471998476874,
            0.8402294012576724,
            0.8634621164631215,
            0.8860196938650423,
            0.9077444752689351,
            0.9284855556821,
            0.9481128425787467,
            0.9665292349435866,
            0.9836790937817476,
            0.9995516568144208,
            1.014178841506793,
            1.0276278469310403,
            1.0399898782087074,
            1.0513669440269642,
            1.0618588755966893,
            1.0715524770716152,
            1.0805141465651742,
            1.0887865592347947,
            1.096389238011702,
            1.1033221943768154,
            1.1095714185620216,
            1.115114912370986,
            1.1199281890947004,
            1.1239886117025355,
            1.1272784198366825,
            1.1297866253696025,
            1.1315100486425926,
            1.1324536737438722,
            1.1326303633091812,
            1.132059928145166,
            1.1307676538557747,
            1.128782617979277,
            1.1261363943149878,
            1.1228628788412423,
            1.1189997507442777,
            1.1145912680562533,
            1.1096907000705614,
            1.1043592967021592,
            1.0986585032394023,
            1.0926344418671858,
            1.0862987385938347,
            1.0796157749729376,
            1.0725097128080427,
            1.0649013497083555,
            1.056773660161234,
            1.0482489977541654,
            1.0396481077555568,
            1.0314999051090392,
            1.0244846426064664,
            1.0193155056207084,
            1.0165826414747479,
            1.0165901255905718,
            1.0192112938061353,
            1.0237803038659188,
            1.0290371068757753,
            1.0331516571965869,
            1.0338635069850854,
            1.0287683832884795
        ],
        "imag": [
            0.12095538810150046,
            0.1505668083434639,
            0.18028032598521587,
            0.21021538114791402,
            0.24039059526343265,
            0.2707136597963773,
            0.30098381512526845,
            0.3309037494126052,
            0.36010514177998776,
            0.3881918639346491,
            0.4147982672642382,
            0.43965074785817015,
            0.462614576077956,
            0.4837100326869852,
            0.5030926416359892,
            0.5210058741946434,
            0.5377232470230375,
            0.553496540018877,
            0.568520278614578,
            0.5829147966415062,
            0.5967248738600921,
            0.6099289988746198,
            0.6224546953125185,
            0.6341966052973006,
            0.6450351404334744,
            0.6548540984103327,
            0.6635557734125904,
            0.6710720671781313,
            0.6773702774146972,
            0.6824528144671727,
            0.6863510547251214,
            0.6891146302816218,
            0.6907983251474711,
            0.6914491219528386,
            0.691095745120247,
            0.689742406360122,
            0.6873676072621914,
            0.6839280037797986,
            0.6793666153755014,
            0.6736241145452511,
            0.6666515702984593,
            0.6584228497333859,
            0.6489449163967311,
            0.6382645042183003,
            0.6264700752526197,
            0.6136885600352093,
            0.6000770935646859,
            0.5858107318179637,
            0.5710678411190264,
            0.5560153226242058,
            0.5407959053088572,
            0.5255193510415856,
            0.5102586491036721,
            0.49505133530261286,
            0.4799051838835233,
            0.4648068696379711,
            0.4497318779905317,
            0.43465396999020256,
            0.41955284843000856,
            0.40441923421461873,
            0.389257212109316,
            0.3740842702880498,
            0.35892978350472665,
            0.3438327101798642,
            0.3288390568527788,
            0.3139993763582231,
            0.299366377017391,
            0.2849927030647965,
            0.27092905539486245,
            0.25722293942155144,
            0.24391833239510155,
            0.23105636448214095,
            0.21867666009279138,
            0.2068183497459309,
            0.195519228231423,
            0.1848116727156443,
            0.17471536461674575,
            0.1652296618168188,
            0.15633155740721066,
            0.14798628399889954,
            0.14017444844894786,
            0.132931529126576,
            0.12638519271659163,
            0.12076863938068395,
            0.11639003702588155,
            0.11355161622736315,
            0.11243291678997916,
            0.11297058300938838,
            0.11477178540195065,
            0.1170878087470062,
            0.11885670620616669,
            0.11881059659621776,
            0.11563972478007549,
            0.10820778070001782,
            0.09581073722017285,
            0.07845450648212561,
            0.05709337982993154
        ]
    },
    "CPU_time": {
        "derivatives": 0.19614887237548828,
        "buildingVn": 29.638944149017334,
        "spliting_Vn": 0.0,