{
    "geometry1": "new_broken_cubic",
    "geometry2": "large",
    "ope": "b2p_tang_ipp",
    "lc": 0.015,
    "dimP": 2,
    "dimQ": 2,
    "N": 96,
    "f0": 1000,
    "frequencies": [
        80,
        100,
        120,
        140,
        160,
        180,
        200,
        220,
        240,
        260,
        280,
        300,
        320,
        340,
        360,
        380,
        400,
        420,
        440,
        460,
        480,
        500,
        520,
        540,
        560,
        580,
        600,
        620,
        640,
        660,
        680,
        700,
        720,
        740,
        760,
        780,
        800,
        820,
        840,
        860,
        880,
        900,
        920,
        940,
        960,
        980,
        1000,
        1020,
        1040,
        1060,
        1080,
        1100,
        1120,
        1140,
        1160,
        1180,
        1200,
        1220,
        1240,
        1260,
        1280,
        1300,
        1320,
        1340,
        1360,
        1380,
        1400,
        1420,
        1440,
        1460,
        1480,
        1500,
        1520,
        1540,
        1560,
        1580,
        1600,
        1620,
        1640,
        1660,
        1680,
        1700,
        1720,
        1740,
        1760,
        1780,
        1800,
        1820,
        1840,
        1860,
        1880,
        1900,
        1920,
        1940,
        1960,
        1980,
        2000
    ],
    "Z_center": {
        "real": [
            0.011060430218422625,
            0.015990811658596754,
            0.021755705569215748,
            0.028582283546522723,
            0.03673056879728277,
            0.04645938305919305,
            0.05799587913693631,
            0.07150102889406987,
            0.08703303785286745,
            0.10451791784426347,
            0.12373997508223442,
            0.1443622078409933,
            0.16597691090467354,
            0.18817420053703837,
            0.21060810275952405,
            0.23304149092572013,
            0.25536106608617265,
            0.2775651685848214,
            0.2997344284393555,
            0.32199639617985437,
            0.3444923944108316,
            0.367350899045715,
            0.3906687475693909,
            0.41449990900742,
            0.43885108672595485,
            0.4636834456770347,
            0.48891974716970166,
            0.5144558764240389,
            0.5401751810319757,
            0.5659634439714311,
            0.5917220198491002,
            0.6173769021595522,
            0.642882273732482,
            0.6682182036778087,
            0.6933832634383935,
            0.7183836643716531,
            0.7432209431464306,
            0.7678802609565527,
            0.7923211362577963,
            0.8164719984769138,
            0.8402294012577304,
            0.8634621164631958,
            0.8860196938651269,
            0.907744475269024,
            0.9284855556821916,
            0.9481128425788371,
            0.9665292349436708,
            0.9836790937818176,
            0.9995516568144742,
            1.014178841506828,
            1.0276278469310651,
            1.0399898782087018,
            1.0513669440269597,
            1.0618588755966671,
            1.071552477071574,
            1.0805141465651293,
            1.0887865592347408,
            1.0963892380116034,
            1.1033221943765419,
            1.10957141856216,
            1.1151149123812036,
            1.1199281891703567,
            1.123988612006487,
            1.1272784204553097,
            1.1297866247514887,
            1.1315100385169932,
            1.1324536307415078,
            1.1326302509846427,
            1.1320597521794573,
            1.1307676377597522,
            1.1287835200481109,
            1.1261397753759756,
            1.1228707368894817,
            1.1190125827050492,
            1.1146038339810898,
            1.109686177486197,
            1.1043052432276137,
            1.0985110141964725,
            1.0923576835623234,
            1.0859029399324114,
            1.0792067947136281,
            1.0723301352284869,
            1.0653331928546148,
            1.0582740789952707,
            1.0512074913925347,
            1.044183649723972,
            1.0372474895086434,
            1.0304381232394646,
            1.0237885605161918,
            1.0173256623307343,
            1.0110702923342618,
            1.0050376259686384,
            0.9992375892250932,
            0.9936754179060975,
            0.9883523461007292,
            0.9832664397392366,
            0.9784135824864966
        ],
        "imag": [
            0.1211311692840444,
            0.15061795797500868,
            0.18025993590325068,
            0.2101688758060291,
            0.24034376480280406,
            0.2706773507896378,
            0.30096066045349157,
            0.3308925708826626,
            0.3601031339251444,
            0.3881956282803377,
            0.41480449089916893,
            0.43965679736188235,
            0.46261890462551003,
            0.4837122278531491,
            0.5030931116136647,
            0.5210053667792771,
            0.5377224426182735,
            0.5534958523420842,
            0.5685198512943279,
            0.5829146023186923,
            0.5967248231054926,
            0.6099290100189672,
            0.6224547194903889,
            0.6341966231699008,
            0.6450351493732744,
            0.6548541015658819,
            0.6635557740453274,
            0.6710720670998958,
            0.6773702772819071,
            0.682452814402679,
            0.6863510547055308,
            0.6891146302778952,
            0.6907983251472374,
            0.6914491219529689,
            0.6910957451203337,
            0.6897424063601917,
            0.6873676072622591,
            0.683928003779875,
            0.6793666153755783,
            0.6736241145453269,
            0.6666515702985228,
            0.6584228497334377,
            0.6489449163967671,
            0.6382645042183217,
            0.6264700752526217,
            0.613688560035189,
            0.6000770935646452,
            0.5858107318179097,
            0.5710678411189611,
            0.5560153226241312,
            0.54079590530878,
            0.5255193510415019,
            0.5102586491035985,
            0.49505133530255185,
            0.47990518388346926,
            0.464806869637929,
            0.4497318779905313,
            0.4346539699901821,
            0.4195528484303155,
            0.40441923421740317,
            0.38925721212121744,
            0.37408427030354835,
            0.3589297833607345,
            0.3438327090266265,
            0.3288390522876528,
            0.31399936553261243,
            0.29936636779462134,
            0.2849927487201112,
            0.2709293138402639,
            0.257223697796509,
            0.24391982058143227,
            0.23105808197119548,
            0.21867606413565294,
            0.20680935475282017,
            0.1954920872896085,
            0.1847569226573012,
            0.17463440486934015,
            0.16515182610993168,
            0.15633186489010772,
            0.14819128799737427,
            0.14073994873085188,
            0.1339802119653549,
            0.12790683508561265,
            0.12250726170356951,
            0.11776224985370984,
            0.1136467487551387,
            0.11013094318688378,
            0.10718139139415135,
            0.10476218919527237,
            0.10283610349593372,
            0.1013656357845041,
            0.10031399788180648,
            0.0996460002097813,
            0.09932885892097149,
            0.09933291913681219,
            0.09963227107458172,
            0.10020521252996979
        ]
    },
    "CPU_time": {
        "derivatives": 0.19960594177246094,
        "buildingVn": 45.35825800895691,
        "spliting_Vn": 0.0,