{
    "geometry1": "new_broken_cubic",
    "geometry2": "small",
    "ope": "b2p_tang_ipp",
    "lc": 0.015,
    "dimP": 2,
    "dimQ": 2,
    "N": 74,
    "f0": 1000,
    "frequencies": [
        80,
        100,
        120,
        140,
        160,
        180,
        200,
        220,
        240,
        260,
        280,
        300,
        320,
        340,
        360,
        380,
        400,
        420,
        440,
        460,
        480,
        500,
        520,
        540,
        560,
        580,
        600,
        620,
        640,
        660,
        680,
        700,
        720,
        740,
        760,
        780,
        800,
        820,
        840,
        860,
        880,
        900,
        920,
        940,
        960,
        980,
        1000,
        1020,
        1040,
        1060,
        1080,
        1100,
        1120,
        1140,
        1160,
        1180,
        1200,
        1220,
        1240,
        1260,
        1280,
        1300,
        1320,
        1340,
        1360,
        1380,
        1400,
        1420,
        1440,
        1460,
        1480,
        1500,
        1520,
        1540,
        1560,
        1580,
        1600,
        1620,
        1640,
        1660,
        1680,
        1700,
        1720,
        1740,
        1760,
        1780,
        1800,
        1820,
        1840,
        1860,
        1880,
        1900,
        1920,
        1940,
        1960,
        1980,
        2000
    ],
    "Z_center": {
        "real": [
            0.013472505204740337,
            0.020649330521483062,
            0.029075316741339844,
            0.03859468606501677,
            0.04905857544122086,
            0.060332742888682366,
            0.07230243313878248,
            0.08487463264955519,
            0.09797822178423307,
            0.1115626306892306,
            0.12559557484561684,
            0.14006034380898294,
            0.15495298959879047,
            0.17027964039277238,
            0.18605406613032305,
            0.2022955498171323,
            0.21902706984021922,
            0.23627376971896438,
            0.25406167713711686,
            0.27241662913096915,
            0.29136336127533213,
            0.310924722977065,
            0.33112098682508434,
            0.3519692262573519,
            0.3734827419955456,
            0.39567052344760617,
            0.4185367364637436,
            0.4420802334399325,
            0.4662940858032138,
            0.4911651424334031,
            0.5166736205997994,
            0.542792738527567,
            0.5694884007558992,
            0.5967189489679422,
            0.6244349919256624,
            0.6525793284725312,
            0.6810869772132389,
            0.7098853254063978,
            0.7388944077711198,
            0.7680273233201541,
            0.7971907950234307,
            0.8262858731492232,
            0.855208778664347,
            0.8838518782597585,
            0.9121047776220871,
            0.9398555147449436,
            0.9669918306218618,
            0.9934024908564604,
            1.0189786288051135,
            1.0436150790369083,
            1.0672116693045965,
            1.089674439936592,
            1.1109167615829492,
            1.130860325481986,
            1.149435984695436,
            1.1665844298563948,
            1.1822566886088888,
            1.1964144437848323,
            1.2090301711672473,
            1.2200871031347664,
            1.2295790293366238,
            1.2375099496139657,
            1.2438935975375325,
            1.2487528551065556,
            1.2521190803576248,
            1.2540313699001777,
            1.254535777849815,
            1.2536845113760515,
            1.2515351212823507,
            1.248149703837289,
            1.2435941276280726,
            1.2379372966642965,
            1.2312504584017439,
            1.2236065629359296,
            1.215079677357404,
            1.2057444572513278,
            1.1956756755806368,
            1.1849478077341877,
            1.1736346703441647,
            1.1618091105743191,
            1.1495427419206723,
            1.1369057221457177,
            1.1239665687283207,
            1.1107920071408697,
            1.0974468473432444,
            1.0839938840492167,
            1.070493816599969,
            1.0570051845840813,
            1.0435843157296683,
            1.0302852829765405,
            1.0171598680511695,
            1.0042575292748823,
            0.9916253717455812,
            0.979308118417706,
            0.9673480809932321,
            0.9557851298796125,
            0.9446566628021825
        ],
        "imag": [
            0.12284489737381878,
            0.15215124230050234,
            0.18064890610682366,
            0.2082821615727537,
            0.2350308978034029,
            0.2609045057084259,
            0.2859346634353671,
            0.3101680665628502,
            0.33365983437224866,
            0.35646799955310715,
            0.3786492204549037,
            0.4002556686190368,
            0.42133293754055795,
            0.44191877461141577,
            0.46204243635349806,
            0.48172448908640975,
            0.5009769095740232,
            0.5198033742936624,
            0.538199657015484,
            0.5561540803062002,
            0.5736479869560922,
            0.5906562126305201,
            0.6071475520582237,
            0.6230852186767257,
            0.6384273026544531,
            0.6531272352406977,
            0.6671342689843488,
            0.680393983856505,
            0.6928488289872581,
            0.7044387087453337,
            0.7151016203725754,
            0.7247743484075575,
            0.7333932187524443,
            0.7408949125038553,
            0.747217336647031,
            0.7523005454657536,
            0.756087703151876,
            0.7585260747219547,
            0.7595680290986973,
            0.7591720352696116,
            0.7573036299411441,
            0.7539363332631748,
            0.7490524881598992,
            0.7426439987046695,
            0.7347129439346731,
            0.7252720455521374,
            0.7143449710992623,
            0.7019664583373426,
            0.6881822515572561,
            0.6730488461844552,
            0.656633044045318,
            0.6390113277368803,
            0.6202690683656816,
            0.6004995861930215,
            0.5798030881695879,
            0.558285509739786,
            0.5360572905005588,
            0.5132321142348494,
            0.4899256435180553,
            0.46625427759775606,
            0.442333959728855,
            0.418279056794945,
            0.39420133010571695,
            0.3702090119539379,
            0.34640599810216377,
            0.3228911620315685,
            0.29975779275213704,
            0.2770931543296334,
            0.2549781621956972,
            0.2334871687740581,
            0.21268784904486168,
            0.19264117532512676,
            0.17340146977131216,
            0.1550165228208467,
            0.13752776589925694,
            0.1209704872111312,
            0.10537408015207954,
            0.09076231481785563,
            0.07715362412922026,
            0.06456139721395142,
            0.05299427381808382,
            0.04245643463036878,
            0.032947883463308715,
            0.024464718209261854,
            0.016999388397008847,
            0.01054093795469437,
            0.005075232489496796,
            0.0005851709907848681,
            -0.0029491176560106384,
            -0.0055500925233325305,
            -0.007242631750328786,
            -0.008053875528989337,
            -0.008013079429140188,
            -0.007151476407418892,
            -0.005502145801804287,
            -0.003099887593707201,
            1.8899721439634754e-05
        ]
    },
    "CPU_time": {
        "derivatives": 0.07059788703918457,
        "buildingVn": 5.844736099243164,
        "spliting_Vn": 0.0,