{
    "geometry1": "new_broken_cubic",
    "geometry2": "large",
    "ope": "b2p_tang_ipp",
    "lc": 0.015,
    "dimP": 2,
    "dimQ": 2,
    "N": 15,
    "f0": 1000,
    "frequencies": [
        80,
        100,
        120,
        140,
        160,
        180,
        200,
        220,
        240,
        260,
        280,
        300,
        320,
        340,
        360,
        380,
        400,
        420,
        440,
        460,
        480,
        500,
        520,
        540,
        560,
        580,
        600,
        620,
        640,
        660,
        680,
        700,
        720,
        740,
        760,
        780,
        800,
        820,
        840,
        860,
        880,
        900,
        920,
        940,
        960,
        980,
        1000,
        1020,
        1040,
        1060,
        1080,
        1100,
        1120,
        1140,
        1160,
        1180,
        1200,
        1220,
        1240,
        1260,
        1280,
        1300,
        1320,
        1340,
        1360,
        1380,
        1400,
        1420,
        1440,
        1460,
        1480,
        1500,
        1520,
        1540,
        1560,
        1580,
        1600,
        1620,
        1640,
        1660,
        1680,
        1700,
        1720,
        1740,
        1760,
        1780,
        1800,
        1820,
        1840,
        1860,
        1880,
        1900,
        1920,
        1940,
        1960,
        1980,
        2000
    ],
    "Z_center": {
        "real": [
            0.0011525669925047635,
            0.0016003956153006127,
            0.00194133135298654,
            0.002099609505564817,
            0.0019880793481930436,
            0.0014966404518065005,
            0.0004769185746998322,
            -0.0012806296184222155,
            -0.004083742493054339,
            -0.0084017718040139,
            -0.014979006597098578,
            -0.025038715901680553,
            -0.040592668983850846,
            -0.06409189112685454,
            -0.08256647156365741,
            0.45192066483568377,
            0.9588642634265123,
            0.44207933455830145,
            0.31578672004293284,
            0.2804704425039436,
            0.2857728829435874,
            0.3153623721403695,
            0.35600719093124156,
            0.3964608810631193,
            0.4317068204459672,
            0.4619991688757886,
            0.4893062829065252,
            0.5152812702868417,
            0.5408450663910448,
            0.5663682839024663,
            0.591922549993204,
            0.6174594392582682,
            0.6429097037320034,
            0.6682248513530741,
            0.6933839580163884,
            0.7183833470069406,
            0.7432207205167416,
            0.7678801839213085,
            0.7923211186561604,
            0.8164719957964716,
            0.8402294010077603,
            0.8634621164516728,
            0.8860196938650015,
            0.9077444752690337,
            0.9284855556822238,
            0.9481128425789335,
            0.9665292349438358,
            0.9836790937820546,
            0.9995516568147779,
            1.014178841507185,
            1.027627846932216,
            1.0399898782496948,
            1.0513669447547722,
            1.061858881598993,
            1.0715524988124134,
            1.0805141271403658,
            1.0887859533894486,
            1.0963858522008219,
            1.1033106000221815,
            1.109543572901603,
            1.1150691523010448,
            1.1198947587637464,
            1.1240756848175208,
            1.1277284693853977,
            1.1310103224488195,
            1.1340422889695454,
            1.1367680749918128,
            1.1387700617493537,
            1.1391050943564835,
            1.1362621406543634,
            1.1283510573586553,
            1.1135616924892906,
            1.0907733133815658,
            1.0600351808010224,
            1.0226423094227035,
            0.9807481748901876,
            0.9367125991693879,
            0.8924493467910011,
            0.8488734617641237,
            0.805250596595506,
            0.7577596782545837,
            0.6951876622922238,
            0.5841441826880694,
            0.31129979348727616,
            -0.5238571046347367,
            -2.044833595689242,
            -1.5277525579859184,
            -0.6725919802633761,
            -0.26069880607530144,
            -0.05732926978905487,
            0.054515232236477015,
            0.12167778874313893,
            0.16475508264092986,
            0.1938125754085918,
            0.2142214647616909,
            0.22905673035687524,
            0.24018072525338274
        ],
        "imag": [
            0.09684787437201113,
            0.12166660573166231,
            0.1469468349387376,
            0.17285389030543025,
            0.19959438750035796,
            0.22743605029781988,
            0.2567411048095002,
            0.28802378117410704,
            0.32205461126240703,
            0.36006325499531733,
            0.4041695935618448,
            0.45841254976306983,
            0.5316240369462597,
            0.6474913635295785,
            0.8939703365090882,
            1.6342858465537524,
            0.20723682518282494,
            0.2532709693551681,
            0.369112580206224,
            0.4601562560959353,
            0.533930518992143,
            0.5894939527713715,
            0.6249904188397266,
            0.6442107727383527,
            0.6543861155921045,
            0.6611269124208484,
            0.6670138117380944,
            0.6726800316184058,
            0.677981333601453,
            0.6826167477152014,
            0.6863570304683173,
            0.6890866262690151,
            0.6907758183603858,
            0.6914375017699951,
            0.6910911777040533,
            0.6897410072465415,
            0.6873672837750043,
            0.6839279530738082,
            0.6793666119961992,
            0.6736241151157148,
            0.6666515704755953,
            0.6584228497526761,
            0.648944916397767,
            0.6382645042184822,
            0.6264700752527904,
            0.6136885600353732,
            0.6000770935648259,
            0.5858107318180539,
            0.5710678411190415,
            0.5560153226241457,
            0.5407959053100884,
            0.5255193510661235,
            0.5102586491057814,
            0.4950513316199007,
            0.47990514078452656,
            0.4648066178652738,
            0.4497310024786544,
            0.4346523063946884,
            0.4195532140731706,
            0.4044344438281069,
            0.38932120151764826,
            0.37426053571356716,
            0.35930038400657927,
            0.34444335350979793,
            0.3295791588467366,
            0.3144180013001958,
            0.29846657039550084,
            0.2810990361509591,
            0.26176572449817903,
            0.24033890524178086,
            0.21751223627712135,
            0.19507600610020595,
            0.1758676063167722,
            0.16333154395641578,
            0.16087459735379478,
            0.1713695333242133,
            0.1970906793000134,
            0.24014877740416193,
            0.30336500192097365,
            0.3916247730646539,
            0.5141060525512997,
            0.6884420113417793,
            0.9485139754213067,
            1.3487764047051902,
            1.807232567313986,
            0.9523551665445733,
            -0.6551042409005652,
            -0.8478697547278125,
            -0.7132109822281807,
            -0.5684000979118211,
            -0.4485256569608793,
            -0.3509013898155892,
            -0.26973925524225273,
            -0.2005075223368135,
            -0.14003256573254602,
            -0.08611555301717401,
            -0.03721086208301598
        ]
    },
    "CPU_time": {
        "derivatives": 0.20482206344604492,
        "buildingVn": 27.533130168914795,