{
    "geometry1": "new_broken_cubic",
    "geometry2": "small",
    "ope": "b2p_tang_ipp",
    "lc": 0.015,
    "dimP": 2,
    "dimQ": 2,
    "N": 51,
    "f0": 1000,
    "frequencies": [
        80,
        100,
        120,
        140,
        160,
        180,
        200,
        220,
        240,
        260,
        280,
        300,
        320,
        340,
        360,
        380,
        400,
        420,
        440,
        460,
        480,
        500,
        520,
        540,
        560,
        580,
        600,
        620,
        640,
        660,
        680,
        700,
        720,
        740,
        760,
        780,
        800,
        820,
        840,
        860,
        880,
        900,
        920,
        940,
        960,
        980,
        1000,
        1020,
        1040,
        1060,
        1080,
        1100,
        1120,
        1140,
        1160,
        1180,
        1200,
        1220,
        1240,
        1260,
        1280,
        1300,
        1320,
        1340,
        1360,
        1380,
        1400,
        1420,
        1440,
        1460,
        1480,
        1500,
        1520,
        1540,
        1560,
        1580,
        1600,
        1620,
        1640,
        1660,
        1680,
        1700,
        1720,
        1740,
        1760,
        1780,
        1800,
        1820,
        1840,
        1860,
        1880,
        1900,
        1920,
        1940,
        1960,
        1980,
        2000
    ],
    "Z_center": {
        "real": [
            0.013472505204869478,
            0.020649330521634476,
            0.029075316741502013,
            0.03859468606517709,
            0.0490585754413881,
            0.060332742888867294,
            0.07230243313895128,
            0.08487463264972583,
            0.09797822178437168,
            0.11156263068938978,
            0.12559557484575332,
            0.14006034380913174,
            0.15495298959893467,
            0.1702796403929244,
            0.18605406613050443,
            0.20229554981727513,
            0.21902706984036363,
            0.23627376971915698,
            0.2540616771372485,
            0.2724166291311618,
            0.2913633612755133,
            0.3109247229772892,
            0.3311209868253734,
            0.3519692262575434,
            0.37348274199581294,
            0.39567052344788006,
            0.41853673646400297,
            0.44208023344023345,
            0.4662940858035213,
            0.49116514243377885,
            0.5166736206001585,
            0.5427927385279357,
            0.5694884007562753,
            0.5967189489682289,
            0.6244349919259898,
            0.6525793284728503,
            0.6810869772136346,
            0.7098853254068119,
            0.7388944077714227,
            0.7680273233204763,
            0.7971907950237436,
            0.8262858731494737,
            0.8552087786645888,
            0.8838518782599628,
            0.9121047776222434,
            0.9398555147450647,
            0.966991830621937,
            0.9934024908564872,
            1.0189786288051008,
            1.043615079036847,
            1.0672116693045024,
            1.0896744399364502,
            1.1109167615827908,
            1.1308603254818383,
            1.1494359846952378,
            1.1665844298561536,
            1.1822566886085917,
            1.1964144437845605,
            1.2090301711669909,
            1.2200871031345546,
            1.2295790293364,
            1.2375099496138178,
            1.2438935975372551,
            1.2487528551064007,
            1.252119080357663,
            1.2540313699003647,
            1.2545357778501611,
            1.253684511376662,
            1.2515351212832764,
            1.2481497038377412,
            1.2435941276281293,
            1.2379372966633637,
            1.2312504584003874,
            1.2236065629340596,
            1.2150796773558115,
            1.2057444572495708,
            1.195675675578846,
            1.1849478077326348,
            1.1736346703433804,
            1.1618091105730943,
            1.149542741919854,
            1.1369057221462113,
            1.1239665687266844,
            1.1107920071413635,
            1.0974468473437495,
            1.0839938840513619,
            1.070493816599371,
            1.0570051845824011,
            1.0435843157322513,
            1.0302852829775266,
            1.0171598680513008,
            1.004257529277737,
            0.9916253717459007,
            0.9793081184179961,
            0.9673480809915467,
            0.9557851298805552,
            0.9446566628043681
        ],
        "imag": [
            0.12284489737374985,
            0.15215124230040947,
            0.1806489061066954,
            0.20828216157259782,
            0.23503089780323,
            0.26090450570821155,
            0.2859346634351329,
            0.3101680665625931,
            0.33365983437199814,
            0.35646799955284125,
            0.378649220454637,
            0.40025566861876627,
            0.4213329375402675,
            0.44191877461112733,
            0.4620424363532273,
            0.4817244890860934,
            0.500976909573736,
            0.5198033742933296,
            0.5381996570152062,
            0.5561540803058674,
            0.5736479869557319,
            0.5906562126302702,
            0.6071475520578719,
            0.6230852186764111,
            0.6384273026540984,
            0.6531272352403462,
            0.6671342689839783,
            0.6803939838561155,
            0.6928488289868081,
            0.704438708744865,
            0.7151016203720622,
            0.7247743484070333,
            0.7333932187518684,
            0.7408949125031915,
            0.7472173366463748,
            0.7523005454650236,
            0.7560877031512563,
            0.7585260747211803,
            0.7595680290978412,
            0.759172035268779,
            0.7573036299402671,
            0.7539363332622626,
            0.7490524881589543,
            0.7426439987037121,
            0.7347129439336846,
            0.72527204555113,
            0.7143449710982506,
            0.7019664583362917,
            0.6881822515562317,
            0.673048846183403,
            0.6566330440442436,
            0.6390113277358316,
            0.6202690683646157,
            0.6004995861919923,
            0.5798030881685273,
            0.558285509738757,
            0.5360572904994706,
            0.5132321142338495,
            0.4899256435170599,
            0.4662542775968402,
            0.4423339597278297,
            0.4182790567940612,
            0.3942013301048002,
            0.37020901195329775,
            0.3464059981013209,
            0.3228911620309815,
            0.29975779275162884,
            0.2770931543294238,
            0.25497816219599306,
            0.2334871687755577,
            0.21268784904740928,
            0.19264117532762318,
            0.17340146977395018,
            0.15501652282314493,
            0.13752776590126495,
            0.12097048721286922,
            0.10537408015356219,
            0.09076231481993435,
            0.07715362413124757,
            0.06456139721598364,
            0.05299427382026457,
            0.04245643463213238,
            0.032947883464590766,
            0.024464718211630123,
            0.01699938839864932,
            0.010540937956095307,
            0.005075232490223129,
            0.0005851709934454235,
            -0.0029491176580627066,
            -0.005550092523619326,
            -0.007242631749927396,
            -0.008053875525528064,
            -0.008013079430533334,
            -0.007151476409640805,
            -0.005502145807454486,
            -0.003099887599481785,
            1.8899716603368187e-05
        ]
    },
    "CPU_time": {
        "derivatives": 0.07064604759216309,
        "buildingVn": 4.685285806655884,
        "spliting_Vn": 0.0,