{
    "geometry1": "new_broken_cubic",
    "geometry2": "large",
    "ope": "b2p_tang_ipp",
    "lc": 0.015,
    "dimP": 2,
    "dimQ": 2,
    "N": 7,
    "f0": 1000,
    "frequencies": [
        80,
        100,
        120,
        140,
        160,
        180,
        200,
        220,
        240,
        260,
        280,
        300,
        320,
        340,
        360,
        380,
        400,
        420,
        440,
        460,
        480,
        500,
        520,
        540,
        560,
        580,
        600,
        620,
        640,
        660,
        680,
        700,
        720,
        740,
        760,
        780,
        800,
        820,
        840,
        860,
        880,
        900,
        920,
        940,
        960,
        980,
        1000,
        1020,
        1040,
        1060,
        1080,
        1100,
        1120,
        1140,
        1160,
        1180,
        1200,
        1220,
        1240,
        1260,
        1280,
        1300,
        1320,
        1340,
        1360,
        1380,
        1400,
        1420,
        1440,
        1460,
        1480,
        1500,
        1520,
        1540,
        1560,
        1580,
        1600,
        1620,
        1640,
        1660,
        1680,
        1700,
        1720,
        1740,
        1760,
        1780,
        1800,
        1820,
        1840,
        1860,
        1880,
        1900,
        1920,
        1940,
        1960,
        1980,
        2000
    ],
    "Z_center": {
        "real": [
            0.004684324126622226,
            0.006107570916118541,
            0.007580963934585175,
            0.009079369689896345,
            0.01057683636321361,
            0.012046040763798298,
            0.013457567903120018,
            0.014778960892815104,
            0.015973493364200585,
            0.016998623254907138,
            0.01780410094343838,
            0.01832975109640454,
            0.01850307804768123,
            0.018237177742506803,
            0.0174302577740293,
            0.015970064736805532,
            0.013751459240426396,
            0.010727925194202159,
            0.007050770704733203,
            0.0034396185274505864,
            0.0021785532714617456,
            0.009811599599030659,
            0.0440197586595196,
            0.1456807286892954,
            0.3630230288100178,
            0.6213393510210108,
            0.7443817068030617,
            0.7443876640688836,
            0.7105278728497589,
            0.681475454864657,
            0.6652034860828342,
            0.6609733100560655,
            0.6664109010408608,
            0.6791635155275734,
            0.6971735283335901,
            0.7186892178103429,
            0.7422715197297985,
            0.7668183877166567,
            0.7915699854597184,
            0.8160657689149169,
            0.840057171549101,
            0.8634065352886158,
            0.8860070780424343,
            0.9077427662275243,
            0.9284854609601081,
            0.948112841934004,
            0.9665292349435531,
            0.9836790940962118,
            0.9995516698519257,
            1.014178573196811,
            1.0276222251896516,
            1.0399473300903135,
            1.0511668424748375,
            1.0611632397295254,
            1.0696046249153321,
            1.075897738436264,
            1.0792379196509885,
            1.0788180275529167,
            1.074228596024177,
            1.066006363718158,
            1.0561791530805098,
            1.0485742924779893,
            1.0486989749185873,
            1.0631952845680426,
            1.099108216695524,
            1.163299516396659,
            1.2622233534542395,
            1.4020560095319734,
            1.5889863384928045,
            1.829371427488608,
            2.129383571005219,
            2.493646385899133,
            2.9221932183265125,
            3.4051191252314115,
            3.9151964224357534,
            4.4014533489533205,
            4.791000369045019,
            5.00731224461559,
            5.002411571276639,
            4.781939438040041,
            4.4011214463443995,
            3.9356968683205698,
            3.452356194121956,
            2.995064322374924,
            2.5858091449083793,
            2.2313288072176474,
            1.9298425802650145,
            1.6757337492048348,
            1.46223931018057,
            1.2827820518178867,
            1.1315217163826023,
            1.003505522818706,
            0.8946348601312111,
            0.8015609363050021,
            0.721563612870547,
            0.6524370541716552,
            0.5923907421490263
        ],
        "imag": [
            0.07616247599094725,
            0.0953839161519286,
            0.11474965735004336,
            0.13430487319587492,
            0.15410162497608357,
            0.17420017719326086,
            0.19467073678895103,
            0.21559585320392738,
            0.2370737993870097,
            0.2592233943621543,
            0.28219096345780487,
            0.3061605263959571,
            0.3313689699761876,
            0.3581291095862706,
            0.3868655604749291,
            0.41817195535534674,
            0.4529046197878487,
            0.4923397484682792,
            0.5384417778023415,
            0.594319623122745,
            0.6649471238794038,
            0.7579289319692242,
            0.8820735001964023,
            1.0324942906694845,
            1.139668375287158,
            1.0768703408131386,
            0.8981456117370383,
            0.7590177517160264,
            0.6880639546716397,
            0.6596260726727099,
            0.6527381632555567,
            0.6558597294658053,
            0.6628916057415026,
            0.6705026528189473,
            0.676845709948593,
            0.6809724938261826,
            0.6825367248300614,
            0.6815901114551385,
            0.6784015922537419,
            0.6733008261282069,
            0.6665718468440928,
            0.6584119334088837,
            0.6489454979071156,
            0.6382650067371528,
            0.6264701301562878,
            0.6136885606523296,
            0.6000770935646907,
            0.5858107309183351,
            0.5710677169400306,
            0.5560131690466321,
            0.5407804553750343,
            0.5254529964585314,
            0.510059341730898,
            0.4946052083753158,
            0.47916964360164627,
            0.4640823280297069,
            0.4501721649807324,
            0.4390339863530896,
            0.4332084899269008,
            0.43613610115708645,
            0.4517737254120451,
            0.48388846770325467,
            0.5352256636161054,
            0.6068594127274884,
            0.6979514246808664,
            0.805901379117541,
            0.9266453712031466,
            1.0547895103540936,
            1.1833408499980593,
            1.3029180115484782,
            1.400434251803061,
            1.4574008142268329,
            1.4483599738058643,
            1.3407371338382348,
            1.0985992320797764,
            0.6934499620730116,
            0.12247096704448543,
            -0.5740487701682022,
            -1.313103738367918,
            -1.9965201713382672,
            -2.5494291511661076,
            -2.941387415162188,
            -3.1810475310097703,
            -3.297754260812178,
            -3.325259343972444,
            -3.2929779774326438,
            -3.223298804257411,
            -3.1319803275455684,
            -3.029573432779449,
            -2.9228902090234294,
            -2.8161892270544526,
            -2.7120365405033935,
            -2.611898361352684,
            -2.516537153890402,
            -2.4262719327465954,
            -2.3411476048457267,
            -2.2610443816663466
        ]
    },
    "CPU_time": {
        "derivatives": 0.19554591178894043,
        "buildingVn": 26.677165985107422,
        "spliting_Vn": 0.0,