{
    "geometry1": "new_broken_cubic",
    "geometry2": "large",
    "ope": "b2p_tang_ipp",
    "lc": 0.015,
    "dimP": 2,
    "dimQ": 2,
    "N": 51,
    "f0": 1000,
    "frequencies": [
        80,
        100,
        120,
        140,
        160,
        180,
        200,
        220,
        240,
        260,
        280,
        300,
        320,
        340,
        360,
        380,
        400,
        420,
        440,
        460,
        480,
        500,
        520,
        540,
        560,
        580,
        600,
        620,
        640,
        660,
        680,
        700,
        720,
        740,
        760,
        780,
        800,
        820,
        840,
        860,
        880,
        900,
        920,
        940,
        960,
        980,
        1000,
        1020,
        1040,
        1060,
        1080,
        1100,
        1120,
        1140,
        1160,
        1180,
        1200,
        1220,
        1240,
        1260,
        1280,
        1300,
        1320,
        1340,
        1360,
        1380,
        1400,
        1420,
        1440,
        1460,
        1480,
        1500,
        1520,
        1540,
        1560,
        1580,
        1600,
        1620,
        1640,
        1660,
        1680,
        1700,
        1720,
        1740,
        1760,
        1780,
        1800,
        1820,
        1840,
        1860,
        1880,
        1900,
        1920,
        1940,
        1960,
        1980,
        2000
    ],
    "Z_center": {
        "real": [
            0.01106043055001596,
            0.015990811649408482,
            0.021755705475660032,
            0.028582283481359588,
            0.03673056877069341,
            0.04645938305332591,
            0.0579958791378017,
            0.07150102889565393,
            0.08703303785373173,
            0.10451791784454656,
            0.12373997508227214,
            0.14436220784097645,
            0.1659769109046562,
            0.18817420053702696,
            0.21060810275951905,
            0.2330414909257184,
            0.25536106608617426,
            0.2775651685848292,
            0.29973442843936465,
            0.3219963961798691,
            0.3444923944108533,
            0.36735089904573576,
            0.39066874756942,
            0.41449990900745703,
            0.4388510867259925,
            0.4636834456770764,
            0.48891974716974557,
            0.5144558764240876,
            0.5401751810320224,
            0.5659634439714788,
            0.5917220198491444,
            0.6173769021595955,
            0.6428822737325214,
            0.6682182036778396,
            0.6933832634384178,
            0.7183836643716642,
            0.7432209431464303,
            0.7678802609565369,
            0.79232113625777,
            0.8164719984768767,
            0.8402294012576842,
            0.8634621164631419,
            0.8860196938650674,
            0.907744475268969,
            0.9284855556821353,
            0.9481128425787894,
            0.9665292349436336,
            0.9836790937817973,
            0.9995516568144645,
            1.0141788415068314,
            1.0276278469310747,
            1.039989878208726,
            1.0513669440269722,
            1.0618588755966805,
            1.0715524770715965,
            1.080514146565136,
            1.0887865592347252,
            1.096389238011577,
            1.1033221943765008,
            1.1095714185620842,
            1.1151149123811905,
            1.11992818917035,
            1.123988612006449,
            1.1272784204552477,
            1.1297866247514765,
            1.1315100385169812,
            1.1324536307414315,
            1.1326302509845592,
            1.1320597521794746,
            1.1307676377597118,
            1.1287835200482017,
            1.126139775376024,
            1.1228707368895325,
            1.119012582705188,
            1.114603833980963,
            1.1096861774864601,
            1.1043052432278324,
            1.0985110141960865,
            1.0923576835606499,
            1.0859029399312183,
            1.079206794725407,
            1.0723301352829646,
            1.0653331929428138,
            1.0582740788828593,
            1.0512074904498654,
            1.0441836474825676,
            1.0372474879401297,
            1.0304381299660437,
            1.0237885873066621,
            1.0173257091515808,
            1.0110703146539501,
            1.0050375107485399,
            0.9992372002621757,
            0.9936747685754423,
            0.9883518651228369,
            0.9832671207182281,
            0.9784166711856792
        ],
        "imag": [
            0.12113116887105908,
            0.1506179576890773,
            0.1802599357966069,
            0.21016887579381247,
            0.2403437648160362,
            0.27067735080110344,
            0.3009606604588506,
            0.3308925708842166,
            0.36010313392526266,
            0.3881956282801755,
            0.4148044908990671,
            0.4396567973618558,
            0.46261890462551697,
            0.48371222785316864,
            0.5030931116136873,
            0.5210053667792994,
            0.5377224426182986,
            0.5534958523421114,
            0.5685198512943538,
            0.5829146023187209,
            0.5967248231055213,
            0.6099290100189925,
            0.622454719490414,
            0.6341966231699216,
            0.6450351493732885,
            0.654854101565896,
            0.6635557740453328,
            0.6710720670998962,
            0.6773702772818998,
            0.6824528144026601,
            0.6863510547055037,
            0.6891146302778611,
            0.6907983251471936,
            0.6914491219529212,
            0.6910957451202778,
            0.6897424063601313,
            0.6873676072621993,
            0.6839280037798134,
            0.6793666153755182,
            0.6736241145452707,
            0.6666515702984804,
            0.6584228497334069,
            0.6489449163967512,
            0.6382645042183152,
            0.6264700752526318,
            0.6136885600352115,
            0.6000770935646795,
            0.5858107318179476,
            0.571067841118998,
            0.5560153226241656,
            0.5407959053088103,
            0.5255193510415264,
            0.5102586491036031,
            0.49505133530254813,
            0.4799051838834497,
            0.4648068696379104,
            0.44973187799048064,
            0.4346539699901831,
            0.41955284843032004,
            0.4044192342173486,
            0.38925721212113357,
            0.3740842703035646,
            0.35892978336069586,
            0.34383270902662244,
            0.32883905228765464,
            0.3139993655326164,
            0.2993663677947388,
            0.28499274872024954,
            0.2709293138402944,
            0.2572236977964501,
            0.2439198205816427,
            0.23105808197131247,
            0.21867606413575089,
            0.20680935475267673,
            0.19549208728965586,
            0.1847569226574749,
            0.17463440486942317,
            0.16515182610992055,
            0.15633186489066445,
            0.1481912880030066,
            0.14073994874491813,
            0.13398021196296103,
            0.12790683496068164,
            0.12250726131281377,
            0.11776224944142644,
            0.11364674983736392,
            0.11013094873194977,
            0.10718140228914787,
            0.10476219477607344,
            0.10283607210232713,
            0.10136552589022235,
            0.1003138154008639,
            0.09964589666350074,
            0.09932918970130596,
            0.09933410826353255,
            0.09963436148692348,
            0.10020720329881858
        ]
    },
    "CPU_time": {
        "derivatives": 0.18821978569030762,
        "buildingVn": 34.820998191833496,
        "spliting_Vn": 0.0,