{
    "geometry1": "new_broken_cubic",
    "geometry2": "small",
    "ope": "b2p_tang_ipp",
    "lc": 0.015,
    "dimP": 2,
    "dimQ": 2,
    "N": 64,
    "f0": 1000,
    "frequencies": [
        80,
        100,
        120,
        140,
        160,
        180,
        200,
        220,
        240,
        260,
        280,
        300,
        320,
        340,
        360,
        380,
        400,
        420,
        440,
        460,
        480,
        500,
        520,
        540,
        560,
        580,
        600,
        620,
        640,
        660,
        680,
        700,
        720,
        740,
        760,
        780,
        800,
        820,
        840,
        860,
        880,
        900,
        920,
        940,
        960,
        980,
        1000,
        1020,
        1040,
        1060,
        1080,
        1100,
        1120,
        1140,
        1160,
        1180,
        1200,
        1220,
        1240,
        1260,
        1280,
        1300,
        1320,
        1340,
        1360,
        1380,
        1400,
        1420,
        1440,
        1460,
        1480,
        1500,
        1520,
        1540,
        1560,
        1580,
        1600,
        1620,
        1640,
        1660,
        1680,
        1700,
        1720,
        1740,
        1760,
        1780,
        1800,
        1820,
        1840,
        1860,
        1880,
        1900,
        1920,
        1940,
        1960,
        1980,
        2000
    ],
    "Z_center": {
        "real": [
            0.013472505204833514,
            0.020649330521603202,
            0.029075316741480728,
            0.038594686065172516,
            0.049058575441412657,
            0.060332742888890484,
            0.07230243313900873,
            0.08487463264980093,
            0.09797822178448115,
            0.1115626306894919,
            0.12559557484589592,
            0.14006034380925592,
            0.1549529895990803,
            0.17027964039308374,
            0.18605406613065267,
            0.2022955498174505,
            0.2190270698405472,
            0.236273769719332,
            0.2540616771374035,
            0.2724166291313289,
            0.2913633612756771,
            0.3109247229774485,
            0.33112098682549734,
            0.35196922625766786,
            0.37348274199594506,
            0.3956705234479635,
            0.4185367364640995,
            0.4420802334402924,
            0.46629408580354453,
            0.49116514243381315,
            0.5166736206001696,
            0.5427927385279014,
            0.5694884007562652,
            0.5967189489681949,
            0.6244349919259388,
            0.6525793284728044,
            0.681086977213553,
            0.709885325406733,
            0.7388944077713474,
            0.7680273233204079,
            0.7971907950236927,
            0.8262858731494718,
            0.8552087786645527,
            0.8838518782599536,
            0.9121047776223113,
            0.9398555147451698,
            0.9669918306220769,
            0.9934024908566973,
            1.0189786288053442,
            1.0436150790371894,
            1.0672116693048976,
            1.089674439936917,
            1.1109167615833573,
            1.130860325482446,
            1.1494359846959095,
            1.1665844298569503,
            1.182256688609537,
            1.1964144437855542,
            1.2090301711680613,
            1.2200871031356944,
            1.2295790293376445,
            1.2375099496151356,
            1.2438935975386711,
            1.2487528551079305,
            1.2521190803592828,
            1.2540313699020502,
            1.2545357778519743,
            1.2536845113785313,
            1.2515351212852537,
            1.2481497038398333,
            1.2435941276302012,
            1.2379372966656423,
            1.2312504584023776,
            1.223606562936087,
            1.21507967735752,
            1.2057444572515081,
            1.1956756755807338,
            1.1849478077341047,
            1.173634670344371,
            1.1618091105745423,
            1.1495427419207638,
            1.1369057221459606,
            1.123966568728406,
            1.1107920071412636,
            1.0974468473433294,
            1.083993884049423,
            1.0704938166001765,
            1.0570051845842943,
            1.0435843157296802,
            1.0302852829764073,
            1.0171598680510938,
            1.0042575292750067,
            0.9916253717456489,
            0.9793081184174387,
            0.967348080992909,
            0.9557851298789075,
            0.9446566628011093
        ],
        "imag": [
            0.12284489737381567,
            0.15215124230049623,
            0.18064890610680698,
            0.20828216157272536,
            0.2350308978033589,
            0.26090450570837764,
            0.2859346634352904,
            0.3101680665627614,
            0.33365983437215796,
            0.356467999552987,
            0.37864922045480276,
            0.40025566861890216,
            0.4213329375404017,
            0.44191877461125006,
            0.4620424363533137,
            0.48172448908621995,
            0.5009769095737897,
            0.5198033742933922,
            0.5381996570152823,
            0.5561540803059316,
            0.5736479869557775,
            0.5906562126302537,
            0.607147552057897,
            0.6230852186764033,
            0.6384273026541233,
            0.6531272352403582,
            0.6671342689839765,
            0.680393983856106,
            0.6928488289869036,
            0.7044387087449475,
            0.7151016203720996,
            0.7247743484071008,
            0.7333932187519941,
            0.7408949125033171,
            0.7472173366465426,
            0.7523005454651999,
            0.7560877031514633,
            0.758526074721434,
            0.7595680290981164,
            0.7591720352691173,
            0.7573036299406194,
            0.7539363332627076,
            0.7490524881594182,
            0.7426439987042036,
            0.734712943934241,
            0.725272045551725,
            0.7143449710988756,
            0.7019664583369576,
            0.6881822515569165,
            0.673048846184109,
            0.6566330440449721,
            0.6390113277366035,
            0.6202690683653925,
            0.600499586192744,
            0.5798030881692783,
            0.5582855097394908,
            0.5360572905002061,
            0.5132321142345276,
            0.48992564351764933,
            0.46625427759737675,
            0.442333959728411,
            0.4182790567945543,
            0.3942013301052122,
            0.3702090119535824,
            0.34640599810164047,
            0.3228911620310367,
            0.29975779275156905,
            0.27709315432926573,
            0.2549781621955706,
            0.2334871687750583,
            0.21268784904665705,
            0.19264117532672057,
            0.1734014697726395,
            0.15501652282157305,
            0.13752776589965457,
            0.12097048721100385,
            0.10537408015170126,
            0.09076231481716698,
            0.07715362412831911,
            0.06456139721286624,
            0.05299427381674807,
            0.04245643462920287,
            0.03294788346171535,
            0.024464718207458182,
            0.01699938839507228,
            0.010540937952202222,
            0.005075232487353928,
            0.0005851709881534747,
            -0.002949117658602929,
            -0.005550092526442508,
            -0.007242631753843983,
            -0.008053875532304742,
            -0.008013079432274485,
            -0.007151476411274832,
            -0.005502145805794494,
            -0.003099887598096984,
            1.889971709405472e-05
        ]
    },
    "CPU_time": {
        "derivatives": 0.07063484191894531,
        "buildingVn": 5.465336084365845,
        "spliting_Vn": 0.0,