{
    "geometry1": "new_broken_cubic",
    "geometry2": "small",
    "ope": "b2p_tang_ipp",
    "lc": 0.015,
    "dimP": 2,
    "dimQ": 2,
    "N": 65,
    "f0": 1000,
    "frequencies": [
        80,
        100,
        120,
        140,
        160,
        180,
        200,
        220,
        240,
        260,
        280,
        300,
        320,
        340,
        360,
        380,
        400,
        420,
        440,
        460,
        480,
        500,
        520,
        540,
        560,
        580,
        600,
        620,
        640,
        660,
        680,
        700,
        720,
        740,
        760,
        780,
        800,
        820,
        840,
        860,
        880,
        900,
        920,
        940,
        960,
        980,
        1000,
        1020,
        1040,
        1060,
        1080,
        1100,
        1120,
        1140,
        1160,
        1180,
        1200,
        1220,
        1240,
        1260,
        1280,
        1300,
        1320,
        1340,
        1360,
        1380,
        1400,
        1420,
        1440,
        1460,
        1480,
        1500,
        1520,
        1540,
        1560,
        1580,
        1600,
        1620,
        1640,
        1660,
        1680,
        1700,
        1720,
        1740,
        1760,
        1780,
        1800,
        1820,
        1840,
        1860,
        1880,
        1900,
        1920,
        1940,
        1960,
        1980,
        2000
    ],
    "Z_center": {
        "real": [
            0.013472505204847282,
            0.020649330521618218,
            0.02907531674149794,
            0.03859468606519532,
            0.0490585754414407,
            0.06033274288891518,
            0.07230243313903183,
            0.08487463264982117,
            0.09797822178452222,
            0.11156263068954313,
            0.12559557484593495,
            0.14006034380930638,
            0.15495298959912615,
            0.17027964039315266,
            0.18605406613069195,
            0.20229554981745723,
            0.21902706984061657,
            0.236273769719415,
            0.25406167713749295,
            0.2724166291314135,
            0.2913633612757571,
            0.3109247229775574,
            0.33112098682559643,
            0.3519692262578222,
            0.37348274199605336,
            0.39567052344811415,
            0.4185367364642551,
            0.44208023344047315,
            0.46629408580375226,
            0.4911651424339886,
            0.5166736206003396,
            0.5427927385281494,
            0.5694884007565156,
            0.5967189489684787,
            0.6244349919262092,
            0.6525793284730943,
            0.6810869772138761,
            0.7098853254070838,
            0.7388944077717257,
            0.7680273233207534,
            0.7971907950240585,
            0.8262858731498149,
            0.8552087786649604,
            0.8838518782603568,
            0.9121047776226822,
            0.939855514745537,
            0.9669918306224378,
            0.9934024908570449,
            1.018978628805689,
            1.0436150790374927,
            1.0672116693051859,
            1.0896744399371814,
            1.1109167615835627,
            1.1308603254826524,
            1.1494359846961208,
            1.166584429857138,
            1.1822566886096606,
            1.1964144437856326,
            1.2090301711681286,
            1.2200871031357539,
            1.2295790293377085,
            1.2375099496151272,
            1.2438935975386956,
            1.2487528551079354,
            1.2521190803592275,
            1.2540313699020131,
            1.2545357778519532,
            1.2536845113785007,
            1.2515351212851749,
            1.248149703839769,
            1.2435941276300986,
            1.237937296665557,
            1.2312504584022783,
            1.2236065629360307,
            1.215079677357369,
            1.20574445725126,
            1.1956756755804698,
            1.1849478077338835,
            1.173634670344146,
            1.1618091105742712,
            1.1495427419204003,
            1.136905722145461,
            1.1239665687279803,
            1.1107920071406834,
            1.0974468473427825,
            1.0839938840487837,
            1.0704938165993794,
            1.0570051845833346,
            1.0435843157287266,
            1.0302852829754925,
            1.0171598680499465,
            1.004257529273759,
            0.9916253717442107,
            0.9793081184159753,
            0.9673480809914483,
            0.955785129877694,
            0.9446566627999469
        ],
        "imag": [
            0.12284489737383791,
            0.15215124230052485,
            0.18064890610683496,
            0.208282161572768,
            0.2350308978034084,
            0.2609045057084237,
            0.28593466343535334,
            0.310168066562825,
            0.3336598343722308,
            0.3564679995530716,
            0.3786492204548726,
            0.40025566861899026,
            0.42133293754049506,
            0.44191877461133966,
            0.4620424363534165,
            0.4817244890863043,
            0.5009769095739212,
            0.5198033742935186,
            0.5381996570153991,
            0.5561540803060526,
            0.5736479869559069,
            0.5906562126303805,
            0.6071475520580408,
            0.623085218676611,
            0.6384273026542578,
            0.6531272352405211,
            0.6671342689841543,
            0.6803939838563065,
            0.6928488289870569,
            0.7044387087450645,
            0.7151016203722742,
            0.7247743484072513,
            0.7333932187521286,
            0.7408949125034774,
            0.7472173366466591,
            0.7523005454653161,
            0.7560877031515696,
            0.7585260747215409,
            0.7595680290982076,
            0.7591720352691669,
            0.757303629940671,
            0.7539363332626754,
            0.749052488159411,
            0.7426439987041816,
            0.7347129439341579,
            0.725272045551622,
            0.714344971098746,
            0.7019664583368157,
            0.6881822515567292,
            0.6730488461839269,
            0.6566330440447548,
            0.6390113277363579,
            0.6202690683651813,
            0.6004995861925105,
            0.5798030881690662,
            0.5582855097392267,
            0.5360572904999285,
            0.5132321142342731,
            0.48992564351748813,
            0.46625427759714266,
            0.4423339597281516,
            0.4182790567943094,
            0.39420133010499286,
            0.3702090119533838,
            0.34640599810140854,
            0.3228911620308673,
            0.29975779275144493,
            0.277093154329077,
            0.25497816219541064,
            0.2334871687747752,
            0.21268784904650545,
            0.19264117532646347,
            0.17340146977242402,
            0.15501652282145192,
            0.13752776589944612,
            0.12097048721079058,
            0.10537408015143057,
            0.0907623148169627,
            0.07715362412814718,
            0.06456139721272561,
            0.05299427381657507,
            0.04245643462885204,
            0.03294788346150413,
            0.02446471820730747,
            0.01699938839488244,
            0.010540937952164209,
            0.005075232487176425,
            0.0005851709880280236,
            -0.0029491176588366122,
            -0.005550092526380097,
            -0.007242631753537016,
            -0.00805387553228259,
            -0.008013079432236553,
            -0.0071514764108876056,
            -0.005502145805532133,
            -0.0030998875976482993,
            1.889971758280342e-05
        ]
    },
    "CPU_time": {
        "derivatives": 0.07062363624572754,
        "buildingVn": 5.4547438621521,
        "spliting_Vn": 0.0,