{
    "geometry1": "new_broken_cubic",
    "geometry2": "large",
    "ope": "b2p_tang_ipp",
    "lc": 0.015,
    "dimP": 2,
    "dimQ": 2,
    "N": 43,
    "f0": 1000,
    "frequencies": [
        80,
        100,
        120,
        140,
        160,
        180,
        200,
        220,
        240,
        260,
        280,
        300,
        320,
        340,
        360,
        380,
        400,
        420,
        440,
        460,
        480,
        500,
        520,
        540,
        560,
        580,
        600,
        620,
        640,
        660,
        680,
        700,
        720,
        740,
        760,
        780,
        800,
        820,
        840,
        860,
        880,
        900,
        920,
        940,
        960,
        980,
        1000,
        1020,
        1040,
        1060,
        1080,
        1100,
        1120,
        1140,
        1160,
        1180,
        1200,
        1220,
        1240,
        1260,
        1280,
        1300,
        1320,
        1340,
        1360,
        1380,
        1400,
        1420,
        1440,
        1460,
        1480,
        1500,
        1520,
        1540,
        1560,
        1580,
        1600,
        1620,
        1640,
        1660,
        1680,
        1700,
        1720,
        1740,
        1760,
        1780,
        1800,
        1820,
        1840,
        1860,
        1880,
        1900,
        1920,
        1940,
        1960,
        1980,
        2000
    ],
    "Z_center": {
        "real": [
            0.011060608560438532,
            0.015990857630484145,
            0.02175569566027925,
            0.02858226215157011,
            0.036730552117894034,
            0.04645937376254163,
            0.057995875319328045,
            0.071501028011018,
            0.08703303807168837,
            0.10451791822997336,
            0.12373997532993859,
            0.14436220794336108,
            0.16597691092967573,
            0.18817420053631284,
            0.21060810275534297,
            0.23304149092340434,
            0.25536106608543,
            0.2775651685847208,
            0.299734428439412,
            0.3219963961799294,
            0.3444923944108987,
            0.3673508990457751,
            0.3906687475694494,
            0.4144999090074784,
            0.43885108672600215,
            0.4636834456770768,
            0.48891974716973363,
            0.514455876424067,
            0.5401751810319936,
            0.5659634439714434,
            0.591722019849102,
            0.6173769021595432,
            0.6428822737324672,
            0.6682182036777821,
            0.69338326343836,
            0.7183836643716096,
            0.7432209431463779,
            0.7678802609564949,
            0.7923211362577319,
            0.8164719984768449,
            0.840229401257657,
            0.8634621164631218,
            0.8860196938650537,
            0.9077444752689632,
            0.9284855556821379,
            0.9481128425787969,
            0.9665292349436455,
            0.98367909378181,
            0.999551656814482,
            1.0141788415068482,
            1.0276278469310922,
            1.0399898782087513,
            1.0513669440269966,
            1.061858875596705,
            1.0715524770716156,
            1.0805141465651635,
            1.0887865592347723,
            1.0963892380116178,
            1.1033221943765437,
            1.1095714185621024,
            1.1151149123812487,
            1.1199281891704,
            1.12398861200649,
            1.1272784204552984,
            1.129786624751505,
            1.1315100385169987,
            1.1324536307415003,
            1.1326302509846113,
            1.1320597521794475,
            1.130767637759767,
            1.128783520048303,
            1.1261397753763218,
            1.1228707368899808,
            1.119012582702307,
            1.1146038339617013,
            1.109686177433684,
            1.1043052432020988,
            1.0985110145602663,
            1.0923576851427095,
            1.0859029431453102,
            1.0792067960398453,
            1.0723301214042575,
            1.0653331405369508,
            1.0582739778925885,
            1.0512074070227015,
            1.0441838051803478,
            1.0372482690030276,
            1.0304398331879434,
            1.0237908357797563,
            1.0173266753313364,
            1.011066369059887,
            1.0050242181289029,
            0.9992123616507018,
            0.9936431823406882,
            0.9883298843324244,
            0.9832836961112512,
            0.9785073805859015
        ],
        "imag": [
            0.12113105278613523,
            0.15061784792266453,
            0.1802598723185433,
            0.21016884917456008,
            0.24034375808690775,
            0.2706773520150219,
            0.30096066339452254,
            0.330892573139589,
            0.36010313508921504,
            0.3881956286852524,
            0.4148044909545265,
            0.43965679732077295,
            0.4626189045871788,
            0.48371222783509044,
            0.5030931116083364,
            0.5210053667786427,
            0.5377224426185974,
            0.5534958523423414,
            0.5685198512944362,
            0.5829146023187292,
            0.5967248231055007,
            0.6099290100189616,
            0.6224547194903747,
            0.6341966231698769,
            0.6450351493732416,
            0.6548541015658486,
            0.6635557740452812,
            0.6710720670998469,
            0.6773702772818555,
            0.6824528144026216,
            0.6863510547054733,
            0.6891146302778386,
            0.6907983251471832,
            0.6914491219529135,
            0.6910957451202846,
            0.6897424063601456,
            0.6873676072622238,
            0.6839280037798451,
            0.6793666153755594,
            0.6736241145453182,
            0.6666515702985321,
            0.6584228497334569,
            0.6489449163968029,
            0.6382645042183657,
            0.6264700752526812,
            0.6136885600352595,
            0.600077093564722,
            0.5858107318179874,
            0.5710678411190369,
            0.5560153226241997,
            0.5407959053088394,
            0.5255193510415547,
            0.5102586491036308,
            0.4950513353025805,
            0.4799051838834793,
            0.4648068696379398,
            0.44973187799049386,
            0.43465396999020045,
            0.4195528484303383,
            0.4044192342173739,
            0.38925721212114894,
            0.37408427030354874,
            0.3589297833607025,
            0.34383270902660956,
            0.3288390522876645,
            0.31399936553268937,
            0.2993663677946735,
            0.28499274872016217,
            0.2709293138402963,
            0.25722369779648463,
            0.2439198205816657,
            0.2310580819711417,
            0.21867606413430382,
            0.20680935474793946,
            0.195492087285552,
            0.18475692269554614,
            0.1746344050684695,
            0.16515182656307784,
            0.15633186505224236,
            0.14819128542194643,
            0.140739938672722,
            0.13398019254510155,
            0.12790682355960034,
            0.12250731746387097,
            0.11776247372041461,
            0.11364720044003898,
            0.1101314339409367,
            0.1071812178292125,
            0.10476007017329829,
            0.10283073564711705,
            0.10135716336844125,
            0.10030612195171193,
            0.09964753616598084,
            0.0993527960407114,
            0.09939117279471586,
            0.09972585578094367,
            0.1003123162549661
        ]
    },
    "CPU_time": {
        "derivatives": 0.19046783447265625,
        "buildingVn": 34.095842123031616,
        "spliting_Vn": 0.0,
        "solvingMOR": 0.3480110168457031,