{
    "geometry1": "new_broken_cubic",
    "geometry2": "large",
    "ope": "b2p_tang_ipp",
    "lc": 0.015,
    "dimP": 2,
    "dimQ": 2,
    "N": 50,
    "f0": 1000,
    "frequencies": [
        80,
        100,
        120,
        140,
        160,
        180,
        200,
        220,
        240,
        260,
        280,
        300,
        320,
        340,
        360,
        380,
        400,
        420,
        440,
        460,
        480,
        500,
        520,
        540,
        560,
        580,
        600,
        620,
        640,
        660,
        680,
        700,
        720,
        740,
        760,
        780,
        800,
        820,
        840,
        860,
        880,
        900,
        920,
        940,
        960,
        980,
        1000,
        1020,
        1040,
        1060,
        1080,
        1100,
        1120,
        1140,
        1160,
        1180,
        1200,
        1220,
        1240,
        1260,
        1280,
        1300,
        1320,
        1340,
        1360,
        1380,
        1400,
        1420,
        1440,
        1460,
        1480,
        1500,
        1520,
        1540,
        1560,
        1580,
        1600,
        1620,
        1640,
        1660,
        1680,
        1700,
        1720,
        1740,
        1760,
        1780,
        1800,
        1820,
        1840,
        1860,
        1880,
        1900,
        1920,
        1940,
        1960,
        1980,
        2000
    ],
    "Z_center": {
        "real": [
            0.011060431437343324,
            0.01599081153690066,
            0.021755705221276064,
            0.028582283324456996,
            0.03673056870562549,
            0.0464593830356072,
            0.05799587913735684,
            0.07150102889872065,
            0.08703303785595562,
            0.10451791784549676,
            0.12373997508251311,
            0.1443622078409795,
            0.16597691090462052,
            0.18817420053700568,
            0.21060810275950492,
            0.23304149092570584,
            0.2553610660861614,
            0.2775651685848157,
            0.2997344284393516,
            0.3219963961798553,
            0.3444923944108395,
            0.3673508990457258,
            0.39066874756941067,
            0.41449990900744865,
            0.43885108672598705,
            0.4636834456770721,
            0.48891974716974157,
            0.5144558764240849,
            0.540175181032019,
            0.565963443971475,
            0.5917220198491423,
            0.6173769021595907,
            0.6428822737325182,
            0.6682182036778328,
            0.6933832634384092,
            0.7183836643716561,
            0.7432209431464248,
            0.7678802609565339,
            0.7923211362577641,
            0.816471998476874,
            0.8402294012576791,
            0.8634621164631371,
            0.886019693865065,
            0.9077444752689647,
            0.9284855556821341,
            0.9481128425787908,
            0.9665292349436354,
            0.9836790937818005,
            0.9995516568144709,
            1.0141788415068402,
            1.027627846931092,
            1.0399898782087467,
            1.051366944027002,
            1.0618588755967084,
            1.0715524770716247,
            1.0805141465651762,
            1.088786559234777,
            1.0963892380116416,
            1.1033221943765703,
            1.1095714185621328,
            1.1151149123812365,
            1.1199281891704094,
            1.1239886120064766,
            1.1272784204552797,
            1.1297866247515087,
            1.1315100385169754,
            1.1324536307414583,
            1.1326302509845816,
            1.1320597521794646,
            1.130767637759752,
            1.1287835200482512,
            1.126139775376052,
            1.1228707368895738,
            1.1190125827051876,
            1.114603833981109,
            1.1096861774865145,
            1.104305243227149,
            1.0985110141928056,
            1.0923576835574125,
            1.0859029399542544,
            1.0792067948400093,
            1.0723301354843113,
            1.0653331927465062,
            1.058274076862999,
            1.0512074852963027,
            1.0441836431109834,
            1.0372475016548046,
            1.0304381911197575,
            1.0237887017636658,
            1.0173257782331844,
            1.011070063445886,
            1.0050365787617261,
            0.9992355664202727,
            0.9936734666680778,
            0.9883534643459626,
            0.9832749841855415,
            0.978432152052775
        ],
        "imag": [
            0.12113116747292084,
            0.15061795690842789,
            0.18025993554421224,
            0.21016887576518697,
            0.2403437648431528,
            0.2706773508265732,
            0.30096066047237474,
            0.3308925708891349,
            0.3601031339262102,
            0.3881956282799565,
            0.4148044908987739,
            0.4396567973617084,
            0.4626189046254699,
            0.4837122278531531,
            0.5030931116136802,
            0.5210053667792949,
            0.5377224426182942,
            0.5534958523421092,
            0.5685198512943535,
            0.582914602318724,
            0.5967248231055249,
            0.6099290100190002,
            0.6224547194904213,
            0.6341966231699326,
            0.6450351493732992,
            0.6548541015659056,
            0.663555774045342,
            0.6710720670999025,
            0.6773702772819031,
            0.6824528144026656,
            0.686351054705508,
            0.6891146302778665,
            0.6907983251471985,
            0.6914491219529229,
            0.6910957451202832,
            0.6897424063601371,
            0.6873676072622089,
            0.6839280037798231,
            0.6793666153755297,
            0.6736241145452851,
            0.6666515702984969,
            0.6584228497334215,
            0.6489449163967675,
            0.6382645042183324,
            0.6264700752526509,
            0.6136885600352321,
            0.6000770935647007,
            0.5858107318179713,
            0.5710678411190239,
            0.5560153226241932,
            0.5407959053088374,
            0.525519351041558,
            0.5102586491036343,
            0.4950513353025804,
            0.47990518388347864,
            0.4648068696379287,
            0.4497318779904891,
            0.43465396999018047,
            0.41955284843030577,
            0.4044192342173326,
            0.38925721212111786,
            0.3740842703035352,
            0.3589297833606808,
            0.34383270902658947,
            0.32883905228762267,
            0.3139993655326778,
            0.29936636779466536,
            0.2849927487201596,
            0.27092931384029845,
            0.2572236977964531,
            0.24391982058163555,
            0.2310580819711971,
            0.21867606413565366,
            0.20680935475273765,
            0.1954920872895253,
            0.1847569226570502,
            0.17463440486883244,
            0.16515182611094353,
            0.15633186490196177,
            0.14819128803308226,
            0.14073994874456905,
            0.13398021170582855,
            0.12790683410005554,
            0.12250726028010407,
            0.11776225153467,
            0.11364676212861789,
            0.11013097467964934,
            0.1071814193353208,
            0.10476212836093696,
            0.10283581485680265,
            0.10136507203530815,
            0.10031351482672553,
            0.09964663996808373,
            0.09933211274740687,
            0.09933942919758026,
            0.0996395291870392,
            0.10020560675122557
        ]
    },
    "CPU_time": {
        "derivatives": 0.18695616722106934,
        "buildingVn": 34.377249002456665,
        "spliting_Vn": 0.0,