{
    "geometry1": "new_broken_cubic",
    "geometry2": "small",
    "ope": "b2p_tang_ipp",
    "lc": 0.015,
    "dimP": 2,
    "dimQ": 2,
    "N": 60,
    "f0": 1000,
    "frequencies": [
        80,
        100,
        120,
        140,
        160,
        180,
        200,
        220,
        240,
        260,
        280,
        300,
        320,
        340,
        360,
        380,
        400,
        420,
        440,
        460,
        480,
        500,
        520,
        540,
        560,
        580,
        600,
        620,
        640,
        660,
        680,
        700,
        720,
        740,
        760,
        780,
        800,
        820,
        840,
        860,
        880,
        900,
        920,
        940,
        960,
        980,
        1000,
        1020,
        1040,
        1060,
        1080,
        1100,
        1120,
        1140,
        1160,
        1180,
        1200,
        1220,
        1240,
        1260,
        1280,
        1300,
        1320,
        1340,
        1360,
        1380,
        1400,
        1420,
        1440,
        1460,
        1480,
        1500,
        1520,
        1540,
        1560,
        1580,
        1600,
        1620,
        1640,
        1660,
        1680,
        1700,
        1720,
        1740,
        1760,
        1780,
        1800,
        1820,
        1840,
        1860,
        1880,
        1900,
        1920,
        1940,
        1960,
        1980,
        2000
    ],
    "Z_center": {
        "real": [
            0.013472505204824254,
            0.02064933052158453,
            0.02907531674146204,
            0.03859468606513265,
            0.04905857544138215,
            0.06033274288884864,
            0.07230243313894662,
            0.08487463264972862,
            0.09797822178443565,
            0.11156263068942167,
            0.1255955748458216,
            0.1400603438091776,
            0.15495298959899548,
            0.17027964039299273,
            0.1860540661305554,
            0.2022955498173695,
            0.21902706984045403,
            0.23627376971923755,
            0.25406167713735117,
            0.2724166291312262,
            0.2913633612755804,
            0.3109247229773781,
            0.3311209868254412,
            0.3519692262576709,
            0.3734827419958679,
            0.3956705234479617,
            0.41853673646407347,
            0.44208023344028674,
            0.46629408580356185,
            0.49116514243379467,
            0.5166736206001621,
            0.5427927385279927,
            0.5694884007563038,
            0.5967189489683322,
            0.6244349919260257,
            0.6525793284729873,
            0.6810869772137711,
            0.7098853254069803,
            0.7388944077716966,
            0.7680273233208007,
            0.7971907950242093,
            0.8262858731500741,
            0.8552087786653727,
            0.8838518782609135,
            0.912104777623399,
            0.9398555147464638,
            0.9669918306235157,
            0.9934024908582236,
            1.0189786288069187,
            1.043615079038721,
            1.0672116693063831,
            1.089674439938327,
            1.1109167615846307,
            1.130860325483616,
            1.1494359846969882,
            1.1665844298579724,
            1.182256688610401,
            1.1964144437863689,
            1.2090301711687899,
            1.220087103136375,
            1.229579029338236,
            1.237509949615692,
            1.243893597539206,
            1.2487528551083777,
            1.252119080359661,
            1.254031369902456,
            1.2545357778523434,
            1.253684511378849,
            1.251535121285566,
            1.2481497038401048,
            1.243594127630434,
            1.2379372966658806,
            1.2312504584025623,
            1.2236065629363664,
            1.2150796773577701,
            1.2057444572516127,
            1.1956756755808724,
            1.1849478077342588,
            1.1736346703445462,
            1.1618091105747077,
            1.1495427419207853,
            1.1369057221458758,
            1.1239665687285318,
            1.1107920071412756,
            1.0974468473433805,
            1.0839938840493555,
            1.07049381659994,
            1.057005184584036,
            1.0435843157296407,
            1.0302852829762723,
            1.0171598680510219,
            1.0042575292746874,
            0.9916253717455012,
            0.9793081184170952,
            0.9673480809926841,
            0.9557851298790017,
            0.9446566628010727
        ],
        "imag": [
            0.12284489737376521,
            0.15215124230043361,
            0.18064890610674236,
            0.20828216157265306,
            0.23503089780328426,
            0.2609045057083164,
            0.28593466343522517,
            0.31016806656270607,
            0.33365983437210567,
            0.35646799955293246,
            0.3786492204547745,
            0.40025566861889095,
            0.4213329375403644,
            0.44191877461125256,
            0.46204243635331593,
            0.4817244890862134,
            0.5009769095738621,
            0.5198033742934651,
            0.5381996570153347,
            0.5561540803060055,
            0.5736479869558914,
            0.5906562126303427,
            0.6071475520580122,
            0.6230852186766199,
            0.6384273026543292,
            0.6531272352405915,
            0.667134268984159,
            0.6803939838563541,
            0.6928488289870938,
            0.7044387087452043,
            0.715101620372398,
            0.7247743484074586,
            0.7333932187523569,
            0.7408949125037456,
            0.7472173366469479,
            0.752300545465706,
            0.7560877031519708,
            0.7585260747220064,
            0.7595680290987518,
            0.7591720352697984,
            0.7573036299413559,
            0.7539363332634591,
            0.7490524881601995,
            0.7426439987049837,
            0.7347129439349507,
            0.7252720455523184,
            0.7143449710993117,
            0.7019664583371957,
            0.6881822515569523,
            0.6730488461839548,
            0.6566330440446192,
            0.6390113277360981,
            0.6202690683648111,
            0.6004995861920903,
            0.5798030881685902,
            0.5582855097387464,
            0.5360572904995101,
            0.5132321142338249,
            0.48992564351698925,
            0.466254277596681,
            0.4423339597277149,
            0.41827905679390565,
            0.39420133010459996,
            0.37020901195298817,
            0.3464059981010828,
            0.3228911620306027,
            0.29975779275116454,
            0.27709315432884324,
            0.25497816219524755,
            0.23348716877469006,
            0.21268784904643778,
            0.19264117532645622,
            0.1734014697724325,
            0.1550165228214994,
            0.13752776589961024,
            0.1209704872110407,
            0.10537408015176261,
            0.09076231481731699,
            0.07715362412873081,
            0.06456139721333225,
            0.052994273817160154,
            0.042456434629559996,
            0.03294788346232069,
            0.024464718208312204,
            0.016999388395908848,
            0.010540937953286431,
            0.0050752324884789255,
            0.0005851709893375941,
            -0.002949117657400743,
            -0.005550092524772532,
            -0.0072426317518755395,
            -0.008053875530516364,
            -0.008013079430415317,
            -0.007151476408991103,
            -0.005502145803493148,
            -0.0030998875956648178,
            1.8899719734160613e-05
        ]
    },
    "CPU_time": {
        "derivatives": 0.07188296318054199,
        "buildingVn": 5.1615118980407715,
        "spliting_Vn": 0.0,