{
    "geometry1": "new_broken_cubic",
    "geometry2": "large",
    "ope": "b2p_tang_ipp",
    "lc": 0.015,
    "dimP": 2,
    "dimQ": 2,
    "N": 8,
    "f0": 1000,
    "frequencies": [
        80,
        100,
        120,
        140,
        160,
        180,
        200,
        220,
        240,
        260,
        280,
        300,
        320,
        340,
        360,
        380,
        400,
        420,
        440,
        460,
        480,
        500,
        520,
        540,
        560,
        580,
        600,
        620,
        640,
        660,
        680,
        700,
        720,
        740,
        760,
        780,
        800,
        820,
        840,
        860,
        880,
        900,
        920,
        940,
        960,
        980,
        1000,
        1020,
        1040,
        1060,
        1080,
        1100,
        1120,
        1140,
        1160,
        1180,
        1200,
        1220,
        1240,
        1260,
        1280,
        1300,
        1320,
        1340,
        1360,
        1380,
        1400,
        1420,
        1440,
        1460,
        1480,
        1500,
        1520,
        1540,
        1560,
        1580,
        1600,
        1620,
        1640,
        1660,
        1680,
        1700,
        1720,
        1740,
        1760,
        1780,
        1800,
        1820,
        1840,
        1860,
        1880,
        1900,
        1920,
        1940,
        1960,
        1980,
        2000
    ],
    "Z_center": {
        "real": [
            0.005310667216118799,
            0.006969675281686218,
            0.008705712607501586,
            0.010492754746387304,
            0.012303875827933661,
            0.014111009393082963,
            0.015884947614957217,
            0.017595653822035866,
            0.019213176984250208,
            0.020709783316023897,
            0.022064516539079856,
            0.023272560102528976,
            0.024364104245885643,
            0.025442179600252853,
            0.026758748048955873,
            0.028868567849515137,
            0.03294034374506206,
            0.04137306087692903,
            0.05892356906676625,
            0.09428012904240876,
            0.16014409101098903,
            0.26489387515136853,
            0.3917959632047382,
            0.49772081094345805,
            0.5567936991532493,
            0.5790463176262642,
            0.5845367385739619,
            0.5863670266046853,
            0.5904068021896325,
            0.5986164797368901,
            0.6112299269440696,
            0.6277731685222598,
            0.6474974676814177,
            0.6695757496866448,
            0.693214489950831,
            0.7177308210805086,
            0.7425993934990389,
            0.767461740160342,
            0.7920983473232239,
            0.8163768833351219,
            0.8401976169171923,
            0.8634542771153002,
            0.8860184161713742,
            0.9077443644200949,
            0.9284855525670203,
            0.948112842573195,
            0.9665292349435258,
            0.9836790937931434,
            0.9995516619365277,
            1.0141790203791534,
            1.0276299633007233,
            1.0400033266580584,
            1.051423000658591,
            1.0620276479373805,
            1.0719331083278791,
            1.0811369626469316,
            1.0893491977336949,
            1.0957768771552696,
            1.098951799342567,
            1.0967422952015489,
            1.0867031163269163,
            1.0668548337799506,
            1.0368116930719995,
            0.998916794339177,
            0.9588529136861882,
            0.9253151510863392,
            0.9088082393815422,
            0.9201341247306917,
            0.9692252662502744,
            1.0645955830937768,
            1.2131634046139026,
            1.4198682433772563,
            1.6864201705980169,
            2.008667784917605,
            2.372615028497272,
            2.750415824135854,
            3.0996579691400505,
            3.370168850042055,
            3.519138753050314,
            3.527518553924629,
            3.4064367471805554,
            3.189334373222248,
            2.916838668017284,
            2.6243687044366744,
            2.3367729551647014,
            2.068513209014954,
            1.8262613313376197,
            1.6117364342066962,
            1.4239033455341006,
            1.2604149049389883,
            1.118460548954284,
            0.995221209212354,
            0.8880873969185804,
            0.7947445333362189,
            0.7131886417400244,
            0.6417085051469795,
            0.5788539867647752
        ],
        "imag": [
            0.08278789336315405,
            0.10369476683607169,
            0.1247952500210585,
            0.14615265388144136,
            0.16784037617654396,
            0.1899454457921774,
            0.2125728913235658,
            0.235851532090969,
            0.25994198965250753,
            0.2850480568301083,
            0.31143310155646375,
            0.3394440031524752,
            0.3695462759758726,
            0.4023753939002555,
            0.4388099390931259,
            0.48006820314070014,
            0.5278077789550341,
            0.5841243684601357,
            0.6510806416347724,
            0.7287183751405423,
            0.8096559463528633,
            0.8714100448160352,
            0.8828980005157253,
            0.8396989867112522,
            0.7754335540911135,
            0.7218149897237551,
            0.6881168967593195,
            0.6711714154744614,
            0.6654034376249965,
            0.6662128350242728,
            0.6703622669192181,
            0.6756749481051788,
            0.680727242433577,
            0.6846425466602859,
            0.686954957698191,
            0.6874998625932217,
            0.6863085658705177,
            0.6835073726679576,
            0.6792357027187673,
            0.6735977603131067,
            0.6666514048967065,
            0.658424967432222,
            0.6489456764345763,
            0.6382646213371734,
            0.6264700812586185,
            0.6136885600628363,
            0.6000770935646706,
            0.5858107318470499,
            0.5710678476738659,
            0.5560154498457467,
            0.5407966264959008,
            0.5255198704104782,
            0.5102442960702546,
            0.49495045981806624,
            0.47949318255452317,
            0.46355631537676467,
            0.4466621377595178,
            0.42830845765105974,
            0.40829158135566523,
            0.38721247324050206,
            0.36706034457037345,
            0.3516427261063435,
            0.34654261305889517,
            0.3583441116267071,
            0.3931674186973382,
            0.4549835877649898,
            0.5443933372706558,
            0.65828538455874,
            0.7902156952091693,
            0.9309419190187976,
            1.0685701010322255,
            1.1881121386916103,
            1.270711089474316,
            1.2933188700085338,
            1.2302070726680743,
            1.0580030969301835,
            0.7648935681839905,
            0.3611073151207319,
            -0.11660979785785652,
            -0.6131404019889787,
            -1.0732719434628828,
            -1.4585613394890473,
            -1.7533801661936392,
            -1.9606001952256695,
            -2.093300634916035,
            -2.167710960592335,
            -2.199085189493463,
            -2.2000173879500964,
            -2.1801760567576713,
            -2.1466629205912016,
            -2.1045483472631785,
            -2.05738206665793,
            -2.007611482186658,
            -1.9569000902848288,
            -1.9063604416115576,
            -1.8567208115823384,
            -1.8084429505659723
        ]
    },
    "CPU_time": {
        "derivatives": 0.21944713592529297,
        "buildingVn": 27.108021020889282,
        "spliting_Vn": 0.0,