{
    "geometry1": "new_broken_cubic",
    "geometry2": "large",
    "ope": "b2p_tang_ipp",
    "lc": 0.015,
    "dimP": 2,
    "dimQ": 2,
    "N": 62,
    "f0": 1000,
    "frequencies": [
        80,
        100,
        120,
        140,
        160,
        180,
        200,
        220,
        240,
        260,
        280,
        300,
        320,
        340,
        360,
        380,
        400,
        420,
        440,
        460,
        480,
        500,
        520,
        540,
        560,
        580,
        600,
        620,
        640,
        660,
        680,
        700,
        720,
        740,
        760,
        780,
        800,
        820,
        840,
        860,
        880,
        900,
        920,
        940,
        960,
        980,
        1000,
        1020,
        1040,
        1060,
        1080,
        1100,
        1120,
        1140,
        1160,
        1180,
        1200,
        1220,
        1240,
        1260,
        1280,
        1300,
        1320,
        1340,
        1360,
        1380,
        1400,
        1420,
        1440,
        1460,
        1480,
        1500,
        1520,
        1540,
        1560,
        1580,
        1600,
        1620,
        1640,
        1660,
        1680,
        1700,
        1720,
        1740,
        1760,
        1780,
        1800,
        1820,
        1840,
        1860,
        1880,
        1900,
        1920,
        1940,
        1960,
        1980,
        2000
    ],
    "Z_center": {
        "real": [
            0.011060430218493178,
            0.015990811658660387,
            0.021755705569243187,
            0.028582283546526272,
            0.036730568797279706,
            0.046459383059191166,
            0.05799587913694174,
            0.07150102889407746,
            0.08703303785287855,
            0.10451791784427936,
            0.12373997508224938,
            0.14436220784101236,
            0.16597691090468816,
            0.18817420053704975,
            0.2106081027595299,
            0.2330414909257207,
            0.25536106608616765,
            0.2775651685848125,
            0.29973442843933956,
            0.3219963961798353,
            0.3444923944108085,
            0.36735089904568696,
            0.39066874756936665,
            0.41449990900739836,
            0.4388510867259329,
            0.46368344567701614,
            0.48891974716968667,
            0.5144558764240302,
            0.5401751810319709,
            0.5659634439714317,
            0.5917220198491087,
            0.6173769021595658,
            0.6428822737325005,
            0.6682182036778314,
            0.6933832634384197,
            0.7183836643716744,
            0.7432209431464522,
            0.7678802609565697,
            0.7923211362578061,
            0.816471998476917,
            0.8402294012577246,
            0.8634621164631795,
            0.8860196938651015,
            0.9077444752689968,
            0.9284855556821598,
            0.948112842578805,
            0.9665292349436431,
            0.9836790937818013,
            0.9995516568144707,
            1.014178841506836,
            1.02762784693109,
            1.039989878208735,
            1.0513669440269997,
            1.0618588755967062,
            1.0715524770716363,
            1.0805141465651682,
            1.0887865592347759,
            1.096389238011644,
            1.1033221943765537,
            1.1095714185621166,
            1.115114912381204,
            1.1199281891703696,
            1.1239886120064722,
            1.1272784204552124,
            1.1297866247514128,
            1.1315100385169676,
            1.1324536307413897,
            1.1326302509844477,
            1.132059752179364,
            1.1307676377596685,
            1.1287835200481549,
            1.1261397753759368,
            1.1228707368893975,
            1.1190125827050332,
            1.1146038339809627,
            1.109686177486493,
            1.1043052432278302,
            1.0985110141965095,
            1.0923576835623243,
            1.0859029399327345,
            1.0792067947137396,
            1.0723301352283963,
            1.0653331928546534,
            1.0582740789951617,
            1.0512074913933591,
            1.0441836497282675,
            1.0372474895175876,
            1.0304381232319086,
            1.0237885604284227,
            1.017325662133982,
            1.0110702923220225,
            1.00503762703308,
            0.9992375921562032,
            0.9936754206316166,
            0.988352340324836,
            0.9832664135971564,
            0.9784135377889099
        ],
        "imag": [
            0.12113116928417626,
            0.15061795797503244,
            0.18025993590324,
            0.21016887580601878,
            0.2403437648028015,
            0.27067735078964156,
            0.3009606604534986,
            0.3308925708826691,
            0.36010313392515053,
            0.3881956282803397,
            0.41480449089916754,
            0.439656797361876,
            0.46261890462549693,
            0.48371222785313234,
            0.5030931116136447,
            0.5210053667792542,
            0.5377224426182513,
            0.5534958523420628,
            0.5685198512943085,
            0.5829146023186785,
            0.5967248231054831,
            0.6099290100189635,
            0.6224547194903911,
            0.6341966231699088,
            0.6450351493732872,
            0.6548541015659022,
            0.6635557740453485,
            0.6710720670999216,
            0.6773702772819344,
            0.682452814402702,
            0.6863510547055527,
            0.6891146302779156,
            0.6907983251472547,
            0.691449121952979,
            0.6910957451203377,
            0.6897424063601894,
            0.6873676072622518,
            0.6839280037798592,
            0.6793666153755573,
            0.673624114545299,
            0.6666515702985025,
            0.6584228497334145,
            0.6489449163967509,
            0.6382645042183107,
            0.6264700752526232,
            0.613688560035204,
            0.6000770935646735,
            0.5858107318179459,
            0.5710678411190044,
            0.5560153226241766,
            0.5407959053088239,
            0.5255193510415499,
            0.5102586491036448,
            0.4950513353025672,
            0.479905183883476,
            0.4648068696379245,
            0.4497318779904665,
            0.43465396999015793,
            0.41955284843028023,
            0.4044192342173198,
            0.3892572121210901,
            0.3740842703034742,
            0.3589297833606592,
            0.3438327090265634,
            0.3288390522875744,
            0.3139993655326466,
            0.2993663677946087,
            0.28499274872015146,
            0.2709293138403016,
            0.2572236977965111,
            0.2439198205816198,
            0.23105808197124908,
            0.21867606413574378,
            0.20680935475284046,
            0.19549208728970352,
            0.18475692265746904,
            0.17463440486967743,
            0.16515182611030607,
            0.15633186489013337,
            0.1481912879974575,
            0.1407399487307065,
            0.13398021196537557,
            0.1279068350857105,
            0.12250726170385483,
            0.11776224985505884,
            0.11364674875596546,
            0.11013094317791036,
            0.10718139135960415,
            0.10476218916187925,
            0.1028361036311815,
            0.10136563636495517,
            0.10031399871444173,
            0.09964599947146169,
            0.09932885301154212,
            0.09933290691371927,
            0.09963226372195479,
            0.10020524073303652
        ]
    },
    "CPU_time": {
        "derivatives": 0.1945641040802002,
        "buildingVn": 36.99729108810425,
        "spliting_Vn": 0.0,