{
    "geometry1": "new_broken_cubic",
    "geometry2": "large",
    "ope": "b2p_tang_ipp",
    "lc": 0.015,
    "dimP": 2,
    "dimQ": 2,
    "N": 28,
    "f0": 1000,
    "frequencies": [
        80,
        100,
        120,
        140,
        160,
        180,
        200,
        220,
        240,
        260,
        280,
        300,
        320,
        340,
        360,
        380,
        400,
        420,
        440,
        460,
        480,
        500,
        520,
        540,
        560,
        580,
        600,
        620,
        640,
        660,
        680,
        700,
        720,
        740,
        760,
        780,
        800,
        820,
        840,
        860,
        880,
        900,
        920,
        940,
        960,
        980,
        1000,
        1020,
        1040,
        1060,
        1080,
        1100,
        1120,
        1140,
        1160,
        1180,
        1200,
        1220,
        1240,
        1260,
        1280,
        1300,
        1320,
        1340,
        1360,
        1380,
        1400,
        1420,
        1440,
        1460,
        1480,
        1500,
        1520,
        1540,
        1560,
        1580,
        1600,
        1620,
        1640,
        1660,
        1680,
        1700,
        1720,
        1740,
        1760,
        1780,
        1800,
        1820,
        1840,
        1860,
        1880,
        1900,
        1920,
        1940,
        1960,
        1980,
        2000
    ],
    "Z_center": {
        "real": [
            0.01096624469634577,
            0.015937888267463753,
            0.021738461282413475,
            0.028588132345248835,
            0.036747852423134164,
            0.04647970570731957,
            0.058014138159730375,
            0.07151479177093732,
            0.08704180617561551,
            0.10452241035533472,
            0.12374147657288732,
            0.14436204400066577,
            0.16597611369170573,
            0.1881733874301678,
            0.21060752690865756,
            0.2330411746706746,
            0.25536093400497295,
            0.27756513464148747,
            0.29973443260928745,
            0.32199640797838974,
            0.3444924031761979,
            0.3673509035050908,
            0.39066874925992356,
            0.4144999094488111,
            0.43885108676402,
            0.4636834456416444,
            0.48891974714478337,
            0.5144558764143501,
            0.5401751810294142,
            0.5659634439710259,
            0.5917220198491191,
            0.617376902159609,
            0.642882273732532,
            0.6682182036778527,
            0.6933832634384273,
            0.7183836643716762,
            0.7432209431464373,
            0.7678802609565446,
            0.7923211362577699,
            0.8164719984768715,
            0.8402294012576702,
            0.863462116463122,
            0.8860196938650423,
            0.9077444752689365,
            0.9284855556821023,
            0.9481128425787532,
            0.9665292349435933,
            0.983679093781756,
            0.9995516568144296,
            1.0141788415068005,
            1.0276278469310487,
            1.0399898782087116,
            1.0513669440269682,
            1.0618588755966905,
            1.0715524770716098,
            1.0805141465651675,
            1.088786559234778,
            1.0963892380116353,
            1.1033221943765672,
            1.1095714185621524,
            1.115114912381244,
            1.119928189170545,
            1.1239886120079865,
            1.127278420463392,
            1.1297866247768464,
            1.1315100385422079,
            1.1324536305467168,
            1.1326302496862501,
            1.1320597477168528,
            1.1307676280730057,
            1.1287835104293296,
            1.1261397976202057,
            1.1228708778192482,
            1.1190129935865383,
            1.1146046513418124,
            1.1096872614292907,
            1.1043056924111536,
            1.098508602182895,
            1.0923486620286729,
            1.0858829277589048,
            1.0791734703253364,
            1.0722879378879435,
            1.0652991660186824,
            1.0582826111155987,
            1.051310569680716,
            1.0444429913495603,
            1.0377160469983173,
            1.031131087941474,
            1.0246477380949819,
            1.018185147346032,
            1.0116345842357615,
            1.0048844460308284,
            0.9978556147012254,
            0.9905415463168824,
            0.9830446884785122,
            0.9756000796987776,
            0.9685790768329032
        ],
        "imag": [
            0.12118244447740353,
            0.15068761599939662,
            0.180325433716104,
            0.21021945172535997,
            0.24037710688193378,
            0.27069556458411614,
            0.30096762066785604,
            0.33089241758465227,
            0.360099450116683,
            0.3881910326276847,
            0.41480053299400477,
            0.43965409242646597,
            0.46261742376900783,
            0.48371162884850555,
            0.503093003373922,
            0.5210054540139034,
            0.5377225605752554,
            0.5534959379103122,
            0.5685198971280089,
            0.5829146209961399,
            0.5967248282426367,
            0.609929010232377,
            0.6224547186946294,
            0.6341966225735666,
            0.6450351490976415,
            0.6548541014744491,
            0.6635557740248421,
            0.6710720670982625,
            0.6773702772828887,
            0.6824528144032298,
            0.6863510547056819,
            0.6891146302779069,
            0.6907983251472072,
            0.6914491219529236,
            0.6910957451202754,
            0.6897424063601234,
            0.6873676072621858,
            0.6839280037797939,
            0.6793666153754963,
            0.6736241145452486,
            0.6666515702984604,
            0.6584228497333868,
            0.6489449163967327,
            0.6382645042183024,
            0.6264700752526241,
            0.6136885600352111,
            0.6000770935646865,
            0.585810731817964,
            0.5710678411190232,
            0.5560153226241997,
            0.5407959053088491,
            0.5255193510415747,
            0.5102586491036593,
            0.49505133530259676,
            0.4799051838835108,
            0.46480686963795587,
            0.44973187799051706,
            0.43465396999020656,
            0.4195528484303294,
            0.40441923421736115,
            0.38925721212116576,
            0.3740842703038103,
            0.35892978336151815,
            0.3438327090256567,
            0.32883905226407517,
            0.31399936540240786,
            0.29936636737286887,
            0.2849927479727065,
            0.2709293142203935,
            0.2572237056811719,
            0.24391985180058365,
            0.2310581593579606,
            0.2186761883575742,
            0.20680942307084643,
            0.1954917590586773,
            0.18475550767337973,
            0.17463097154576776,
            0.16514581637791306,
            0.15632442923373235,
            0.14818719870958752,
            0.1407493216413731,
            0.13401858558187538,
            0.1279918210515092,
            0.12265041112411186,
            0.11795618708940467,
            0.11384983470109424,
            0.11025416478208211,
            0.10708399440261748,
            0.10426292294578825,
            0.10174520757086519,
            0.09953868618039825,
            0.09772286812495497,
            0.09645562927712333,
            0.09596306568296037,
            0.09651022010870719,
            0.0983550147467038,
            0.10169229472438919
        ]
    },
    "CPU_time": {
        "derivatives": 0.18848299980163574,
        "buildingVn": 30.31902313232422,
        "spliting_Vn": 0.0,