{
    "geometry1": "new_broken_cubic",
    "geometry2": "small",
    "ope": "b2p_tang_ipp",
    "lc": 0.015,
    "dimP": 2,
    "dimQ": 2,
    "N": 66,
    "f0": 1000,
    "frequencies": [
        80,
        100,
        120,
        140,
        160,
        180,
        200,
        220,
        240,
        260,
        280,
        300,
        320,
        340,
        360,
        380,
        400,
        420,
        440,
        460,
        480,
        500,
        520,
        540,
        560,
        580,
        600,
        620,
        640,
        660,
        680,
        700,
        720,
        740,
        760,
        780,
        800,
        820,
        840,
        860,
        880,
        900,
        920,
        940,
        960,
        980,
        1000,
        1020,
        1040,
        1060,
        1080,
        1100,
        1120,
        1140,
        1160,
        1180,
        1200,
        1220,
        1240,
        1260,
        1280,
        1300,
        1320,
        1340,
        1360,
        1380,
        1400,
        1420,
        1440,
        1460,
        1480,
        1500,
        1520,
        1540,
        1560,
        1580,
        1600,
        1620,
        1640,
        1660,
        1680,
        1700,
        1720,
        1740,
        1760,
        1780,
        1800,
        1820,
        1840,
        1860,
        1880,
        1900,
        1920,
        1940,
        1960,
        1980,
        2000
    ],
    "Z_center": {
        "real": [
            0.013472505204685407,
            0.020649330521416626,
            0.02907531674126911,
            0.03859468606492373,
            0.04905857544114047,
            0.06033274288859799,
            0.07230243313868069,
            0.08487463264945459,
            0.09797822178412825,
            0.11156263068915985,
            0.12559557484553027,
            0.14006034380888216,
            0.15495298959868756,
            0.1702796403926807,
            0.18605406613023695,
            0.20229554981699135,
            0.21902706984009876,
            0.23627376971885136,
            0.25406167713694533,
            0.2724166291308314,
            0.2913633612751522,
            0.3109247229769271,
            0.3311209868249873,
            0.3519692262571866,
            0.3734827419954255,
            0.395670523447485,
            0.4185367364636437,
            0.44208023343986885,
            0.4662940858031102,
            0.49116514243339543,
            0.5166736205997879,
            0.5427927385276092,
            0.5694884007559997,
            0.5967189489679886,
            0.6244349919257692,
            0.6525793284727234,
            0.6810869772135593,
            0.7098853254068273,
            0.738894407771522,
            0.7680273233206513,
            0.7971907950240361,
            0.8262858731498625,
            0.85520877866508,
            0.8838518782605425,
            0.912104777622936,
            0.9398555147458614,
            0.9669918306228265,
            0.9934024908574826,
            1.0189786288061877,
            1.0436150790380332,
            1.0672116693057645,
            1.0896744399377716,
            1.1109167615841913,
            1.1308603254832872,
            1.1494359846967284,
            1.1665844298578052,
            1.1822566886102246,
            1.196414443786256,
            1.2090301711687144,
            1.2200871031362928,
            1.2295790293381992,
            1.237509949615637,
            1.2438935975391276,
            1.248752855108315,
            1.252119080359606,
            1.2540313699024184,
            1.254535777852267,
            1.253684511378792,
            1.2515351212854493,
            1.2481497038400526,
            1.2435941276303395,
            1.2379372966657547,
            1.2312504584024553,
            1.2236065629361992,
            1.2150796773576256,
            1.2057444572514762,
            1.1956756755806837,
            1.1849478077341284,
            1.173634670344354,
            1.1618091105744952,
            1.149542741920561,
            1.1369057221456853,
            1.123966568728233,
            1.11079200714095,
            1.097446847342933,
            1.0839938840489887,
            1.0704938165995637,
            1.0570051845836175,
            1.04358431572902,
            1.0302852829756715,
            1.0171598680501042,
            1.0042575292739218,
            0.9916253717442991,
            0.9793081184160342,
            0.967348080991509,
            0.9557851298777654,
            0.9446566627997819
        ],
        "imag": [
            0.1228448973738566,
            0.1521512423005565,
            0.18064890610688072,
            0.20828216157281468,
            0.23503089780349026,
            0.2609045057085281,
            0.2859346634354695,
            0.31016806656296747,
            0.3336598343724016,
            0.35646799955323055,
            0.3786492204550566,
            0.4002556686191903,
            0.42133293754070134,
            0.44191877461158147,
            0.46204243635365416,
            0.4817244890865672,
            0.5009769095741944,
            0.5198033742937974,
            0.5381996570157329,
            0.5561540803064238,
            0.5736479869563028,
            0.5906562126308138,
            0.6071475520585089,
            0.623085218677113,
            0.6384273026548478,
            0.6531272352411237,
            0.6671342689847873,
            0.6803939838569691,
            0.692848828987746,
            0.7044387087458934,
            0.715101620373071,
            0.7247743484081479,
            0.7333932187530694,
            0.740894912504432,
            0.7472173366476533,
            0.752300545466394,
            0.7560877031526675,
            0.7585260747226422,
            0.7595680290993521,
            0.7591720352703308,
            0.7573036299418121,
            0.7539363332638388,
            0.7490524881605344,
            0.7426439987052711,
            0.734712943935248,
            0.7252720455526505,
            0.7143449710997338,
            0.7019664583377352,
            0.6881822515576048,
            0.6730488461847272,
            0.6566330440454999,
            0.6390113277370154,
            0.6202690683657471,
            0.6004995861930158,
            0.5798030881695317,
            0.5582855097395912,
            0.5360572905002319,
            0.5132321142345599,
            0.48992564351770984,
            0.4662542775973012,
            0.4423339597282805,
            0.41827905679437644,
            0.39420133010507974,
            0.37020901195344796,
            0.3464059981014468,
            0.3228911620308922,
            0.2997577927514455,
            0.2770931543290632,
            0.25497816219540814,
            0.2334871687748032,
            0.21268784904649132,
            0.19264117532646904,
            0.1734014697724166,
            0.15501652282138922,
            0.13752776589942056,
            0.12097048721081445,
            0.10537408015144818,
            0.09076231481701647,
            0.07715362412817961,
            0.06456139721269992,
            0.05299427381650177,
            0.04245643462881294,
            0.032947883461433854,
            0.024464718207257766,
            0.01699938839474745,
            0.0105409379519675,
            0.005075232486997755,
            0.0005851709878840189,
            -0.0029491176591040923,
            -0.005550092526755552,
            -0.007242631753942635,
            -0.008053875532837856,
            -0.008013079432806288,
            -0.007151476411406734,
            -0.005502145806085203,
            -0.0030998875982936615,
            1.8899716826497415e-05
        ]
    },
    "CPU_time": {
        "derivatives": 0.0754852294921875,
        "buildingVn": 5.443934917449951,
        "spliting_Vn": 0.0,