{
    "geometry1": "new_broken_cubic",
    "geometry2": "small",
    "ope": "b2p_tang_ipp",
    "lc": 0.015,
    "dimP": 2,
    "dimQ": 2,
    "N": 83,
    "f0": 1000,
    "frequencies": [
        80,
        100,
        120,
        140,
        160,
        180,
        200,
        220,
        240,
        260,
        280,
        300,
        320,
        340,
        360,
        380,
        400,
        420,
        440,
        460,
        480,
        500,
        520,
        540,
        560,
        580,
        600,
        620,
        640,
        660,
        680,
        700,
        720,
        740,
        760,
        780,
        800,
        820,
        840,
        860,
        880,
        900,
        920,
        940,
        960,
        980,
        1000,
        1020,
        1040,
        1060,
        1080,
        1100,
        1120,
        1140,
        1160,
        1180,
        1200,
        1220,
        1240,
        1260,
        1280,
        1300,
        1320,
        1340,
        1360,
        1380,
        1400,
        1420,
        1440,
        1460,
        1480,
        1500,
        1520,
        1540,
        1560,
        1580,
        1600,
        1620,
        1640,
        1660,
        1680,
        1700,
        1720,
        1740,
        1760,
        1780,
        1800,
        1820,
        1840,
        1860,
        1880,
        1900,
        1920,
        1940,
        1960,
        1980,
        2000
    ],
    "Z_center": {
        "real": [
            0.013472505204475566,
            0.020649330521155026,
            0.029075316740985197,
            0.03859468606462408,
            0.049058575440762586,
            0.06033274288824772,
            0.07230243313834026,
            0.08487463264910385,
            0.09797822178377012,
            0.11156263068879367,
            0.12559557484518766,
            0.14006034380857985,
            0.15495298959839893,
            0.17027964039243426,
            0.18605406613004458,
            0.20229554981680029,
            0.2190270698399611,
            0.23627376971881547,
            0.25406167713697203,
            0.2724166291308734,
            0.2913633612752103,
            0.3109247229770313,
            0.3311209868251133,
            0.35196922625729754,
            0.37348274199562803,
            0.3956705234476373,
            0.4185367364639124,
            0.4420802334400757,
            0.4662940858034698,
            0.4911651424337953,
            0.5166736206002546,
            0.5427927385282808,
            0.569488400756975,
            0.5967189489693595,
            0.6244349919275192,
            0.6525793284750147,
            0.6810869772164653,
            0.7098853254101783,
            0.7388944077753501,
            0.7680273233248479,
            0.7971907950283852,
            0.8262858731542005,
            0.8552087786693384,
            0.8838518782646665,
            0.9121047776268059,
            0.9398555147495014,
            0.9669918306260887,
            0.9934024908604097,
            1.0189786288087799,
            1.043615079040244,
            1.067211669307777,
            1.0896744399395413,
            1.1109167615854803,
            1.1308603254844694,
            1.1494359846975506,
            1.1665844298584882,
            1.1822566886108317,
            1.1964144437866522,
            1.2090301711690523,
            1.2200871031362976,
            1.2295790293382403,
            1.2375099496154762,
            1.243893597539024,
            1.2487528551081537,
            1.2521190803593585,
            1.254031369901991,
            1.2545357778518,
            1.253684511379073,
            1.2515351212852657,
            1.2481497038398826,
            1.2435941276304427,
            1.2379372966650548,
            1.231250458402615,
            1.22360656293594,
            1.2150796773574224,
            1.2057444572509177,
            1.195675675580525,
            1.1849478077336109,
            1.1736346703443348,
            1.1618091105743817,
            1.1495427419205808,
            1.1369057221461605,
            1.1239665687284246,
            1.1107920071411002,
            1.0974468473437125,
            1.08399388404906,
            1.070493816600464,
            1.0570051845843673,
            1.04358431572973,
            1.0302852829760594,
            1.017159868050804,
            1.004257529275124,
            0.9916253717451494,
            0.9793081184171791,
            0.9673480809928307,
            0.9557851298796681,
            0.9446566628011046
        ],
        "imag": [
            0.12284489737385648,
            0.15215124230058893,
            0.18064890610697606,
            0.20828216157295926,
            0.23503089780365571,
            0.26090450570875745,
            0.2859346634357773,
            0.3101680665633055,
            0.33365983437280944,
            0.35646799955373026,
            0.3786492204555954,
            0.4002556686198234,
            0.4213329375413439,
            0.4419187746123254,
            0.46204243635439435,
            0.4817244890874209,
            0.5009769095750934,
            0.5198033742946505,
            0.5381996570167283,
            0.5561540803073723,
            0.573647986957317,
            0.5906562126318834,
            0.6071475520595733,
            0.6230852186781904,
            0.6384273026559514,
            0.6531272352423334,
            0.667134268986107,
            0.6803939838584159,
            0.6928488289893558,
            0.7044387087478757,
            0.7151016203751712,
            0.7247743484103106,
            0.7333932187553835,
            0.740894912506945,
            0.7472173366503703,
            0.7523005454690647,
            0.7560877031551737,
            0.7585260747248146,
            0.7595680291010701,
            0.7591720352716932,
            0.7573036299424393,
            0.7539363332638662,
            0.7490524881599864,
            0.7426439987042465,
            0.734712943933726,
            0.7252720455508477,
            0.7143449710976377,
            0.7019664583354022,
            0.6881822515551558,
            0.6730488461821179,
            0.6566330440428673,
            0.6390113277343351,
            0.620269068363196,
            0.600499586190351,
            0.5798030881669991,
            0.5582855097370152,
            0.5360572904980597,
            0.5132321142321775,
            0.4899256435155188,
            0.46625427759535876,
            0.44233395972644624,
            0.4182790567927264,
            0.3942013301031236,
            0.37020901195173034,
            0.34640599810001166,
            0.3228911620293852,
            0.2997577927503529,
            0.2770931543278419,
            0.25497816219466984,
            0.23348716877395503,
            0.21268784904572233,
            0.19264117532584793,
            0.17340146977165416,
            0.1550165228210993,
            0.1375277658990413,
            0.12097048721018946,
            0.1053740801513771,
            0.09076231481694358,
            0.07715362412792644,
            0.06456139721251924,
            0.052994273816408026,
            0.042456434628845914,
            0.03294788346165109,
            0.02446471820718282,
            0.016999388395239644,
            0.010540937952801605,
            0.005075232487375316,
            0.0005851709882440651,
            -0.002949117658446699,
            -0.005550092525647745,
            -0.007242631753256352,
            -0.008053875531617037,
            -0.008013079431254963,
            -0.007151476410793652,
            -0.005502145804617673,
            -0.003099887597076395,
            1.8899718352312994e-05
        ]
    },
    "CPU_time": {
        "derivatives": 0.07354998588562012,
        "buildingVn": 6.087018251419067,
        "spliting_Vn": 0.0,