{
    "geometry1": "new_broken_cubic",
    "geometry2": "large",
    "ope": "b2p_tang_ipp",
    "lc": 0.015,
    "dimP": 2,
    "dimQ": 2,
    "N": 63,
    "f0": 1000,
    "frequencies": [
        80,
        100,
        120,
        140,
        160,
        180,
        200,
        220,
        240,
        260,
        280,
        300,
        320,
        340,
        360,
        380,
        400,
        420,
        440,
        460,
        480,
        500,
        520,
        540,
        560,
        580,
        600,
        620,
        640,
        660,
        680,
        700,
        720,
        740,
        760,
        780,
        800,
        820,
        840,
        860,
        880,
        900,
        920,
        940,
        960,
        980,
        1000,
        1020,
        1040,
        1060,
        1080,
        1100,
        1120,
        1140,
        1160,
        1180,
        1200,
        1220,
        1240,
        1260,
        1280,
        1300,
        1320,
        1340,
        1360,
        1380,
        1400,
        1420,
        1440,
        1460,
        1480,
        1500,
        1520,
        1540,
        1560,
        1580,
        1600,
        1620,
        1640,
        1660,
        1680,
        1700,
        1720,
        1740,
        1760,
        1780,
        1800,
        1820,
        1840,
        1860,
        1880,
        1900,
        1920,
        1940,
        1960,
        1980,
        2000
    ],
    "Z_center": {
        "real": [
            0.011060430218248379,
            0.0159908116586285,
            0.021755705569239964,
            0.028582283546527525,
            0.036730568797282315,
            0.0464593830591926,
            0.05799587913694082,
            0.07150102889407617,
            0.08703303785287714,
            0.10451791784427836,
            0.12373997508225035,
            0.14436220784101256,
            0.16597691090468894,
            0.1881742005370499,
            0.21060810275953107,
            0.23304149092572252,
            0.2553610660861665,
            0.2775651685848149,
            0.2997344284393392,
            0.32199639617983455,
            0.34449239441080887,
            0.3673508990456889,
            0.39066874756936626,
            0.4144999090073992,
            0.4388510867259368,
            0.4636834456770187,
            0.48891974716968745,
            0.5144558764240319,
            0.5401751810319732,
            0.5659634439714356,
            0.5917220198491097,
            0.6173769021595684,
            0.6428822737325053,
            0.6682182036778331,
            0.6933832634384237,
            0.7183836643716808,
            0.7432209431464611,
            0.7678802609565748,
            0.7923211362578153,
            0.8164719984769268,
            0.8402294012577318,
            0.8634621164631878,
            0.8860196938651067,
            0.907744475269003,
            0.9284855556821637,
            0.9481128425788046,
            0.9665292349436384,
            0.9836790937817926,
            0.9995516568144559,
            1.0141788415068203,
            1.0276278469310653,
            1.0399898782087265,
            1.051366944026976,
            1.0618588755967109,
            1.0715524770716265,
            1.0805141465651833,
            1.08878655923477,
            1.096389238011625,
            1.1033221943765672,
            1.1095714185621381,
            1.1151149123812762,
            1.1199281891704074,
            1.1239886120064961,
            1.1272784204552437,
            1.1297866247514599,
            1.1315100385169454,
            1.1324536307413842,
            1.1326302509845063,
            1.1320597521793345,
            1.130767637759621,
            1.1287835200480547,
            1.1261397753758369,
            1.1228707368893696,
            1.1190125827049138,
            1.1146038339809872,
            1.1096861774863767,
            1.104305243227678,
            1.0985110141963579,
            1.0923576835622693,
            1.0859029399326372,
            1.0792067947135915,
            1.0723301352283958,
            1.0653331928548384,
            1.0582740789954497,
            1.0512074913927252,
            1.0441836497234538,
            1.0372474895086783,
            1.0304381232471318,
            1.023788560540212,
            1.0173256623452176,
            1.0110702922118437,
            1.0050376255375528,
            0.9992375887496628,
            0.9936754189026786,
            0.9883523510766478,
            0.9832664482925069,
            0.9784135836532399
        ],
        "imag": [
            0.12113116928430355,
            0.15061795797510058,
            0.18025993590326136,
            0.21016887580602914,
            0.24034376480280548,
            0.27067735078964367,
            0.3009606604534986,
            0.33089257088267066,
            0.36010313392515164,
            0.38819562828034254,
            0.41480449089916915,
            0.4396567973618768,
            0.46261890462549854,
            0.483712227853133,
            0.5030931116136456,
            0.5210053667792551,
            0.5377224426182512,
            0.5534958523420623,
            0.5685198512943102,
            0.5829146023186785,
            0.5967248231054838,
            0.6099290100189629,
            0.6224547194903918,
            0.6341966231699113,
            0.6450351493732873,
            0.6548541015659043,
            0.6635557740453503,
            0.6710720670999223,
            0.6773702772819342,
            0.6824528144027024,
            0.6863510547055544,
            0.689114630277917,
            0.6907983251472563,
            0.6914491219529805,
            0.6910957451203377,
            0.6897424063601895,
            0.6873676072622513,
            0.6839280037798583,
            0.6793666153755539,
            0.673624114545295,
            0.6666515702984946,
            0.6584228497334083,
            0.6489449163967406,
            0.6382645042182982,
            0.6264700752526107,
            0.6136885600351885,
            0.6000770935646579,
            0.5858107318179304,
            0.5710678411189889,
            0.5560153226241652,
            0.540795905308821,
            0.5255193510415481,
            0.5102586491036296,
            0.4950513353025751,
            0.4799051838834858,
            0.46480686963792683,
            0.449731877990487,
            0.43465396999017647,
            0.41955284843028695,
            0.40441923421735654,
            0.38925721212102765,
            0.37408427030346675,
            0.3589297833605887,
            0.343832709026537,
            0.32883905228753546,
            0.31399936553260804,
            0.29936636779455933,
            0.2849927487200676,
            0.27092931384022784,
            0.2572236977964523,
            0.24391982058161857,
            0.23105808197124827,
            0.21867606413564813,
            0.20680935475279213,
            0.19549208728960135,
            0.18475692265748908,
            0.17463440486970652,
            0.16515182611039916,
            0.15633186489021453,
            0.1481912879974614,
            0.14073994873084142,
            0.13398021196569562,
            0.1279068350858397,
            0.12250726170360178,
            0.11776224985373263,
            0.11364674875562353,
            0.11013094318999553,
            0.10718139139938977,
            0.10476218918615171,
            0.10283610342859452,
            0.10136563565713841,
            0.10031399794829628,
            0.09964600112422604,
            0.0993288610373498,
            0.09933292029992827,
            0.09963226452980779,
            0.10020519061634334
        ]
    },
    "CPU_time": {
        "derivatives": 0.1990499496459961,
        "buildingVn": 37.27919292449951,
        "spliting_Vn": 0.0,