{
    "geometry1": "new_broken_cubic",
    "geometry2": "small",
    "ope": "b2p_tang_ipp",
    "lc": 0.015,
    "dimP": 2,
    "dimQ": 2,
    "N": 18,
    "f0": 1000,
    "frequencies": [
        80,
        100,
        120,
        140,
        160,
        180,
        200,
        220,
        240,
        260,
        280,
        300,
        320,
        340,
        360,
        380,
        400,
        420,
        440,
        460,
        480,
        500,
        520,
        540,
        560,
        580,
        600,
        620,
        640,
        660,
        680,
        700,
        720,
        740,
        760,
        780,
        800,
        820,
        840,
        860,
        880,
        900,
        920,
        940,
        960,
        980,
        1000,
        1020,
        1040,
        1060,
        1080,
        1100,
        1120,
        1140,
        1160,
        1180,
        1200,
        1220,
        1240,
        1260,
        1280,
        1300,
        1320,
        1340,
        1360,
        1380,
        1400,
        1420,
        1440,
        1460,
        1480,
        1500,
        1520,
        1540,
        1560,
        1580,
        1600,
        1620,
        1640,
        1660,
        1680,
        1700,
        1720,
        1740,
        1760,
        1780,
        1800,
        1820,
        1840,
        1860,
        1880,
        1900,
        1920,
        1940,
        1960,
        1980,
        2000
    ],
    "Z_center": {
        "real": [
            0.013472511056060352,
            0.020649334979016096,
            0.029075319825872848,
            0.03859468801456821,
            0.049058576559168794,
            0.06033274345545602,
            0.07230243337390707,
            0.0848746327056722,
            0.09797822175715448,
            0.11156263063329222,
            0.1255955747879269,
            0.14006034376065613,
            0.15495298956256637,
            0.17027964036754778,
            0.1860540661137371,
            0.2022955498066704,
            0.21902706983394052,
            0.2362737697154025,
            0.25406167713516864,
            0.27241662913002507,
            0.291363361274947,
            0.31092472297706714,
            0.3311209868252951,
            0.3519692262575858,
            0.3734827419958602,
            0.3956705234479137,
            0.41853673646404627,
            0.44208023344026776,
            0.4662940858035103,
            0.4911651424336891,
            0.5166736206000079,
            0.5427927385277235,
            0.5694884007559572,
            0.5967189489678106,
            0.6244349919253389,
            0.6525793284719206,
            0.6810869772121515,
            0.7098853254044251,
            0.7388944077682721,
            0.7680273233195632,
            0.79719079502462,
            0.8262858731506751,
            0.8552087786657782,
            0.8838518782610788,
            0.9121047776233142,
            0.9398555147460975,
            0.9669918306229273,
            0.9934024908574678,
            1.0189786288060514,
            1.0436150790378094,
            1.0672116693054625,
            1.0896744399374236,
            1.1109167615837692,
            1.130860325482828,
            1.149435984696244,
            1.1665844298572534,
            1.182256688609759,
            1.196414443785721,
            1.2090301711682168,
            1.2200871031358242,
            1.2295790293377482,
            1.2375099496152335,
            1.2438935975387793,
            1.2487528551079823,
            1.2521190803592936,
            1.254031369902131,
            1.2545357778520245,
            1.2536845113785782,
            1.2515351212852541,
            1.2481497038398461,
            1.243594127630057,
            1.2379372966654185,
            1.2312504584018187,
            1.2236065629353283,
            1.2150796773563481,
            1.2057444572498481,
            1.1956756755789513,
            1.1849478077331357,
            1.173634670346183,
            1.1618091105831174,
            1.149542741943927,
            1.136905722197431,
            1.1239665688319236,
            1.1107920073354338,
            1.0974468476898385,
            1.0839938846438355,
            1.0704938175867609,
            1.0570051861756171,
            1.0435843182329312,
            1.0302852868256653,
            1.0171598738479546,
            1.0042575378386587,
            0.991625384167372,
            0.9793081361250255,
            0.9673481058134241,
            0.955785164098936,
            0.9446567092083271
        ],
        "imag": [
            0.12284489517349391,
            0.1521512396377726,
            0.1806489034413823,
            0.20828215920754875,
            0.23503089588014603,
            0.2609045042478502,
            0.2859346623867639,
            0.3101680658451347,
            0.3336598339010807,
            0.3564679992550688,
            0.37864922027266473,
            0.4002556685109935,
            0.42133293747833356,
            0.4419187745765996,
            0.4620424363345273,
            0.48172448907635057,
            0.5009769095688423,
            0.5198033742910197,
            0.5381996570142584,
            0.5561540803055827,
            0.5736479869557514,
            0.5906562126304101,
            0.6071475520581203,
            0.6230852186766972,
            0.6384273026544098,
            0.6531272352406738,
            0.667134268984317,
            0.6803939838564667,
            0.6928488289872101,
            0.7044387087452743,
            0.7151016203724722,
            0.7247743484074963,
            0.7333932187523782,
            0.7408949125037668,
            0.7472173366469755,
            0.7523005454656432,
            0.7560877031518188,
            0.7585260747212954,
            0.7595680290960788,
            0.7591720352651032,
            0.7573036299375832,
            0.7539363332605177,
            0.7490524881577301,
            0.742643998702793,
            0.7347129439329659,
            0.7252720455505439,
            0.7143449710977621,
            0.7019664583358837,
            0.688182251555884,
            0.6730488461831066,
            0.6566330440439997,
            0.6390113277356281,
            0.6202690683644546,
            0.6004995861918512,
            0.5798030881684513,
            0.5582855097386514,
            0.5360572904994151,
            0.5132321142337815,
            0.4899256435169812,
            0.4662542775966789,
            0.4423339597277466,
            0.41827905679392885,
            0.3942013301046443,
            0.3702090119530521,
            0.3464059981010933,
            0.3228911620306093,
            0.2997577927512195,
            0.27709315432884307,
            0.25497816219528435,
            0.2334871687746904,
            0.21268784904643917,
            0.19264117532680738,
            0.17340146977316062,
            0.15501652282291326,
            0.13752776590244561,
            0.12097048721659388,
            0.10537408016207757,
            0.09076231483551568,
            0.07715362415967478,
            0.06456139726466517,
            0.05299427389992403,
            0.04245643475881912,
            0.03294788365902207,
            0.024464718499253225,
            0.0169993888144155,
            0.010540938537816524,
            0.005075233279155039,
            0.0005851720211294528,
            -0.0029491163684809644,
            -0.0055500910027387555,
            -0.007242630095845884,
            -0.008053873967388677,
            -0.008013078392254052,
            -0.00715147664591206,
            -0.005502148539677877,
            -0.003099894744369794,
            1.888526612240952e-05
        ]
    },
    "CPU_time": {
        "derivatives": 0.07010531425476074,
        "buildingVn": 3.237154960632324,
        "spliting_Vn": 0.0,