{
    "geometry1": "new_broken_cubic",
    "geometry2": "small",
    "ope": "b2p_tang_ipp",
    "lc": 0.015,
    "dimP": 2,
    "dimQ": 2,
    "N": 55,
    "f0": 1000,
    "frequencies": [
        80,
        100,
        120,
        140,
        160,
        180,
        200,
        220,
        240,
        260,
        280,
        300,
        320,
        340,
        360,
        380,
        400,
        420,
        440,
        460,
        480,
        500,
        520,
        540,
        560,
        580,
        600,
        620,
        640,
        660,
        680,
        700,
        720,
        740,
        760,
        780,
        800,
        820,
        840,
        860,
        880,
        900,
        920,
        940,
        960,
        980,
        1000,
        1020,
        1040,
        1060,
        1080,
        1100,
        1120,
        1140,
        1160,
        1180,
        1200,
        1220,
        1240,
        1260,
        1280,
        1300,
        1320,
        1340,
        1360,
        1380,
        1400,
        1420,
        1440,
        1460,
        1480,
        1500,
        1520,
        1540,
        1560,
        1580,
        1600,
        1620,
        1640,
        1660,
        1680,
        1700,
        1720,
        1740,
        1760,
        1780,
        1800,
        1820,
        1840,
        1860,
        1880,
        1900,
        1920,
        1940,
        1960,
        1980,
        2000
    ],
    "Z_center": {
        "real": [
            0.013472505204824762,
            0.0206493305215885,
            0.029075316741455005,
            0.03859468606514364,
            0.049058575441362794,
            0.060332742888831586,
            0.07230243313892581,
            0.08487463264970214,
            0.09797822178438302,
            0.11156263068938947,
            0.12559557484577968,
            0.14006034380913873,
            0.15495298959894518,
            0.17027964039295065,
            0.18605406613053127,
            0.20229554981727904,
            0.2190270698404268,
            0.2362737697191842,
            0.2540616771372666,
            0.2724166291311686,
            0.2913633612754998,
            0.31092472297728196,
            0.3311209868253493,
            0.35196922625756855,
            0.37348274199582804,
            0.39567052344785786,
            0.4185367364639996,
            0.4420802334402364,
            0.4662940858034775,
            0.491165142433744,
            0.5166736206001272,
            0.5427927385278921,
            0.5694884007562558,
            0.5967189489682315,
            0.6244349919259713,
            0.652579328472876,
            0.6810869772136581,
            0.7098853254068895,
            0.7388944077715236,
            0.768027323320594,
            0.7971907950239228,
            0.8262858731497029,
            0.8552087786648616,
            0.8838518782602769,
            0.912104777622634,
            0.9398555147455386,
            0.9669918306224699,
            0.9934024908571084,
            1.0189786288058071,
            1.0436150790376664,
            1.0672116693054048,
            1.0896744399374367,
            1.1109167615838607,
            1.13086032548299,
            1.1494359846964874,
            1.166584429857541,
            1.182256688610053,
            1.1964144437860444,
            1.2090301711685458,
            1.2200871031361635,
            1.2295790293381033,
            1.2375099496155377,
            1.2438935975390635,
            1.2487528551082356,
            1.2521190803594944,
            1.2540313699023233,
            1.2545357778521875,
            1.2536845113787356,
            1.2515351212853598,
            1.2481497038399298,
            1.2435941276302551,
            1.2379372966656677,
            1.2312504584023374,
            1.2236065629361026,
            1.2150796773574384,
            1.2057444572513862,
            1.195675675580544,
            1.1849478077339555,
            1.1736346703441582,
            1.161809110574325,
            1.1495427419203952,
            1.1369057221454881,
            1.1239665687280311,
            1.1107920071407902,
            1.0974468473427672,
            1.0839938840488355,
            1.0704938165994742,
            1.0570051845835309,
            1.0435843157289744,
            1.0302852829756968,
            1.017159868050199,
            1.0042575292740816,
            0.9916253717445837,
            0.9793081184164478,
            0.9673480809919275,
            0.955785129878324,
            0.9446566628005607
        ],
        "imag": [
            0.12284489737378658,
            0.15215124230046315,
            0.18064890610676168,
            0.2082821615726788,
            0.23503089780331124,
            0.2609045057083296,
            0.2859346634352455,
            0.3101680665627278,
            0.3336598343721288,
            0.3564679995529655,
            0.37864922045477917,
            0.4002556686189049,
            0.4213329375404107,
            0.44191877461126544,
            0.46204243635334125,
            0.4817244890862304,
            0.5009769095738827,
            0.5198033742934115,
            0.5381996570153553,
            0.556154080306039,
            0.5736479869558805,
            0.5906562126304051,
            0.6071475520580523,
            0.623085218676656,
            0.6384273026543363,
            0.6531272352405663,
            0.6671342689842426,
            0.6803939838563714,
            0.6928488289871283,
            0.7044387087452031,
            0.7151016203723922,
            0.724774348407417,
            0.7333932187522804,
            0.7408949125036673,
            0.7472173366468582,
            0.7523005454655565,
            0.7560877031517954,
            0.7585260747217771,
            0.7595680290984886,
            0.7591720352694751,
            0.7573036299409854,
            0.7539363332630369,
            0.7490524881597671,
            0.7426439987045501,
            0.7347129439345587,
            0.725272045552024,
            0.714344971099162,
            0.7019664583372286,
            0.6881822515571666,
            0.6730488461843424,
            0.6566330440451675,
            0.6390113277367352,
            0.6202690683655085,
            0.6004995861928205,
            0.5798030881693492,
            0.558285509739496,
            0.5360572905001709,
            0.5132321142344638,
            0.4899256435176085,
            0.46625427759724725,
            0.44233395972823086,
            0.4182790567943366,
            0.39420133010501496,
            0.3702090119533826,
            0.346405998101397,
            0.3228911620308289,
            0.29975779275141284,
            0.27709315432907,
            0.25497816219541763,
            0.23348716877485293,
            0.21268784904653676,
            0.1926411753265882,
            0.1734014697725325,
            0.1550165228215642,
            0.13752776589965024,
            0.12097048721107255,
            0.10537408015173495,
            0.09076231481737837,
            0.07715362412862246,
            0.06456139721327361,
            0.05299427381710766,
            0.04245643462952436,
            0.03294788346226022,
            0.024464718208158414,
            0.016999388395803533,
            0.010540937953138908,
            0.00507523248834866,
            0.0005851709893714729,
            -0.0029491176574924045,
            -0.005550092524919947,
            -0.007242631751968765,
            -0.008053875530641793,
            -0.008013079430399679,
            -0.007151476408984018,
            -0.0055021458034915606,
            -0.003099887595427863,
            1.8899719900678773e-05
        ]
    },
    "CPU_time": {
        "derivatives": 0.07066798210144043,
        "buildingVn": 4.879668951034546,
        "spliting_Vn": 0.0,