{
    "geometry1": "new_broken_cubic",
    "geometry2": "large",
    "ope": "b2p_tang_ipp",
    "lc": 0.015,
    "dimP": 2,
    "dimQ": 2,
    "N": 85,
    "f0": 1000,
    "frequencies": [
        80,
        100,
        120,
        140,
        160,
        180,
        200,
        220,
        240,
        260,
        280,
        300,
        320,
        340,
        360,
        380,
        400,
        420,
        440,
        460,
        480,
        500,
        520,
        540,
        560,
        580,
        600,
        620,
        640,
        660,
        680,
        700,
        720,
        740,
        760,
        780,
        800,
        820,
        840,
        860,
        880,
        900,
        920,
        940,
        960,
        980,
        1000,
        1020,
        1040,
        1060,
        1080,
        1100,
        1120,
        1140,
        1160,
        1180,
        1200,
        1220,
        1240,
        1260,
        1280,
        1300,
        1320,
        1340,
        1360,
        1380,
        1400,
        1420,
        1440,
        1460,
        1480,
        1500,
        1520,
        1540,
        1560,
        1580,
        1600,
        1620,
        1640,
        1660,
        1680,
        1700,
        1720,
        1740,
        1760,
        1780,
        1800,
        1820,
        1840,
        1860,
        1880,
        1900,
        1920,
        1940,
        1960,
        1980,
        2000
    ],
    "Z_center": {
        "real": [
            0.011060430218420956,
            0.01599081165859553,
            0.02175570556921546,
            0.028582283546522282,
            0.03673056879728418,
            0.04645938305919319,
            0.05799587913694047,
            0.07150102889407359,
            0.08703303785286978,
            0.10451791784426909,
            0.12373997508223705,
            0.14436220784099923,
            0.16597691090467717,
            0.18817420053704384,
            0.21060810275953007,
            0.23304149092572427,
            0.2553610660861751,
            0.27756516858482694,
            0.2997344284393578,
            0.32199639617986103,
            0.34449239441083723,
            0.36735089904571533,
            0.3906687475693912,
            0.4144999090074217,
            0.43885108672595047,
            0.46368344567702774,
            0.48891974716969094,
            0.5144558764240286,
            0.5401751810319612,
            0.5659634439714193,
            0.5917220198490908,
            0.6173769021595453,
            0.6428822737324851,
            0.6682182036778164,
            0.6933832634384105,
            0.7183836643716697,
            0.7432209431464527,
            0.7678802609565752,
            0.7923211362578143,
            0.8164719984769315,
            0.8402294012577397,
            0.863462116463193,
            0.8860196938651146,
            0.9077444752690044,
            0.9284855556821651,
            0.9481128425788014,
            0.9665292349436312,
            0.9836790937817816,
            0.99955165681444,
            1.0141788415068005,
            1.027627846931036,
            1.0399898782087005,
            1.0513669440269402,
            1.061858875596666,
            1.0715524770715812,
            1.0805141465651344,
            1.0887865592347519,
            1.0963892380116123,
            1.1033221943765206,
            1.1095714185621495,
            1.1151149123812565,
            1.1199281891704367,
            1.1239886120065443,
            1.1272784204553274,
            1.1297866247515487,
            1.1315100385170211,
            1.1324536307415212,
            1.1326302509845834,
            1.1320597521794837,
            1.1307676377596785,
            1.1287835200481944,
            1.1261397753759388,
            1.1228707368895063,
            1.1190125827051394,
            1.114603833980906,
            1.109686177486368,
            1.1043052432276546,
            1.098511014196395,
            1.092357683562218,
            1.0859029399325661,
            1.079206794713513,
            1.0723301352282044,
            1.065333192854527,
            1.058274078995341,
            1.051207491392714,
            1.0441836497239336,
            1.0372474895086023,
            1.0304381232398312,
            1.023788560516213,
            1.0173256623307985,
            1.011070292334498,
            1.005037625968636,
            0.9992375892254782,
            0.9936754179062763,
            0.9883523461006922,
            0.983266439739175,
            0.9784135824865333
        ],
        "imag": [
            0.12113116928404564,
            0.15061795797500918,
            0.18025993590325323,
            0.2101688758060322,
            0.24034376480280775,
            0.27067735078963956,
            0.300960660453495,
            0.3308925708826654,
            0.36010313392514676,
            0.3881956282803394,
            0.4148044908991712,
            0.4396567973618835,
            0.46261890462551103,
            0.48371222785314893,
            0.5030931116136659,
            0.5210053667792729,
            0.5377224426182726,
            0.5534958523420811,
            0.5685198512943234,
            0.5829146023186869,
            0.5967248231054866,
            0.6099290100189602,
            0.6224547194903806,
            0.6341966231698933,
            0.6450351493732636,
            0.6548541015658771,
            0.6635557740453211,
            0.671072067099892,
            0.6773702772819097,
            0.6824528144026836,
            0.6863510547055405,
            0.689114630277911,
            0.6907983251472547,
            0.6914491219529839,
            0.6910957451203446,
            0.6897424063602009,
            0.687367607262264,
            0.6839280037798686,
            0.6793666153755639,
            0.6736241145453029,
            0.6666515702984956,
            0.6584228497334064,
            0.6489449163967351,
            0.638264504218288,
            0.6264700752525976,
            0.613688560035172,
            0.6000770935646424,
            0.5858107318179147,
            0.5710678411189757,
            0.5560153226241551,
            0.5407959053088112,
            0.5255193510415407,
            0.5102586491036332,
            0.49505133530257966,
            0.4799051838835022,
            0.4648068696379659,
            0.44973187799055175,
            0.43465396999019923,
            0.41955284843036184,
            0.4044192342173947,
            0.389257212121143,
            0.374084270303555,
            0.35892978336069487,
            0.3438327090265744,
            0.32883905228763977,
            0.31399936553267954,
            0.2993663677946142,
            0.2849927487200922,
            0.27092931384031144,
            0.2572236977964286,
            0.24391982058161987,
            0.23105808197123057,
            0.2186760641356861,
            0.20680935475274217,
            0.1954920872895414,
            0.18475692265737287,
            0.17463440486964607,
            0.16515182611018128,
            0.15633186488996842,
            0.14819128799719622,
            0.14073994873062437,
            0.13398021196534346,
            0.12790683508581496,
            0.12250726170351152,
            0.11776224985375333,
            0.1136467487551548,
            0.1101309431870012,
            0.10718139139385408,
            0.10476218919522064,
            0.10283610349584352,
            0.10136563578469455,
            0.10031399788199456,
            0.09964600020974321,
            0.09932885892078447,
            0.09933291913678169,
            0.09963227107475352,
            0.10020521253000003
        ]
    },
    "CPU_time": {
        "derivatives": 0.19779205322265625,
        "buildingVn": 42.15521001815796,
        "spliting_Vn": 0.0,