{
    "geometry1": "new_broken_cubic",
    "geometry2": "large",
    "ope": "b2p_tang_ipp",
    "lc": 0.015,
    "dimP": 2,
    "dimQ": 2,
    "N": 14,
    "f0": 1000,
    "frequencies": [
        80,
        100,
        120,
        140,
        160,
        180,
        200,
        220,
        240,
        260,
        280,
        300,
        320,
        340,
        360,
        380,
        400,
        420,
        440,
        460,
        480,
        500,
        520,
        540,
        560,
        580,
        600,
        620,
        640,
        660,
        680,
        700,
        720,
        740,
        760,
        780,
        800,
        820,
        840,
        860,
        880,
        900,
        920,
        940,
        960,
        980,
        1000,
        1020,
        1040,
        1060,
        1080,
        1100,
        1120,
        1140,
        1160,
        1180,
        1200,
        1220,
        1240,
        1260,
        1280,
        1300,
        1320,
        1340,
        1360,
        1380,
        1400,
        1420,
        1440,
        1460,
        1480,
        1500,
        1520,
        1540,
        1560,
        1580,
        1600,
        1620,
        1640,
        1660,
        1680,
        1700,
        1720,
        1740,
        1760,
        1780,
        1800,
        1820,
        1840,
        1860,
        1880,
        1900,
        1920,
        1940,
        1960,
        1980,
        2000
    ],
    "Z_center": {
        "real": [
            1.44888764758284e-05,
            5.430357970687169e-06,
            -0.000174888035230123,
            -0.0006227143309197766,
            -0.0014595525276996774,
            -0.002848844682564298,
            -0.005021289948747087,
            -0.00831597076802247,
            -0.013250575110154122,
            -0.0206459046694241,
            -0.031850644456784406,
            -0.049130628106338343,
            -0.07615838305245416,
            -0.1172022063341344,
            -0.16585598123694978,
            -0.16704676595623577,
            -0.07102426956443739,
            0.03346584654600025,
            0.10609445437153461,
            0.16885571764575874,
            0.23569395672481394,
            0.30313459961694655,
            0.3610069502355809,
            0.40522733049893556,
            0.4388310662861653,
            0.4665749488625878,
            0.49189630791470695,
            0.5166147984829371,
            0.5414699926349845,
            0.5666295259150246,
            0.592015323266179,
            0.6174839242008597,
            0.6429116550622669,
            0.6682220415793111,
            0.6933816341993488,
            0.7183821886715192,
            0.7432202889266012,
            0.7678800597644492,
            0.7923210916113324,
            0.816471991581576,
            0.8402294005872447,
            0.8634621164307497,
            0.8860196938648106,
            0.9077444752688938,
            0.9284855556820151,
            0.9481128425786431,
            0.9665292349434612,
            0.9836790937816059,
            0.9995516568142697,
            1.0141788415066693,
            1.0276278469314506,
            1.0399898781872665,
            1.0513669433878199,
            1.0618588680055236,
            1.0715524231096305,
            1.0805138847596076,
            1.0887856482566585,
            1.0963870081012939,
            1.1033191149175947,
            1.1095742618511508,
            1.1151491305772054,
            1.1200590799583912,
            1.1243454482671902,
            1.1280620892435977,
            1.131225749549121,
            1.133723061297896,
            1.135187860639787,
            1.1348932375336052,
            1.131731097219031,
            1.1243548644049208,
            1.1115111846738628,
            1.0924817276150414,
            1.0674536564811348,
            1.037633922786957,
            1.0050549520219794,
            0.9721948993799122,
            0.9416173192380821,
            0.9157850154055778,
            0.8970926650259031,
            0.8880439221283974,
            0.891162525302185,
            0.9058046647871241,
            0.8934392905318269,
            0.11969030213062844,
            -6.9444538699304195,
            -1.17256419411953,
            -0.31972859167877377,
            -0.04744392769252708,
            0.07652038578332865,
            0.14369155492862032,
            0.18396449487407768,
            0.20975056981200751,
            0.2270484975932463,
            0.23907736242594116,
            0.2477011617663074,
            0.25406320141372946,
            0.2588969828993205
        ],
        "imag": [
            0.09397711579517079,
            0.11794177785723894,
            0.1422333253552941,
            0.16694908860105886,
            0.19220104720640008,
            0.21811812166490435,
            0.24484812712511653,
            0.2725563034645519,
            0.30141220346551006,
            0.331541649332111,
            0.3628749732163773,
            0.39467940026470183,
            0.4241078297888785,
            0.4419014725725657,
            0.42426450329740284,
            0.35464761438287634,
            0.3193502637133864,
            0.3750786412994342,
            0.46211445609854573,
            0.5438894207637198,
            0.6059743289355126,
            0.6418064468049618,
            0.6558302164860081,
            0.6591864621493612,
            0.6604611778189383,
            0.6630684575155633,
            0.6673197331076418,
            0.6724727807953492,
            0.6777015619904256,
            0.682402287421835,
            0.6862255115114824,
            0.6890175944556296,
            0.6907443428302352,
            0.6914251156002608,
            0.6910870669820635,
            0.6897399105382505,
            0.6873670737624692,
            0.6839279355217761,
            0.6793666169016305,
            0.6736241174564019,
            0.6666515709467793,
            0.6584228498040181,
            0.6489449164003299,
            0.6382645042183376,
            0.6264700752525975,
            0.6136885600351922,
            0.6000770935646781,
            0.5858107318179727,
            0.5710678411190528,
            0.556015322624189,
            0.5407959053049158,
            0.5255193509551069,
            0.510258648211468,
            0.4950513304334649,
            0.4799051733448921,
            0.46480691805057134,
            0.4497324447711072,
            0.4346569470649835,
            0.4195637937629807,
            0.40445033142563475,
            0.3893275166994955,
            0.3742087212608628,
            0.35908365184693664,
            0.3438790051968377,
            0.3284192647415563,
            0.3124156842286447,
            0.29552106423096375,
            0.2774816517488265,
            0.25838551951843025,
            0.23894835840171905,
            0.22071571271186632,
            0.2060485453657035,
            0.1978463720440711,
            0.19912482347462884,
            0.21268765871761428,
            0.2411206296816918,
            0.28723073769913077,
            0.3550194378142658,
            0.4514925286171832,
            0.5903793058414608,
            0.8013541395795524,
            1.1586544769452916,
            1.901338545276777,
            4.209830727684732,
            -1.7388928241156068,
            -2.1078910986799473,
            -1.3000939798846443,
            -0.9045019653748844,
            -0.6696961915017959,
            -0.5106938114363376,
            -0.39305653656640593,
            -0.30040235320624864,
            -0.22398387048570828,
            -0.1587128741971376,
            -0.10142820659177976,
            -0.0500604079375545,
            -0.0031955064262715236
        ]
    },
    "CPU_time": {
        "derivatives": 0.2081618309020996,
        "buildingVn": 27.664448022842407,