{
    "geometry1": "new_broken_cubic",
    "geometry2": "small",
    "ope": "b2p_tang_ipp",
    "lc": 0.015,
    "dimP": 2,
    "dimQ": 2,
    "N": 100,
    "f0": 1000,
    "frequencies": [
        80,
        100,
        120,
        140,
        160,
        180,
        200,
        220,
        240,
        260,
        280,
        300,
        320,
        340,
        360,
        380,
        400,
        420,
        440,
        460,
        480,
        500,
        520,
        540,
        560,
        580,
        600,
        620,
        640,
        660,
        680,
        700,
        720,
        740,
        760,
        780,
        800,
        820,
        840,
        860,
        880,
        900,
        920,
        940,
        960,
        980,
        1000,
        1020,
        1040,
        1060,
        1080,
        1100,
        1120,
        1140,
        1160,
        1180,
        1200,
        1220,
        1240,
        1260,
        1280,
        1300,
        1320,
        1340,
        1360,
        1380,
        1400,
        1420,
        1440,
        1460,
        1480,
        1500,
        1520,
        1540,
        1560,
        1580,
        1600,
        1620,
        1640,
        1660,
        1680,
        1700,
        1720,
        1740,
        1760,
        1780,
        1800,
        1820,
        1840,
        1860,
        1880,
        1900,
        1920,
        1940,
        1960,
        1980,
        2000
    ],
    "Z_center": {
        "real": [
            0.013472505204662165,
            0.02064933052139372,
            0.02907531674123454,
            0.03859468606490088,
            0.049058575441131,
            0.06033274288858996,
            0.07230243313871948,
            0.08487463264951765,
            0.0979782217842197,
            0.11156263068926725,
            0.12559557484570683,
            0.14006034380910373,
            0.1549529895989714,
            0.17027964039297236,
            0.18605406613059702,
            0.2022955498174065,
            0.21902706984052253,
            0.23627376971934524,
            0.254061677137506,
            0.27241662913133363,
            0.2913633612757452,
            0.3109247229774988,
            0.33112098682557023,
            0.35196922625779037,
            0.3734827419960189,
            0.39567052344798403,
            0.41853673646412026,
            0.44208023344033126,
            0.4662940858035369,
            0.4911651424337842,
            0.5166736206000925,
            0.5427927385278469,
            0.5694884007561528,
            0.5967189489680825,
            0.6244349919257747,
            0.6525793284726454,
            0.6810869772134299,
            0.7098853254065951,
            0.7388944077712308,
            0.7680273233202668,
            0.7971907950235799,
            0.8262858731492991,
            0.8552087786644789,
            0.8838518782598715,
            0.9121047776222189,
            0.9398555147451053,
            0.9669918306220224,
            0.9934024908566752,
            1.0189786288053317,
            1.043615079037164,
            1.0672116693049014,
            1.089674439936912,
            1.1109167615833664,
            1.1308603254824643,
            1.1494359846959095,
            1.166584429857,
            1.182256688609504,
            1.1964144437855024,
            1.2090301711679485,
            1.2200871031356144,
            1.229579029337577,
            1.237509949614982,
            1.2438935975385634,
            1.2487528551077007,
            1.2521190803589803,
            1.2540313699017775,
            1.2545357778515922,
            1.2536845113780426,
            1.251535121284867,
            1.2481497038393212,
            1.2435941276295766,
            1.2379372966649667,
            1.2312504584015869,
            1.2236065629354234,
            1.2150796773566155,
            1.205744457250346,
            1.195675675579411,
            1.1849478077329954,
            1.1736346703430272,
            1.1618091105731763,
            1.1495427419192286,
            1.1369057221441072,
            1.1239665687264093,
            1.110792007139496,
            1.097446847341648,
            1.0839938840477192,
            1.0704938165978777,
            1.0570051845818034,
            1.0435843157274236,
            1.03028528297423,
            1.0171598680481224,
            1.0042575292725642,
            0.9916253717432914,
            0.9793081184150255,
            0.9673480809891267,
            0.9557851298735183,
            0.9446566627975503
        ],
        "imag": [
            0.12284489737373269,
            0.15215124230042476,
            0.18064890610674197,
            0.20828216157268392,
            0.23503089780334582,
            0.26090450570838836,
            0.28593466343533286,
            0.31016806656283047,
            0.33365983437224944,
            0.3564679995530941,
            0.3786492204548996,
            0.40025566861902573,
            0.42133293754049633,
            0.4419187746112926,
            0.4620424363533962,
            0.48172448908621945,
            0.500976909573825,
            0.519803374293319,
            0.538199657015188,
            0.5561540803057974,
            0.5736479869555628,
            0.5906562126300242,
            0.6071475520576252,
            0.6230852186761427,
            0.6384273026538264,
            0.6531272352399392,
            0.6671342689835695,
            0.6803939838556825,
            0.6928488289864198,
            0.704438708744449,
            0.7151016203716287,
            0.7247743484066468,
            0.7333932187515164,
            0.7408949125028955,
            0.7472173366460285,
            0.7523005454647014,
            0.7560877031509902,
            0.7585260747209656,
            0.7595680290976838,
            0.7591720352686643,
            0.7573036299401245,
            0.7539363332622409,
            0.7490524881589445,
            0.742643998703742,
            0.7347129439337299,
            0.7252720455511985,
            0.7143449710983407,
            0.7019664583364058,
            0.6881822515563311,
            0.6730488461834968,
            0.6566330440443657,
            0.6390113277358992,
            0.620269068364669,
            0.6004995861920299,
            0.5798030881685697,
            0.5582855097386995,
            0.5360572904993709,
            0.5132321142336707,
            0.4899256435168632,
            0.46625427759644555,
            0.44233395972746714,
            0.41827905679359845,
            0.3942013301041422,
            0.370209011952564,
            0.34640599810057954,
            0.3228911620300366,
            0.29975779275048847,
            0.27709315432815396,
            0.25497816219446207,
            0.23348716877399636,
            0.2126878490455672,
            0.19264117532568548,
            0.17340146977166507,
            0.15501652282053274,
            0.13752776589862936,
            0.12097048721012076,
            0.10537408015067273,
            0.09076231481646309,
            0.07715362412778329,
            0.0645613972123029,
            0.052994273816549205,
            0.04245643462857153,
            0.03294788346147746,
            0.024464718206964515,
            0.016999388395140883,
            0.010540937952422298,
            0.005075232487645007,
            0.0005851709874788385,
            -0.00294911765766172,
            -0.005550092524844216,
            -0.00724263175129273,
            -0.008053875529258693,
            -0.00801307943188322,
            -0.007151476406456382,
            -0.005502145804885973,
            -0.0030998875922460703,
            1.8899718571362385e-05
        ]
    },
    "CPU_time": {
        "derivatives": 0.08313775062561035,
        "buildingVn": 6.9944140911102295,
        "spliting_Vn": 0.0,