{
    "geometry1": "new_broken_cubic",
    "geometry2": "small",
    "ope": "b2p_tang_ipp",
    "lc": 0.015,
    "dimP": 2,
    "dimQ": 2,
    "N": 53,
    "f0": 1000,
    "frequencies": [
        80,
        100,
        120,
        140,
        160,
        180,
        200,
        220,
        240,
        260,
        280,
        300,
        320,
        340,
        360,
        380,
        400,
        420,
        440,
        460,
        480,
        500,
        520,
        540,
        560,
        580,
        600,
        620,
        640,
        660,
        680,
        700,
        720,
        740,
        760,
        780,
        800,
        820,
        840,
        860,
        880,
        900,
        920,
        940,
        960,
        980,
        1000,
        1020,
        1040,
        1060,
        1080,
        1100,
        1120,
        1140,
        1160,
        1180,
        1200,
        1220,
        1240,
        1260,
        1280,
        1300,
        1320,
        1340,
        1360,
        1380,
        1400,
        1420,
        1440,
        1460,
        1480,
        1500,
        1520,
        1540,
        1560,
        1580,
        1600,
        1620,
        1640,
        1660,
        1680,
        1700,
        1720,
        1740,
        1760,
        1780,
        1800,
        1820,
        1840,
        1860,
        1880,
        1900,
        1920,
        1940,
        1960,
        1980,
        2000
    ],
    "Z_center": {
        "real": [
            0.013472505204755262,
            0.020649330521490084,
            0.029075316741342755,
            0.03859468606501116,
            0.04905857544124677,
            0.060332742888705555,
            0.07230243313882638,
            0.0848746326496191,
            0.09797822178431986,
            0.11156263068934738,
            0.12559557484575223,
            0.14006034380914714,
            0.15495298959897094,
            0.1702796403930042,
            0.18605406613059225,
            0.2022955498173693,
            0.21902706984049986,
            0.23627376971929728,
            0.2540616771373761,
            0.27241662913130527,
            0.29136336127566387,
            0.31092472297745677,
            0.33112098682548596,
            0.35196922625771626,
            0.37348274199591003,
            0.3956705234479795,
            0.41853673646409484,
            0.4420802334402877,
            0.4662940858035534,
            0.49116514243374265,
            0.5166736206001479,
            0.5427927385279162,
            0.5694884007562111,
            0.5967189489681615,
            0.6244349919258366,
            0.6525793284727202,
            0.6810869772134649,
            0.7098853254066791,
            0.7388944077712758,
            0.7680273233202868,
            0.7971907950235965,
            0.8262858731493372,
            0.8552087786644819,
            0.883851878259821,
            0.912104777622166,
            0.939855514745024,
            0.9669918306219516,
            0.9934024908565454,
            1.0189786288052012,
            1.0436150790370253,
            1.0672116693047358,
            1.089674439936732,
            1.1109167615831548,
            1.1308603254822598,
            1.1494359846957305,
            1.166584429856788,
            1.1822566886093073,
            1.196414443785274,
            1.2090301711678193,
            1.2200871031353635,
            1.2295790293374247,
            1.2375099496148585,
            1.243893597538455,
            1.2487528551076423,
            1.2521190803589406,
            1.2540313699017844,
            1.2545357778516406,
            1.2536845113782082,
            1.2515351212849306,
            1.2481497038395186,
            1.2435941276297995,
            1.2379372966653803,
            1.2312504584020723,
            1.223606562935819,
            1.2150796773573223,
            1.2057444572512872,
            1.195675675580507,
            1.1849478077341582,
            1.1736346703443747,
            1.1618091105745834,
            1.149542741920889,
            1.1369057221460728,
            1.123966568728799,
            1.1107920071416013,
            1.0974468473438377,
            1.0839938840498518,
            1.0704938166007556,
            1.057005184584783,
            1.0435843157303937,
            1.0302852829773355,
            1.0171598680519265,
            1.0042575292758316,
            0.9916253717464539,
            0.9793081184183433,
            0.9673480809939907,
            0.9557851298804211,
            0.9446566628028187
        ],
        "imag": [
            0.12284489737376507,
            0.15215124230045599,
            0.18064890610677278,
            0.20828216157272958,
            0.235030897803398,
            0.26090450570842705,
            0.285934663435373,
            0.31016806656287516,
            0.33365983437230007,
            0.3564679995531421,
            0.37864922045497296,
            0.40025566861908923,
            0.42133293754059387,
            0.44191877461144896,
            0.46204243635350084,
            0.4817244890864137,
            0.5009769095739919,
            0.5198033742935675,
            0.5381996570154346,
            0.5561540803060978,
            0.5736479869559219,
            0.5906562126304089,
            0.6071475520580419,
            0.6230852186765843,
            0.638427302654252,
            0.6531272352404652,
            0.66713426898408,
            0.6803939838562163,
            0.6928488289869613,
            0.7044387087449829,
            0.7151016203721794,
            0.7247743484071569,
            0.733393218752021,
            0.7408949125034265,
            0.7472173366465931,
            0.7523005454652705,
            0.7560877031515402,
            0.7585260747215181,
            0.7595680290981961,
            0.7591720352691629,
            0.7573036299406798,
            0.7539363332627325,
            0.7490524881594792,
            0.742643998704268,
            0.734712943934296,
            0.7252720455517698,
            0.7143449710989308,
            0.7019664583370318,
            0.6881822515569984,
            0.6730488461841794,
            0.6566330440450554,
            0.6390113277366689,
            0.6202690683654747,
            0.600499586192836,
            0.5798030881694238,
            0.5582855097396225,
            0.5360572905003487,
            0.5132321142346643,
            0.4899256435178548,
            0.4662542775975266,
            0.4423339597285606,
            0.4182790567947447,
            0.3942013301054799,
            0.37020901195386907,
            0.346405998101945,
            0.3228911620314666,
            0.29975779275207365,
            0.2770931543297742,
            0.25497816219612585,
            0.23348716877564377,
            0.21268784904736354,
            0.19264117532743014,
            0.173401469773471,
            0.1550165228225661,
            0.1375277659006725,
            0.12097048721214816,
            0.10537408015289688,
            0.09076231481851621,
            0.07715362412985112,
            0.06456139721438771,
            0.05299427381830067,
            0.042456434630730275,
            0.03294788346336799,
            0.024464718209344996,
            0.016999388396893165,
            0.010540937954391268,
            0.005075232489527904,
            0.0005851709904374736,
            -0.002949117656539606,
            -0.0055500925239010375,
            -0.007242631751052072,
            -0.00805387552983578,
            -0.008013079429805165,
            -0.007151476408596976,
            -0.005502145803210238,
            -0.0030998875951678585,
            1.889972001476023e-05
        ]
    },
    "CPU_time": {
        "derivatives": 0.07146167755126953,
        "buildingVn": 4.84227991104126,
        "spliting_Vn": 0.0,