{
    "geometry1": "new_broken_cubic",
    "geometry2": "small",
    "ope": "b2p_tang_ipp",
    "lc": 0.015,
    "dimP": 2,
    "dimQ": 2,
    "N": 46,
    "f0": 1000,
    "frequencies": [
        80,
        100,
        120,
        140,
        160,
        180,
        200,
        220,
        240,
        260,
        280,
        300,
        320,
        340,
        360,
        380,
        400,
        420,
        440,
        460,
        480,
        500,
        520,
        540,
        560,
        580,
        600,
        620,
        640,
        660,
        680,
        700,
        720,
        740,
        760,
        780,
        800,
        820,
        840,
        860,
        880,
        900,
        920,
        940,
        960,
        980,
        1000,
        1020,
        1040,
        1060,
        1080,
        1100,
        1120,
        1140,
        1160,
        1180,
        1200,
        1220,
        1240,
        1260,
        1280,
        1300,
        1320,
        1340,
        1360,
        1380,
        1400,
        1420,
        1440,
        1460,
        1480,
        1500,
        1520,
        1540,
        1560,
        1580,
        1600,
        1620,
        1640,
        1660,
        1680,
        1700,
        1720,
        1740,
        1760,
        1780,
        1800,
        1820,
        1840,
        1860,
        1880,
        1900,
        1920,
        1940,
        1960,
        1980,
        2000
    ],
    "Z_center": {
        "real": [
            0.01347250520490546,
            0.02064933052165805,
            0.029075316741515818,
            0.038594686065191314,
            0.049058575441384394,
            0.060332742888840676,
            0.07230243313892386,
            0.08487463264967277,
            0.09797822178433681,
            0.11156263068930114,
            0.12559557484569508,
            0.14006034380899943,
            0.15495298959880582,
            0.17027964039280716,
            0.18605406613036124,
            0.2022955498171155,
            0.21902706984023262,
            0.2362737697189705,
            0.25406167713705835,
            0.2724166291309717,
            0.29136336127528023,
            0.31092472297708745,
            0.33112098682514,
            0.35196922625733734,
            0.37348274199554976,
            0.3956705234475646,
            0.4185367364637238,
            0.44208023343987013,
            0.46629408580310877,
            0.4911651424332789,
            0.5166736205996131,
            0.5427927385273044,
            0.5694884007556238,
            0.5967189489675445,
            0.6244349919252098,
            0.6525793284719842,
            0.6810869772126025,
            0.7098853254057947,
            0.7388944077703062,
            0.7680273233193377,
            0.7971907950225937,
            0.8262858731482876,
            0.8552087786634116,
            0.8838518782587658,
            0.9121047776211836,
            0.9398555147441037,
            0.9669918306211007,
            0.99340249085581,
            1.018978628804578,
            1.0436150790365566,
            1.0672116693043905,
            1.0896744399365268,
            1.1109167615830908,
            1.1308603254823688,
            1.1494359846960074,
            1.1665844298571515,
            1.182256688609808,
            1.19641444378598,
            1.2090301711685498,
            1.2200871031362492,
            1.2295790293382873,
            1.237509949615875,
            1.2438935975395435,
            1.2487528551086686,
            1.252119080360038,
            1.2540313699029155,
            1.254535777852837,
            1.2536845113794037,
            1.2515351212860664,
            1.248149703840649,
            1.2435941276309594,
            1.2379372966663162,
            1.231250458403012,
            1.2236065629367099,
            1.215079677357991,
            1.2057444572519285,
            1.1956756755810398,
            1.1849478077343751,
            1.1736346703445182,
            1.1618091105746071,
            1.149542741920642,
            1.1369057221457517,
            1.1239665687282303,
            1.1107920071409547,
            1.0974468473429029,
            1.0839938840489611,
            1.0704938165995421,
            1.0570051845836121,
            1.043584315728967,
            1.0302852829757363,
            1.0171598680502165,
            1.0042575292741223,
            0.9916253717445809,
            0.9793081184164317,
            0.9673480809921418,
            0.9557851298784519,
            0.9446566628004898
        ],
        "imag": [
            0.12284489737368676,
            0.15215124230033886,
            0.18064890610657705,
            0.20828216157247945,
            0.23503089780308536,
            0.2609045057080893,
            0.2859346634349905,
            0.31016806656243684,
            0.3336598343718405,
            0.3564679995526921,
            0.37864922045447996,
            0.40025566861861395,
            0.42133293754011,
            0.4419187746109779,
            0.46204243635303244,
            0.481724489085976,
            0.5009769095735683,
            0.519803374293155,
            0.5381996570150679,
            0.5561540803057313,
            0.5736479869555603,
            0.5906562126300258,
            0.6071475520577025,
            0.6230852186762079,
            0.6384273026538961,
            0.6531272352401185,
            0.6671342689837227,
            0.6803939838558524,
            0.6928488289865651,
            0.704438708744656,
            0.7151016203717921,
            0.7247743484068183,
            0.7333932187516838,
            0.7408949125029892,
            0.7472173366462397,
            0.7523005454649101,
            0.75608770315126,
            0.7585260747212649,
            0.7595680290981135,
            0.7591720352691721,
            0.7573036299407435,
            0.7539363332629817,
            0.7490524881598367,
            0.7426439987047636,
            0.7347129439349283,
            0.7252720455525243,
            0.714344971099811,
            0.701966458337998,
            0.6881822515580538,
            0.6730488461853338,
            0.656633044046266,
            0.6390113277379316,
            0.6202690683667087,
            0.6004995861940796,
            0.5798030881706018,
            0.5582855097407948,
            0.5360572905014674,
            0.5132321142357077,
            0.4899256435188194,
            0.46625427759842375,
            0.44233395972934675,
            0.4182790567953971,
            0.3942013301059633,
            0.370209011954282,
            0.3464059981021445,
            0.32289116203157614,
            0.2997577927520117,
            0.2770931543296287,
            0.25497816219582214,
            0.23348716877520118,
            0.2126878490467323,
            0.19264117532671665,
            0.1734014697726779,
            0.15501652282153358,
            0.1375277658996134,
            0.12097048721106293,
            0.10537408015153643,
            0.09076231481727065,
            0.07715362412849322,
            0.06456139721299652,
            0.05299427381693398,
            0.04245643462935529,
            0.03294788346189735,
            0.024464718207769888,
            0.01699938839558487,
            0.010540937952904573,
            0.005075232488038587,
            0.0005851709893123457,
            -0.0029491176575636826,
            -0.005550092525156248,
            -0.007242631752192953,
            -0.008053875530916767,
            -0.008013079430683844,
            -0.007151476408944163,
            -0.0055021458036678675,
            -0.0030998875954736118,
            1.8899719873897424e-05
        ]
    },
    "CPU_time": {
        "derivatives": 0.07116174697875977,
        "buildingVn": 4.4670610427856445,
        "spliting_Vn": 0.0,