{
    "geometry1": "new_broken_cubic",
    "geometry2": "small",
    "ope": "b2p_tang_ipp",
    "lc": 0.015,
    "dimP": 2,
    "dimQ": 2,
    "N": 7,
    "f0": 1000,
    "frequencies": [
        80,
        100,
        120,
        140,
        160,
        180,
        200,
        220,
        240,
        260,
        280,
        300,
        320,
        340,
        360,
        380,
        400,
        420,
        440,
        460,
        480,
        500,
        520,
        540,
        560,
        580,
        600,
        620,
        640,
        660,
        680,
        700,
        720,
        740,
        760,
        780,
        800,
        820,
        840,
        860,
        880,
        900,
        920,
        940,
        960,
        980,
        1000,
        1020,
        1040,
        1060,
        1080,
        1100,
        1120,
        1140,
        1160,
        1180,
        1200,
        1220,
        1240,
        1260,
        1280,
        1300,
        1320,
        1340,
        1360,
        1380,
        1400,
        1420,
        1440,
        1460,
        1480,
        1500,
        1520,
        1540,
        1560,
        1580,
        1600,
        1620,
        1640,
        1660,
        1680,
        1700,
        1720,
        1740,
        1760,
        1780,
        1800,
        1820,
        1840,
        1860,
        1880,
        1900,
        1920,
        1940,
        1960,
        1980,
        2000
    ],
    "Z_center": {
        "real": [
            0.013106507470128786,
            0.02026542444928736,
            0.02868373489513252,
            0.03820169421759942,
            0.048668870490589364,
            0.059950773825370146,
            0.07193283337349839,
            0.08452209085804606,
            0.09764710694209754,
            0.1112565999012597,
            0.1253172903592187,
            0.13981134227217096,
            0.1547336933685873,
            0.17008947494798418,
            0.1858916413209582,
            0.2021588673978975,
            0.21891372906388848,
            0.2361811526921789,
            0.2539871041367583,
            0.27235748043261593,
            0.29131716628926846,
            0.31088921999349833,
            0.33109415788286034,
            0.35194931199841417,
            0.3734682411763715,
            0.3956601812961814,
            0.41852952546259187,
            0.44207532947886885,
            0.46629084204536947,
            0.4911630627000706,
            0.5166723336137287,
            0.5427919739642433,
            0.5694879677256092,
            0.5967187172867505,
            0.6244348763175678,
            0.6525792756719545,
            0.6810869558043579,
            0.7098853181343088,
            0.738894405991643,
            0.76802732321629,
            0.7971907952041012,
            0.8262858732636228,
            0.8552087787026114,
            0.8838518782670036,
            0.9121047776228162,
            0.9398555147451351,
            0.96699183062202,
            0.9934024908566091,
            1.0189786288042086,
            1.0436150790171992,
            1.0672116691399822,
            1.0896744390761484,
            1.110916758239713,
            1.130860314915811,
            1.1494359560335807,
            1.1665843607671582,
            1.1822565370544014,
            1.1964141360552405,
            1.209029585457761,
            1.2200860480900555,
            1.2295772172624064,
            1.2375069644474976,
            1.24388885816973,
            1.248745575247797,
            1.2521082268061585,
            1.254015621788369,
            1.2545134901600041,
            1.2536536867064347,
            1.251493394456032,
            1.2480943444486947,
            1.2435220659738204,
            1.2378451786632967,
            1.2311347350697905,
            1.2234636196938098,
            1.214906007924285,
            1.2055368860951667,
            1.1954316318683038,
            1.1846656524601618,
            1.1733140768436476,
            1.1614514969762832,
            1.1491517523176717,
            1.1364877513948042,
            1.1235313239245899,
            1.1103530969940871,
            1.0970223890063786,
            1.0836071154981781,
            1.0701737015073773,
            1.0567869958813352,
            1.0435101837579805,
            1.0304046943802223,
            1.01753010240473,
            1.0049440219007986,
            0.9927019932701524,
            0.9808573643266282,
            0.9694611677080471,
            0.9585619976322773,
            0.948205889700864
        ],
        "imag": [
            0.12278717216285528,
            0.1520884433647721,
            0.18058157165885239,
            0.20821285537600312,
            0.23496370753430407,
            0.2608440096487672,
            0.28588492461100656,
            0.31013194854545806,
            0.3336387124000157,
            0.35646180527149857,
            0.37865670339605734,
            0.40027475698954923,
            0.4213611076679798,
            0.4419533723834581,
            0.462080923900493,
            0.48176461147805966,
            0.5010167892769901,
            0.5198415473107931,
            0.5382350661919924,
            0.556186040165401,
            0.5736761320351488,
            0.5906804385270151,
            0.607167955793178,
            0.6231020427649975,
            0.6384408855173143,
            0.6531379692872712,
            0.667142566753379,
            0.680400251983131,
            0.6928534493607795,
            0.7044420259960809,
            0.7151039347170443,
            0.724775912854107,
            0.7333942396974432,
            0.7408955528134405,
            0.7472177204052695,
            0.7523007636734461,
            0.7560878197726059,
            0.7585261325882724,
            0.7595680553150331,
            0.7591720458634375,
            0.7573036336307041,
            0.7539363343132665,
            0.7490524883831107,
            0.7426439987343222,
            0.7347129439359189,
            0.7252720455516267,
            0.7143449710987554,
            0.7019664583368107,
            0.6881822515550716,
            0.673048846155416,
            0.6566330438378201,
            0.6390113267892898,
            0.6202690651394297,
            0.6004995772673005,
            0.5798030670507609,
            0.5582854656154131,
            0.5360572074099682,
            0.5132319714280981,
            0.4899254181172285,
            0.46625395103643563,
            0.4423335297966816,
            0.4182785574270893,
            0.3942008612938844,
            0.370208782291369,
            0.34640638247099415,
            0.3228927767933314,
            0.2997615904683971,
            0.27710053954806907,
            0.2549911291552035,
            0.2335084610502001,
            0.21272114017392355,
            0.19269126835983175,
            0.17347451254843754,
            0.15512023450891513,
            0.13767166920890284,
            0.12116613950213463,
            0.10563529565000415,
            0.0911053692799959,
            0.07759743264894943,
            0.0651276554546812,
            0.05370755287870259,
            0.04334421999226507,
            0.034040549086315965,
            0.02579542785308507,
            0.018603917632251186,
            0.012457412108278491,
            0.007343777889863075,
            0.003247479300484861,
            0.00014969044011057617,
            -0.0019716018665859657,
            -0.003141500256854721,
            -0.003388100006014619,
            -0.0027423890861447155,
            -0.0012381412379251912,
            0.0010882013760801755,
            0.00419765875270858,
            0.008048858898829359
        ]
    },
    "CPU_time": {
        "derivatives": 0.07151269912719727,
        "buildingVn": 2.8030498027801514,
        "spliting_Vn": 0.0,