{
    "geometry1": "new_broken_cubic",
    "geometry2": "large",
    "ope": "b2p_tang_ipp",
    "lc": 0.015,
    "dimP": 2,
    "dimQ": 2,
    "N": 98,
    "f0": 1000,
    "frequencies": [
        80,
        100,
        120,
        140,
        160,
        180,
        200,
        220,
        240,
        260,
        280,
        300,
        320,
        340,
        360,
        380,
        400,
        420,
        440,
        460,
        480,
        500,
        520,
        540,
        560,
        580,
        600,
        620,
        640,
        660,
        680,
        700,
        720,
        740,
        760,
        780,
        800,
        820,
        840,
        860,
        880,
        900,
        920,
        940,
        960,
        980,
        1000,
        1020,
        1040,
        1060,
        1080,
        1100,
        1120,
        1140,
        1160,
        1180,
        1200,
        1220,
        1240,
        1260,
        1280,
        1300,
        1320,
        1340,
        1360,
        1380,
        1400,
        1420,
        1440,
        1460,
        1480,
        1500,
        1520,
        1540,
        1560,
        1580,
        1600,
        1620,
        1640,
        1660,
        1680,
        1700,
        1720,
        1740,
        1760,
        1780,
        1800,
        1820,
        1840,
        1860,
        1880,
        1900,
        1920,
        1940,
        1960,
        1980,
        2000
    ],
    "Z_center": {
        "real": [
            0.011060430218421591,
            0.01599081165859671,
            0.021755705569216587,
            0.02858228354652503,
            0.03673056879728329,
            0.046459383059194836,
            0.05799587913694096,
            0.07150102889407398,
            0.08703303785287035,
            0.10451791784426631,
            0.12373997508223439,
            0.1443622078409961,
            0.16597691090467398,
            0.18817420053703754,
            0.2106081027595227,
            0.23304149092571946,
            0.2553610660861729,
            0.277565168584827,
            0.29973442843935777,
            0.3219963961798603,
            0.3444923944108392,
            0.367350899045721,
            0.3906687475694011,
            0.41449990900743044,
            0.43885108672596373,
            0.463683445677042,
            0.4889197471697093,
            0.5144558764240462,
            0.5401751810319786,
            0.5659634439714332,
            0.5917220198491018,
            0.6173769021595498,
            0.6428822737324861,
            0.668218203677807,
            0.6933832634383984,
            0.7183836643716532,
            0.7432209431464266,
            0.7678802609565513,
            0.792321136257795,
            0.8164719984769133,
            0.8402294012577213,
            0.8634621164631844,
            0.8860196938651146,
            0.9077444752690095,
            0.9284855556821787,
            0.9481128425788197,
            0.9665292349436532,
            0.983679093781802,
            0.9995516568144563,
            1.0141788415068154,
            1.0276278469310443,
            1.0399898782086932,
            1.0513669440269362,
            1.0618588755966496,
            1.071552477071557,
            1.0805141465651118,
            1.088786559234712,
            1.0963892380116103,
            1.1033221943765255,
            1.109571418562119,
            1.1151149123812876,
            1.1199281891704234,
            1.123988612006508,
            1.1272784204553263,
            1.129786624751569,
            1.1315100385170502,
            1.1324536307415132,
            1.1326302509845652,
            1.1320597521795168,
            1.1307676377597404,
            1.128783520048219,
            1.1261397753759306,
            1.1228707368894904,
            1.1190125827050237,
            1.1146038339809987,
            1.1096861774864022,
            1.104305243227758,
            1.0985110141964045,
            1.0923576835621929,
            1.085902939932542,
            1.0792067947135766,
            1.072330135228228,
            1.0653331928546592,
            1.0582740789954632,
            1.0512074913925926,
            1.0441836497238652,
            1.0372474895086543,
            1.0304381232396973,
            1.0237885605159935,
            1.017325662330718,
            1.0110702923342523,
            1.0050376259684224,
            0.9992375892254234,
            0.9936754179063321,
            0.988352346100644,
            0.9832664397391022,
            0.9784135824861303
        ],
        "imag": [
            0.12113116928404606,
            0.15061795797500965,
            0.1802599359032541,
            0.21016887580603055,
            0.24034376480280348,
            0.27067735078963695,
            0.30096066045349135,
            0.33089257088266394,
            0.36010313392514387,
            0.3881956282803351,
            0.4148044908991679,
            0.4396567973618799,
            0.4626189046255097,
            0.48371222785315016,
            0.5030931116136663,
            0.5210053667792791,
            0.5377224426182772,
            0.5534958523420875,
            0.5685198512943308,
            0.5829146023186961,
            0.5967248231054942,
            0.609929010018968,
            0.6224547194903883,
            0.6341966231699019,
            0.6450351493732688,
            0.654854101565879,
            0.6635557740453248,
            0.6710720670998878,
            0.6773702772818989,
            0.6824528144026694,
            0.6863510547055214,
            0.6891146302778859,
            0.6907983251472275,
            0.6914491219529589,
            0.6910957451203233,
            0.6897424063601829,
            0.68736760726225,
            0.6839280037798621,
            0.6793666153755681,
            0.673624114545312,
            0.6666515702985133,
            0.6584228497334225,
            0.6489449163967509,
            0.6382645042183083,
            0.6264700752526121,
            0.6136885600351832,
            0.6000770935646444,
            0.5858107318179092,
            0.5710678411189636,
            0.5560153226241386,
            0.5407959053087918,
            0.5255193510415217,
            0.5102586491036125,
            0.49505133530256773,
            0.479905183883487,
            0.4648068696379372,
            0.44973187799051856,
            0.43465396999021194,
            0.4195528484303534,
            0.4044192342174117,
            0.38925721212114817,
            0.374084270303674,
            0.3589297833607513,
            0.34383270902660473,
            0.3288390522875868,
            0.3139993655327063,
            0.2993663677946619,
            0.2849927487201219,
            0.270929313840255,
            0.2572236977964538,
            0.24391982058158562,
            0.23105808197116884,
            0.21867606413569146,
            0.20680935475262222,
            0.19549208728952985,
            0.1847569226572996,
            0.17463440486954807,
            0.1651518261100991,
            0.1563318648899693,
            0.14819128799718284,
            0.1407399487305674,
            0.13398021196550927,
            0.12790683508563971,
            0.12250726170332712,
            0.11776224985363394,
            0.11364674875510819,
            0.11013094318700357,
            0.10718139139396222,
            0.10476218919516984,
            0.10283610349582772,
            0.1013656357846465,
            0.10031399788204665,
            0.09964600020985857,
            0.09932885892092994,
            0.09933291913668071,
            0.09963227107464807,
            0.10020521253014279
        ]
    },
    "CPU_time": {
        "derivatives": 0.20192217826843262,
        "buildingVn": 46.19911980628967,
        "spliting_Vn": 0.0,
        "solvingMOR": 0.6822190284729004,