{
    "geometry1": "new_broken_cubic",
    "geometry2": "large",
    "ope": "b2p_tang_ipp",
    "lc": 0.015,
    "dimP": 2,
    "dimQ": 2,
    "N": 30,
    "f0": 1000,
    "frequencies": [
        80,
        100,
        120,
        140,
        160,
        180,
        200,
        220,
        240,
        260,
        280,
        300,
        320,
        340,
        360,
        380,
        400,
        420,
        440,
        460,
        480,
        500,
        520,
        540,
        560,
        580,
        600,
        620,
        640,
        660,
        680,
        700,
        720,
        740,
        760,
        780,
        800,
        820,
        840,
        860,
        880,
        900,
        920,
        940,
        960,
        980,
        1000,
        1020,
        1040,
        1060,
        1080,
        1100,
        1120,
        1140,
        1160,
        1180,
        1200,
        1220,
        1240,
        1260,
        1280,
        1300,
        1320,
        1340,
        1360,
        1380,
        1400,
        1420,
        1440,
        1460,
        1480,
        1500,
        1520,
        1540,
        1560,
        1580,
        1600,
        1620,
        1640,
        1660,
        1680,
        1700,
        1720,
        1740,
        1760,
        1780,
        1800,
        1820,
        1840,
        1860,
        1880,
        1900,
        1920,
        1940,
        1960,
        1980,
        2000
    ],
    "Z_center": {
        "real": [
            0.01100610890240733,
            0.015962814400025314,
            0.02174529694965292,
            0.02858118619658246,
            0.036733758804278024,
            0.0464640610595827,
            0.05800046876200451,
            0.07150470539454266,
            0.08703551601366111,
            0.10451928934787041,
            0.12374053539085736,
            0.1443622955763084,
            0.16597679880493316,
            0.18817405418529243,
            0.21060799278884815,
            0.23304142901945712,
            0.25536103934014037,
            0.27756516070050447,
            0.29973442805313893,
            0.32199639758574305,
            0.34449239558530464,
            0.3673508996605558,
            0.3906687478067908,
            0.4144999090726923,
            0.4388510867346368,
            0.4636834456742414,
            0.48891974716726433,
            0.514455876423087,
            0.5401751810317555,
            0.5659634439714355,
            0.591722019849149,
            0.6173769021596056,
            0.6428822737325361,
            0.6682182036778548,
            0.6933832634384323,
            0.7183836643716758,
            0.7432209431464368,
            0.7678802609565395,
            0.7923211362577633,
            0.8164719984768657,
            0.8402294012576652,
            0.8634621164631162,
            0.886019693865039,
            0.9077444752689354,
            0.9284855556821027,
            0.9481128425787559,
            0.9665292349435983,
            0.9836790937817621,
            0.9995516568144382,
            1.014178841506809,
            1.0276278469310574,
            1.039989878208719,
            1.051366944026976,
            1.0618588755966976,
            1.0715524770716143,
            1.0805141465651724,
            1.0887865592347894,
            1.0963892380116411,
            1.1033221943765752,
            1.1095714185621635,
            1.1151149123812834,
            1.1199281891704969,
            1.1239886120065241,
            1.1272784204537887,
            1.1297866247404877,
            1.1315100384764218,
            1.1324536306828954,
            1.1326302512139332,
            1.1320597539900057,
            1.1307676440103822,
            1.1287835324124198,
            1.126139781157658,
            1.12287068010859,
            1.1190123357472226,
            1.1146032356362467,
            1.1096852536091437,
            1.1043046949293314,
            1.098512842561238,
            1.092365406824177,
            1.0859204503442408,
            1.0792349183837184,
            1.0723608302813352,
            1.0653431322860811,
            1.058221562133094,
            1.051038053721584,
            1.0438490650839194,
            1.036739267302517,
            1.0298304067711637,
            1.023278135924919,
            1.0172510417771106,
            1.0118899490932567,
            1.0072509951597755,
            1.0032419175489884,
            0.9995668097207208,
            0.9956998841731304,
            0.9909121979368105,
            0.9843730212337441
        ],
        "imag": [
            0.12114865973883938,
            0.15064514518213662,
            0.18028383061797956,
            0.21018633811893309,
            0.2403552280911985,
            0.27068403202853286,
            0.30096383617771705,
            0.330893438962477,
            0.3601027331076272,
            0.3881947496236694,
            0.4148036294990708,
            0.4396561750763088,
            0.4626185501679813,
            0.48371207388832194,
            0.5030930712762347,
            0.5210053737180957,
            0.5377224600631622,
            0.5534958659951036,
            0.5685198587738023,
            0.582914605433863,
            0.5967248240306292,
            0.6099290101324814,
            0.6224547194148894,
            0.6341966231020146,
            0.6450351493408013,
            0.6548541015549889,
            0.663555774042825,
            0.6710720670996427,
            0.6773702772819891,
            0.6824528144027299,
            0.6863510547055333,
            0.689114630277873,
            0.6907983251471995,
            0.6914491219529154,
            0.6910957451202664,
            0.6897424063601149,
            0.6873676072621814,
            0.6839280037797889,
            0.6793666153754943,
            0.6736241145452472,
            0.6666515702984611,
            0.6584228497333894,
            0.6489449163967379,
            0.638264504218308,
            0.6264700752526302,
            0.6136885600352181,
            0.6000770935646931,
            0.5858107318179689,
            0.5710678411190258,
            0.5560153226242034,
            0.5407959053088492,
            0.5255193510415691,
            0.5102586491036569,
            0.4950513353025929,
            0.4799051838835057,
            0.4648068696379516,
            0.4497318779905093,
            0.4346539699901959,
            0.4195528484303222,
            0.40441923421734827,
            0.3892572121210953,
            0.37408427030345215,
            0.35892978336018294,
            0.3438327090247156,
            0.32883905228578175,
            0.31399936555731506,
            0.2993663679681013,
            0.28499274932358004,
            0.27092931489721284,
            0.25722369691104685,
            0.24391980786999026,
            0.23105803561910568,
            0.21867596305162346,
            0.20680923996369704,
            0.19549219395812895,
            0.1847578279591729,
            0.1746369812475335,
            0.165156639412114,
            0.15633771587666848,
            0.14819308392459554,
            0.14072702857249142,
            0.13393725788854194,
            0.127819835071026,
            0.12237585506966447,
            0.11761688109525137,
            0.11356496942615955,
            0.11024346422672117,
            0.10765708570670492,
            0.10576378758799548,
            0.10444525720998775,
            0.10348630979505168,
            0.10257470420619377,
            0.10133172005472367,
            0.09938018051312264,
            0.09645000291041783,
            0.09251051976045443,
            0.08790299275477576
        ]
    },
    "CPU_time": {
        "derivatives": 0.19059205055236816,
        "buildingVn": 30.789858102798462,
        "spliting_Vn": 0.0,