{
    "geometry1": "new_broken_cubic",
    "geometry2": "small",
    "ope": "b2p_tang_ipp",
    "lc": 0.015,
    "dimP": 2,
    "dimQ": 2,
    "N": 68,
    "f0": 1000,
    "frequencies": [
        80,
        100,
        120,
        140,
        160,
        180,
        200,
        220,
        240,
        260,
        280,
        300,
        320,
        340,
        360,
        380,
        400,
        420,
        440,
        460,
        480,
        500,
        520,
        540,
        560,
        580,
        600,
        620,
        640,
        660,
        680,
        700,
        720,
        740,
        760,
        780,
        800,
        820,
        840,
        860,
        880,
        900,
        920,
        940,
        960,
        980,
        1000,
        1020,
        1040,
        1060,
        1080,
        1100,
        1120,
        1140,
        1160,
        1180,
        1200,
        1220,
        1240,
        1260,
        1280,
        1300,
        1320,
        1340,
        1360,
        1380,
        1400,
        1420,
        1440,
        1460,
        1480,
        1500,
        1520,
        1540,
        1560,
        1580,
        1600,
        1620,
        1640,
        1660,
        1680,
        1700,
        1720,
        1740,
        1760,
        1780,
        1800,
        1820,
        1840,
        1860,
        1880,
        1900,
        1920,
        1940,
        1960,
        1980,
        2000
    ],
    "Z_center": {
        "real": [
            0.013472505204704343,
            0.020649330521440266,
            0.02907531674128835,
            0.038594686064951464,
            0.04905857544117246,
            0.06033274288862719,
            0.07230243313871956,
            0.08487463264950426,
            0.09797822178417272,
            0.1115626306891795,
            0.12559557484555767,
            0.1400603438089155,
            0.1549529895987434,
            0.1702796403927523,
            0.1860540661302911,
            0.2022955498170803,
            0.2190270698401628,
            0.23627376971893738,
            0.2540616771370035,
            0.2724166291309129,
            0.2913633612752438,
            0.3109247229770354,
            0.331120986825063,
            0.35196922625726185,
            0.3734827419955091,
            0.39567052344749837,
            0.4185367364636594,
            0.4420802334398468,
            0.46629408580313136,
            0.4911651424333095,
            0.5166736205997368,
            0.5427927385275193,
            0.5694884007558946,
            0.5967189489678423,
            0.6244349919256,
            0.6525793284725205,
            0.6810869772133189,
            0.7098853254065607,
            0.738894407771189,
            0.7680273233202954,
            0.7971907950236354,
            0.8262858731494419,
            0.855208778664636,
            0.8838518782600767,
            0.9121047776224479,
            0.9398555147453549,
            0.9669918306223081,
            0.9934024908569717,
            1.0189786288056504,
            1.0436150790375143,
            1.0672116693052573,
            1.0896744399373095,
            1.110916761583689,
            1.1308603254827996,
            1.14943598469627,
            1.1665844298572692,
            1.182256688609792,
            1.1964144437857802,
            1.2090301711682885,
            1.2200871031358624,
            1.2295790293377793,
            1.2375099496152087,
            1.2438935975387098,
            1.2487528551079472,
            1.2521190803591382,
            1.2540313699019912,
            1.254535777851865,
            1.2536845113783983,
            1.251535121285034,
            1.2481497038396485,
            1.243594127630039,
            1.2379372966654834,
            1.231250458402105,
            1.2236065629358552,
            1.2150796773573567,
            1.2057444572512754,
            1.1956756755805131,
            1.1849478077339666,
            1.1736346703442282,
            1.1618091105744968,
            1.1495427419206434,
            1.1369057221458068,
            1.1239665687285572,
            1.1107920071411894,
            1.0974468473432888,
            1.0839938840495247,
            1.070493816600214,
            1.0570051845844155,
            1.0435843157299092,
            1.030285282976847,
            1.0171598680512002,
            1.0042575292754063,
            0.9916253717458448,
            0.9793081184177573,
            0.9673480809932657,
            0.9557851298796873,
            0.9446566628016848
        ],
        "imag": [
            0.12284489737380992,
            0.15215124230049493,
            0.18064890610681555,
            0.20828216157274893,
            0.2350308978034051,
            0.26090450570843104,
            0.28593466343535906,
            0.3101680665628568,
            0.3336598343722825,
            0.3564679995531253,
            0.37864922045493254,
            0.4002556686190692,
            0.42133293754056966,
            0.441918774611445,
            0.46204243635352893,
            0.4817244890864271,
            0.5009769095740437,
            0.5198033742936411,
            0.5381996570155123,
            0.5561540803061998,
            0.5736479869560724,
            0.5906562126305902,
            0.6071475520582156,
            0.6230852186768117,
            0.6384273026544932,
            0.6531272352407894,
            0.6671342689843932,
            0.680393983856596,
            0.6928488289873986,
            0.7044387087454345,
            0.7151016203726756,
            0.7247743484077237,
            0.7333932187526124,
            0.7408949125040291,
            0.7472173366472237,
            0.752300545465956,
            0.7560877031522175,
            0.7585260747222299,
            0.7595680290989285,
            0.7591720352699229,
            0.7573036299414105,
            0.7539363332634682,
            0.7490524881601986,
            0.7426439987049648,
            0.7347129439349677,
            0.7252720455524061,
            0.7143449710995226,
            0.7019664583375587,
            0.6881822515574695,
            0.6730488461846201,
            0.6566330440454241,
            0.63901132773695,
            0.6202690683657064,
            0.6004995861930013,
            0.5798030881695145,
            0.5582855097396272,
            0.5360572905002724,
            0.5132321142345924,
            0.4899256435177207,
            0.4662542775973122,
            0.4423339597282637,
            0.4182790567944052,
            0.39420133010502817,
            0.3702090119534058,
            0.3464059981013936,
            0.32289116203086926,
            0.299757792751408,
            0.2770931543290069,
            0.2549781621953111,
            0.23348716877473638,
            0.21268784904630755,
            0.19264117532634,
            0.17340146977230983,
            0.15501652282124476,
            0.13752776589921606,
            0.12097048721054612,
            0.10537408015128591,
            0.09076231481666856,
            0.0771536241278928,
            0.06456139721235653,
            0.05299427381616738,
            0.042456434628449134,
            0.03294788346096056,
            0.02446471820673159,
            0.016999388394301953,
            0.010540937951491174,
            0.005075232486461449,
            0.0005851709872609685,
            -0.002949117659723657,
            -0.005550092527409818,
            -0.0072426317546041554,
            -0.008053875533484477,
            -0.00801307943349073,
            -0.007151476412008396,
            -0.005502145806942388,
            -0.0030998875989638906,
            1.8899716244263843e-05
        ]
    },
    "CPU_time": {
        "derivatives": 0.07076668739318848,
        "buildingVn": 5.541808843612671,
        "spliting_Vn": 0.0,