{
    "geometry1": "new_broken_cubic",
    "geometry2": "large",
    "ope": "b2p_tang_ipp",
    "lc": 0.015,
    "dimP": 2,
    "dimQ": 2,
    "N": 73,
    "f0": 1000,
    "frequencies": [
        80,
        100,
        120,
        140,
        160,
        180,
        200,
        220,
        240,
        260,
        280,
        300,
        320,
        340,
        360,
        380,
        400,
        420,
        440,
        460,
        480,
        500,
        520,
        540,
        560,
        580,
        600,
        620,
        640,
        660,
        680,
        700,
        720,
        740,
        760,
        780,
        800,
        820,
        840,
        860,
        880,
        900,
        920,
        940,
        960,
        980,
        1000,
        1020,
        1040,
        1060,
        1080,
        1100,
        1120,
        1140,
        1160,
        1180,
        1200,
        1220,
        1240,
        1260,
        1280,
        1300,
        1320,
        1340,
        1360,
        1380,
        1400,
        1420,
        1440,
        1460,
        1480,
        1500,
        1520,
        1540,
        1560,
        1580,
        1600,
        1620,
        1640,
        1660,
        1680,
        1700,
        1720,
        1740,
        1760,
        1780,
        1800,
        1820,
        1840,
        1860,
        1880,
        1900,
        1920,
        1940,
        1960,
        1980,
        2000
    ],
    "Z_center": {
        "real": [
            0.011060430218421355,
            0.015990811658595706,
            0.021755705569215373,
            0.028582283546523143,
            0.03673056879728341,
            0.04645938305919424,
            0.05799587913694168,
            0.0715010288940754,
            0.08703303785287357,
            0.10451791784427382,
            0.12373997508224352,
            0.14436220784100662,
            0.16597691090468336,
            0.18817420053704717,
            0.21060810275953062,
            0.23304149092572304,
            0.25536106608617354,
            0.2775651685848213,
            0.29973442843935016,
            0.3219963961798471,
            0.34449239441082485,
            0.3673508990457036,
            0.39066874756938325,
            0.41449990900741424,
            0.43885108672594897,
            0.46368344567702985,
            0.48891974716969533,
            0.5144558764240372,
            0.5401751810319751,
            0.5659634439714312,
            0.5917220198491021,
            0.6173769021595557,
            0.642882273732489,
            0.668218203677817,
            0.6933832634384036,
            0.7183836643716602,
            0.7432209431464393,
            0.7678802609565578,
            0.7923211362577975,
            0.8164719984769097,
            0.8402294012577214,
            0.8634621164631766,
            0.8860196938651029,
            0.9077444752689967,
            0.9284855556821597,
            0.9481128425788007,
            0.9665292349436339,
            0.9836790937817852,
            0.9995516568144431,
            1.0141788415068083,
            1.027627846931044,
            1.0399898782087018,
            1.0513669440269513,
            1.0618588755966714,
            1.0715524770715867,
            1.0805141465651462,
            1.0887865592347636,
            1.0963892380116285,
            1.103322194376551,
            1.1095714185622039,
            1.1151149123813164,
            1.1199281891704398,
            1.1239886120065017,
            1.1272784204553796,
            1.1297866247515629,
            1.1315100385170291,
            1.1324536307415352,
            1.1326302509845536,
            1.1320597521795066,
            1.130767637759776,
            1.1287835200481873,
            1.1261397753759022,
            1.1228707368894226,
            1.1190125827050172,
            1.1146038339809516,
            1.1096861774862876,
            1.104305243227581,
            1.098511014196312,
            1.092357683562109,
            1.0859029399326035,
            1.079206794713466,
            1.072330135228234,
            1.0653331928546597,
            1.0582740789954244,
            1.0512074913928107,
            1.0441836497238386,
            1.0372474895085675,
            1.0304381232400626,
            1.023788560515676,
            1.0173256623298441,
            1.0110702923342343,
            1.0050376259690936,
            0.999237589223807,
            0.9936754179019868,
            0.9883523461050787,
            0.9832664397764065,
            0.9784135825562125
        ],
        "imag": [
            0.1211311692840451,
            0.15061795797500932,
            0.18025993590325368,
            0.21016887580603205,
            0.2403437648028057,
            0.27067735078964156,
            0.30096066045349484,
            0.33089257088266594,
            0.3601031339251486,
            0.3881956282803385,
            0.4148044908991707,
            0.43965679736188057,
            0.46261890462550426,
            0.48371222785314383,
            0.5030931116136546,
            0.5210053667792635,
            0.5377224426182605,
            0.5534958523420705,
            0.5685198512943168,
            0.5829146023186831,
            0.5967248231054855,
            0.6099290100189604,
            0.6224547194903873,
            0.6341966231699019,
            0.6450351493732746,
            0.6548541015658866,
            0.6635557740453311,
            0.6710720670999013,
            0.6773702772819119,
            0.6824528144026808,
            0.6863510547055326,
            0.6891146302778983,
            0.6907983251472384,
            0.6914491219529662,
            0.6910957451203288,
            0.6897424063601852,
            0.6873676072622514,
            0.6839280037798596,
            0.679366615375559,
            0.6736241145453031,
            0.6666515702985034,
            0.6584228497334184,
            0.6489449163967477,
            0.6382645042183042,
            0.6264700752526137,
            0.61368856003519,
            0.6000770935646579,
            0.5858107318179312,
            0.5710678411189885,
            0.5560153226241656,
            0.5407959053088237,
            0.5255193510415519,
            0.5102586491036243,
            0.49505133530258916,
            0.4799051838834973,
            0.46480686963796486,
            0.44973187799052616,
            0.4346539699902249,
            0.4195528484303384,
            0.40441923421741804,
            0.3892572121211259,
            0.3740842703035562,
            0.35892978336073034,
            0.3438327090265765,
            0.32883905228759314,
            0.3139993655325691,
            0.2993663677945776,
            0.28499274872005365,
            0.270929313840247,
            0.2572236977964125,
            0.2439198205815347,
            0.23105808197105618,
            0.2186760641355971,
            0.20680935475272175,
            0.19549208728966241,
            0.18475692265743016,
            0.1746344048695544,
            0.1651518261102185,
            0.15633186489005818,
            0.14819128799738393,
            0.1407399487308525,
            0.13398021196544405,
            0.127906835085849,
            0.12250726170383323,
            0.11776224985381624,
            0.11364674875525567,
            0.11013094318716976,
            0.10718139139416355,
            0.10476218919592074,
            0.10283610349583965,
            0.10136563578441189,
            0.10031399788099393,
            0.09964600020971688,
            0.0993288589255688,
            0.0993329191523471,
            0.09963227108655007,
            0.10020521247249475
        ]
    },
    "CPU_time": {
        "derivatives": 0.1943678855895996,
        "buildingVn": 39.1832971572876,
        "spliting_Vn": 0.0,