{
    "geometry1": "new_broken_cubic",
    "geometry2": "large",
    "ope": "b2p_tang_ipp",
    "lc": 0.015,
    "dimP": 2,
    "dimQ": 2,
    "N": 83,
    "f0": 1000,
    "frequencies": [
        80,
        100,
        120,
        140,
        160,
        180,
        200,
        220,
        240,
        260,
        280,
        300,
        320,
        340,
        360,
        380,
        400,
        420,
        440,
        460,
        480,
        500,
        520,
        540,
        560,
        580,
        600,
        620,
        640,
        660,
        680,
        700,
        720,
        740,
        760,
        780,
        800,
        820,
        840,
        860,
        880,
        900,
        920,
        940,
        960,
        980,
        1000,
        1020,
        1040,
        1060,
        1080,
        1100,
        1120,
        1140,
        1160,
        1180,
        1200,
        1220,
        1240,
        1260,
        1280,
        1300,
        1320,
        1340,
        1360,
        1380,
        1400,
        1420,
        1440,
        1460,
        1480,
        1500,
        1520,
        1540,
        1560,
        1580,
        1600,
        1620,
        1640,
        1660,
        1680,
        1700,
        1720,
        1740,
        1760,
        1780,
        1800,
        1820,
        1840,
        1860,
        1880,
        1900,
        1920,
        1940,
        1960,
        1980,
        2000
    ],
    "Z_center": {
        "real": [
            0.01106043021842106,
            0.015990811658595398,
            0.021755705569215453,
            0.028582283546521526,
            0.036730568797283404,
            0.046459383059192824,
            0.05799587913694238,
            0.07150102889407316,
            0.0870330378528715,
            0.10451791784426816,
            0.123739975082238,
            0.14436220784099887,
            0.16597691090467684,
            0.18817420053704137,
            0.2106081027595252,
            0.2330414909257205,
            0.2553610660861766,
            0.2775651685848296,
            0.29973442843935927,
            0.32199639617986003,
            0.3444923944108417,
            0.36735089904572027,
            0.3906687475694004,
            0.41449990900742706,
            0.4388510867259631,
            0.46368344567704173,
            0.48891974716970604,
            0.5144558764240462,
            0.5401751810319765,
            0.5659634439714332,
            0.5917220198491001,
            0.6173769021595522,
            0.6428822737324843,
            0.6682182036778129,
            0.6933832634383967,
            0.7183836643716532,
            0.7432209431464313,
            0.767880260956548,
            0.7923211362577891,
            0.8164719984769027,
            0.8402294012577168,
            0.8634621164631748,
            0.8860196938650988,
            0.9077444752689898,
            0.9284855556821513,
            0.948112842578795,
            0.9665292349436282,
            0.9836790937817796,
            0.9995516568144402,
            1.014178841506806,
            1.0276278469310456,
            1.0399898782086974,
            1.0513669440269517,
            1.0618588755966831,
            1.0715524770715983,
            1.0805141465651353,
            1.0887865592347508,
            1.0963892380116196,
            1.1033221943765517,
            1.1095714185621792,
            1.1151149123812532,
            1.1199281891704782,
            1.1239886120065208,
            1.1272784204553112,
            1.129786624751559,
            1.1315100385169357,
            1.1324536307415312,
            1.1326302509845543,
            1.1320597521794147,
            1.1307676377596592,
            1.1287835200482585,
            1.1261397753759463,
            1.122870736889737,
            1.1190125827049402,
            1.1146038339811395,
            1.1096861774865336,
            1.1043052432278475,
            1.0985110141965393,
            1.0923576835622786,
            1.0859029399326794,
            1.0792067947135773,
            1.0723301352283272,
            1.0653331928546435,
            1.0582740789951874,
            1.0512074913927858,
            1.0441836497240167,
            1.0372474895086767,
            1.0304381232397395,
            1.0237885605161183,
            1.017325662330862,
            1.0110702923344794,
            1.0050376259686253,
            0.9992375892253165,
            0.993675417906439,
            0.9883523461007659,
            0.9832664397386538,
            0.9784135824854696
        ],
        "imag": [
            0.12113116928404564,
            0.1506179579750097,
            0.1802599359032529,
            0.210168875806032,
            0.2403437648028076,
            0.2706773507896403,
            0.3009606604534951,
            0.3308925708826646,
            0.3601031339251476,
            0.3881956282803375,
            0.41480449089917193,
            0.4396567973618817,
            0.4626189046255106,
            0.48371222785314977,
            0.5030931116136664,
            0.5210053667792784,
            0.5377224426182756,
            0.5534958523420873,
            0.5685198512943315,
            0.5829146023186926,
            0.596724823105491,
            0.6099290100189628,
            0.622454719490386,
            0.6341966231698937,
            0.6450351493732664,
            0.6548541015658764,
            0.6635557740453194,
            0.6710720670998869,
            0.6773702772818996,
            0.6824528144026697,
            0.6863510547055207,
            0.6891146302778889,
            0.6907983251472273,
            0.6914491219529546,
            0.6910957451203212,
            0.6897424063601773,
            0.6873676072622475,
            0.6839280037798575,
            0.6793666153755574,
            0.6736241145453021,
            0.6666515702985029,
            0.6584228497334144,
            0.6489449163967471,
            0.6382645042183058,
            0.626470075252613,
            0.6136885600351901,
            0.600077093564658,
            0.58581073181793,
            0.571067841118988,
            0.5560153226241674,
            0.5407959053088193,
            0.5255193510415567,
            0.5102586491036321,
            0.49505133530259054,
            0.4799051838834927,
            0.4648068696379512,
            0.44973187799054415,
            0.43465396999020467,
            0.41955284843034285,
            0.4044192342173929,
            0.38925721212113285,
            0.3740842703035514,
            0.35892978336069586,
            0.34383270902656576,
            0.328839052287623,
            0.31399936553259367,
            0.2993663677945762,
            0.2849927487201198,
            0.2709293138400791,
            0.2572236977962961,
            0.24391982058167863,
            0.23105808197146332,
            0.21867606413718504,
            0.20680935475307782,
            0.19549208728971437,
            0.18475692265733817,
            0.17463440486964993,
            0.16515182611012405,
            0.15633186488987785,
            0.14819128799715886,
            0.14073994873066545,
            0.1339802119654192,
            0.1279068350857156,
            0.12250726170342105,
            0.11776224985398692,
            0.1136467487551512,
            0.11013094318702556,
            0.10718139139388429,
            0.10476218919529434,
            0.10283610349623908,
            0.10136563578471562,
            0.10031399788193514,
            0.09964600020975879,
            0.09932885892094064,
            0.09933291913668742,
            0.09963227107432047,
            0.10020521253090407
        ]
    },
    "CPU_time": {
        "derivatives": 0.22008132934570312,
        "buildingVn": 41.45701575279236,
        "spliting_Vn": 0.0,