{
    "geometry1": "new_broken_cubic",
    "geometry2": "large",
    "ope": "b2p_tang_ipp",
    "lc": 0.015,
    "dimP": 2,
    "dimQ": 2,
    "N": 26,
    "f0": 1000,
    "frequencies": [
        80,
        100,
        120,
        140,
        160,
        180,
        200,
        220,
        240,
        260,
        280,
        300,
        320,
        340,
        360,
        380,
        400,
        420,
        440,
        460,
        480,
        500,
        520,
        540,
        560,
        580,
        600,
        620,
        640,
        660,
        680,
        700,
        720,
        740,
        760,
        780,
        800,
        820,
        840,
        860,
        880,
        900,
        920,
        940,
        960,
        980,
        1000,
        1020,
        1040,
        1060,
        1080,
        1100,
        1120,
        1140,
        1160,
        1180,
        1200,
        1220,
        1240,
        1260,
        1280,
        1300,
        1320,
        1340,
        1360,
        1380,
        1400,
        1420,
        1440,
        1460,
        1480,
        1500,
        1520,
        1540,
        1560,
        1580,
        1600,
        1620,
        1640,
        1660,
        1680,
        1700,
        1720,
        1740,
        1760,
        1780,
        1800,
        1820,
        1840,
        1860,
        1880,
        1900,
        1920,
        1940,
        1960,
        1980,
        2000
    ],
    "Z_center": {
        "real": [
            0.010834045685683321,
            0.015786939356885778,
            0.021621110674002166,
            0.028515285712898915,
            0.0367109827807573,
            0.046466432465758704,
            0.058014287352194556,
            0.07152133604289845,
            0.08705021889892665,
            0.10452997622965611,
            0.12374687265922438,
            0.14436503280091442,
            0.16597717783036783,
            0.18817330377094862,
            0.2106070032204636,
            0.23304065857782683,
            0.2553606023959183,
            0.277564987290103,
            0.2997344002283875,
            0.3219964229193796,
            0.344492425395725,
            0.3673509183180555,
            0.39066875584321353,
            0.4144999112345324,
            0.43885108674450246,
            0.4636834453058964,
            0.48891974693129303,
            0.5144558763333147,
            0.5401751810103841,
            0.5659634439697151,
            0.5917220198501518,
            0.6173769021601269,
            0.6428822737326655,
            0.6682182036778732,
            0.6933832634384344,
            0.7183836643716802,
            0.7432209431464434,
            0.7678802609565482,
            0.7923211362577702,
            0.8164719984768736,
            0.8402294012576704,
            0.8634621164631193,
            0.8860196938650378,
            0.9077444752689318,
            0.9284855556820946,
            0.9481128425787444,
            0.966529234943585,
            0.9836790937817468,
            0.9995516568144213,
            1.014178841506793,
            1.0276278469310451,
            1.0399898782087078,
            1.051366944026963,
            1.0618588755966862,
            1.0715524770716114,
            1.08051414656517,
            1.0887865592347847,
            1.096389238011647,
            1.1033221943766027,
            1.1095714185625358,
            1.1151149123836044,
            1.1199281891776016,
            1.123988612000588,
            1.1272784202763826,
            1.1297866237820389,
            1.1315100355411367,
            1.132453626171146,
            1.1326302566289148,
            1.1320598126354706,
            1.1307678493659379,
            1.1287839873070735,
            1.126140391980896,
            1.1228707026078153,
            1.1190097904675997,
            1.1145947226676272,
            1.1096671344533737,
            1.104276652376641,
            1.0984840194302596,
            1.0923615283312373,
            1.0859880260333143,
            1.0794368479275238,
            1.0727577638533259,
            1.0659577174242756,
            1.0589884540268817,
            1.0517504501602448,
            1.0441205621373368,
            1.036005008313275,
            1.0274105312185,
            1.0185173879287555,
            1.0097319667803468,
            1.0016975896910425,
            0.9952497482957151,
            0.9913129533703,
            0.990744945789922,
            0.9941371860431142,
            1.0015816874014674,
            1.0124235314986498
        ],
        "imag": [
            0.12099483240641244,
            0.15061338811755096,
            0.1803254906797785,
            0.21025216600068844,
            0.24041641659730417,
            0.27072951864670786,
            0.30099245707118183,
            0.3309081466064856,
            0.3601076011082131,
            0.38819369744736654,
            0.4147998925580602,
            0.43965204855644147,
            0.46261531371235687,
            0.48371012454985857,
            0.5030922267556169,
            0.5210052184583369,
            0.5377226038449568,
            0.5534960604795934,
            0.5685199987289579,
            0.5829146764915308,
            0.5967248482835242,
            0.609929012590473,
            0.6224547157522126,
            0.6341966197868363,
            0.6450351476545719,
            0.6548541009838305,
            0.6635557739394602,
            0.6710720671158489,
            0.6773702773029675,
            0.6824528144115921,
            0.686351054707795,
            0.6891146302781878,
            0.6907983251471902,
            0.6914491219529065,
            0.691095745120267,
            0.6897424063601177,
            0.6873676072621807,
            0.6839280037797888,
            0.6793666153754891,
            0.6736241145452431,
            0.6666515702984517,
            0.6584228497333792,
            0.6489449163967264,
            0.6382645042182976,
            0.6264700752526191,
            0.613688560035209,
            0.6000770935646856,
            0.585810731817964,
            0.5710678411190258,
            0.5560153226242047,
            0.5407959053088554,
            0.5255193510415824,
            0.5102586491036658,
            0.4950513353026062,
            0.47990518388351905,
            0.4648068696379641,
            0.44973187799052555,
            0.4346539699902207,
            0.41955284843038537,
            0.4044192342175036,
            0.38925721212034553,
            0.37408427029246566,
            0.35892978329890063,
            0.34383270883793826,
            0.3288390521344292,
            0.31399936711844795,
            0.2993663773977293,
            0.28499277923080757,
            0.27092937258784866,
            0.257223733039374,
            0.24391960639187044,
            0.23105709342587052,
            0.21867355560053756,
            0.20680502524020605,
            0.19548767099316292,
            0.18475850010008252,
            0.17465412678490444,
            0.16520650929617986,
            0.15643549243887875,
            0.14833984437772055,
            0.1408906515225673,
            0.13403231625839815,
            0.12769585342233933,
            0.12182613050323078,
            0.11641948959122604,
            0.11156213728944452,
            0.10745488808757384,
            0.10440873408722146,
            0.10280013862465846,
            0.10298480740140681,
            0.10518099543283245,
            0.10934320926907289,
            0.11505059392774818,
            0.12143182858311226,
            0.12714529714976452,
            0.1304362304340904,
            0.1293030372837655
        ]
    },
    "CPU_time": {
        "derivatives": 0.20569801330566406,
        "buildingVn": 30.045763969421387,
        "spliting_Vn": 0.0,