{
    "geometry1": "new_broken_cubic",
    "geometry2": "large",
    "ope": "b2p_tang_ipp",
    "lc": 0.015,
    "dimP": 2,
    "dimQ": 2,
    "N": 70,
    "f0": 1000,
    "frequencies": [
        80,
        100,
        120,
        140,
        160,
        180,
        200,
        220,
        240,
        260,
        280,
        300,
        320,
        340,
        360,
        380,
        400,
        420,
        440,
        460,
        480,
        500,
        520,
        540,
        560,
        580,
        600,
        620,
        640,
        660,
        680,
        700,
        720,
        740,
        760,
        780,
        800,
        820,
        840,
        860,
        880,
        900,
        920,
        940,
        960,
        980,
        1000,
        1020,
        1040,
        1060,
        1080,
        1100,
        1120,
        1140,
        1160,
        1180,
        1200,
        1220,
        1240,
        1260,
        1280,
        1300,
        1320,
        1340,
        1360,
        1380,
        1400,
        1420,
        1440,
        1460,
        1480,
        1500,
        1520,
        1540,
        1560,
        1580,
        1600,
        1620,
        1640,
        1660,
        1680,
        1700,
        1720,
        1740,
        1760,
        1780,
        1800,
        1820,
        1840,
        1860,
        1880,
        1900,
        1920,
        1940,
        1960,
        1980,
        2000
    ],
    "Z_center": {
        "real": [
            0.011060430218422951,
            0.01599081165859619,
            0.0217557055692154,
            0.028582283546523025,
            0.036730568797282315,
            0.046459383059193816,
            0.05799587913694097,
            0.0715010288940748,
            0.08703303785287446,
            0.10451791784427301,
            0.12373997508224376,
            0.14436220784100476,
            0.16597691090468097,
            0.18817420053704512,
            0.21060810275952663,
            0.23304149092571977,
            0.25536106608616876,
            0.2775651685848183,
            0.2997344284393491,
            0.321996396179849,
            0.3444923944108278,
            0.3673508990457099,
            0.3906687475693927,
            0.4144999090074254,
            0.4388510867259617,
            0.46368344567704295,
            0.48891974716971187,
            0.5144558764240524,
            0.5401751810319853,
            0.5659634439714445,
            0.5917220198491091,
            0.6173769021595635,
            0.6428822737324923,
            0.6682182036778168,
            0.6933832634384028,
            0.7183836643716582,
            0.7432209431464362,
            0.7678802609565503,
            0.7923211362577912,
            0.8164719984769061,
            0.8402294012577132,
            0.8634621164631698,
            0.8860196938650956,
            0.9077444752689879,
            0.9284855556821477,
            0.9481128425787905,
            0.9665292349436223,
            0.9836790937817745,
            0.9995516568144305,
            1.0141788415067996,
            1.027627846931035,
            1.0399898782087,
            1.0513669440269406,
            1.0618588755966611,
            1.0715524770715892,
            1.0805141465651664,
            1.0887865592347825,
            1.0963892380116154,
            1.1033221943765774,
            1.1095714185622154,
            1.115114912381324,
            1.1199281891702344,
            1.1239886120065627,
            1.1272784204553243,
            1.1297866247515131,
            1.1315100385171755,
            1.1324536307414172,
            1.1326302509845136,
            1.1320597521795113,
            1.1307676377597429,
            1.1287835200482181,
            1.1261397753758455,
            1.1228707368893784,
            1.1190125827049644,
            1.1146038339808146,
            1.1096861774864737,
            1.1043052432276415,
            1.0985110141963204,
            1.0923576835621869,
            1.0859029399325706,
            1.0792067947135162,
            1.0723301352281058,
            1.065333192854689,
            1.0582740789953207,
            1.0512074913926495,
            1.0441836497239576,
            1.0372474895086914,
            1.0304381232398538,
            1.0237885605159887,
            1.017325662329946,
            1.0110702923341257,
            1.005037625974739,
            0.9992375892446106,
            0.9936754179164388,
            0.9883523460111756,
            0.9832664394531807,
            0.978413582226654
        ],
        "imag": [
            0.12113116928404515,
            0.15061795797500835,
            0.18025993590325193,
            0.21016887580603175,
            0.24034376480280636,
            0.2706773507896422,
            0.30096066045349557,
            0.3308925708826676,
            0.3601031339251487,
            0.3881956282803394,
            0.4148044908991703,
            0.43965679736187996,
            0.4626189046255052,
            0.4837122278531409,
            0.5030931116136582,
            0.5210053667792666,
            0.5377224426182653,
            0.5534958523420774,
            0.5685198512943261,
            0.5829146023186949,
            0.5967248231054972,
            0.6099290100189736,
            0.6224547194903969,
            0.6341966231699101,
            0.6450351493732805,
            0.6548541015658902,
            0.6635557740453294,
            0.6710720670998969,
            0.6773702772819044,
            0.6824528144026711,
            0.6863510547055249,
            0.6891146302778851,
            0.690798325147224,
            0.6914491219529553,
            0.6910957451203187,
            0.6897424063601718,
            0.68736760726224,
            0.6839280037798515,
            0.6793666153755489,
            0.6736241145452959,
            0.6666515702984939,
            0.6584228497334091,
            0.6489449163967402,
            0.6382645042183004,
            0.626470075252611,
            0.6136885600351871,
            0.6000770935646563,
            0.5858107318179274,
            0.5710678411189898,
            0.55601532262417,
            0.5407959053088258,
            0.5255193510415571,
            0.5102586491036506,
            0.4950513353026048,
            0.4799051838835273,
            0.46480686963798007,
            0.44973187799056763,
            0.4346539699902305,
            0.41955284843036644,
            0.40441923421737375,
            0.3892572121210696,
            0.37408427030376146,
            0.3589297833606925,
            0.34383270902657337,
            0.3288390522874763,
            0.31399936553230434,
            0.2993663677944007,
            0.2849927487199312,
            0.2709293138399011,
            0.2572236977963621,
            0.24391982058151324,
            0.2310580819709551,
            0.2186760641354945,
            0.20680935475261225,
            0.1954920872895673,
            0.18475692265740967,
            0.1746344048695572,
            0.16515182611006007,
            0.15633186489000533,
            0.14819128799733855,
            0.14073994873072682,
            0.13398021196563106,
            0.12790683508566544,
            0.12250726170371691,
            0.11776224985384615,
            0.1136467487552332,
            0.11013094318703842,
            0.10718139139383791,
            0.10476218919519396,
            0.1028361034962254,
            0.10136563578749525,
            0.10031399788691733,
            0.09964600020258016,
            0.09932885887034001,
            0.0993329190495738,
            0.09963227113409258,
            0.1002052131330101
        ]
    },
    "CPU_time": {
        "derivatives": 0.20141005516052246,
        "buildingVn": 38.51566004753113,
        "spliting_Vn": 0.0,