{
    "geometry1": "new_broken_cubic",
    "geometry2": "small",
    "ope": "b2p_tang_ipp",
    "lc": 0.015,
    "dimP": 2,
    "dimQ": 2,
    "N": 29,
    "f0": 1000,
    "frequencies": [
        80,
        100,
        120,
        140,
        160,
        180,
        200,
        220,
        240,
        260,
        280,
        300,
        320,
        340,
        360,
        380,
        400,
        420,
        440,
        460,
        480,
        500,
        520,
        540,
        560,
        580,
        600,
        620,
        640,
        660,
        680,
        700,
        720,
        740,
        760,
        780,
        800,
        820,
        840,
        860,
        880,
        900,
        920,
        940,
        960,
        980,
        1000,
        1020,
        1040,
        1060,
        1080,
        1100,
        1120,
        1140,
        1160,
        1180,
        1200,
        1220,
        1240,
        1260,
        1280,
        1300,
        1320,
        1340,
        1360,
        1380,
        1400,
        1420,
        1440,
        1460,
        1480,
        1500,
        1520,
        1540,
        1560,
        1580,
        1600,
        1620,
        1640,
        1660,
        1680,
        1700,
        1720,
        1740,
        1760,
        1780,
        1800,
        1820,
        1840,
        1860,
        1880,
        1900,
        1920,
        1940,
        1960,
        1980,
        2000
    ],
    "Z_center": {
        "real": [
            0.013472505204833573,
            0.020649330521599292,
            0.02907531674147167,
            0.03859468606516853,
            0.04905857544139185,
            0.060332742888869605,
            0.07230243313897224,
            0.08487463264975245,
            0.09797822178444102,
            0.11156263068945052,
            0.12559557484584452,
            0.1400603438092071,
            0.15495298959901987,
            0.17027964039302113,
            0.18605406613060277,
            0.20229554981737002,
            0.21902706984046846,
            0.23627376971926692,
            0.2540616771373498,
            0.2724166291312648,
            0.29136336127560625,
            0.31092472297740836,
            0.33112098682547875,
            0.35196922625769916,
            0.37348274199594717,
            0.39567052344800807,
            0.41853673646415435,
            0.44208023344039615,
            0.46629408580366716,
            0.49116514243392057,
            0.5166736206003234,
            0.5427927385281174,
            0.5694884007564883,
            0.5967189489684458,
            0.6244349919261958,
            0.6525793284730798,
            0.6810869772138601,
            0.7098853254070826,
            0.7388944077717038,
            0.7680273233207457,
            0.7971907950240489,
            0.8262858731497986,
            0.8552087786649166,
            0.8838518782602875,
            0.9121047776225938,
            0.9398555147454306,
            0.9669918306223075,
            0.9934024908568868,
            1.0189786288054987,
            1.043615079037281,
            1.0672116693049476,
            1.089674439936924,
            1.1109167615832738,
            1.130860325482347,
            1.1494359846957742,
            1.166584429856774,
            1.1822566886092678,
            1.1964144437852582,
            1.2090301711677391,
            1.220087103135349,
            1.2295790293372661,
            1.2375099496147604,
            1.243893597538268,
            1.2487528551075329,
            1.252119080358835,
            1.2540313699016739,
            1.2545357778515869,
            1.2536845113781772,
            1.2515351212848789,
            1.2481497038394596,
            1.2435941276298768,
            1.2379372966653441,
            1.2312504584020676,
            1.2236065629358321,
            1.2150796773573591,
            1.2057444572512428,
            1.1956756755804996,
            1.1849478077339362,
            1.1736346703442029,
            1.161809110574376,
            1.1495427419205773,
            1.1369057221457017,
            1.1239665687283056,
            1.1107920071411097,
            1.0974468473432444,
            1.0839938840492456,
            1.0704938165999387,
            1.0570051845840727,
            1.04358431572957,
            1.0302852829763838,
            1.0171598680508591,
            1.004257529274777,
            0.9916253717452439,
            0.9793081184171594,
            0.9673480809926308,
            0.9557851298790956,
            0.9446566628013645
        ],
        "imag": [
            0.1228448973738096,
            0.15215124230048668,
            0.18064890610678194,
            0.20828216157270582,
            0.23503089780333714,
            0.26090450570835344,
            0.2859346634352617,
            0.31016806656274504,
            0.3336598343721402,
            0.35646799955296676,
            0.3786492204547636,
            0.40025566861888867,
            0.4213329375403915,
            0.4419187746112495,
            0.46204243635332326,
            0.4817244890862186,
            0.5009769095738272,
            0.5198033742934257,
            0.5381996570153129,
            0.5561540803059759,
            0.5736479869558264,
            0.5906562126303191,
            0.6071475520579602,
            0.6230852186765263,
            0.6384273026542227,
            0.6531272352404461,
            0.6671342689840672,
            0.6803939838562154,
            0.6928488289869489,
            0.7044387087450031,
            0.715101620372156,
            0.724774348407157,
            0.7333932187519911,
            0.74089491250334,
            0.7472173366465051,
            0.7523005454651663,
            0.7560877031513772,
            0.758526074721313,
            0.7595680290979737,
            0.7591720352689161,
            0.7573036299403815,
            0.7539363332623884,
            0.7490524881590743,
            0.7426439987038231,
            0.7347129439338004,
            0.7252720455512428,
            0.7143449710983626,
            0.7019664583364081,
            0.6881822515563447,
            0.6730488461835175,
            0.6566330440443766,
            0.6390113277359695,
            0.620269068364784,
            0.6004995861921538,
            0.5798030881687407,
            0.5582855097389511,
            0.5360572904997111,
            0.5132321142340557,
            0.48992564351726947,
            0.4662542775970086,
            0.44233395972803974,
            0.4182790567942598,
            0.3942013301049602,
            0.3702090119534324,
            0.3464059981015014,
            0.3228911620310081,
            0.29975779275162734,
            0.27709315432932635,
            0.2549781621956924,
            0.23348716877517672,
            0.2126878490468733,
            0.19264117532696776,
            0.17340146977292847,
            0.1550165228219034,
            0.1375277659000118,
            0.12097048721149097,
            0.10537408015218051,
            0.09076231481778853,
            0.0771536241290595,
            0.06456139721362861,
            0.052994273817484984,
            0.04245643462992099,
            0.03294788346255748,
            0.024464718208515215,
            0.016999388396135278,
            0.010540937953490911,
            0.00507523248861757,
            0.0005851709896245967,
            -0.0029491176572187397,
            -0.005550092524754154,
            -0.007242631751748356,
            -0.008053875530511114,
            -0.008013079430320143,
            -0.007151476408870381,
            -0.005502145803420709,
            -0.0030998875954180846,
            1.889971984969756e-05
        ]
    },
    "CPU_time": {
        "derivatives": 0.07112407684326172,
        "buildingVn": 3.7180910110473633,