{
    "geometry1": "new_broken_cubic",
    "geometry2": "small",
    "ope": "b2p_tang_ipp",
    "lc": 0.015,
    "dimP": 2,
    "dimQ": 2,
    "N": 56,
    "f0": 1000,
    "frequencies": [
        80,
        100,
        120,
        140,
        160,
        180,
        200,
        220,
        240,
        260,
        280,
        300,
        320,
        340,
        360,
        380,
        400,
        420,
        440,
        460,
        480,
        500,
        520,
        540,
        560,
        580,
        600,
        620,
        640,
        660,
        680,
        700,
        720,
        740,
        760,
        780,
        800,
        820,
        840,
        860,
        880,
        900,
        920,
        940,
        960,
        980,
        1000,
        1020,
        1040,
        1060,
        1080,
        1100,
        1120,
        1140,
        1160,
        1180,
        1200,
        1220,
        1240,
        1260,
        1280,
        1300,
        1320,
        1340,
        1360,
        1380,
        1400,
        1420,
        1440,
        1460,
        1480,
        1500,
        1520,
        1540,
        1560,
        1580,
        1600,
        1620,
        1640,
        1660,
        1680,
        1700,
        1720,
        1740,
        1760,
        1780,
        1800,
        1820,
        1840,
        1860,
        1880,
        1900,
        1920,
        1940,
        1960,
        1980,
        2000
    ],
    "Z_center": {
        "real": [
            0.013472505204830591,
            0.020649330521594927,
            0.02907531674146166,
            0.03859468606514523,
            0.04905857544137476,
            0.06033274288883553,
            0.07230243313896458,
            0.08487463264972574,
            0.0979782217844145,
            0.11156263068940438,
            0.12559557484578057,
            0.1400603438091632,
            0.15495298959898038,
            0.1702796403930158,
            0.18605406613052317,
            0.20229554981735062,
            0.21902706984043907,
            0.236273769719188,
            0.254061677137305,
            0.2724166291311618,
            0.291363361275527,
            0.3109247229773592,
            0.33112098682539254,
            0.3519692262576199,
            0.3734827419958652,
            0.3956705234478937,
            0.4185367364640466,
            0.4420802334402723,
            0.4662940858035475,
            0.49116514243380305,
            0.5166736206001535,
            0.5427927385279702,
            0.5694884007563482,
            0.5967189489682992,
            0.6244349919260525,
            0.6525793284729396,
            0.6810869772137299,
            0.7098853254069489,
            0.7388944077715865,
            0.7680273233206508,
            0.7971907950239724,
            0.8262858731497463,
            0.8552087786649031,
            0.8838518782603122,
            0.9121047776226621,
            0.9398555147455503,
            0.9669918306224781,
            0.9934024908571144,
            1.0189786288057765,
            1.0436150790376166,
            1.0672116693053386,
            1.0896744399373568,
            1.1109167615837914,
            1.1308603254828955,
            1.149435984696378,
            1.1665844298573922,
            1.1822566886099655,
            1.1964144437859774,
            1.2090301711684617,
            1.2200871031360851,
            1.2295790293380258,
            1.2375099496155137,
            1.2438935975390453,
            1.2487528551082476,
            1.2521190803595996,
            1.2540313699024117,
            1.2545357778522814,
            1.2536845113787858,
            1.2515351212855192,
            1.248149703840083,
            1.2435941276303801,
            1.237937296665779,
            1.2312504584024286,
            1.2236065629361972,
            1.2150796773575685,
            1.2057444572514253,
            1.1956756755805595,
            1.1849478077339946,
            1.17363467034407,
            1.1618091105742192,
            1.1495427419203044,
            1.1369057221452465,
            1.1239665687277172,
            1.1107920071404613,
            1.0974468473424328,
            1.0839938840484602,
            1.0704938165991227,
            1.0570051845828765,
            1.0435843157283964,
            1.030285282975118,
            1.017159868049485,
            1.0042575292733422,
            0.9916253717436684,
            0.9793081184156918,
            0.9673480809911263,
            0.9557851298773928,
            0.9446566627997589
        ],
        "imag": [
            0.1228448973737854,
            0.1521512423004617,
            0.18064890610676468,
            0.20828216157268684,
            0.23503089780330905,
            0.2609045057083271,
            0.2859346634352433,
            0.31016806656271956,
            0.3336598343721157,
            0.3564679995529484,
            0.37864922045475036,
            0.40025566861888584,
            0.4213329375403767,
            0.44191877461124623,
            0.46204243635333136,
            0.4817244890862715,
            0.5009769095738622,
            0.5198033742934093,
            0.5381996570153578,
            0.556154080305978,
            0.5736479869558694,
            0.5906562126303322,
            0.6071475520580415,
            0.6230852186765852,
            0.6384273026542887,
            0.6531272352405434,
            0.6671342689841464,
            0.6803939838563515,
            0.692848828987077,
            0.704438708745057,
            0.7151016203722894,
            0.7247743484073444,
            0.733393218752196,
            0.7408949125035807,
            0.7472173366467986,
            0.7523005454654451,
            0.7560877031517046,
            0.7585260747216597,
            0.7595680290983651,
            0.7591720352693598,
            0.7573036299408353,
            0.7539363332628828,
            0.7490524881596259,
            0.7426439987044002,
            0.7347129439343989,
            0.7252720455518623,
            0.7143449710989916,
            0.7019664583370622,
            0.688182251556993,
            0.6730488461841622,
            0.6566330440450244,
            0.6390113277366051,
            0.6202690683653862,
            0.6004995861927236,
            0.5798030881692738,
            0.5582855097394461,
            0.5360572905001394,
            0.513232114234413,
            0.48992564351760104,
            0.4662542775972559,
            0.442333959728248,
            0.41827905679440924,
            0.39420133010510416,
            0.370209011953453,
            0.34640599810145384,
            0.32289116203090684,
            0.29975779275146747,
            0.27709315432909054,
            0.25497816219542435,
            0.23348716877484804,
            0.2126878490464962,
            0.19264117532651648,
            0.17340146977245624,
            0.15501652282141443,
            0.13752776589951926,
            0.12097048721091691,
            0.10537408015152419,
            0.09076231481711912,
            0.07715362412837874,
            0.06456139721290252,
            0.05299427381690356,
            0.042456434629264385,
            0.03294788346197078,
            0.02446471820794422,
            0.016999388395522657,
            0.010540937952966088,
            0.005075232488120591,
            0.000585170989240261,
            -0.0029491176575734356,
            -0.005550092525017102,
            -0.00724263175194048,
            -0.008053875530654083,
            -0.008013079430237187,
            -0.007151476408905734,
            -0.005502145803217203,
            -0.003099887595136647,
            1.889972028918704e-05
        ]
    },
    "CPU_time": {
        "derivatives": 0.07202386856079102,
        "buildingVn": 4.9208550453186035,
        "spliting_Vn": 0.0,