{
    "geometry1": "new_broken_cubic",
    "geometry2": "small",
    "ope": "b2p_tang_ipp",
    "lc": 0.015,
    "dimP": 2,
    "dimQ": 2,
    "N": 25,
    "f0": 1000,
    "frequencies": [
        80,
        100,
        120,
        140,
        160,
        180,
        200,
        220,
        240,
        260,
        280,
        300,
        320,
        340,
        360,
        380,
        400,
        420,
        440,
        460,
        480,
        500,
        520,
        540,
        560,
        580,
        600,
        620,
        640,
        660,
        680,
        700,
        720,
        740,
        760,
        780,
        800,
        820,
        840,
        860,
        880,
        900,
        920,
        940,
        960,
        980,
        1000,
        1020,
        1040,
        1060,
        1080,
        1100,
        1120,
        1140,
        1160,
        1180,
        1200,
        1220,
        1240,
        1260,
        1280,
        1300,
        1320,
        1340,
        1360,
        1380,
        1400,
        1420,
        1440,
        1460,
        1480,
        1500,
        1520,
        1540,
        1560,
        1580,
        1600,
        1620,
        1640,
        1660,
        1680,
        1700,
        1720,
        1740,
        1760,
        1780,
        1800,
        1820,
        1840,
        1860,
        1880,
        1900,
        1920,
        1940,
        1960,
        1980,
        2000
    ],
    "Z_center": {
        "real": [
            0.013472505204342455,
            0.02064933052143071,
            0.029075316741596274,
            0.038594686065519766,
            0.04905857544194742,
            0.060332742889615064,
            0.07230243313981899,
            0.08487463265068876,
            0.09797822178542255,
            0.11156263069044543,
            0.12559557484692901,
            0.14006034381028434,
            0.1549529896001252,
            0.17027964039410756,
            0.1860540661316399,
            0.20229554981828546,
            0.21902706984147052,
            0.23627376972020106,
            0.25406167713831346,
            0.27241662913220205,
            0.2913633612763896,
            0.3109247229783493,
            0.33112098682628793,
            0.351969226258532,
            0.3734827419967784,
            0.39567052344884523,
            0.41853673646501766,
            0.4420802334413969,
            0.466294085804657,
            0.4911651424349455,
            0.5166736206013045,
            0.5427927385294833,
            0.5694884007581131,
            0.5967189489704562,
            0.6244349919286118,
            0.6525793284763578,
            0.6810869772178545,
            0.7098853254119862,
            0.7388944077775903,
            0.7680273233273607,
            0.7971907950308803,
            0.8262858731564097,
            0.855208778670914,
            0.8838518782657108,
            0.9121047776274537,
            0.9398555147497337,
            0.9669918306261458,
            0.9934024908603577,
            1.0189786288086677,
            1.043615079040168,
            1.0672116693076517,
            1.0896744399394827,
            1.1109167615856572,
            1.1308603254846121,
            1.149435984697958,
            1.1665844298588088,
            1.182256688611251,
            1.1964144437871505,
            1.2090301711696316,
            1.2200871031371827,
            1.2295790293390239,
            1.2375099496164033,
            1.2438935975398644,
            1.2487528551091847,
            1.2521190803604456,
            1.2540313699031314,
            1.2545357778531192,
            1.253684511379612,
            1.2515351212863208,
            1.24814970384091,
            1.2435941276312652,
            1.2379372966666629,
            1.2312504584033277,
            1.2236065629373125,
            1.2150796773585273,
            1.2057444572525449,
            1.1956756755816584,
            1.1849478077352023,
            1.1736346703454121,
            1.1618091105755033,
            1.1495427419217161,
            1.1369057221468064,
            1.1239665687294238,
            1.1107920071419672,
            1.0974468473441648,
            1.08399388405022,
            1.0704938166008344,
            1.0570051845849493,
            1.0435843157304985,
            1.0302852829772229,
            1.0171598680517457,
            1.0042575292758216,
            0.9916253717463283,
            0.9793081184182076,
            0.9673480809942673,
            0.9557851298810706,
            0.9446566628039605
        ],
        "imag": [
            0.12284489737434306,
            0.15215124230142252,
            0.18064890610796017,
            0.20828216157411003,
            0.23503089780486297,
            0.2609045057100369,
            0.2859346634370717,
            0.31016806656458856,
            0.3336598343740934,
            0.3564679995550041,
            0.37864922045700533,
            0.40025566862125056,
            0.42133293754281304,
            0.4419187746137248,
            0.46204243635597814,
            0.4817244890889028,
            0.5009769095766992,
            0.5198033742964305,
            0.5381996570184193,
            0.5561540803092111,
            0.5736479869591187,
            0.5906562126339485,
            0.6071475520616793,
            0.6230852186802479,
            0.6384273026581729,
            0.6531272352446418,
            0.667134268988438,
            0.6803939838608408,
            0.692848828991611,
            0.7044387087500049,
            0.7151016203773846,
            0.7247743484127757,
            0.7333932187577589,
            0.740894912509438,
            0.7472173366528624,
            0.7523005454716257,
            0.7560877031580208,
            0.7585260747276286,
            0.7595680291036936,
            0.7591720352735405,
            0.7573036299437008,
            0.7539363332645364,
            0.7490524881603857,
            0.7426439987045526,
            0.7347129439341196,
            0.7252720455514371,
            0.7143449710984389,
            0.7019664583364976,
            0.6881822515564655,
            0.6730488461836349,
            0.6566330440444903,
            0.6390113277361243,
            0.6202690683649591,
            0.6004995861923399,
            0.5798030881690501,
            0.5582855097391749,
            0.5360572904999062,
            0.5132321142342925,
            0.48992564351752854,
            0.46625427759727006,
            0.442333959728251,
            0.4182790567944432,
            0.3942013301051386,
            0.3702090119535712,
            0.34640599810163997,
            0.3228911620311444,
            0.29975779275176867,
            0.2770931543293599,
            0.25497816219574226,
            0.23348716877521586,
            0.21268784904692434,
            0.19264117532686031,
            0.17340146977300686,
            0.15501652282193315,
            0.13752776589996887,
            0.12097048721156257,
            0.10537408015209458,
            0.0907623148177695,
            0.07715362412888521,
            0.06456139721342188,
            0.05299427381746738,
            0.04245643462969088,
            0.032947883462328256,
            0.02446471820837432,
            0.016999388396028707,
            0.010540937953237347,
            0.005075232488487294,
            0.0005851709893571108,
            -0.002949117657382289,
            -0.0055500925248472355,
            -0.0072426317521559515,
            -0.008053875530639392,
            -0.008013079430312726,
            -0.007151476408952975,
            -0.00550214580353083,
            -0.0030998875965621325,
            1.8899717854594557e-05
        ]
    },
    "CPU_time": {
        "derivatives": 0.0706779956817627,
        "buildingVn": 3.5695409774780273,