{
    "geometry1": "new_broken_cubic",
    "geometry2": "large",
    "ope": "b2p_tang_ipp",
    "lc": 0.015,
    "dimP": 2,
    "dimQ": 2,
    "N": 46,
    "f0": 1000,
    "frequencies": [
        80,
        100,
        120,
        140,
        160,
        180,
        200,
        220,
        240,
        260,
        280,
        300,
        320,
        340,
        360,
        380,
        400,
        420,
        440,
        460,
        480,
        500,
        520,
        540,
        560,
        580,
        600,
        620,
        640,
        660,
        680,
        700,
        720,
        740,
        760,
        780,
        800,
        820,
        840,
        860,
        880,
        900,
        920,
        940,
        960,
        980,
        1000,
        1020,
        1040,
        1060,
        1080,
        1100,
        1120,
        1140,
        1160,
        1180,
        1200,
        1220,
        1240,
        1260,
        1280,
        1300,
        1320,
        1340,
        1360,
        1380,
        1400,
        1420,
        1440,
        1460,
        1480,
        1500,
        1520,
        1540,
        1560,
        1580,
        1600,
        1620,
        1640,
        1660,
        1680,
        1700,
        1720,
        1740,
        1760,
        1780,
        1800,
        1820,
        1840,
        1860,
        1880,
        1900,
        1920,
        1940,
        1960,
        1980,
        2000
    ],
    "Z_center": {
        "real": [
            0.011060428174910436,
            0.015990805243199794,
            0.021755701615042786,
            0.02858228214219968,
            0.03673056858984783,
            0.04645938317629329,
            0.057995879257325855,
            0.07150102895847751,
            0.08703303787733475,
            0.10451791785038479,
            0.12373997508240477,
            0.14436220784015732,
            0.16597691090411382,
            0.18817420053680672,
            0.2106081027594531,
            0.23304149092570134,
            0.2553610660861672,
            0.2775651685848224,
            0.29973442843935816,
            0.3219963961798647,
            0.34449239441085217,
            0.36735089904574103,
            0.39066874756942754,
            0.4144999090074698,
            0.4388510867260098,
            0.46368344567710157,
            0.4889197471697724,
            0.5144558764241174,
            0.5401751810320544,
            0.5659634439715079,
            0.5917220198491715,
            0.6173769021596133,
            0.6428822737325341,
            0.6682182036778416,
            0.6933832634384102,
            0.7183836643716508,
            0.7432209431464087,
            0.7678802609565081,
            0.792321136257734,
            0.8164719984768333,
            0.8402294012576426,
            0.8634621164630987,
            0.8860196938650272,
            0.9077444752689305,
            0.9284855556821036,
            0.9481128425787624,
            0.9665292349436118,
            0.9836790937817798,
            0.9995516568144517,
            1.0141788415068238,
            1.02762784693107,
            1.0399898782087227,
            1.0513669440269746,
            1.061858875596676,
            1.071552477071588,
            1.0805141465651273,
            1.088786559234736,
            1.0963892380115765,
            1.1033221943764873,
            1.1095714185620593,
            1.1151149123811614,
            1.1199281891703337,
            1.123988612006419,
            1.1272784204552238,
            1.1297866247514554,
            1.1315100385169492,
            1.1324536307414357,
            1.1326302509845185,
            1.1320597521794402,
            1.1307676377597295,
            1.1287835200482428,
            1.1261397753760836,
            1.1228707368895918,
            1.1190125827051265,
            1.114603833980294,
            1.1096861774838231,
            1.104305243226634,
            1.0985110142217678,
            1.092357683672989,
            1.0859029401314244,
            1.0792067945915547,
            1.072330133470049,
            1.0653331877533958,
            1.058274072269603,
            1.0512074960646556,
            1.0441836951450616,
            1.0372476048137782,
            1.0304382789327402,
            1.0237885786922754,
            1.0173251749924508,
            1.0110688927033324,
            1.0050353293786343,
            0.9992355184129765,
            0.9936762832755438,
            0.9883600074922676,
            0.9832839221523281,
            0.9784395913271405
        ],
        "imag": [
            0.12113115347353158,
            0.15061795286778243,
            0.18025993604554935,
            0.2101688769766915,
            0.2403437655948432,
            0.27067735112801544,
            0.30096066054898407,
            0.33089257089027374,
            0.3601031339139475,
            0.38819562827127246,
            0.4148044908948419,
            0.43965679736044466,
            0.4626189046252366,
            0.483712227853187,
            0.5030931116137329,
            0.5210053667793265,
            0.5377224426183143,
            0.5534958523421222,
            0.5685198512943664,
            0.5829146023187347,
            0.5967248231055369,
            0.6099290100190116,
            0.622454719490434,
            0.6341966231699394,
            0.6450351493733062,
            0.6548541015659083,
            0.6635557740453383,
            0.6710720670998903,
            0.6773702772818906,
            0.6824528144026433,
            0.6863510547054796,
            0.689114630277828,
            0.6907983251471614,
            0.6914491219528799,
            0.6910957451202364,
            0.6897424063600912,
            0.6873676072621675,
            0.6839280037797849,
            0.6793666153754946,
            0.6736241145452565,
            0.6666515702984743,
            0.6584228497334069,
            0.6489449163967593,
            0.6382645042183277,
            0.6264700752526525,
            0.613688560035236,
            0.6000770935647051,
            0.5858107318179762,
            0.571067841119026,
            0.5560153226241922,
            0.5407959053088305,
            0.5255193510415468,
            0.5102586491036231,
            0.49505133530256185,
            0.47990518388347536,
            0.464806869637912,
            0.44973187799048814,
            0.43465396999018,
            0.4195528484303256,
            0.4044192342173735,
            0.3892572121211535,
            0.3740842703035857,
            0.3589297833607095,
            0.343832709026653,
            0.32883905228770893,
            0.3139993655327587,
            0.29936636779476444,
            0.28499274872023816,
            0.27092931384039,
            0.2572236977965921,
            0.2439198205817656,
            0.23105808197135994,
            0.21867606413575671,
            0.20680935475263013,
            0.19549208728936435,
            0.18475692265924598,
            0.17463440488110424,
            0.16515182613708057,
            0.15633186488548512,
            0.14819128775423165,
            0.1407399478975214,
            0.13398021073850627,
            0.12790683607537165,
            0.12250727166984753,
            0.11776227607537164,
            0.1136467825814794,
            0.11013093178241054,
            0.10718122398426203,
            0.10476175361937122,
            0.10283546270088054,
            0.10136528713717916,
            0.10031501527384223,
            0.09964972160306336,
            0.09933584669621204,
            0.09934131926525451,
            0.0996363587731153,
            0.10019549191640074
        ]
    },
    "CPU_time": {
        "derivatives": 0.22566795349121094,
        "buildingVn": 38.7677059173584,
        "spliting_Vn": 0.0,