{
    "geometry1": "new_broken_cubic",
    "geometry2": "small",
    "ope": "b2p_tang_ipp",
    "lc": 0.015,
    "dimP": 2,
    "dimQ": 2,
    "N": 19,
    "f0": 1000,
    "frequencies": [
        80,
        100,
        120,
        140,
        160,
        180,
        200,
        220,
        240,
        260,
        280,
        300,
        320,
        340,
        360,
        380,
        400,
        420,
        440,
        460,
        480,
        500,
        520,
        540,
        560,
        580,
        600,
        620,
        640,
        660,
        680,
        700,
        720,
        740,
        760,
        780,
        800,
        820,
        840,
        860,
        880,
        900,
        920,
        940,
        960,
        980,
        1000,
        1020,
        1040,
        1060,
        1080,
        1100,
        1120,
        1140,
        1160,
        1180,
        1200,
        1220,
        1240,
        1260,
        1280,
        1300,
        1320,
        1340,
        1360,
        1380,
        1400,
        1420,
        1440,
        1460,
        1480,
        1500,
        1520,
        1540,
        1560,
        1580,
        1600,
        1620,
        1640,
        1660,
        1680,
        1700,
        1720,
        1740,
        1760,
        1780,
        1800,
        1820,
        1840,
        1860,
        1880,
        1900,
        1920,
        1940,
        1960,
        1980,
        2000
    ],
    "Z_center": {
        "real": [
            0.013472503207187807,
            0.020649328453286726,
            0.029075314912726444,
            0.03859468463136541,
            0.04905857442577312,
            0.06033274223335816,
            0.07230243275323435,
            0.08487463244462493,
            0.09797822168850541,
            0.1115626306529361,
            0.12559557483794856,
            0.14006034381274493,
            0.15495298960558113,
            0.17027964039910526,
            0.18605406613515768,
            0.2022955498204208,
            0.21902706984234163,
            0.23627376972034686,
            0.25406167713796496,
            0.27241662913159154,
            0.2913633612757977,
            0.3109247229774967,
            0.33112098682551117,
            0.35196922625769284,
            0.3734827419959436,
            0.3956705234479853,
            0.4185367364641144,
            0.44208023344034547,
            0.46629408580362347,
            0.4911651424338557,
            0.5166736206002351,
            0.5427927385280036,
            0.5694884007563479,
            0.596718948968314,
            0.6244349919260277,
            0.6525793284729084,
            0.6810869772136509,
            0.7098853254068264,
            0.7388944077714482,
            0.7680273233204541,
            0.7971907950237381,
            0.8262858731494555,
            0.8552087786645433,
            0.8838518782598838,
            0.9121047776221727,
            0.9398555147449718,
            0.96699183062182,
            0.9934024908563648,
            1.0189786288049376,
            1.0436150790366865,
            1.0672116693043172,
            1.0896744399362446,
            1.1109167615825464,
            1.1308603254815652,
            1.1494359846949413,
            1.166584429855879,
            1.1822566886082981,
            1.1964144437841704,
            1.2090301711665337,
            1.2200871031339888,
            1.229579029335724,
            1.237509949612929,
            1.243893597536122,
            1.2487528551048899,
            1.2521190803557114,
            1.254031369898185,
            1.2545357778482882,
            1.253684511375621,
            1.251535121283257,
            1.2481497038385483,
            1.243594127629286,
            1.2379372966651179,
            1.2312504584019697,
            1.2236065629359585,
            1.215079677357642,
            1.2057444572519853,
            1.1956756755817999,
            1.184947807736305,
            1.1736346703483052,
            1.161809110581528,
            1.1495427419329134,
            1.1369057221667591,
            1.1239665687637208,
            1.1107920072000066,
            1.0974468474396657,
            1.08399388420474,
            1.0704938168470168,
            1.0570051849703208,
            1.043584316324071,
            1.030285283876896,
            1.0171598693933575,
            1.0042575312440902,
            0.9916253745874206,
            0.9793081224514075,
            0.9673480866220284,
            0.9557851375963927,
            0.9446566731854376
        ],
        "imag": [
            0.1228448951422915,
            0.15215124093114316,
            0.18064890547586965,
            0.20828216145204198,
            0.2350308979661112,
            0.2609045059820396,
            0.2859346637136206,
            0.31016806679482456,
            0.33365983454363013,
            0.35646799966907833,
            0.3786492205280205,
            0.40025566866238566,
            0.42133293756483226,
            0.4419187746242658,
            0.46204243635988573,
            0.4817244890893302,
            0.5009769095751927,
            0.5198033742939141,
            0.5381996570154226,
            0.5561540803059091,
            0.5736479869557374,
            0.5906562126301966,
            0.6071475520578528,
            0.6230852186763981,
            0.6384273026541203,
            0.6531272352402993,
            0.6671342689839499,
            0.680393983856064,
            0.6928488289868204,
            0.7044387087448333,
            0.7151016203720101,
            0.7247743484070064,
            0.7333932187518372,
            0.7408949125032123,
            0.74721733664636,
            0.7523005454650509,
            0.7560877031512302,
            0.758526074721192,
            0.759568029097861,
            0.7591720352688109,
            0.7573036299402947,
            0.7539363332623058,
            0.7490524881590175,
            0.7426439987037764,
            0.7347129439337777,
            0.7252720455512459,
            0.7143449710983885,
            0.7019664583364602,
            0.6881822515564336,
            0.673048846183635,
            0.6566330440445359,
            0.6390113277361625,
            0.6202690683650067,
            0.6004995861924304,
            0.5798030881690779,
            0.5582855097393005,
            0.5360572905001392,
            0.5132321142345562,
            0.48992564351783185,
            0.4662542775975929,
            0.4423339597287157,
            0.41827905679489036,
            0.39420133010558067,
            0.37020901195385947,
            0.3464059981014632,
            0.3228911620301502,
            0.2997577927497437,
            0.27709315432663906,
            0.25497816219281355,
            0.23348716877244513,
            0.21268784904444726,
            0.19264117532478278,
            0.17340146977112295,
            0.15501652282039666,
            0.13752776589875312,
            0.12097048721054941,
            0.10537408015179453,
            0.09076231481815755,
            0.07715362413063213,
            0.06456139721693507,
            0.05299427382349828,
            0.042456434639587357,
            0.032947883477332414,
            0.0244647182297197,
            0.016999388424704026,
            0.010540937989193403,
            0.005075232527926195,
            0.0005851710232541992,
            -0.002949117649464659,
            -0.005550092581749397,
            -0.007242631943269044,
            -0.008053875974540053,
            -0.008013080320282107,
            -0.007151478050973614,
            -0.005502148668827185,
            -0.0030998923934894744,
            1.8891945537640507e-05
        ]
    },
    "CPU_time": {
        "derivatives": 0.06923389434814453,
        "buildingVn": 3.328165292739868,
        "spliting_Vn": 0.0,