{
    "geometry1": "new_broken_cubic",
    "geometry2": "small",
    "ope": "b2p_tang_ipp",
    "lc": 0.015,
    "dimP": 2,
    "dimQ": 2,
    "N": 95,
    "f0": 1000,
    "frequencies": [
        80,
        100,
        120,
        140,
        160,
        180,
        200,
        220,
        240,
        260,
        280,
        300,
        320,
        340,
        360,
        380,
        400,
        420,
        440,
        460,
        480,
        500,
        520,
        540,
        560,
        580,
        600,
        620,
        640,
        660,
        680,
        700,
        720,
        740,
        760,
        780,
        800,
        820,
        840,
        860,
        880,
        900,
        920,
        940,
        960,
        980,
        1000,
        1020,
        1040,
        1060,
        1080,
        1100,
        1120,
        1140,
        1160,
        1180,
        1200,
        1220,
        1240,
        1260,
        1280,
        1300,
        1320,
        1340,
        1360,
        1380,
        1400,
        1420,
        1440,
        1460,
        1480,
        1500,
        1520,
        1540,
        1560,
        1580,
        1600,
        1620,
        1640,
        1660,
        1680,
        1700,
        1720,
        1740,
        1760,
        1780,
        1800,
        1820,
        1840,
        1860,
        1880,
        1900,
        1920,
        1940,
        1960,
        1980,
        2000
    ],
    "Z_center": {
        "real": [
            0.013472505204600672,
            0.020649330521305572,
            0.029075316741148924,
            0.038594686064771,
            0.04905857544099525,
            0.06033274288847831,
            0.0723024331385437,
            0.08487463264934494,
            0.09797822178406468,
            0.11156263068912362,
            0.12559557484556957,
            0.1400603438090288,
            0.15495298959888615,
            0.17027964039294252,
            0.18605406613058698,
            0.20229554981745218,
            0.21902706984059578,
            0.23627376971945266,
            0.2540616771376336,
            0.2724166291315591,
            0.2913633612760554,
            0.31092472297785645,
            0.3311209868260092,
            0.35196922625823734,
            0.3734827419965868,
            0.3956705234486296,
            0.4185367364649017,
            0.4420802334411343,
            0.4662940858044397,
            0.49116514243478904,
            0.5166736206012063,
            0.5427927385290734,
            0.569488400757476,
            0.596718948969487,
            0.6244349919272624,
            0.6525793284742255,
            0.6810869772150575,
            0.7098853254082952,
            0.7388944077729632,
            0.76802732332203,
            0.7971907950253315,
            0.8262858731510322,
            0.8552087786661324,
            0.883851878261456,
            0.9121047776236885,
            0.9398555147464493,
            0.9669918306232398,
            0.9934024908577298,
            1.0189786288062739,
            1.0436150790379453,
            1.0672116693055516,
            1.0896744399373623,
            1.110916761583626,
            1.130860325482582,
            1.1494359846959619,
            1.166584429856955,
            1.182256688609239,
            1.1964144437852062,
            1.2090301711676326,
            1.2200871031351432,
            1.2295790293369522,
            1.2375099496143953,
            1.243893597537756,
            1.2487528551071845,
            1.2521190803584412,
            1.2540313699012715,
            1.2545357778508488,
            1.2536845113778505,
            1.2515351212843906,
            1.2481497038389968,
            1.243594127629123,
            1.2379372966646727,
            1.2312504584015411,
            1.2236065629351427,
            1.21507967735627,
            1.2057444572506832,
            1.1956756755797195,
            1.1849478077331417,
            1.1736346703439935,
            1.161809110574088,
            1.149542741920371,
            1.1369057221451073,
            1.1239665687284315,
            1.1107920071403972,
            1.0974468473427428,
            1.0839938840486991,
            1.0704938165996125,
            1.0570051845839807,
            1.0435843157292506,
            1.030285282976454,
            1.0171598680511136,
            1.004257529274986,
            0.9916253717453709,
            0.9793081184172183,
            0.9673480809936064,
            0.9557851298796066,
            0.9446566628019215
        ],
        "imag": [
            0.12284489737383061,
            0.1521512423005663,
            0.18064890610690262,
            0.20828216157289006,
            0.23503089780360847,
            0.26090450570869395,
            0.2859346634356331,
            0.310168066563196,
            0.3336598343727284,
            0.3564679995536845,
            0.3786492204555107,
            0.400255668619639,
            0.4213329375411971,
            0.4419187746121264,
            0.4620424363542191,
            0.48172448908715054,
            0.5009769095747243,
            0.5198033742943619,
            0.5381996570162506,
            0.5561540803069083,
            0.5736479869567108,
            0.5906562126312217,
            0.6071475520587994,
            0.6230852186773743,
            0.638427302655019,
            0.6531272352413141,
            0.6671342689848767,
            0.680393983856974,
            0.6928488289876567,
            0.7044387087457171,
            0.7151016203727503,
            0.7247743484078095,
            0.733393218752582,
            0.7408949125038541,
            0.7472173366469534,
            0.7523005454655802,
            0.756087703151676,
            0.7585260747215345,
            0.7595680290980937,
            0.7591720352689401,
            0.7573036299402791,
            0.7539363332622113,
            0.7490524881587904,
            0.7426439987034128,
            0.7347129439332973,
            0.7252720455506875,
            0.7143449710977133,
            0.7019664583356907,
            0.6881822515555887,
            0.6730488461827202,
            0.6566330440435598,
            0.6390113277351037,
            0.6202690683638693,
            0.6004995861913108,
            0.5798030881678993,
            0.5582855097380788,
            0.5360572904988626,
            0.5132321142332836,
            0.48992564351663626,
            0.4662542775962818,
            0.4423339597274539,
            0.41827905679358035,
            0.3942013301045135,
            0.37020901195282857,
            0.34640599810106526,
            0.32289116203058316,
            0.2997577927513644,
            0.27709315432922427,
            0.254978162195422,
            0.2334871687749952,
            0.21268784904681104,
            0.19264117532683672,
            0.17340146977282714,
            0.15501652282188405,
            0.13752776590017812,
            0.12097048721160207,
            0.10537408015281693,
            0.09076231481826894,
            0.07715362412968511,
            0.06456139721381077,
            0.05299427381786607,
            0.042456434630861774,
            0.03294788346325355,
            0.02446471820916925,
            0.016999388396865666,
            0.01054093795425294,
            0.005075232489689543,
            0.000585170989910756,
            -0.0029491176566716778,
            -0.005550092524004808,
            -0.0072426317510315376,
            -0.008053875529680636,
            -0.008013079428879669,
            -0.007151476408570668,
            -0.005502145802476251,
            -0.003099887594365796,
            1.8899721171929913e-05
        ]
    },
    "CPU_time": {
        "derivatives": 0.07056188583374023,
        "buildingVn": 6.699634313583374,
        "spliting_Vn": 0.0,