{
    "geometry1": "new_broken_cubic",
    "geometry2": "large",
    "ope": "b2p_tang_ipp",
    "lc": 0.015,
    "dimP": 2,
    "dimQ": 2,
    "N": 41,
    "f0": 1000,
    "frequencies": [
        80,
        100,
        120,
        140,
        160,
        180,
        200,
        220,
        240,
        260,
        280,
        300,
        320,
        340,
        360,
        380,
        400,
        420,
        440,
        460,
        480,
        500,
        520,
        540,
        560,
        580,
        600,
        620,
        640,
        660,
        680,
        700,
        720,
        740,
        760,
        780,
        800,
        820,
        840,
        860,
        880,
        900,
        920,
        940,
        960,
        980,
        1000,
        1020,
        1040,
        1060,
        1080,
        1100,
        1120,
        1140,
        1160,
        1180,
        1200,
        1220,
        1240,
        1260,
        1280,
        1300,
        1320,
        1340,
        1360,
        1380,
        1400,
        1420,
        1440,
        1460,
        1480,
        1500,
        1520,
        1540,
        1560,
        1580,
        1600,
        1620,
        1640,
        1660,
        1680,
        1700,
        1720,
        1740,
        1760,
        1780,
        1800,
        1820,
        1840,
        1860,
        1880,
        1900,
        1920,
        1940,
        1960,
        1980,
        2000
    ],
    "Z_center": {
        "real": [
            0.011060761758085772,
            0.015990875846123055,
            0.02175564188014797,
            0.028582191652284972,
            0.036730498493927066,
            0.046459345727245305,
            0.05799586656519924,
            0.07150102869312168,
            0.08703304114311035,
            0.10451792058943056,
            0.12373997645302141,
            0.14436220826910873,
            0.1659769109377893,
            0.188174200482443,
            0.2106081027190659,
            0.2330414909091321,
            0.2553610660820177,
            0.2775651685845948,
            0.299734428439734,
            0.32199639618010806,
            0.3444923944109571,
            0.3673508990457849,
            0.39066874756944653,
            0.4144999090074705,
            0.43885108672599427,
            0.46368344567706826,
            0.48891974716972597,
            0.5144558764240594,
            0.540175181031984,
            0.5659634439714356,
            0.5917220198490994,
            0.6173769021595431,
            0.6428822737324754,
            0.6682182036777874,
            0.6933832634383733,
            0.7183836643716226,
            0.7432209431463924,
            0.7678802609565053,
            0.7923211362577426,
            0.8164719984768545,
            0.8402294012576647,
            0.8634621164631285,
            0.8860196938650614,
            0.9077444752689648,
            0.9284855556821376,
            0.9481128425787952,
            0.9665292349436435,
            0.9836790937818057,
            0.9995516568144813,
            1.014178841506855,
            1.0276278469310944,
            1.0399898782087535,
            1.0513669440269973,
            1.0618588755967324,
            1.0715524770716376,
            1.0805141465651789,
            1.0887865592347996,
            1.0963892380116425,
            1.1033221943765537,
            1.10957141856218,
            1.115114912381248,
            1.1199281891704616,
            1.123988612006541,
            1.1272784204552821,
            1.1297866247515367,
            1.1315100385170007,
            1.1324536307415072,
            1.132630250984582,
            1.1320597521794433,
            1.130767637759791,
            1.1287835200487377,
            1.126139775377355,
            1.1228707368874968,
            1.119012582677828,
            1.1146038338843687,
            1.1096861773555666,
            1.1043052435490546,
            1.0985110164092897,
            1.0923576893425098,
            1.0859029463691354,
            1.079206784062771,
            1.072330067984341,
            1.0653330305830273,
            1.0582738697655805,
            1.051207509681224,
            1.0441844744209734,
            1.0372497808949386,
            1.0304418715502925,
            1.023791891645442,
            1.017323901611658,
            1.0110565793580475,
            1.005006343869382,
            0.9991907143899857,
            0.9936297041883673,
            0.98834298846386,
            0.9833420280685017,
            0.9786189983407456
        ],
        "imag": [
            0.12113079683599715,
            0.15061764433245944,
            0.1802597465201521,
            0.2101687968307641,
            0.24034375336565508,
            0.27067736654397423,
            0.3009606788467256,
            0.33089258270393,
            0.3601031389967062,
            0.38819562942112823,
            0.4148044905995227,
            0.43965679689346177,
            0.46261890435293873,
            0.4837122277536156,
            0.5030931115944104,
            0.5210053667823563,
            0.5377224426226972,
            0.5534958523441768,
            0.5685198512949458,
            0.5829146023187951,
            0.596724823105482,
            0.6099290100189411,
            0.6224547194903635,
            0.6341966231698696,
            0.6450351493732377,
            0.6548541015658502,
            0.6635557740452854,
            0.6710720670998535,
            0.6773702772818655,
            0.6824528144026343,
            0.6863510547054874,
            0.6891146302778532,
            0.6907983251471962,
            0.691449121952929,
            0.6910957451202924,
            0.6897424063601566,
            0.6873676072622261,
            0.6839280037798441,
            0.6793666153755596,
            0.6736241145453123,
            0.6666515702985241,
            0.6584228497334513,
            0.648944916396796,
            0.6382645042183593,
            0.6264700752526762,
            0.6136885600352567,
            0.6000770935647213,
            0.5858107318179878,
            0.5710678411190395,
            0.556015322624214,
            0.5407959053088514,
            0.5255193510415687,
            0.510258649103652,
            0.49505133530259626,
            0.4799051838834876,
            0.46480686963793627,
            0.44973187799051845,
            0.43465396999021705,
            0.41955284843033536,
            0.4044192342173712,
            0.38925721212111014,
            0.37408427030356795,
            0.35892978336068526,
            0.3438327090265852,
            0.32883905228763544,
            0.3139993655326539,
            0.29936636779463,
            0.2849927487201292,
            0.2709293138402635,
            0.2572236977965524,
            0.2439198205815499,
            0.23105808196930178,
            0.21867606412702953,
            0.20680935473759537,
            0.19549208732159795,
            0.18475692293925372,
            0.17463440570151773,
            0.1651518270761234,
            0.1563318626752747,
            0.14819127436103777,
            0.1407399153745647,
            0.1339801729618936,
            0.12790686737936038,
            0.12250752775283122,
            0.11776291666844718,
            0.11364771372870355,
            0.11013140262929269,
            0.10717956272572532,
            0.10475577532592466,
            0.10282404946027908,
            0.10135107269154812,
            0.10030704020520527,
            0.09966386452224901,
            0.09939061013296172,
            0.09944783493498666,
            0.09978426093080187,
            0.10033966406277585
        ]
    },
    "CPU_time": {
        "derivatives": 0.2043781280517578,
        "buildingVn": 33.36378073692322,
        "spliting_Vn": 0.0,
        "solvingMOR": 0.2951028347015381,