{
    "geometry1": "new_broken_cubic",
    "geometry2": "large",
    "ope": "b2p_tang_ipp",
    "lc": 0.015,
    "dimP": 2,
    "dimQ": 2,
    "N": 11,
    "f0": 1000,
    "frequencies": [
        80,
        100,
        120,
        140,
        160,
        180,
        200,
        220,
        240,
        260,
        280,
        300,
        320,
        340,
        360,
        380,
        400,
        420,
        440,
        460,
        480,
        500,
        520,
        540,
        560,
        580,
        600,
        620,
        640,
        660,
        680,
        700,
        720,
        740,
        760,
        780,
        800,
        820,
        840,
        860,
        880,
        900,
        920,
        940,
        960,
        980,
        1000,
        1020,
        1040,
        1060,
        1080,
        1100,
        1120,
        1140,
        1160,
        1180,
        1200,
        1220,
        1240,
        1260,
        1280,
        1300,
        1320,
        1340,
        1360,
        1380,
        1400,
        1420,
        1440,
        1460,
        1480,
        1500,
        1520,
        1540,
        1560,
        1580,
        1600,
        1620,
        1640,
        1660,
        1680,
        1700,
        1720,
        1740,
        1760,
        1780,
        1800,
        1820,
        1840,
        1860,
        1880,
        1900,
        1920,
        1940,
        1960,
        1980,
        2000
    ],
    "Z_center": {
        "real": [
            -0.001398888089120816,
            -0.0019215656121648083,
            -0.00267211352916449,
            -0.0037663843518452853,
            -0.0053603715198418,
            -0.007672662730614609,
            -0.011022156940015643,
            -0.01589453364267295,
            -0.02306642269994402,
            -0.03385500541760005,
            -0.05066960962619859,
            -0.078396424835933,
            -0.12857005401016314,
            -0.2361412537268058,
            -0.5775047394201744,
            9.506973753593286,
            0.8148108718837155,
            0.49805397736390944,
            0.4021376775450695,
            0.3645974599722466,
            0.35248028321520275,
            0.3549167519391918,
            0.3672791178984897,
            0.3870698539341195,
            0.4124516706736397,
            0.4416541933163422,
            0.4728476219826038,
            0.5043370715204101,
            0.5348830696808617,
            0.5639004304342132,
            0.5913991082766208,
            0.6177344964053577,
            0.6433380763297014,
            0.6685489622072639,
            0.6935639888119034,
            0.7184616043659715,
            0.7432470279256925,
            0.7678864879141212,
            0.7923218869984295,
            0.8164718810873767,
            0.8402293221132456,
            0.8634620989677245,
            0.8860196919815639,
            0.9077444751861041,
            0.9284855556812527,
            0.9481128425787271,
            0.966529234943559,
            0.9836790937817127,
            0.9995516568138195,
            1.0141788414387958,
            1.0276278451240248,
            1.0399898582418707,
            1.0513668244148366,
            1.0618584531443642,
            1.0715517509377344,
            1.0805152675792626,
            1.088799630147694,
            1.0964438402410095,
            1.103482727080119,
            1.1099461033180076,
            1.115837940594915,
            1.1210882960028299,
            1.125483562548,
            1.1285989961380882,
            1.1297733323639099,
            1.128167303081601,
            1.1229263876005677,
            1.1134242548596567,
            1.0995168715919597,
            1.0817211581659747,
            1.0612677333466416,
            1.0400512657308194,
            1.0205761453091233,
            1.006048371027756,
            1.0008304024444432,
            1.0116742609772695,
            1.0508094693258705,
            1.1442105147008197,
            1.3566676349032407,
            1.8747849644236256,
            3.1144384330668604,
            3.4007336935442356,
            1.673616149022672,
            0.9535114549578345,
            0.6991328869467146,
            0.5883478583949459,
            0.5301207283729884,
            0.49476992355128907,
            0.4708604438792619,
            0.4533574016804489,
            0.43979787810041715,
            0.4288697894512177,
            0.41982232834144634,
            0.4121985395961562,
            0.40570482420865356,
            0.40014325694211905,
            0.39537461081809183
        ],
        "imag": [
            0.09253822719573353,
            0.11629157590634892,
            0.1404493484398136,
            0.16512330371143505,
            0.19045596686835387,
            0.21663455046842078,
            0.2439144236064566,
            0.27266067913903635,
            0.303426263831403,
            0.3371103631931789,
            0.37531278085665976,
            0.4212402274638385,
            0.4825160789484152,
            0.5830425918872065,
            0.8564837667820862,
            3.4571492260505403,
            0.11752378566802095,
            0.2996625165407673,
            0.38600420009405384,
            0.4451775470139261,
            0.4926888629325235,
            0.5335775383683865,
            0.5695454250004661,
            0.600899810331552,
            0.6273440427556688,
            0.6484883243213683,
            0.6642594224290722,
            0.6751381448398504,
            0.6821124747587645,
            0.6863757123100444,
            0.6889672856524267,
            0.6905596368152304,
            0.6914484233815235,
            0.6916691720809033,
            0.6911345100719459,
            0.6897291790443628,
            0.6873515688071988,
            0.6839195098063258,
            0.6793635745601757,
            0.6736233474503036,
            0.6666514408261076,
            0.6584228371653346,
            0.6489449159713934,
            0.6382645042333275,
            0.626470075253147,
            0.6136885600351801,
            0.6000770935646507,
            0.5858107318179228,
            0.5710678411181896,
            0.5560153225800651,
            0.5407959049648925,
            0.5255193549973304,
            0.5102587266102209,
            0.49505192579614543,
            0.4799080170099211,
            0.46481663760157166,
            0.4497573388515934,
            0.4347040110684465,
            0.41961935128945116,
            0.4044377718471681,
            0.38904312272999114,
            0.37325782632808857,
            0.3568668914767342,
            0.3396970726323992,
            0.32175397920223553,
            0.3033904368341126,
            0.2854496060552459,
            0.2693164463494078,
            0.2568386466125728,
            0.25013938510964834,
            0.25140679358773793,
            0.2627697270207793,
            0.28634693224546937,
            0.32451784053957416,
            0.3804533743858167,
            0.45899177003789504,
            0.5680199202680958,
            0.7202764693161562,
            0.9318291165056318,
            1.176445756790777,
            0.9208173900861806,
            -1.3105588667277661,
            -1.831155794732906,
            -1.3736074356989825,
            -1.0211750545580887,
            -0.7860970252573302,
            -0.6212881586330765,
            -0.49851613208317036,
            -0.4022212535977239,
            -0.32349327441458575,
            -0.25695506569400856,
            -0.19919846591788898,
            -0.14796868655105294,
            -0.10171784774954448,
            -0.05934888078502631,
            -0.020062310675711785,
            0.01673888433298897
        ]
    },
    "CPU_time": {
        "derivatives": 0.19669079780578613,
        "buildingVn": 27.505118370056152,
        "spliting_Vn": 0.0,