{
    "geometry1": "new_broken_cubic",
    "geometry2": "large",
    "ope": "b2p_tang_ipp",
    "lc": 0.015,
    "dimP": 2,
    "dimQ": 2,
    "N": 37,
    "f0": 1000,
    "frequencies": [
        80,
        100,
        120,
        140,
        160,
        180,
        200,
        220,
        240,
        260,
        280,
        300,
        320,
        340,
        360,
        380,
        400,
        420,
        440,
        460,
        480,
        500,
        520,
        540,
        560,
        580,
        600,
        620,
        640,
        660,
        680,
        700,
        720,
        740,
        760,
        780,
        800,
        820,
        840,
        860,
        880,
        900,
        920,
        940,
        960,
        980,
        1000,
        1020,
        1040,
        1060,
        1080,
        1100,
        1120,
        1140,
        1160,
        1180,
        1200,
        1220,
        1240,
        1260,
        1280,
        1300,
        1320,
        1340,
        1360,
        1380,
        1400,
        1420,
        1440,
        1460,
        1480,
        1500,
        1520,
        1540,
        1560,
        1580,
        1600,
        1620,
        1640,
        1660,
        1680,
        1700,
        1720,
        1740,
        1760,
        1780,
        1800,
        1820,
        1840,
        1860,
        1880,
        1900,
        1920,
        1940,
        1960,
        1980,
        2000
    ],
    "Z_center": {
        "real": [
            0.011059069114276343,
            0.01599007110134027,
            0.02175506912600862,
            0.028581697902945794,
            0.03673015135167088,
            0.046459175852000045,
            0.05799583061120299,
            0.07150105830348351,
            0.08703308401237617,
            0.10451795208874791,
            0.12373999246429461,
            0.14436221362084398,
            0.1659769113827251,
            0.1881741996105622,
            0.21060810196567592,
            0.2330414905312986,
            0.2553610659529988,
            0.2775651685599557,
            0.29973442844303233,
            0.3219963961853151,
            0.3444923944134961,
            0.3673508990465693,
            0.39066874756958964,
            0.4144999090074631,
            0.43885108672597406,
            0.46368344567705233,
            0.48891974716971637,
            0.5144558764240529,
            0.5401751810319828,
            0.5659634439714376,
            0.5917220198491036,
            0.6173769021595545,
            0.642882273732482,
            0.6682182036778039,
            0.6933832634383859,
            0.7183836643716374,
            0.7432209431464086,
            0.767880260956522,
            0.7923211362577561,
            0.8164719984768646,
            0.8402294012576718,
            0.8634621164631308,
            0.8860196938650592,
            0.9077444752689604,
            0.9284855556821255,
            0.9481128425787781,
            0.9665292349436223,
            0.9836790937817825,
            0.9995516568144526,
            1.014178841506819,
            1.0276278469310651,
            1.0399898782087178,
            1.051366944026976,
            1.0618588755966938,
            1.0715524770716045,
            1.0805141465651715,
            1.0887865592347687,
            1.0963892380116154,
            1.103322194376552,
            1.109571418562137,
            1.1151149123812456,
            1.1199281891704043,
            1.1239886120064875,
            1.1272784204552682,
            1.1297866247514843,
            1.1315100385169687,
            1.132453630741479,
            1.1326302509848043,
            1.1320597521805582,
            1.1307676377613114,
            1.128783520038791,
            1.1261397753061588,
            1.1228707366651955,
            1.119012582393391,
            1.114603834603778,
            1.109686182366603,
            1.1043052577271038,
            1.0985110378979468,
            1.092357688136285,
            1.0859028381631426,
            1.079206438218577,
            1.0723294154270309,
            1.0653323143338043,
            1.0582739685398916,
            1.0512100888899587,
            1.0441915920550826,
            1.0372626389360582,
            1.0304587124362479,
            1.0238055036192961,
            1.0173196516211886,
            1.0110122466931946,
            1.0048953223871402,
            0.9989904006751075,
            0.9933368011471538,
            0.9879963109658236,
            0.9830503457632602,
            0.9785861449313417
        ],
        "imag": [
            0.12113017049181511,
            0.15061739416962347,
            0.18025955022692416,
            0.21016876565390005,
            0.24034388393545633,
            0.2706775566820113,
            0.3009608387285146,
            0.33089267793322746,
            0.3601031778532921,
            0.38819563564316867,
            0.41480448469571457,
            0.43965679004838526,
            0.4626189001390656,
            0.4837122259776191,
            0.5030931111317977,
            0.5210053667878755,
            0.5377224427074426,
            0.5534958523990943,
            0.5685198513170651,
            0.5829146023247265,
            0.5967248231061925,
            0.609929010018685,
            0.6224547194901665,
            0.6341966231698022,
            0.6450351493732256,
            0.6548541015658539,
            0.6635557740452931,
            0.6710720670998648,
            0.6773702772818759,
            0.6824528144026432,
            0.6863510547054973,
            0.6891146302778609,
            0.6907983251472003,
            0.6914491219529303,
            0.6910957451202921,
            0.6897424063601482,
            0.6873676072622195,
            0.6839280037798356,
            0.6793666153755383,
            0.6736241145452926,
            0.6666515702985009,
            0.6584228497334227,
            0.648944916396767,
            0.6382645042183304,
            0.6264700752526474,
            0.6136885600352275,
            0.6000770935646972,
            0.5858107318179674,
            0.5710678411190244,
            0.5560153226241931,
            0.5407959053088388,
            0.5255193510415617,
            0.5102586491036419,
            0.4950513353025831,
            0.4799051838835001,
            0.46480686963794177,
            0.44973187799051634,
            0.43465396999019673,
            0.4195528484303273,
            0.40441923421737175,
            0.3892572121211395,
            0.37408427030354235,
            0.35892978336067305,
            0.3438327090266088,
            0.3288390522875994,
            0.31399936553267055,
            0.29936636779469844,
            0.28499274872022234,
            0.27092931383967,
            0.25722369779121473,
            0.24391982056280548,
            0.2310580819457366,
            0.21867606423032906,
            0.20680935542848608,
            0.19549208932904444,
            0.18475692570113186,
            0.17463440272915634,
            0.16515179979873873,
            0.15633178361538674,
            0.14819114122389612,
            0.14073983172494284,
            0.133980446298706,
            0.1279080149412407,
            0.12251002050819877,
            0.11776654437299687,
            0.11365067148274278,
            0.11012952047435466,
            0.10716635713695635,
            0.10472403379334465,
            0.10276942993667729,
            0.10127778539025711,
            0.10023510939058546,
            0.09963657457892036,
            0.09947924631801139,
            0.09974873216056167,
            0.10040118536616567,
            0.10134421198996081
        ]
    },
    "CPU_time": {
        "derivatives": 0.19340205192565918,
        "buildingVn": 32.310466051101685,
        "spliting_Vn": 0.0,