{
    "geometry1": "new_broken_cubic",
    "geometry2": "small",
    "ope": "b2p_tang_ipp",
    "lc": 0.015,
    "dimP": 2,
    "dimQ": 2,
    "N": 59,
    "f0": 1000,
    "frequencies": [
        80,
        100,
        120,
        140,
        160,
        180,
        200,
        220,
        240,
        260,
        280,
        300,
        320,
        340,
        360,
        380,
        400,
        420,
        440,
        460,
        480,
        500,
        520,
        540,
        560,
        580,
        600,
        620,
        640,
        660,
        680,
        700,
        720,
        740,
        760,
        780,
        800,
        820,
        840,
        860,
        880,
        900,
        920,
        940,
        960,
        980,
        1000,
        1020,
        1040,
        1060,
        1080,
        1100,
        1120,
        1140,
        1160,
        1180,
        1200,
        1220,
        1240,
        1260,
        1280,
        1300,
        1320,
        1340,
        1360,
        1380,
        1400,
        1420,
        1440,
        1460,
        1480,
        1500,
        1520,
        1540,
        1560,
        1580,
        1600,
        1620,
        1640,
        1660,
        1680,
        1700,
        1720,
        1740,
        1760,
        1780,
        1800,
        1820,
        1840,
        1860,
        1880,
        1900,
        1920,
        1940,
        1960,
        1980,
        2000
    ],
    "Z_center": {
        "real": [
            0.01347250520484825,
            0.020649330521619682,
            0.029075316741492597,
            0.03859468606518795,
            0.04905857544143813,
            0.060332742888915075,
            0.07230243313900474,
            0.08487463264980735,
            0.09797822178448183,
            0.11156263068950271,
            0.12559557484591669,
            0.1400603438092658,
            0.15495298959907752,
            0.1702796403930916,
            0.18605406613067912,
            0.2022955498174447,
            0.21902706984054995,
            0.23627376971929795,
            0.2540616771373857,
            0.27241662913129266,
            0.2913633612756498,
            0.3109247229774275,
            0.33112098682548957,
            0.3519692262577182,
            0.3734827419959585,
            0.3956705234479793,
            0.4185367364640919,
            0.4420802334403575,
            0.46629408580362264,
            0.49116514243379006,
            0.5166736206001927,
            0.5427927385279497,
            0.569488400756302,
            0.596718948968304,
            0.624434991926006,
            0.6525793284729138,
            0.6810869772136791,
            0.70988532540686,
            0.7388944077714985,
            0.7680273233205647,
            0.797190795023866,
            0.8262858731496167,
            0.8552087786647594,
            0.8838518782601513,
            0.9121047776224808,
            0.9398555147453493,
            0.9669918306222623,
            0.9934024908568642,
            1.0189786288055016,
            1.043615079037339,
            1.067211669305061,
            1.0896744399370544,
            1.1109167615834563,
            1.130860325482556,
            1.1494359846960425,
            1.1665844298570638,
            1.1822566886096024,
            1.1964144437856072,
            1.209030171168093,
            1.2200871031357265,
            1.2295790293376665,
            1.2375099496151427,
            1.2438935975386916,
            1.2487528551079492,
            1.252119080359229,
            1.2540313699020438,
            1.2545357778519781,
            1.2536845113785222,
            1.251535121285265,
            1.248149703839823,
            1.2435941276301568,
            1.2379372966655815,
            1.2312504584022443,
            1.2236065629360442,
            1.2150796773574628,
            1.205744457251344,
            1.1956756755805429,
            1.1849478077339222,
            1.1736346703441396,
            1.1618091105743449,
            1.1495427419204882,
            1.136905722145565,
            1.1239665687281442,
            1.1107920071409068,
            1.0974468473430532,
            1.0839938840491112,
            1.0704938165996616,
            1.0570051845838673,
            1.0435843157293407,
            1.0302852829760167,
            1.017159868050504,
            1.0042575292743157,
            0.991625371744972,
            0.9793081184169206,
            0.9673480809923778,
            0.9557851298787694,
            0.9446566628009098
        ],
        "imag": [
            0.12284489737380166,
            0.15215124230048113,
            0.18064890610678105,
            0.20828216157269658,
            0.23503089780332445,
            0.2609045057083432,
            0.28593466343524554,
            0.31016806656270757,
            0.33365983437209973,
            0.35646799955293235,
            0.37864922045470933,
            0.4002556686188213,
            0.4213329375403293,
            0.4419187746111563,
            0.4620424363532337,
            0.48172448908610066,
            0.5009769095737336,
            0.5198033742932875,
            0.538199657015208,
            0.5561540803058447,
            0.5736479869556882,
            0.5906562126301731,
            0.6071475520578542,
            0.6230852186764118,
            0.6384273026541011,
            0.6531272352403225,
            0.667134268983963,
            0.6803939838560855,
            0.692848828986857,
            0.704438708744913,
            0.715101620372063,
            0.7247743484070633,
            0.7333932187519572,
            0.7408949125033236,
            0.7472173366464758,
            0.752300545465169,
            0.7560877031514317,
            0.7585260747213877,
            0.7595680290980807,
            0.7591720352690322,
            0.7573036299405279,
            0.7539363332625786,
            0.7490524881593236,
            0.7426439987040946,
            0.7347129439340836,
            0.7252720455515469,
            0.714344971098694,
            0.7019664583367425,
            0.6881822515566844,
            0.6730488461838678,
            0.6566330440447191,
            0.6390113277363495,
            0.6202690683651282,
            0.6004995861924876,
            0.5798030881690599,
            0.5582855097392263,
            0.5360572904999439,
            0.5132321142342872,
            0.4899256435174423,
            0.4662542775971496,
            0.44233395972814227,
            0.41827905679431476,
            0.394201330104972,
            0.37020901195338474,
            0.34640599810136957,
            0.32289116203090135,
            0.2997577927514862,
            0.27709315432908926,
            0.2549781621954379,
            0.2334871687748588,
            0.21268784904655189,
            0.1926411753265798,
            0.17340146977252704,
            0.15501652282149625,
            0.13752776589956675,
            0.12097048721092879,
            0.10537408015164887,
            0.09076231481724836,
            0.0771536241284416,
            0.06456139721310782,
            0.052994273816939406,
            0.042456434629342635,
            0.03294788346198651,
            0.02446471820796171,
            0.016999388395559097,
            0.010540937952785663,
            0.005075232488007529,
            0.0005851709888988595,
            -0.002949117657875251,
            -0.005550092525531278,
            -0.007242631752476594,
            -0.00805387553115621,
            -0.00801307943097679,
            -0.007151476409826857,
            -0.00550214580415432,
            -0.0030998875960787146,
            1.889971912974778e-05
        ]
    },
    "CPU_time": {
        "derivatives": 0.06999492645263672,
        "buildingVn": 5.185112714767456,
        "spliting_Vn": 0.0,