{
    "geometry1": "new_broken_cubic",
    "geometry2": "large",
    "ope": "b2p_tang_ipp",
    "lc": 0.015,
    "dimP": 2,
    "dimQ": 2,
    "N": 12,
    "f0": 1000,
    "frequencies": [
        80,
        100,
        120,
        140,
        160,
        180,
        200,
        220,
        240,
        260,
        280,
        300,
        320,
        340,
        360,
        380,
        400,
        420,
        440,
        460,
        480,
        500,
        520,
        540,
        560,
        580,
        600,
        620,
        640,
        660,
        680,
        700,
        720,
        740,
        760,
        780,
        800,
        820,
        840,
        860,
        880,
        900,
        920,
        940,
        960,
        980,
        1000,
        1020,
        1040,
        1060,
        1080,
        1100,
        1120,
        1140,
        1160,
        1180,
        1200,
        1220,
        1240,
        1260,
        1280,
        1300,
        1320,
        1340,
        1360,
        1380,
        1400,
        1420,
        1440,
        1460,
        1480,
        1500,
        1520,
        1540,
        1560,
        1580,
        1600,
        1620,
        1640,
        1660,
        1680,
        1700,
        1720,
        1740,
        1760,
        1780,
        1800,
        1820,
        1840,
        1860,
        1880,
        1900,
        1920,
        1940,
        1960,
        1980,
        2000
    ],
    "Z_center": {
        "real": [
            -1.7530805804855388e-06,
            9.756454511501455e-05,
            0.00014293812859981692,
            7.775585918688104e-05,
            -0.0001629475814153817,
            -0.0006536112181901916,
            -0.0014779562719027994,
            -0.002724518932318452,
            -0.0044701204960309274,
            -0.006730917239718114,
            -0.009326283221626187,
            -0.011502874081684928,
            -0.010882392818412938,
            -0.0005299774606602439,
            0.03822973508357224,
            0.142790983483625,
            0.3216769997923942,
            0.45849877078292123,
            0.48639130078704607,
            0.467337201747341,
            0.44568791512982614,
            0.43298685283047167,
            0.4299748643806032,
            0.4352096742980549,
            0.4471173844411482,
            0.4643051300500071,
            0.48552017744373316,
            0.5095970362301852,
            0.5354651315196123,
            0.5622083374977652,
            0.5891350854586016,
            0.6158142388638653,
            0.6420544774681293,
            0.6678373268834177,
            0.693234132144163,
            0.7183358602032184,
            0.7432094036325585,
            0.767878671888885,
            0.7923212825146705,
            0.8164721494848779,
            0.8402294437727618,
            0.8634621229588387,
            0.8860196943820682,
            0.9077444752854407,
            0.9284855556821039,
            0.9481128425786236,
            0.9665292349434534,
            0.9836790937816123,
            0.9995516568142441,
            1.014178841497349,
            1.0276278465670883,
            1.0399898727643466,
            1.0513669010422872,
            1.0618586694142687,
            1.0715518679356237,
            1.0805133648453373,
            1.088789036227885,
            1.096408948820467,
            1.1033972111681893,
            1.1097803192724065,
            1.1155828870685536,
            1.120798267983183,
            1.1253282191047005,
            1.1289019575652879,
            1.131006489920908,
            1.130876498435205,
            1.1275892137179895,
            1.1202771252049009,
            1.108414831910041,
            1.092086248604466,
            1.072136063518757,
            1.0501705403338826,
            1.0284661651123617,
            1.0099208847897632,
            0.9982310546566651,
            0.9985617931488501,
            1.0192754565106548,
            1.0762882983854367,
            1.2051315873392938,
            1.4990448941936403,
            2.231002472414351,
            3.6820397014834483,
            2.8002308986759785,
            1.2970919826096619,
            0.7904954109572356,
            0.6052815651774585,
            0.5212280538643193,
            0.4757309144681026,
            0.44754008385711935,
            0.4281994979071743,
            0.413899715734836,
            0.40274783008722226,
            0.3937246984773852,
            0.38624299284124525,
            0.37994353700457606,
            0.37459477838228095,
            0.3700402250014823
        ],
        "imag": [
            0.09395615974806618,
            0.1182462055508556,
            0.14303775175807476,
            0.16846965089233853,
            0.19472456365284377,
            0.22204709571210685,
            0.25077256329009207,
            0.28137404034952845,
            0.3145414085467416,
            0.35131738490902514,
            0.3933350369815828,
            0.44322601696724334,
            0.5052403024876363,
            0.5856344516370822,
            0.6893319420775469,
            0.7982379997451606,
            0.8303258541075705,
            0.7388512690929132,
            0.6339319210274663,
            0.5790734370302061,
            0.5624373283223091,
            0.5658454497542955,
            0.5788152547387706,
            0.5959044147086378,
            0.6141336877635273,
            0.6317210419221454,
            0.6475447756490571,
            0.6609396819302334,
            0.6716213740311535,
            0.6796296897711674,
            0.6852415998413774,
            0.6888528390303872,
            0.6908593516868494,
            0.691573385426355,
            0.6911896399559304,
            0.6897932361477593,
            0.6873892219038258,
            0.6839353177325045,
            0.6793685467752274,
            0.6736244944550923,
            0.6666516214151773,
            0.6584228537146568,
            0.6489449165080965,
            0.6382645042159549,
            0.6264700752524692,
            0.6136885600351342,
            0.6000770935646328,
            0.5858107318179334,
            0.5710678411189191,
            0.5560153226142351,
            0.5407959051336337,
            0.5255193506167247,
            0.5102586620286536,
            0.4950514954775361,
            0.47990619083722874,
            0.46481115781276144,
            0.449745461675424,
            0.4346870355998817,
            0.41961351338183484,
            0.4044910679748519,
            0.389251231888894,
            0.3737651610229684,
            0.3578360897213086,
            0.34123696201056153,
            0.3238136054847389,
            0.3056500749640247,
            0.2872562858544768,
            0.26970567862180933,
            0.2546485977246114,
            0.2441730885739531,
            0.24056409688337552,
            0.24607654480279353,
            0.2628450701692838,
            0.29300907166693857,
            0.33908581367170665,
            0.40462715152386997,
            0.49526179797073555,
            0.620273110164142,
            0.7941587643933865,
            1.0295963484794912,
            1.232238908719477,
            0.3436674498242856,
            -1.915372046466968,
            -1.7685534410792252,
            -1.2873407645217456,
            -0.9615784385210882,
            -0.7437578806423616,
            -0.5885900667209176,
            -0.47119336682249313,
            -0.3779008770021366,
            -0.3008032677520915,
            -0.23506660442715152,
            -0.17758969879075537,
            -0.12629820223860733,
            -0.07975401491913484,
            -0.03692881203094667,
            0.002932822004231044
        ]
    },
    "CPU_time": {
        "derivatives": 0.18907809257507324,
        "buildingVn": 27.221909999847412,