{
    "geometry1": "new_broken_cubic",
    "geometry2": "small",
    "ope": "b2p_tang_ipp",
    "lc": 0.015,
    "dimP": 2,
    "dimQ": 2,
    "N": 52,
    "f0": 1000,
    "frequencies": [
        80,
        100,
        120,
        140,
        160,
        180,
        200,
        220,
        240,
        260,
        280,
        300,
        320,
        340,
        360,
        380,
        400,
        420,
        440,
        460,
        480,
        500,
        520,
        540,
        560,
        580,
        600,
        620,
        640,
        660,
        680,
        700,
        720,
        740,
        760,
        780,
        800,
        820,
        840,
        860,
        880,
        900,
        920,
        940,
        960,
        980,
        1000,
        1020,
        1040,
        1060,
        1080,
        1100,
        1120,
        1140,
        1160,
        1180,
        1200,
        1220,
        1240,
        1260,
        1280,
        1300,
        1320,
        1340,
        1360,
        1380,
        1400,
        1420,
        1440,
        1460,
        1480,
        1500,
        1520,
        1540,
        1560,
        1580,
        1600,
        1620,
        1640,
        1660,
        1680,
        1700,
        1720,
        1740,
        1760,
        1780,
        1800,
        1820,
        1840,
        1860,
        1880,
        1900,
        1920,
        1940,
        1960,
        1980,
        2000
    ],
    "Z_center": {
        "real": [
            0.013472505204801238,
            0.020649330521555112,
            0.02907531674141623,
            0.0385946860650945,
            0.04905857544132655,
            0.06033274288879271,
            0.07230243313891102,
            0.08487463264967693,
            0.09797822178436255,
            0.11156263068937702,
            0.12559557484576306,
            0.140060343809146,
            0.15495298959896234,
            0.17027964039297308,
            0.18605406613053924,
            0.2022955498173134,
            0.2190270698404402,
            0.23627376971924188,
            0.2540616771373029,
            0.2724166291312458,
            0.2913633612755887,
            0.31092472297736007,
            0.33112098682541935,
            0.35196922625764776,
            0.3734827419958598,
            0.3956705234478949,
            0.418536736464049,
            0.4420802334402695,
            0.46629408580354387,
            0.49116514243377085,
            0.5166736206001429,
            0.5427927385278903,
            0.5694884007563031,
            0.5967189489682563,
            0.6244349919259778,
            0.6525793284728646,
            0.6810869772136239,
            0.7098853254068246,
            0.7388944077714401,
            0.7680273233204853,
            0.797190795023792,
            0.8262858731495553,
            0.8552087786647039,
            0.8838518782600956,
            0.912104777622417,
            0.939855514745308,
            0.9669918306222256,
            0.9934024908568456,
            1.0189786288055036,
            1.0436150790373409,
            1.067211669305047,
            1.0896744399370586,
            1.1109167615834719,
            1.1308603254825855,
            1.1494359846960835,
            1.1665844298571124,
            1.1822566886096462,
            1.1964144437856412,
            1.209030171168106,
            1.2200871031357254,
            1.2295790293377495,
            1.2375099496151696,
            1.243893597538728,
            1.2487528551078986,
            1.2521190803593285,
            1.2540313699021124,
            1.2545357778520114,
            1.2536845113785622,
            1.251535121285276,
            1.2481497038398104,
            1.2435941276301705,
            1.237937296665675,
            1.2312504584023185,
            1.2236065629361794,
            1.2150796773575248,
            1.205744457251496,
            1.1956756755806754,
            1.1849478077340339,
            1.173634670344416,
            1.161809110574517,
            1.149542741920746,
            1.136905722145844,
            1.123966568728276,
            1.110792007140992,
            1.097446847343088,
            1.083993884049082,
            1.0704938165997144,
            1.0570051845836441,
            1.043584315728982,
            1.0302852829758218,
            1.0171598680500038,
            1.0042575292738545,
            0.9916253717443906,
            0.9793081184160737,
            0.9673480809915256,
            0.9557851298776158,
            0.9446566627994673
        ],
        "imag": [
            0.12284489737379245,
            0.15215124230047303,
            0.18064890610677548,
            0.20828216157270504,
            0.23503089780334174,
            0.2609045057083875,
            0.2859346634352934,
            0.3101680665627832,
            0.3336598343722031,
            0.35646799955303343,
            0.37864922045483657,
            0.4002556686189792,
            0.4213329375404769,
            0.44191877461132895,
            0.4620424363534096,
            0.48172448908632187,
            0.5009769095739236,
            0.5198033742935062,
            0.5381996570154071,
            0.5561540803060877,
            0.5736479869559074,
            0.5906562126304126,
            0.6071475520580555,
            0.6230852186765907,
            0.6384273026543,
            0.653127235240531,
            0.6671342689841652,
            0.6803939838563217,
            0.6928488289870444,
            0.7044387087450997,
            0.7151016203722773,
            0.7247743484073046,
            0.7333932187521636,
            0.7408949125035322,
            0.7472173366467044,
            0.7523005454654075,
            0.756087703151682,
            0.7585260747216221,
            0.7595680290983338,
            0.7591720352693286,
            0.757303629940818,
            0.7539363332628591,
            0.7490524881596002,
            0.7426439987043766,
            0.7347129439343871,
            0.7252720455518724,
            0.7143449710989949,
            0.7019664583370823,
            0.6881822515570205,
            0.6730488461842153,
            0.65663304404508,
            0.6390113277366579,
            0.6202690683654588,
            0.6004995861928233,
            0.5798030881693825,
            0.5582855097395505,
            0.5360572905002934,
            0.5132321142345879,
            0.48992564351776857,
            0.4662542775974257,
            0.4423339597284832,
            0.41827905679466204,
            0.3942013301052702,
            0.3702090119537183,
            0.346405998101744,
            0.32289116203123713,
            0.29975779275179104,
            0.2770931543294892,
            0.25497816219589214,
            0.23348716877516085,
            0.21268784904694543,
            0.19264117532695543,
            0.1734014697729494,
            0.1550165228218495,
            0.13752776589994467,
            0.12097048721135434,
            0.10537408015188608,
            0.09076231481757234,
            0.07715362412879717,
            0.06456139721331734,
            0.05299427381711139,
            0.042456434629394454,
            0.03294788346211722,
            0.024464718207960208,
            0.01699938839560698,
            0.010540937952930585,
            0.005075232487882075,
            0.0005851709888911652,
            -0.0029491176579358835,
            -0.005550092525576485,
            -0.007242631752499931,
            -0.008053875531288904,
            -0.008013079431134064,
            -0.007151476409678441,
            -0.005502145804112353,
            -0.003099887596338486,
            1.8899719424505097e-05
        ]
    },
    "CPU_time": {
        "derivatives": 0.07185983657836914,
        "buildingVn": 4.758354902267456,
        "spliting_Vn": 0.0,