{
    "geometry1": "new_broken_cubic",
    "geometry2": "small",
    "ope": "b2p_tang_ipp",
    "lc": 0.015,
    "dimP": 2,
    "dimQ": 2,
    "N": 32,
    "f0": 1000,
    "frequencies": [
        80,
        100,
        120,
        140,
        160,
        180,
        200,
        220,
        240,
        260,
        280,
        300,
        320,
        340,
        360,
        380,
        400,
        420,
        440,
        460,
        480,
        500,
        520,
        540,
        560,
        580,
        600,
        620,
        640,
        660,
        680,
        700,
        720,
        740,
        760,
        780,
        800,
        820,
        840,
        860,
        880,
        900,
        920,
        940,
        960,
        980,
        1000,
        1020,
        1040,
        1060,
        1080,
        1100,
        1120,
        1140,
        1160,
        1180,
        1200,
        1220,
        1240,
        1260,
        1280,
        1300,
        1320,
        1340,
        1360,
        1380,
        1400,
        1420,
        1440,
        1460,
        1480,
        1500,
        1520,
        1540,
        1560,
        1580,
        1600,
        1620,
        1640,
        1660,
        1680,
        1700,
        1720,
        1740,
        1760,
        1780,
        1800,
        1820,
        1840,
        1860,
        1880,
        1900,
        1920,
        1940,
        1960,
        1980,
        2000
    ],
    "Z_center": {
        "real": [
            0.013472505204829706,
            0.020649330521591656,
            0.02907531674145482,
            0.038594686065137704,
            0.04905857544136098,
            0.060332742888822684,
            0.07230243313893148,
            0.08487463264971114,
            0.09797822178438627,
            0.11156263068938846,
            0.12559557484578066,
            0.14006034380914184,
            0.15495298959895717,
            0.17027964039295673,
            0.1860540661305267,
            0.2022955498172999,
            0.2190270698404052,
            0.23627376971919434,
            0.2540616771372853,
            0.2724166291311877,
            0.2913633612755482,
            0.31092472297734713,
            0.3311209868254118,
            0.3519692262576358,
            0.3734827419958899,
            0.39567052344795733,
            0.41853673646411027,
            0.44208023344033975,
            0.4662940858036145,
            0.4911651424338843,
            0.5166736206002674,
            0.5427927385280675,
            0.5694884007564371,
            0.5967189489684157,
            0.6244349919261587,
            0.6525793284730593,
            0.681086977213827,
            0.7098853254070517,
            0.7388944077716753,
            0.7680273233207304,
            0.797190795024027,
            0.8262858731497726,
            0.8552087786648871,
            0.8838518782602582,
            0.9121047776225643,
            0.9398555147453961,
            0.9669918306222688,
            0.993402490856834,
            1.0189786288054434,
            1.043615079037218,
            1.0672116693048694,
            1.0896744399368163,
            1.1109167615831743,
            1.1308603254822174,
            1.1494359846956381,
            1.1665844298566186,
            1.182256688609096,
            1.19641444378504,
            1.2090301711675446,
            1.2200871031351614,
            1.2295790293371134,
            1.237509949614824,
            1.2438935975385108,
            1.2487528551078355,
            1.2521190803591051,
            1.254031369901925,
            1.2545357778518145,
            1.2536845113783748,
            1.2515351212850667,
            1.2481497038396594,
            1.2435941276299787,
            1.2379372966654867,
            1.2312504584021935,
            1.2236065629359982,
            1.2150796773573997,
            1.2057444572513119,
            1.195675675580564,
            1.1849478077340265,
            1.1736346703443084,
            1.1618091105745034,
            1.1495427419207196,
            1.1369057221457957,
            1.1239665687284248,
            1.1107920071411594,
            1.0974468473433079,
            1.083993884049372,
            1.07049381659998,
            1.0570051845840984,
            1.0435843157296345,
            1.0302852829763538,
            1.0171598680508367,
            1.0042575292748046,
            0.9916253717453143,
            0.9793081184171337,
            0.9673480809926398,
            0.9557851298789921,
            0.9446566628013517
        ],
        "imag": [
            0.122844897373753,
            0.1521512423004252,
            0.18064890610671303,
            0.2082821615726278,
            0.23503089780325503,
            0.26090450570825985,
            0.2859346634351719,
            0.31016806656264867,
            0.3336598343720417,
            0.3564679995528751,
            0.3786492204546819,
            0.4002556686187984,
            0.4213329375403003,
            0.441918774611157,
            0.46204243635321884,
            0.48172448908612664,
            0.5009769095737251,
            0.5198033742933225,
            0.538199657015207,
            0.5561540803058737,
            0.5736479869557259,
            0.5906562126302182,
            0.607147552057872,
            0.623085218676418,
            0.6384273026541214,
            0.6531272352403475,
            0.6671342689839718,
            0.6803939838561079,
            0.692848828986851,
            0.7044387087448782,
            0.7151016203720459,
            0.7247743484070454,
            0.7333932187518843,
            0.7408949125032305,
            0.7472173366463807,
            0.7523005454650358,
            0.7560877031512475,
            0.7585260747211701,
            0.7595680290978157,
            0.7591720352687682,
            0.7573036299402162,
            0.7539363332622159,
            0.7490524881588941,
            0.7426439987036321,
            0.7347129439336029,
            0.7252720455510322,
            0.7143449710981385,
            0.7019664583361735,
            0.688182251556099,
            0.6730488461832624,
            0.6566330440441018,
            0.6390113277356865,
            0.6202690683644829,
            0.6004995861918351,
            0.5798030881684114,
            0.5582855097385735,
            0.5360572904992995,
            0.5132321142336165,
            0.4899256435167252,
            0.4662542775963427,
            0.44233395972732975,
            0.41827905679349936,
            0.3942013301042888,
            0.37020901195287786,
            0.3464059981010394,
            0.3228911620306521,
            0.2997577927513285,
            0.27709315432902976,
            0.25497816219544633,
            0.2334871687749185,
            0.2126878490466316,
            0.1926411753267091,
            0.17340146977269436,
            0.15501652282173928,
            0.13752776589979898,
            0.12097048721124581,
            0.10537408015195031,
            0.09076231481755724,
            0.07715362412880286,
            0.06456139721338154,
            0.052994273817340655,
            0.04245643462968518,
            0.032947883462405195,
            0.024464718208299797,
            0.016999388395897697,
            0.010540937953168747,
            0.005075232488389279,
            0.0005851709892973063,
            -0.0029491176574625642,
            -0.005550092524972627,
            -0.007242631752122619,
            -0.008053875530752298,
            -0.008013079430694157,
            -0.007151476409191775,
            -0.0055021458037492295,
            -0.0030998875958080283,
            1.889971954519046e-05
        ]
    },
    "CPU_time": {
        "derivatives": 0.07334613800048828,
        "buildingVn": 3.851526975631714,
        "spliting_Vn": 0.0,