{
    "geometry1": "new_broken_cubic",
    "geometry2": "large",
    "ope": "b2p_tang_ipp",
    "lc": 0.015,
    "dimP": 2,
    "dimQ": 2,
    "N": 84,
    "f0": 1000,
    "frequencies": [
        80,
        100,
        120,
        140,
        160,
        180,
        200,
        220,
        240,
        260,
        280,
        300,
        320,
        340,
        360,
        380,
        400,
        420,
        440,
        460,
        480,
        500,
        520,
        540,
        560,
        580,
        600,
        620,
        640,
        660,
        680,
        700,
        720,
        740,
        760,
        780,
        800,
        820,
        840,
        860,
        880,
        900,
        920,
        940,
        960,
        980,
        1000,
        1020,
        1040,
        1060,
        1080,
        1100,
        1120,
        1140,
        1160,
        1180,
        1200,
        1220,
        1240,
        1260,
        1280,
        1300,
        1320,
        1340,
        1360,
        1380,
        1400,
        1420,
        1440,
        1460,
        1480,
        1500,
        1520,
        1540,
        1560,
        1580,
        1600,
        1620,
        1640,
        1660,
        1680,
        1700,
        1720,
        1740,
        1760,
        1780,
        1800,
        1820,
        1840,
        1860,
        1880,
        1900,
        1920,
        1940,
        1960,
        1980,
        2000
    ],
    "Z_center": {
        "real": [
            0.011060430218421414,
            0.01599081165859646,
            0.02175570556921558,
            0.028582283546523365,
            0.036730568797282884,
            0.046459383059194156,
            0.05799587913694183,
            0.0715010288940737,
            0.08703303785287253,
            0.1045179178442693,
            0.12373997508223822,
            0.14436220784099993,
            0.1659769109046763,
            0.18817420053704034,
            0.21060810275952432,
            0.2330414909257227,
            0.25536106608617504,
            0.2775651685848259,
            0.2997344284393584,
            0.32199639617985787,
            0.3444923944108366,
            0.3673508990457178,
            0.39066874756939873,
            0.414499909007431,
            0.4388510867259622,
            0.46368344567704267,
            0.48891974716970427,
            0.5144558764240446,
            0.5401751810319774,
            0.5659634439714345,
            0.591722019849101,
            0.6173769021595512,
            0.6428822737324839,
            0.6682182036778094,
            0.6933832634383931,
            0.7183836643716526,
            0.7432209431464311,
            0.7678802609565493,
            0.792321136257788,
            0.8164719984769028,
            0.8402294012577154,
            0.8634621164631723,
            0.8860196938650948,
            0.9077444752689942,
            0.9284855556821553,
            0.9481128425787961,
            0.9665292349436301,
            0.9836790937817823,
            0.9995516568144411,
            1.0141788415068014,
            1.0276278469310438,
            1.0399898782086963,
            1.0513669440269362,
            1.06185887559665,
            1.0715524770715803,
            1.0805141465651271,
            1.0887865592347787,
            1.0963892380115925,
            1.1033221943765608,
            1.1095714185621346,
            1.115114912381275,
            1.1199281891703772,
            1.1239886120065068,
            1.1272784204552888,
            1.1297866247515087,
            1.131510038517014,
            1.1324536307416004,
            1.1326302509847352,
            1.1320597521793876,
            1.130767637759777,
            1.1287835200482117,
            1.1261397753759739,
            1.122870736889548,
            1.1190125827050834,
            1.1146038339809625,
            1.109686177486421,
            1.1043052432276896,
            1.098511014196599,
            1.0923576835622617,
            1.0859029399325844,
            1.0792067947136676,
            1.0723301352282835,
            1.0653331928546346,
            1.0582740789954899,
            1.0512074913926692,
            1.0441836497240584,
            1.0372474895084691,
            1.030438123239684,
            1.0237885605162291,
            1.0173256623307616,
            1.0110702923343253,
            1.005037625968617,
            0.99923758922543,
            0.9936754179065286,
            0.9883523461005361,
            0.983266439739057,
            0.9784135824862176
        ],
        "imag": [
            0.1211311692840455,
            0.15061795797500946,
            0.18025993590325412,
            0.21016887580603189,
            0.2403437648028063,
            0.2706773507896413,
            0.3009606604534955,
            0.3308925708826647,
            0.36010313392514787,
            0.3881956282803392,
            0.4148044908991696,
            0.4396567973618831,
            0.46261890462550964,
            0.4837122278531486,
            0.5030931116136659,
            0.521005366779276,
            0.5377224426182727,
            0.5534958523420834,
            0.5685198512943292,
            0.5829146023186931,
            0.5967248231054938,
            0.6099290100189653,
            0.6224547194903882,
            0.6341966231698979,
            0.6450351493732686,
            0.6548541015658781,
            0.6635557740453211,
            0.6710720670998892,
            0.6773702772818981,
            0.6824528144026694,
            0.6863510547055222,
            0.6891146302778857,
            0.6907983251472275,
            0.6914491219529547,
            0.6910957451203231,
            0.6897424063601806,
            0.6873676072622461,
            0.6839280037798592,
            0.6793666153755583,
            0.6736241145453052,
            0.6666515702985043,
            0.6584228497334198,
            0.6489449163967494,
            0.6382645042183079,
            0.6264700752526158,
            0.6136885600351892,
            0.6000770935646583,
            0.58581073181793,
            0.5710678411189896,
            0.5560153226241644,
            0.5407959053088208,
            0.5255193510415486,
            0.5102586491036396,
            0.4950513353026198,
            0.4799051838834729,
            0.4648068696379533,
            0.44973187799053005,
            0.4346539699902388,
            0.4195528484303742,
            0.40441923421741066,
            0.38925721212115505,
            0.3740842703035332,
            0.35892978336072867,
            0.3438327090266009,
            0.328839052287604,
            0.31399936553260943,
            0.29936636779457476,
            0.2849927487200838,
            0.2709293138402095,
            0.2572236977963981,
            0.24391982058148703,
            0.23105808197111824,
            0.21867606413563276,
            0.2068093547527137,
            0.19549208728954004,
            0.18475692265726143,
            0.17463440486949747,
            0.16515182611024096,
            0.15633186488992462,
            0.14819128799715298,
            0.14073994873077797,
            0.13398021196542206,
            0.12790683508562997,
            0.12250726170344536,
            0.11776224985374775,
            0.11364674875507165,
            0.11013094318700584,
            0.1071813913937953,
            0.10476218919539823,
            0.10283610349589282,
            0.10136563578470541,
            0.10031399788196081,
            0.09964600020971118,
            0.0993288589210396,
            0.09933291913690742,
            0.09963227107443352,
            0.10020521252999541
        ]
    },
    "CPU_time": {
        "derivatives": 0.19896197319030762,
        "buildingVn": 41.58404016494751,
        "spliting_Vn": 0.0,