{
    "geometry1": "new_broken_cubic",
    "geometry2": "small",
    "ope": "b2p_tang_ipp",
    "lc": 0.015,
    "dimP": 2,
    "dimQ": 2,
    "N": 85,
    "f0": 1000,
    "frequencies": [
        80,
        100,
        120,
        140,
        160,
        180,
        200,
        220,
        240,
        260,
        280,
        300,
        320,
        340,
        360,
        380,
        400,
        420,
        440,
        460,
        480,
        500,
        520,
        540,
        560,
        580,
        600,
        620,
        640,
        660,
        680,
        700,
        720,
        740,
        760,
        780,
        800,
        820,
        840,
        860,
        880,
        900,
        920,
        940,
        960,
        980,
        1000,
        1020,
        1040,
        1060,
        1080,
        1100,
        1120,
        1140,
        1160,
        1180,
        1200,
        1220,
        1240,
        1260,
        1280,
        1300,
        1320,
        1340,
        1360,
        1380,
        1400,
        1420,
        1440,
        1460,
        1480,
        1500,
        1520,
        1540,
        1560,
        1580,
        1600,
        1620,
        1640,
        1660,
        1680,
        1700,
        1720,
        1740,
        1760,
        1780,
        1800,
        1820,
        1840,
        1860,
        1880,
        1900,
        1920,
        1940,
        1960,
        1980,
        2000
    ],
    "Z_center": {
        "real": [
            0.013472505204658008,
            0.02064933052138838,
            0.029075316741222892,
            0.038594686064878696,
            0.04905857544109942,
            0.06033274288856626,
            0.07230243313866963,
            0.08487463264944337,
            0.0979782217841712,
            0.11156263068918681,
            0.12559557484561173,
            0.14006034380903662,
            0.15495298959889012,
            0.1702796403929239,
            0.18605406613055336,
            0.20229554981736275,
            0.21902706984052,
            0.2362737697193649,
            0.2540616771374782,
            0.27241662913147235,
            0.2913633612758683,
            0.31092472297766666,
            0.3311209868257014,
            0.35196922625790344,
            0.37348274199625076,
            0.3956705234482665,
            0.4185367364644341,
            0.4420802334406796,
            0.4662940858039709,
            0.4911651424342065,
            0.516673620600555,
            0.5427927385282999,
            0.5694884007566674,
            0.5967189489686544,
            0.6244349919263616,
            0.6525793284732379,
            0.6810869772140227,
            0.7098853254072294,
            0.7388944077718764,
            0.7680273233209606,
            0.7971907950242959,
            0.8262858731501107,
            0.8552087786653051,
            0.8838518782607548,
            0.9121047776231758,
            0.9398555147461438,
            0.9669918306231772,
            0.9934024908579341,
            1.0189786288067182,
            1.0436150790387355,
            1.067211669306628,
            1.089674439938798,
            1.110916761585501,
            1.1308603254848968,
            1.1494359846985622,
            1.1665844298598536,
            1.1822566886123862,
            1.196414443788583,
            1.209030171170989,
            1.2200871031384934,
            1.229579029339673,
            1.2375099496169746,
            1.2438935975389798,
            1.2487528551080602,
            1.2521190803579059,
            1.254031369899769,
            1.254535777850194,
            1.2536845113763206,
            1.2515351212825472,
            1.248149703837247,
            1.2435941276277804,
            1.2379372966631546,
            1.2312504584000539,
            1.2236065629343693,
            1.215079677355835,
            1.205744457249714,
            1.1956756755784268,
            1.1849478077320061,
            1.173634670342191,
            1.1618091105730557,
            1.1495427419194684,
            1.1369057221446068,
            1.123966568727188,
            1.1107920071399977,
            1.0974468473413754,
            1.0839938840480443,
            1.070493816598744,
            1.0570051845832882,
            1.0435843157284919,
            1.0302852829755857,
            1.0171598680503342,
            1.0042575292741087,
            0.9916253717443939,
            0.97930811841613,
            0.9673480809920518,
            0.955785129876591,
            0.9446566628005401
        ],
        "imag": [
            0.12284489737384219,
            0.1521512423005534,
            0.18064890610690423,
            0.20828216157286927,
            0.23503089780356454,
            0.26090450570864054,
            0.2859346634356022,
            0.3101680665631657,
            0.3336598343726136,
            0.3564679995535147,
            0.3786492204553663,
            0.4002556686195262,
            0.42133293754103734,
            0.44191877461197093,
            0.4620424363540491,
            0.48172448908694226,
            0.5009769095745878,
            0.519803374294164,
            0.538199657016095,
            0.5561540803067189,
            0.5736479869565468,
            0.5906562126310467,
            0.6071475520587036,
            0.6230852186772842,
            0.6384273026549179,
            0.6531272352411196,
            0.6671342689847944,
            0.6803939838568962,
            0.6928488289876463,
            0.7044387087456613,
            0.7151016203728617,
            0.724774348407872,
            0.7333932187527429,
            0.7408949125041582,
            0.7472173366473636,
            0.7523005454660726,
            0.7560877031523743,
            0.7585260747223714,
            0.7595680290991345,
            0.7591720352701764,
            0.7573036299417526,
            0.7539363332638843,
            0.749052488160682,
            0.7426439987055634,
            0.7347129439356869,
            0.7252720455532585,
            0.7143449711005277,
            0.7019664583387346,
            0.6881822515588383,
            0.6730488461861676,
            0.656633044047283,
            0.6390113277390221,
            0.6202690683681027,
            0.6004995861957436,
            0.579803088172655,
            0.5582855097434382,
            0.5360572905045796,
            0.5132321142396228,
            0.48992564352351636,
            0.4662542776038142,
            0.44233395973550477,
            0.41827905680254607,
            0.39420133011354874,
            0.37020901196130873,
            0.34640599810934264,
            0.32289116203836027,
            0.29975779275860637,
            0.27709315433555115,
            0.25497816220134745,
            0.23348716878054207,
            0.21268784905152105,
            0.1926411753310594,
            0.17340146977706702,
            0.1550165228258985,
            0.13752776590365268,
            0.12097048721523627,
            0.10537408015579929,
            0.09076231482091848,
            0.07715362413227186,
            0.06456139721755266,
            0.05299427382080589,
            0.04245643463341211,
            0.032947883465813954,
            0.024464718211538283,
            0.016999388399658106,
            0.010540937957128751,
            0.005075232492419851,
            0.000585170993154242,
            -0.002949117653832301,
            -0.005550092521864739,
            -0.007242631749499594,
            -0.00805387552741686,
            -0.00801307942658386,
            -0.007151476405311929,
            -0.005502145799655105,
            -0.003099887591628324,
            1.8899722568735934e-05
        ]
    },
    "CPU_time": {
        "derivatives": 0.0705561637878418,
        "buildingVn": 6.232151985168457,
        "spliting_Vn": 0.0,