{
    "geometry1": "new_broken_cubic",
    "geometry2": "small",
    "ope": "b2p_tang_ipp",
    "lc": 0.015,
    "dimP": 2,
    "dimQ": 2,
    "N": 14,
    "f0": 1000,
    "frequencies": [
        80,
        100,
        120,
        140,
        160,
        180,
        200,
        220,
        240,
        260,
        280,
        300,
        320,
        340,
        360,
        380,
        400,
        420,
        440,
        460,
        480,
        500,
        520,
        540,
        560,
        580,
        600,
        620,
        640,
        660,
        680,
        700,
        720,
        740,
        760,
        780,
        800,
        820,
        840,
        860,
        880,
        900,
        920,
        940,
        960,
        980,
        1000,
        1020,
        1040,
        1060,
        1080,
        1100,
        1120,
        1140,
        1160,
        1180,
        1200,
        1220,
        1240,
        1260,
        1280,
        1300,
        1320,
        1340,
        1360,
        1380,
        1400,
        1420,
        1440,
        1460,
        1480,
        1500,
        1520,
        1540,
        1560,
        1580,
        1600,
        1620,
        1640,
        1660,
        1680,
        1700,
        1720,
        1740,
        1760,
        1780,
        1800,
        1820,
        1840,
        1860,
        1880,
        1900,
        1920,
        1940,
        1960,
        1980,
        2000
    ],
    "Z_center": {
        "real": [
            0.013473351115210922,
            0.020647670550291777,
            0.02907207484949339,
            0.03859103667734876,
            0.04905535429753893,
            0.06033029311377433,
            0.07230075067766632,
            0.08487356097970258,
            0.09797757901804136,
            0.11156226495262755,
            0.1255953771328087,
            0.1400602427512616,
            0.15495294143832916,
            0.17027961969407043,
            0.18605405881171985,
            0.20229554846336703,
            0.21902707076697467,
            0.2362737712323389,
            0.2540616785495561,
            0.27241663023026713,
            0.29136336205127583,
            0.3109247234900199,
            0.3311209871473628,
            0.35196922645110235,
            0.3734827421075009,
            0.39567052350977366,
            0.4185367364969724,
            0.44208023345704006,
            0.4662940858116685,
            0.491165142437512,
            0.5166736206017667,
            0.5427927385285657,
            0.5694884007564904,
            0.596718948968283,
            0.6244349919259415,
            0.6525793284728003,
            0.6810869772135655,
            0.7098853254067611,
            0.7388944077713738,
            0.7680273233204152,
            0.7971907950237108,
            0.8262858731494498,
            0.8552087786645689,
            0.8838518782599414,
            0.912104777622253,
            0.9398555147450885,
            0.9669918306219718,
            0.993402490856562,
            1.018978628805184,
            1.0436150790369776,
            1.0672116693046647,
            1.0896744399366567,
            1.1109167615830386,
            1.1308603254821268,
            1.1494359846955928,
            1.1665844298566093,
            1.1822566886091495,
            1.1964144437851556,
            1.20903017116764,
            1.2200871031352194,
            1.2295790293370548,
            1.237509949614237,
            1.2438935975370877,
            1.2487528551047296,
            1.2521190803527158,
            1.2540313698890815,
            1.2545357778268802,
            1.2536845113320378,
            1.251535121202483,
            1.2481497036982654,
            1.2435941273973867,
            1.2379372962975652,
            1.2312504578430004,
            1.223606562120602,
            1.215079676221297,
            1.205744455749299,
            1.1956756737222765,
            1.184947805643248,
            1.1736346683532268,
            1.1618091093677787,
            1.1495427427471656,
            1.1369057271221066,
            1.1239665812643211,
            1.1107920325228406,
            1.0974468935200274,
            1.0839939626775834,
            1.070493944409393,
            1.0570053851410792,
            1.0435846216864568,
            1.0302857389043758,
            1.0171605339675216,
            1.0042584849828158,
            0.9916267221050912,
            0.9793099996706482,
            0.9673506682439973,
            0.9557886458091216,
            0.9446613876486166
        ],
        "imag": [
            0.12283700550346713,
            0.15214420228085743,
            0.18064379745613826,
            0.20827916831522222,
            0.2350295673230119,
            0.26090420346859133,
            0.28593486667180806,
            0.31016844486662876,
            0.33366021739550644,
            0.35646831843801374,
            0.37864945999917055,
            0.40025583712701324,
            0.421333050647764,
            0.44191884783596097,
            0.46204248237615064,
            0.4817245172848342,
            0.5009769264593886,
            0.5198033841887527,
            0.5381996626929795,
            0.5561540834945141,
            0.5736479887066509,
            0.5906562135686916,
            0.6071475525476802,
            0.6230852189245865,
            0.6384273027756772,
            0.65312723529764,
            0.6671342690097725,
            0.6803939838671156,
            0.6928488289912443,
            0.7044387087464803,
            0.7151016203725519,
            0.7247743484071608,
            0.733393218751869,
            0.7408949125031948,
            0.747217336646345,
            0.7523005454650166,
            0.7560877031512446,
            0.7585260747211934,
            0.75956802909787,
            0.7591720352688255,
            0.7573036299402993,
            0.7539363332623265,
            0.7490524881590355,
            0.7426439987037979,
            0.7347129439337906,
            0.7252720455512544,
            0.7143449710983896,
            0.7019664583364514,
            0.6881822515564107,
            0.673048846183599,
            0.6566330440444698,
            0.6390113277360785,
            0.6202690683649044,
            0.6004995861922913,
            0.5798030881688947,
            0.5582855097390684,
            0.5360572904998506,
            0.5132321142342093,
            0.4899256435174231,
            0.4662542775971108,
            0.4423339597281561,
            0.4182790567943114,
            0.3942013301051222,
            0.37020901195381767,
            0.3464059981029153,
            0.32289116203521473,
            0.2997577927624928,
            0.27709315435512466,
            0.25497816225258646,
            0.23348716889325202,
            0.2126878492799736,
            0.19264117576751416,
            0.1734014705744876,
            0.15501652423153425,
            0.13752776830418895,
            0.12097049119931329,
            0.10537408660002053,
            0.09076232500025694,
            0.0771536398614919,
            0.06456142103011572,
            0.05299430918955438,
            0.04245648622717289,
            0.03294795745723675,
            0.024464822619046502,
            0.01699953346311642,
            0.010541136530525123,
            0.0050755004238180485,
            0.000585527456282532,
            -0.0029486499376255447,
            -0.005549487249906877,
            -0.007241859308617901,
            -0.008052903719018392,
            -0.008011874840505587,
            -0.0071500067070192925,
            -0.0055003832523176765,
            -0.003097814213087325,
            2.1284871844092948e-05
        ]
    },
    "CPU_time": {
        "derivatives": 0.06983089447021484,
        "buildingVn": 3.120788812637329,
        "spliting_Vn": 0.0,