{
    "geometry1": "spherical",
    "geometry2": "large",
    "ope": "b2p_tang_ipp",
    "lc": 0.015,
    "dimP": 2,
    "dimQ": 2,
    "N": 6,
    "f0": 1000,
    "frequencies": [
        80,
        100,
        120,
        140,
        160,
        180,
        200,
        220,
        240,
        260,
        280,
        300,
        320,
        340,
        360,
        380,
        400,
        420,
        440,
        460,
        480,
        500,
        520,
        540,
        560,
        580,
        600,
        620,
        640,
        660,
        680,
        700,
        720,
        740,
        760,
        780,
        800,
        820,
        840,
        860,
        880,
        900,
        920,
        940,
        960,
        980,
        1000,
        1020,
        1040,
        1060,
        1080,
        1100,
        1120,
        1140,
        1160,
        1180,
        1200,
        1220,
        1240,
        1260,
        1280,
        1300,
        1320,
        1340,
        1360,
        1380,
        1400,
        1420,
        1440,
        1460,
        1480,
        1500,
        1520,
        1540,
        1560,
        1580,
        1600,
        1620,
        1640,
        1660,
        1680,
        1700,
        1720,
        1740,
        1760,
        1780,
        1800,
        1820,
        1840,
        1860,
        1880,
        1900,
        1920,
        1940,
        1960,
        1980,
        2000
    ],
    "Z_center": {
        "real": [
            0.006159319513289176,
            0.009239590922776547,
            0.013056339867691412,
            0.017713469688104912,
            0.023340489736171168,
            0.030091601912586835,
            0.038143143496531536,
            0.04768847793758278,
            0.058929284707061144,
            0.07206229701005148,
            0.0872610254375673,
            0.10465303489291672,
            0.12429493957101341,
            0.14614919409982471,
            0.1700683382506642,
            0.19579263727607657,
            0.22296520233622494,
            0.2511646040470868,
            0.27994986896134794,
            0.3089086761893877,
            0.33769847743119186,
            0.36607268028281975,
            0.3938887495179465,
            0.4210999555243793,
            0.44773575492828355,
            0.4738767969909038,
            0.49962975500410833,
            0.5251055047822535,
            0.5504024339211552,
            0.5755953236244498,
            0.6007294118022466,
            0.6258188315698159,
            0.6508484702135938,
            0.6757782788126735,
            0.7005491029116858,
            0.7250891699858091,
            0.7493204612840829,
            0.7731643263222646,
            0.7965458749410423,
            0.8193968973750516,
            0.8416572947362747,
            0.8632752179565047,
            0.8842062779613696,
            0.9044122757140471,
            0.9238598926225293,
            0.9425196802553407,
            0.9603655100147679,
            0.9773744198808433,
            0.9935265710775877,
            1.0088048577003932,
            1.0231936595501985,
            1.036676357926736,
            1.0492316074597485,
            1.0608290228260913,
            1.0714259186972637,
            1.0809680038534308,
            1.0893983552016315,
            1.0966803298896124,
            1.1028409176549558,
            1.1080409721676296,
            1.1126777268501138,
            1.1175240351201654,
            1.1239110982963827,
            1.1339738081297817,
            1.1510127634528529,
            1.180109580271879,
            1.2293236103432867,
            1.3122772794960929,
            1.4542809937094463,
            1.708301534243907,
            2.1987569455124802,
            3.1603178908951377,
            2.745028841126568,
            -0.4251463152844865,
            -0.6684249414545159,
            -0.5097701946113149,
            -0.37361370010763856,
            -0.27719380903365337,
            -0.20892202097361118,
            -0.15931215167752635,
            -0.12220811402307907,
            -0.09368313981239762,
            -0.07118211737854346,
            -0.05299629749635909,
            -0.037950755121766294,
            -0.025215829430246584,
            -0.014190474742723965,
            -0.004428089876317463,
            0.004411951547394056,
            0.012596847580759062,
            0.020342842765862856,
            0.02783123336608565,
            0.03522018828821603,
            0.04265388671339416,
            0.05027000302350419,
            0.058206291713638475,
            0.0666068724405909
        ],
        "imag": [
            0.11058778157545339,
            0.13854934101824523,
            0.16680218155772333,
            0.19541029795676865,
            0.22441885405238932,
            0.25384737401160984,
            0.28368168542221833,
            0.3138648306324534,
            0.34428765844973985,
            0.3747804842736348,
            0.4051079765075029,
            0.4349700736831332,
            0.46401188201979404,
            0.4918446776861558,
            0.5180780083729081,
            0.5423596125848801,
            0.5644163792633395,
            0.5840874155270168,
            0.601340935426344,
            0.6162704689981333,
            0.6290715285369795,
            0.6400050121977143,
            0.6493562351831322,
            0.657397941442926,
            0.66436285371026,
            0.6704278424592578,
            0.6757089477984873,
            0.6802648537489058,
            0.6841059179629267,
            0.6872061054345988,
            0.6895157447562993,
            0.6909736333178801,
            0.6915175292081146,
            0.6910924573611968,
            0.6896565540904273,
            0.6871844164576819,
            0.6836681361534325,
            0.679116385458107,
            0.6735520713973779,
            0.6670091615606932,
            0.6595292929713251,
            0.6511586980547522,
            0.6419458297552729,
            0.6319398671259385,
            0.6211900697674871,
            0.6097457651745565,
            0.597656636621401,
            0.5849729633428479,
            0.5717455711774125,
            0.5580254871179432,
            0.5438636423097486,
            0.5293113976510692,
            0.5144231081044462,
            0.499262296179907,
            0.48391313331172375,
            0.4684986521995231,
            0.45320623225413287,
            0.43831924597198374,
            0.42425131788365855,
            0.4115767774026624,
            0.4010484654204788,
            0.39359343034493127,
            0.3902793805132815,
            0.392249513585235,
            0.4006258263688173,
            0.41636771055997984,
            0.4400060391057218,
            0.4709239299032471,
            0.5048648793542275,
            0.5236387024184916,
            0.44246489069332695,
            -0.23542129796127187,
            -3.1759521530541623,
            -2.460927817559167,
            -1.0611481280468777,
            -0.4627987707772914,
            -0.1522929285620996,
            0.04319290689750868,
            0.18439647779891316,
            0.29673071926899386,
            0.3924299639590016,
            0.47805968911868246,
            0.5574657623977883,
            0.6330759238248124,
            0.7065298796791687,
            0.7790082840940651,
            0.8514158515727187,
            0.9244892737709247,
            0.9988644070643038,
            1.075120565634166,
            1.1538116552041713,
            1.2354897459981669,
            1.3207244942381535,
            1.4101206411926412,
            1.5043351915314962,
            1.604095571105105,
            1.7102199756561638
        ]
    },
    "CPU_time": {
        "derivatives": 0.09770798683166504,
        "buildingVn": 8.714550971984863,
        "spliting_Vn": 0.0,