{
    "geometry1": "spherical",
    "geometry2": "small",
    "ope": "b2p_tang_ipp",
    "lc": 0.015,
    "dimP": 2,
    "dimQ": 2,
    "N": 77,
    "f0": 1000,
    "frequencies": [
        80,
        100,
        120,
        140,
        160,
        180,
        200,
        220,
        240,
        260,
        280,
        300,
        320,
        340,
        360,
        380,
        400,
        420,
        440,
        460,
        480,
        500,
        520,
        540,
        560,
        580,
        600,
        620,
        640,
        660,
        680,
        700,
        720,
        740,
        760,
        780,
        800,
        820,
        840,
        860,
        880,
        900,
        920,
        940,
        960,
        980,
        1000,
        1020,
        1040,
        1060,
        1080,
        1100,
        1120,
        1140,
        1160,
        1180,
        1200,
        1220,
        1240,
        1260,
        1280,
        1300,
        1320,
        1340,
        1360,
        1380,
        1400,
        1420,
        1440,
        1460,
        1480,
        1500,
        1520,
        1540,
        1560,
        1580,
        1600,
        1620,
        1640,
        1660,
        1680,
        1700,
        1720,
        1740,
        1760,
        1780,
        1800,
        1820,
        1840,
        1860,
        1880,
        1900,
        1920,
        1940,
        1960,
        1980,
        2000
    ],
    "Z_center": {
        "real": [
            0.010567675326451606,
            0.016478671660798312,
            0.023670786823653745,
            0.03212474620213977,
            0.04181793895057065,
            0.05272450020409253,
            0.06481540456262974,
            0.07805857032710638,
            0.09241897393417349,
            0.10785877400375186,
            0.12433744438541752,
            0.14181191556315695,
            0.1602367237544073,
            0.17956416701831102,
            0.19974446767000423,
            0.2207259402834674,
            0.24245516455545538,
            0.26487716229711605,
            0.28793557781933576,
            0.3115728609809125,
            0.3357304521777539,
            0.3603489685629271,
            0.3853683908047791,
            0.4107282497098186,
            0.43636781206020225,
            0.46222626504150804,
            0.48824289866400833,
            0.5143572856099903,
            0.540509457969891,
            0.5666400803614097,
            0.5926906189565487,
            0.6186035059732448,
            0.6443222992182449,
            0.66979183629868,
            0.6949583831478376,
            0.719769776538948,
            0.7441755602866694,
            0.7681271148612737,
            0.7915777801629621,
            0.8144829712262668,
            0.8368002866435694,
            0.8584896095161356,
            0.8795132007570221,
            0.8998357845868004,
            0.9194246260765894,
            0.9382496006066365,
            0.9562832551211908,
            0.9735008610718937,
            0.9898804589538107,
            1.0054028943490718,
            1.0200518454045038,
            1.0338138416813611,
            1.0466782743271092,
            1.0586373975324432,
            1.0696863212500953,
            1.0798229951677754,
            1.0890481839429156,
            1.0973654337259402,
            1.1047810300172214,
            1.1113039469248407,
            1.116945787913117,
            1.121720718156401,
            1.1256453886389577,
            1.1287388521722146,
            1.1310224715266561,
            1.1325198199114361,
            1.133256574064982,
            1.1332604002547115,
            1.1325608335191253,
            1.131189150521149,
            1.1291782364168907,
            1.126562446181502,
            1.1233774608675473,
            1.1196601393084538,
            1.1154483658112546,
            1.110780894417454,
            1.105697190340257,
            1.1002372692141313,
            1.0944415348204903,
            1.0883506159734837,
            1.082005203270894,
            1.0754458864298746,
            1.0687129929384076,
            1.0618464287621983,
            1.0548855218464168,
            1.0478688691532865,
            1.0408341879648726,
            1.0338181721733215,
            1.0268563542586877,
            1.0199829736356323,
            1.0132308520213498,
            1.0066312764438279,
            1.000213890473947,
            0.9940065942220283,
            0.9880354535919773,
            0.9823246192381697,
            0.9768962556117092
        ],
        "imag": [
            0.12281163150418563,
            0.15302421653295004,
            0.18291219578174542,
            0.21241291065347845,
            0.2414649196400732,
            0.27000818728803655,
            0.2979842670602992,
            0.32533647740484456,
            0.35201007039059273,
            0.3779523923198157,
            0.4031130357746803,
            0.42744398260328564,
            0.4508997373999511,
            0.47343745108396,
            0.49501703423267407,
            0.5156012598773555,
            0.5351558555238468,
            0.5536495842139719,
            0.5710543144979945,
            0.5873450792408929,
            0.6025001232377282,
            0.6165009396626359,
            0.6293322954236215,
            0.6409822455396651,
            0.6514421366981067,
            0.6607066001881936,
            0.6687735344410389,
            0.6756440774370418,
            0.6813225692693475,
            0.685816505175313,
            0.6891364793684109,
            0.6912961200202579,
            0.6923120157563308,
            0.6922036340403316,
            0.6909932318309977,
            0.6887057589014346,
            0.6853687542157957,
            0.6810122357611664,
            0.6756685842335063,
            0.6693724209778087,
            0.662160480581516,
            0.6540714785202387,
            0.6451459742531666,
            0.635426230165364,
            0.6249560667528157,
            0.6137807144460505,
            0.6019466624686645,
            0.5895015051278217,
            0.576493785935738,
            0.562972839964095,
            0.5489886348365662,
            0.5345916107695603,
            0.5198325200762345,
            0.5047622665549983,
            0.48943174519080035,
            0.47389168260408554,
            0.458192478690052,
            0.4423840498988644,
            0.4265156746140207,
            0.4106358410941896,
            0.39479209844906815,
            0.3790309111271215,
            0.363397517394835,
            0.34793579229338856,
            0.33268811555521355,
            0.3176952449668486,
            0.3029961956572676,
            0.2886281257869219,
            0.27462622910363005,
            0.26102363481908425,
            0.24785131524597576,
            0.23513800161664403,
            0.222910108481736,
            0.2111916670643264,
            0.20000426791331152,
            0.18936701316987212,
            0.1792964787231764,
            0.16980668649351993,
            0.16090908703810528,
            0.15261255262851944,
            0.1449233809024116,
            0.137845309138744,
            0.13137953915550343,
            0.12552477277120727,
            0.12027725771893279,
            0.11563084383941548,
            0.11157704932771426,
            0.1081051367453813,
            0.10520219845459537,
            0.10285325107502187,
            0.10104133850698907,
            0.09974764301316219,
            0.09895160379922523,
            0.09863104248570428,
            0.0987622948200914,
            0.09932034793620186,
            0.10027898243148275
        ]
    },
    "CPU_time": {
        "derivatives": 0.0037691593170166016,
        "buildingVn": 0.12387299537658691,
        "spliting_Vn": 0.0,
        "solvingMOR": 0.05397295951843262,