{
    "geometry1": "spherical",
    "geometry2": "small",
    "ope": "b2p_tang_ipp",
    "lc": 0.015,
    "dimP": 2,
    "dimQ": 2,
    "N": 71,
    "f0": 1000,
    "frequencies": [
        80,
        100,
        120,
        140,
        160,
        180,
        200,
        220,
        240,
        260,
        280,
        300,
        320,
        340,
        360,
        380,
        400,
        420,
        440,
        460,
        480,
        500,
        520,
        540,
        560,
        580,
        600,
        620,
        640,
        660,
        680,
        700,
        720,
        740,
        760,
        780,
        800,
        820,
        840,
        860,
        880,
        900,
        920,
        940,
        960,
        980,
        1000,
        1020,
        1040,
        1060,
        1080,
        1100,
        1120,
        1140,
        1160,
        1180,
        1200,
        1220,
        1240,
        1260,
        1280,
        1300,
        1320,
        1340,
        1360,
        1380,
        1400,
        1420,
        1440,
        1460,
        1480,
        1500,
        1520,
        1540,
        1560,
        1580,
        1600,
        1620,
        1640,
        1660,
        1680,
        1700,
        1720,
        1740,
        1760,
        1780,
        1800,
        1820,
        1840,
        1860,
        1880,
        1900,
        1920,
        1940,
        1960,
        1980,
        2000
    ],
    "Z_center": {
        "real": [
            0.010567675326435523,
            0.016478671660775386,
            0.023670786823619814,
            0.03212474620209281,
            0.041817938950519995,
            0.05272450020402809,
            0.06481540456254534,
            0.07805857032700604,
            0.09241897393404815,
            0.10785877400360881,
            0.12433744438526635,
            0.14181191556298903,
            0.16023672375421114,
            0.17956416701809283,
            0.19974446766977733,
            0.22072594028322767,
            0.2424551645551962,
            0.2648771622968467,
            0.2879355778190477,
            0.31157286098061276,
            0.3357304521774564,
            0.36034896856260756,
            0.3853683908044387,
            0.41072824970945665,
            0.4363678120598342,
            0.4622262650411426,
            0.488242898663622,
            0.5143572856095877,
            0.5405094579694234,
            0.5666400803609157,
            0.5926906189560475,
            0.6186035059727315,
            0.644322299217684,
            0.6697918362981343,
            0.6949583831472521,
            0.7197697765383997,
            0.7441755602861799,
            0.7681271148608684,
            0.7915777801627076,
            0.8144829712261461,
            0.8368002866435795,
            0.8584896095162147,
            0.879513200757144,
            0.8998357845869581,
            0.9194246260767427,
            0.9382496006067974,
            0.9562832551213437,
            0.9735008610720337,
            0.9898804589539507,
            1.0054028943492055,
            1.0200518454046361,
            1.0338138416814908,
            1.0466782743272358,
            1.058637397532536,
            1.0696863212502064,
            1.0798229951678708,
            1.0890481839430106,
            1.0973654337260317,
            1.1047810300172964,
            1.1113039469249175,
            1.1169457879132159,
            1.1217207181564315,
            1.1256453886390438,
            1.1287388521723074,
            1.1310224715267456,
            1.1325198199115327,
            1.1332565740651017,
            1.133260400254827,
            1.1325608335192494,
            1.1311891505212825,
            1.129178236417054,
            1.1265624461816641,
            1.1233774608677436,
            1.119660139308659,
            1.1154483658114007,
            1.1107808944177286,
            1.1056971903405313,
            1.1002372692144355,
            1.0944415348208694,
            1.0883506159738894,
            1.0820052032713476,
            1.0754458864303114,
            1.068712992938892,
            1.0618464287626803,
            1.0548855218470763,
            1.04786886915388,
            1.0408341879654717,
            1.0338181721740423,
            1.0268563542594036,
            1.0199829736363857,
            1.0132308520221518,
            1.0066312764446879,
            1.0002138904747706,
            0.9940065942229319,
            0.9880354535928808,
            0.9823246192390052,
            0.9768962556126247
        ],
        "imag": [
            0.12281163150414902,
            0.15302421653290782,
            0.18291219578168547,
            0.21241291065340756,
            0.24146491963999342,
            0.2700081872879461,
            0.29798426706019965,
            0.32533647740473803,
            0.35201007039047344,
            0.3779523923197001,
            0.40311303577456,
            0.4274439826031598,
            0.45089973739984124,
            0.47343745108386004,
            0.49501703423257426,
            0.5156012598772644,
            0.5351558555237436,
            0.5536495842138666,
            0.5710543144979043,
            0.5873450792408235,
            0.6025001232376506,
            0.6165009396625633,
            0.6293322954235513,
            0.6409822455396015,
            0.651442136698064,
            0.6607066001881086,
            0.6687735344409803,
            0.6756440774369566,
            0.6813225692692678,
            0.6858165051751961,
            0.6891364793682813,
            0.6912961200200789,
            0.6923120157560921,
            0.6922036340400493,
            0.6909932318306399,
            0.6887057589009674,
            0.685368754215232,
            0.6810122357604983,
            0.6756685842328063,
            0.6693724209771239,
            0.6621604805809028,
            0.6540714785196974,
            0.6451459742527195,
            0.6354262301649967,
            0.6249560667525078,
            0.6137807144457932,
            0.6019466624684728,
            0.5895015051276632,
            0.5764937859356167,
            0.5629728399639883,
            0.5489886348364883,
            0.5345916107695188,
            0.5198325200761942,
            0.50476226655499,
            0.48943174519083144,
            0.4738916826041072,
            0.458192478690095,
            0.44238404989892,
            0.42651567461412576,
            0.4106358410942677,
            0.39479209844916613,
            0.3790309111271859,
            0.36339751739498366,
            0.3479357922935609,
            0.3326881155553844,
            0.31769524496702656,
            0.30299619565745767,
            0.28862812578714786,
            0.2746262291038507,
            0.2610236348193233,
            0.24785131524625717,
            0.2351380016169126,
            0.2229101084820157,
            0.21119166706462061,
            0.20000426791366654,
            0.18936701317020144,
            0.17929647872350857,
            0.16980668649388694,
            0.1609090870383882,
            0.15261255262882578,
            0.14492338090276705,
            0.13784530913909554,
            0.13137953915581427,
            0.12552477277157523,
            0.12027725771922561,
            0.11563084383963394,
            0.11157704932796826,
            0.10810513674554187,
            0.10520219845476887,
            0.10285325107512498,
            0.10104133850711727,
            0.09974764301326704,
            0.09895160379925189,
            0.09863104248565994,
            0.0987622948199844,
            0.09932034793598073,
            0.10027898243132358
        ]
    },
    "CPU_time": {
        "derivatives": 0.0039157867431640625,
        "buildingVn": 0.11965417861938477,
        "spliting_Vn": 0.0,