{
    "geometry1": "spherical",
    "geometry2": "large",
    "ope": "b2p_tang_ipp",
    "lc": 0.015,
    "dimP": 2,
    "dimQ": 2,
    "N": 21,
    "f0": 1000,
    "frequencies": [
        80,
        100,
        120,
        140,
        160,
        180,
        200,
        220,
        240,
        260,
        280,
        300,
        320,
        340,
        360,
        380,
        400,
        420,
        440,
        460,
        480,
        500,
        520,
        540,
        560,
        580,
        600,
        620,
        640,
        660,
        680,
        700,
        720,
        740,
        760,
        780,
        800,
        820,
        840,
        860,
        880,
        900,
        920,
        940,
        960,
        980,
        1000,
        1020,
        1040,
        1060,
        1080,
        1100,
        1120,
        1140,
        1160,
        1180,
        1200,
        1220,
        1240,
        1260,
        1280,
        1300,
        1320,
        1340,
        1360,
        1380,
        1400,
        1420,
        1440,
        1460,
        1480,
        1500,
        1520,
        1540,
        1560,
        1580,
        1600,
        1620,
        1640,
        1660,
        1680,
        1700,
        1720,
        1740,
        1760,
        1780,
        1800,
        1820,
        1840,
        1860,
        1880,
        1900,
        1920,
        1940,
        1960,
        1980,
        2000
    ],
    "Z_center": {
        "real": [
            0.010654644952660134,
            0.016613518718910186,
            0.023863293057446593,
            0.032384361173626294,
            0.04215385080638963,
            0.05314573733163124,
            0.0653309527705692,
            0.07867748699063146,
            0.09315047944678491,
            0.10871230207661094,
            0.12532263617206776,
            0.14293854794864966,
            0.161514568893402,
            0.18100278762698377,
            0.20135295986521004,
            0.2225126421004972,
            0.24442735291994594,
            0.26704076359413104,
            0.2902949169381495,
            0.31413047074173717,
            0.3384869595874586,
            0.3633030669143175,
            0.38851689798585826,
            0.41406624416124255,
            0.4398888296209041,
            0.4659225334255354,
            0.4921055823291246,
            0.5183767128542754,
            0.5446753044189148,
            0.5709414883858442,
            0.5971162404095296,
            0.6231414650661347,
            0.648960082274613,
            0.6745161243944209,
            0.6997548512131876,
            0.7246228875361092,
            0.7490683850684279,
            0.7730412070926193,
            0.7964931314263161,
            0.8193780646073899,
            0.841652258420256,
            0.8632745189063231,
            0.8842063979617995,
            0.9044123585024053,
            0.9238599058757483,
            0.9425196805637878,
            0.9603655100147404,
            0.9773744204078841,
            0.9935266119955988,
            1.008805404103639,
            1.0231971576599383,
            1.0366911840910282,
            1.0492796494925434,
            1.0609574821682959,
            1.0717222900642076,
            1.0815742925045482,
            1.0905162682271103,
            1.0985535192874745,
            1.1056938482176664,
            1.1119475440885958,
            1.1173273719756742,
            1.1218485598163477,
            1.1255287767572413,
            1.128388097726595,
            1.1304489500054888,
            1.1317360388531046,
            1.1322762506146808,
            1.1320985330712618,
            1.131233753982069,
            1.1297145397614359,
            1.1275750970213048,
            1.1248510202983253,
            1.1215790896835218,
            1.1177970622161448,
            1.113543460636066,
            1.108857362180015,
            1.1037781883622757,
            1.0983454941594806,
            1.092598752308435,
            1.086577126856312,
            1.0803192318766324,
            1.073862879309672,
            1.0672448375681554,
            1.0605006530850594,
            1.0536646324214836,
            1.0467701415561206,
            1.0398504409627627,
            1.0329403058314663,
            1.0260785906350685,
            1.0193114862053,
            1.0126951341951957,
            1.0062941828069356,
            1.0001704305535781,
            0.9943565894294639,
            0.9888213268092807,
            0.9834525303588174,
            0.9780904281982383
        ],
        "imag": [
            0.12329830816412621,
            0.15362677850352435,
            0.18362716521081013,
            0.21323641876273028,
            0.24239279075285206,
            0.27103598375602717,
            0.29910728456604757,
            0.32654968586725913,
            0.35330800231616405,
            0.3793289871769591,
            0.40456145504452173,
            0.4289564148557537,
            0.4524672154723575,
            0.47504970381837763,
            0.4966623931240055,
            0.5172666365337488,
            0.5368267994461955,
            0.5553104226940306,
            0.5726883682163733,
            0.5889349393109726,
            0.6040279688762937,
            0.6179488711601349,
            0.6306826552244589,
            0.6422179013397338,
            0.6525467045082451,
            0.6616645919378725,
            0.6695704232232936,
            0.6762662829834393,
            0.6817573756014341,
            0.6860519304986661,
            0.6891611241747299,
            0.6910990223186823,
            0.6918825420003322,
            0.6915314306853603,
            0.6900682559734298,
            0.6875183978538543,
            0.6839100341266034,
            0.67927410953348,
            0.6736442800606725,
            0.6670568256733049,
            0.6595505272172967,
            0.651166506116409,
            0.6419480285200816,
            0.6319402784384522,
            0.6211901068697884,
            0.609745765755654,
            0.5976566366213576,
            0.5849729638763603,
            0.5717456019536351,
            0.5580257838419838,
            0.543864916284769,
            0.5293144042275285,
            0.5144255042866417,
            0.4992492043812512,
            0.48383612449284474,
            0.4682364319998142,
            0.45249976429947975,
            0.43667515150188224,
            0.42081093278630016,
            0.4049546614046893,
            0.3891529950964531,
            0.373451570621395,
            0.35789486301357143,
            0.34252603182439,
            0.3273867579342986,
            0.31251707539640194,
            0.2979552032233261,
            0.2837373820717125,
            0.2698977204997675,
            0.256468054946542,
            0.24347782690173614,
            0.23095397993169703,
            0.21892087831540286,
            0.207400247986069,
            0.1964111393002515,
            0.18596991003046454,
            0.17609022633301188,
            0.16678307999812572,
            0.15805682293948373,
            0.1499172254003854,
            0.14236757289907426,
            0.13540882749208408,
            0.12903988857890447,
            0.1232579915711549,
            0.11805926963843065,
            0.11343945846409353,
            0.10939462092908699,
            0.10592157003573854,
            0.1030173322462682,
            0.10067652500082987,
            0.09888514514677885,
            0.09760980113231457,
            0.09678464541837074,
            0.09630569914660338,
            0.09604965548677032,
            0.09592598269869762,
            0.09593724069029119
        ]
    },
    "CPU_time": {
        "derivatives": 0.09572029113769531,
        "buildingVn": 9.957542896270752,
        "spliting_Vn": 0.0,
        "solvingMOR": 0.09249377250671387,