{
    "geometry1": "spherical",
    "geometry2": "large",
    "ope": "b2p_tang_ipp",
    "lc": 0.015,
    "dimP": 2,
    "dimQ": 2,
    "N": 41,
    "f0": 1000,
    "frequencies": [
        80,
        100,
        120,
        140,
        160,
        180,
        200,
        220,
        240,
        260,
        280,
        300,
        320,
        340,
        360,
        380,
        400,
        420,
        440,
        460,
        480,
        500,
        520,
        540,
        560,
        580,
        600,
        620,
        640,
        660,
        680,
        700,
        720,
        740,
        760,
        780,
        800,
        820,
        840,
        860,
        880,
        900,
        920,
        940,
        960,
        980,
        1000,
        1020,
        1040,
        1060,
        1080,
        1100,
        1120,
        1140,
        1160,
        1180,
        1200,
        1220,
        1240,
        1260,
        1280,
        1300,
        1320,
        1340,
        1360,
        1380,
        1400,
        1420,
        1440,
        1460,
        1480,
        1500,
        1520,
        1540,
        1560,
        1580,
        1600,
        1620,
        1640,
        1660,
        1680,
        1700,
        1720,
        1740,
        1760,
        1780,
        1800,
        1820,
        1840,
        1860,
        1880,
        1900,
        1920,
        1940,
        1960,
        1980,
        2000
    ],
    "Z_center": {
        "real": [
            0.010654643351337027,
            0.01661351864939162,
            0.02386329442451816,
            0.032384363665187196,
            0.04215385398371145,
            0.0531457407232076,
            0.06533095595890785,
            0.07867748967535924,
            0.09315048147285708,
            0.10871230342695944,
            0.12532263693372472,
            0.1429385482664961,
            0.16151456892553362,
            0.1810027875115559,
            0.2013529597028357,
            0.22251264195102882,
            0.2444273528091987,
            0.26704076352512135,
            0.2902949169022832,
            0.314130470727227,
            0.3384869595841553,
            0.3633030669154672,
            0.38851689798789446,
            0.4140662441627993,
            0.43988882962176723,
            0.4659225334259,
            0.492105582329231,
            0.5183767128542862,
            0.5446753044189049,
            0.57094148838583,
            0.5971162404095123,
            0.623141465066124,
            0.6489600822746033,
            0.6745161243944134,
            0.6997548512131746,
            0.7246228875360938,
            0.7490683850684386,
            0.773041207092639,
            0.7964931314263188,
            0.819378064607404,
            0.8416522584202701,
            0.8632745189063351,
            0.8842063979618078,
            0.9044123585024088,
            0.9238599058757493,
            0.9425196805637843,
            0.9603655100147316,
            0.9773744204078697,
            0.9935266119955813,
            1.008805404103621,
            1.0231971576599208,
            1.0366911840910105,
            1.0492796494925276,
            1.0609574821682861,
            1.0717222900642074,
            1.0815742925045553,
            1.0905162682271259,
            1.098553519287505,
            1.1056938482177032,
            1.1119475440886468,
            1.1173273719757053,
            1.121848559816324,
            1.1255287767568076,
            1.1283880977247567,
            1.1304489500002841,
            1.1317360388431037,
            1.1322762506093773,
            1.1320985331251041,
            1.1312337542733013,
            1.1297145407244902,
            1.127575099464429,
            1.1248510252511863,
            1.121579097387512,
            1.117797069276679,
            1.1135434541995206,
            1.1088573106674133,
            1.1037780306276386,
            1.0983451337583177,
            1.0925980710899235,
            1.0865760412065084,
            1.0803178222420509,
            1.073861622711779,
            1.0672449538174982,
            1.060504525152396,
            1.0536761646822668,
            1.046794762483762,
            1.039894236096388,
            1.0330075135645809,
            1.0261665285698003,
            1.0194022206205806,
            1.0127445323425397,
            1.0062223956240637,
            0.999863698843226,
            0.9936952286131373,
            0.9877425813804774,
            0.9820300427348247,
            0.9765804354317481
        ],
        "imag": [
            0.12329831529189092,
            0.1536267855126112,
            0.18362717150150662,
            0.21323642390374395,
            0.2423927945118498,
            0.271035986107179,
            0.2991072856642468,
            0.32654968599239936,
            0.35330800180213673,
            0.37932898634389467,
            0.4045614541492577,
            0.42895641406778845,
            0.45246721487419833,
            0.47504970342324454,
            0.49666239290141795,
            0.5172666364344773,
            0.5368267994210234,
            0.5553104227043243,
            0.5726883682373332,
            0.5889349393300031,
            0.6040279688891894,
            0.6179488711671806,
            0.6306826552275265,
            0.6422179013406827,
            0.6525467045083266,
            0.6616645919377262,
            0.6695704232231618,
            0.6762662829833662,
            0.681757375601406,
            0.6860519304986544,
            0.6891611241747261,
            0.6910990223186844,
            0.6918825420003281,
            0.691531430685374,
            0.6900682559734233,
            0.6875183978538428,
            0.683910034126602,
            0.6792741095334759,
            0.6736442800606777,
            0.6670568256733064,
            0.6595505272172952,
            0.651166506116407,
            0.6419480285200685,
            0.6319402784384441,
            0.6211901068697784,
            0.6097457657556429,
            0.5976566366213465,
            0.5849729638763522,
            0.571745601953631,
            0.5580257838419865,
            0.5438649162847768,
            0.5293144042275468,
            0.5144255042866639,
            0.4992492043812773,
            0.483836124492888,
            0.468236431999852,
            0.4524997642995158,
            0.4366751515019193,
            0.4208109327863246,
            0.4049546614047012,
            0.38915299509642987,
            0.373451570621279,
            0.3578948630133925,
            0.3425260318246617,
            0.3273867579377932,
            0.31251707541339213,
            0.29795520328079095,
            0.2837373822215281,
            0.26989772079600116,
            0.2564680553164464,
            0.24347782676547303,
            0.2309539773966451,
            0.21892086889513068,
            0.20740022329761343,
            0.1964110872805142,
            0.1859698199509398,
            0.17609010386594842,
            0.1667829786403768,
            0.15805689609853918,
            0.14991779543718872,
            0.1423691962529355,
            0.1354123065288212,
            0.12904614183722105,
            0.1232676511538054,
            0.11807184394127429,
            0.11345191268416693,
            0.10939934497994418,
            0.10590401974526868,
            0.1029542831288197,
            0.1005370013409134,
            0.09863758971531539,
            0.09724001975143715,
            0.09632680841193625,
            0.09587899635513121,
            0.09587612386253556,
            0.09629621486903653,
            0.09711578055517342
        ]
    },
    "CPU_time": {
        "derivatives": 0.09499096870422363,
        "buildingVn": 11.633014917373657,
        "spliting_Vn": 0.0,
        "solvingMOR": 0.16180706024169922,