{
    "geometry1": "spherical",
    "geometry2": "small",
    "ope": "b2p_tang_ipp",
    "lc": 0.015,
    "dimP": 2,
    "dimQ": 2,
    "N": 40,
    "f0": 1000,
    "frequencies": [
        80,
        100,
        120,
        140,
        160,
        180,
        200,
        220,
        240,
        260,
        280,
        300,
        320,
        340,
        360,
        380,
        400,
        420,
        440,
        460,
        480,
        500,
        520,
        540,
        560,
        580,
        600,
        620,
        640,
        660,
        680,
        700,
        720,
        740,
        760,
        780,
        800,
        820,
        840,
        860,
        880,
        900,
        920,
        940,
        960,
        980,
        1000,
        1020,
        1040,
        1060,
        1080,
        1100,
        1120,
        1140,
        1160,
        1180,
        1200,
        1220,
        1240,
        1260,
        1280,
        1300,
        1320,
        1340,
        1360,
        1380,
        1400,
        1420,
        1440,
        1460,
        1480,
        1500,
        1520,
        1540,
        1560,
        1580,
        1600,
        1620,
        1640,
        1660,
        1680,
        1700,
        1720,
        1740,
        1760,
        1780,
        1800,
        1820,
        1840,
        1860,
        1880,
        1900,
        1920,
        1940,
        1960,
        1980,
        2000
    ],
    "Z_center": {
        "real": [
            0.01056767532643803,
            0.01647867166078154,
            0.02367078682362787,
            0.03212474620210506,
            0.04181793895052762,
            0.05272450020403834,
            0.06481540456256431,
            0.07805857032702657,
            0.09241897393407797,
            0.10785877400364652,
            0.12433744438532693,
            0.14181191556306158,
            0.16023672375431394,
            0.17956416701820244,
            0.1997444676698792,
            0.220725940283326,
            0.24245516455528282,
            0.2648771622969226,
            0.28793557781911683,
            0.3115728609806858,
            0.3357304521775088,
            0.3603489685626538,
            0.3853683908044983,
            0.4107282497095137,
            0.4363678120598866,
            0.46222626504116426,
            0.48824289866363574,
            0.5143572856095953,
            0.5405094579694638,
            0.566640080360946,
            0.5926906189560688,
            0.618603505972738,
            0.6443222992176942,
            0.6697918362981119,
            0.6949583831472819,
            0.7197697765383732,
            0.744175560286174,
            0.7681271148608741,
            0.7915777801627119,
            0.8144829712261564,
            0.8368002866435816,
            0.8584896095162264,
            0.8795132007571503,
            0.8998357845869428,
            0.9194246260767375,
            0.9382496006067897,
            0.9562832551213302,
            0.9735008610720222,
            0.9898804589539506,
            1.0054028943491873,
            1.0200518454046177,
            1.0338138416814615,
            1.0466782743272112,
            1.0586373975325303,
            1.069686321250185,
            1.079822995167861,
            1.089048183942996,
            1.097365433726015,
            1.104781030017294,
            1.1113039469249029,
            1.1169457879132232,
            1.1217207181564222,
            1.125645388639041,
            1.1287388521723136,
            1.1310224715267567,
            1.1325198199115412,
            1.1332565740651257,
            1.133260400254835,
            1.1325608335193005,
            1.1311891505213105,
            1.1291782364170864,
            1.1265624461817023,
            1.1233774608678182,
            1.1196601393087282,
            1.115448365811518,
            1.1107808944177853,
            1.1056971903406136,
            1.1002372692145599,
            1.0944415348209198,
            1.0883506159739884,
            1.082005203271428,
            1.0754458864304273,
            1.0687129929390198,
            1.0618464287628115,
            1.054885521847126,
            1.0478688691539941,
            1.0408341879655825,
            1.033818172174063,
            1.026856354259471,
            1.0199829736364725,
            1.0132308520222484,
            1.0066312764446428,
            1.0002138904747981,
            0.9940065942229275,
            0.9880354535929378,
            0.9823246192389727,
            0.9768962556126224
        ],
        "imag": [
            0.12281163150416449,
            0.15302421653292259,
            0.1829121957817091,
            0.21241291065343676,
            0.2414649196400272,
            0.27000818728798615,
            0.2979842670602473,
            0.32533647740480404,
            0.35201007039055243,
            0.3779523923197862,
            0.4031130357746514,
            0.4274439826032504,
            0.4508997373999051,
            0.47343745108390034,
            0.49501703423259924,
            0.5156012598772812,
            0.5351558555237608,
            0.5536495842139032,
            0.5710543144979215,
            0.5873450792408277,
            0.6025001232376757,
            0.6165009396625987,
            0.6293322954235839,
            0.6409822455396313,
            0.651442136698085,
            0.660706600188173,
            0.6687735344410216,
            0.6756440774369998,
            0.6813225692693152,
            0.6858165051752683,
            0.6891364793683434,
            0.6912961200201567,
            0.6923120157561796,
            0.6922036340401198,
            0.6909932318307069,
            0.6887057589010465,
            0.6853687542153064,
            0.6810122357605906,
            0.6756685842329072,
            0.6693724209772233,
            0.6621604805810166,
            0.6540714785198134,
            0.6451459742528308,
            0.6354262301651123,
            0.6249560667526322,
            0.6137807144459286,
            0.6019466624685993,
            0.5895015051278036,
            0.5764937859357527,
            0.5629728399641581,
            0.5489886348366525,
            0.5345916107696829,
            0.5198325200763817,
            0.5047622665551688,
            0.48943174519101057,
            0.47389168260429454,
            0.4581924786902901,
            0.44238404989913704,
            0.42651567461433454,
            0.4106358410944962,
            0.3947920984494031,
            0.3790309111274179,
            0.3633975173952342,
            0.34793579229379445,
            0.3326881155556234,
            0.31769524496728946,
            0.30299619565770175,
            0.2886281257874411,
            0.27462622910413886,
            0.2610236348195757,
            0.24785131524653614,
            0.23513800161719947,
            0.22291010848230547,
            0.21119166706488923,
            0.2000042679139354,
            0.18936701317048346,
            0.1792964787237805,
            0.1698066864941608,
            0.16090908703868637,
            0.1526125526290883,
            0.14492338090299706,
            0.1378453091393512,
            0.13137953915608036,
            0.12552477277185609,
            0.12027725771938488,
            0.11563084383991758,
            0.11157704932820856,
            0.10810513674586496,
            0.10520219845502048,
            0.10285325107534585,
            0.10104133850725103,
            0.09974764301345376,
            0.09895160379947442,
            0.0986310424859218,
            0.0987622948202254,
            0.09932034793625448,
            0.10027898243156681
        ]
    },
    "CPU_time": {
        "derivatives": 0.0037810802459716797,
        "buildingVn": 0.06520986557006836,
        "spliting_Vn": 0.0,