{
    "geometry1": "spherical",
    "geometry2": "small",
    "ope": "b2p_tang_ipp",
    "lc": 0.015,
    "dimP": 2,
    "dimQ": 2,
    "N": 67,
    "f0": 1000,
    "frequencies": [
        80,
        100,
        120,
        140,
        160,
        180,
        200,
        220,
        240,
        260,
        280,
        300,
        320,
        340,
        360,
        380,
        400,
        420,
        440,
        460,
        480,
        500,
        520,
        540,
        560,
        580,
        600,
        620,
        640,
        660,
        680,
        700,
        720,
        740,
        760,
        780,
        800,
        820,
        840,
        860,
        880,
        900,
        920,
        940,
        960,
        980,
        1000,
        1020,
        1040,
        1060,
        1080,
        1100,
        1120,
        1140,
        1160,
        1180,
        1200,
        1220,
        1240,
        1260,
        1280,
        1300,
        1320,
        1340,
        1360,
        1380,
        1400,
        1420,
        1440,
        1460,
        1480,
        1500,
        1520,
        1540,
        1560,
        1580,
        1600,
        1620,
        1640,
        1660,
        1680,
        1700,
        1720,
        1740,
        1760,
        1780,
        1800,
        1820,
        1840,
        1860,
        1880,
        1900,
        1920,
        1940,
        1960,
        1980,
        2000
    ],
    "Z_center": {
        "real": [
            0.010567675326445826,
            0.016478671660788768,
            0.023670786823635617,
            0.032124746202116014,
            0.0418179389505369,
            0.052724500204049264,
            0.0648154045625735,
            0.07805857032703732,
            0.09241897393408649,
            0.10785877400364381,
            0.12433744438531,
            0.14181191556302422,
            0.1602367237542431,
            0.17956416701813172,
            0.19974446766984438,
            0.22072594028327697,
            0.2424551645552771,
            0.26487716229690517,
            0.28793557781913254,
            0.31157286098070147,
            0.33573045217752634,
            0.3603489685626912,
            0.38536839080451946,
            0.41072824970955485,
            0.43636781205993797,
            0.46222626504122233,
            0.48824289866371706,
            0.5143572856096569,
            0.5405094579695565,
            0.5666400803610341,
            0.5926906189561667,
            0.6186035059728542,
            0.644322299217823,
            0.6697918362982406,
            0.6949583831474142,
            0.7197697765385307,
            0.7441755602863129,
            0.7681271148610198,
            0.7915777801628604,
            0.8144829712262995,
            0.8368002866437323,
            0.858489609516381,
            0.8795132007573085,
            0.8998357845871086,
            0.9194246260769036,
            0.9382496006069603,
            0.9562832551215061,
            0.9735008610722046,
            0.9898804589541177,
            1.0054028943493707,
            1.0200518454047947,
            1.0338138416816536,
            1.0466782743274032,
            1.058637397532715,
            1.069686321250382,
            1.0798229951680391,
            1.0890481839431891,
            1.0973654337262124,
            1.104781030017479,
            1.1113039469250996,
            1.116945787913414,
            1.1217207181566038,
            1.1256453886392057,
            1.1287388521724808,
            1.1310224715269337,
            1.1325198199117108,
            1.1332565740652512,
            1.1332604002550035,
            1.1325608335194555,
            1.1311891505214575,
            1.1291782364172158,
            1.12656244618182,
            1.1233774608679254,
            1.119660139308814,
            1.115448365811603,
            1.1107808944178474,
            1.105697190340664,
            1.1002372692145823,
            1.094441534820975,
            1.0883506159739618,
            1.0820052032714191,
            1.0754458864303738,
            1.0687129929389496,
            1.0618464287627627,
            1.0548855218470283,
            1.0478688691538087,
            1.0408341879654115,
            1.0338181721739088,
            1.0268563542592652,
            1.0199829736362593,
            1.0132308520219966,
            1.0066312764444385,
            1.0002138904745284,
            0.9940065942226655,
            0.9880354535926257,
            0.9823246192385928,
            0.976896255612258
        ],
        "imag": [
            0.12281163150415698,
            0.1530242165329116,
            0.1829121957816969,
            0.21241291065342732,
            0.24146491964000813,
            0.2700081872879567,
            0.2979842670602179,
            0.3253364774047674,
            0.3520100703905208,
            0.37795239231974226,
            0.4031130357745965,
            0.4274439826031944,
            0.4508997373998769,
            0.47343745108392965,
            0.49501703423261345,
            0.5156012598773416,
            0.535155855523776,
            0.5536495842139445,
            0.5710543144979787,
            0.587345079240874,
            0.6025001232376969,
            0.6165009396626319,
            0.6293322954236227,
            0.640982245539641,
            0.6514421366980994,
            0.6607066001881883,
            0.6687735344410339,
            0.6756440774370109,
            0.6813225692693018,
            0.6858165051752492,
            0.6891364793683178,
            0.6912961200201172,
            0.6923120157561327,
            0.6922036340400864,
            0.6909932318306337,
            0.6887057589009825,
            0.6853687542152308,
            0.6810122357605034,
            0.6756685842328166,
            0.6693724209771281,
            0.6621604805808861,
            0.6540714785196818,
            0.6451459742526908,
            0.6354262301649669,
            0.6249560667524686,
            0.613780714445754,
            0.6019466624684144,
            0.5895015051276077,
            0.5764937859355551,
            0.5629728399639167,
            0.5489886348364065,
            0.5345916107694352,
            0.5198325200761051,
            0.5047622665548805,
            0.48943174519071525,
            0.4738916826039866,
            0.4581924786899704,
            0.44238404989879054,
            0.4265156746139845,
            0.4106358410941177,
            0.39479209844900615,
            0.3790309111270243,
            0.363397517394829,
            0.3479357922933924,
            0.3326881155551733,
            0.3176952449668008,
            0.3029961956572319,
            0.2886281257869289,
            0.27462622910362494,
            0.2610236348190538,
            0.24785131524603274,
            0.23513800161664417,
            0.22291010848173123,
            0.21119166706432835,
            0.20000426791332881,
            0.18936701316987942,
            0.1792964787231554,
            0.16980668649352676,
            0.16090908703807474,
            0.15261255262844062,
            0.1449233809023951,
            0.13784530913869167,
            0.13137953915537184,
            0.12552477277110763,
            0.12027725771879663,
            0.11563084383920086,
            0.1115770493275053,
            0.10810513674509294,
            0.10520219845428212,
            0.10285325107467594,
            0.10104133850658374,
            0.09974764301269305,
            0.09895160379874497,
            0.09863104248513184,
            0.09876229481943485,
            0.0993203479355315,
            0.10027898243082127
        ]
    },
    "CPU_time": {
        "derivatives": 0.003525972366333008,
        "buildingVn": 0.10744905471801758,
        "spliting_Vn": 0.0,