{
    "geometry1": "spherical",
    "geometry2": "small",
    "ope": "b2p_tang_ipp",
    "lc": 0.015,
    "dimP": 2,
    "dimQ": 2,
    "N": 62,
    "f0": 1000,
    "frequencies": [
        80,
        100,
        120,
        140,
        160,
        180,
        200,
        220,
        240,
        260,
        280,
        300,
        320,
        340,
        360,
        380,
        400,
        420,
        440,
        460,
        480,
        500,
        520,
        540,
        560,
        580,
        600,
        620,
        640,
        660,
        680,
        700,
        720,
        740,
        760,
        780,
        800,
        820,
        840,
        860,
        880,
        900,
        920,
        940,
        960,
        980,
        1000,
        1020,
        1040,
        1060,
        1080,
        1100,
        1120,
        1140,
        1160,
        1180,
        1200,
        1220,
        1240,
        1260,
        1280,
        1300,
        1320,
        1340,
        1360,
        1380,
        1400,
        1420,
        1440,
        1460,
        1480,
        1500,
        1520,
        1540,
        1560,
        1580,
        1600,
        1620,
        1640,
        1660,
        1680,
        1700,
        1720,
        1740,
        1760,
        1780,
        1800,
        1820,
        1840,
        1860,
        1880,
        1900,
        1920,
        1940,
        1960,
        1980,
        2000
    ],
    "Z_center": {
        "real": [
            0.010567675326441664,
            0.016478671660784573,
            0.023670786823633064,
            0.0321247462021113,
            0.041817938950534116,
            0.05272450020403351,
            0.06481540456255995,
            0.07805857032703314,
            0.09241897393407297,
            0.10785877400363005,
            0.12433744438528851,
            0.14181191556300346,
            0.16023672375423276,
            0.17956416701811395,
            0.1997444676697988,
            0.22072594028326376,
            0.24245516455522906,
            0.2648771622968916,
            0.2879355778190823,
            0.31157286098066067,
            0.33573045217747904,
            0.36034896856263715,
            0.3853683908044861,
            0.4107282497095085,
            0.4363678120598794,
            0.46222626504117387,
            0.48824289866365045,
            0.5143572856096045,
            0.5405094579694903,
            0.5666400803609738,
            0.592690618956099,
            0.6186035059727567,
            0.6443222992177393,
            0.6697918362981672,
            0.6949583831472839,
            0.7197697765384168,
            0.7441755602862248,
            0.7681271148609364,
            0.7915777801627737,
            0.8144829712262175,
            0.8368002866436519,
            0.8584896095162887,
            0.8795132007572225,
            0.8998357845870317,
            0.9194246260768197,
            0.9382496006068748,
            0.956283255121425,
            0.9735008610721225,
            0.989880458954038,
            1.0054028943492939,
            1.0200518454047225,
            1.0338138416815699,
            1.0466782743273366,
            1.0586373975326457,
            1.0696863212503007,
            1.079822995167974,
            1.0890481839431247,
            1.0973654337261467,
            1.1047810300174115,
            1.111303946925035,
            1.116945787913342,
            1.1217207181565523,
            1.1256453886391633,
            1.12873885217244,
            1.1310224715268757,
            1.1325198199116602,
            1.1332565740652039,
            1.1332604002549427,
            1.1325608335193902,
            1.131189150521422,
            1.1291782364172027,
            1.126562446181781,
            1.1233774608678857,
            1.1196601393087915,
            1.1154483658115795,
            1.110780894417845,
            1.105697190340694,
            1.1002372692145572,
            1.0944415348209462,
            1.0883506159739813,
            1.082005203271459,
            1.075445886430453,
            1.0687129929390016,
            1.0618464287627565,
            1.054885521847135,
            1.0478688691539904,
            1.0408341879655485,
            1.0338181721741029,
            1.0268563542594613,
            1.0199829736365018,
            1.0132308520222848,
            1.0066312764446306,
            1.000213890474767,
            0.9940065942229678,
            0.9880354535930387,
            0.9823246192390261,
            0.9768962556127044
        ],
        "imag": [
            0.1228116315041511,
            0.1530242165329064,
            0.18291219578168835,
            0.2124129106534121,
            0.24146491963999483,
            0.2700081872879517,
            0.2979842670602046,
            0.32533647740474375,
            0.35201007039048615,
            0.37795239231971384,
            0.403113035774572,
            0.42744398260318056,
            0.4508997373998527,
            0.47343745108387775,
            0.49501703423258936,
            0.5156012598772909,
            0.5351558555237622,
            0.5536495842139074,
            0.5710543144979334,
            0.5873450792408396,
            0.6025001232376765,
            0.6165009396625915,
            0.6293322954235965,
            0.6409822455396286,
            0.6514421366980725,
            0.6607066001881601,
            0.668773534441011,
            0.6756440774369814,
            0.6813225692692958,
            0.6858165051752307,
            0.6891364793683035,
            0.6912961200201204,
            0.69231201575614,
            0.6922036340400782,
            0.6909932318306569,
            0.6887057589009831,
            0.6853687542152572,
            0.6810122357605388,
            0.6756685842328375,
            0.6693724209771497,
            0.6621604805809337,
            0.6540714785197338,
            0.6451459742527428,
            0.6354262301650254,
            0.6249560667525395,
            0.6137807144458262,
            0.6019466624684945,
            0.5895015051276908,
            0.5764937859356448,
            0.5629728399640175,
            0.5489886348365189,
            0.5345916107695462,
            0.5198325200762248,
            0.5047622665550129,
            0.4894317451908454,
            0.4738916826041297,
            0.4581924786901008,
            0.4423840498989323,
            0.42651567461412865,
            0.41063584109428564,
            0.3947920984491868,
            0.3790309111271906,
            0.3633975173950016,
            0.34793579229356936,
            0.33268811555539846,
            0.3176952449670284,
            0.3029961956574617,
            0.28862812578715663,
            0.2746262291038621,
            0.26102363481931984,
            0.24785131524624737,
            0.2351380016169196,
            0.2229101084820204,
            0.21119166706461684,
            0.20000426791362827,
            0.1893670131702278,
            0.1792964787234907,
            0.16980668649384853,
            0.16090908703841536,
            0.15261255262884574,
            0.14492338090270546,
            0.13784530913906742,
            0.131379539155792,
            0.1255247727715147,
            0.12027725771917573,
            0.11563084383962362,
            0.11157704932794857,
            0.10810513674561634,
            0.10520219845478272,
            0.1028532510751483,
            0.10104133850704919,
            0.09974764301321203,
            0.09895160379931263,
            0.09863104248565445,
            0.09876229481998315,
            0.09932034793593535,
            0.100278982431342
        ]
    },
    "CPU_time": {
        "derivatives": 0.0037832260131835938,
        "buildingVn": 0.09786772727966309,
        "spliting_Vn": 0.0,
        "solvingMOR": 0.04250025749206543,