{
    "geometry1": "spherical",
    "geometry2": "small",
    "ope": "b2p_tang_ipp",
    "lc": 0.015,
    "dimP": 2,
    "dimQ": 2,
    "N": 96,
    "f0": 1000,
    "frequencies": [
        80,
        100,
        120,
        140,
        160,
        180,
        200,
        220,
        240,
        260,
        280,
        300,
        320,
        340,
        360,
        380,
        400,
        420,
        440,
        460,
        480,
        500,
        520,
        540,
        560,
        580,
        600,
        620,
        640,
        660,
        680,
        700,
        720,
        740,
        760,
        780,
        800,
        820,
        840,
        860,
        880,
        900,
        920,
        940,
        960,
        980,
        1000,
        1020,
        1040,
        1060,
        1080,
        1100,
        1120,
        1140,
        1160,
        1180,
        1200,
        1220,
        1240,
        1260,
        1280,
        1300,
        1320,
        1340,
        1360,
        1380,
        1400,
        1420,
        1440,
        1460,
        1480,
        1500,
        1520,
        1540,
        1560,
        1580,
        1600,
        1620,
        1640,
        1660,
        1680,
        1700,
        1720,
        1740,
        1760,
        1780,
        1800,
        1820,
        1840,
        1860,
        1880,
        1900,
        1920,
        1940,
        1960,
        1980,
        2000
    ],
    "Z_center": {
        "real": [
            0.010567675326430777,
            0.01647867166076601,
            0.02367078682361125,
            0.03212474620209044,
            0.04181793895050448,
            0.05272450020401577,
            0.06481540456253126,
            0.07805857032699055,
            0.09241897393403237,
            0.10785877400359564,
            0.12433744438524973,
            0.14181191556296247,
            0.16023672375419226,
            0.1795641670180783,
            0.19974446766978385,
            0.22072594028321063,
            0.24245516455518004,
            0.2648771622968493,
            0.2879355778190392,
            0.3115728609806207,
            0.3357304521774624,
            0.3603489685626079,
            0.38536839080446184,
            0.4107282497094984,
            0.43636781205985953,
            0.46222626504114994,
            0.4882428986636456,
            0.5143572856095923,
            0.5405094579694796,
            0.5666400803609583,
            0.5926906189560944,
            0.618603505972771,
            0.644322299217749,
            0.6697918362981806,
            0.6949583831473369,
            0.7197697765384576,
            0.7441755602862408,
            0.7681271148609599,
            0.7915777801627915,
            0.8144829712262351,
            0.8368002866436801,
            0.8584896095163187,
            0.8795132007572497,
            0.8998357845870535,
            0.919424626076852,
            0.9382496006069047,
            0.9562832551214457,
            0.9735008610721627,
            0.9898804589540767,
            1.0054028943493343,
            1.0200518454047676,
            1.0338138416816123,
            1.046678274327384,
            1.0586373975326844,
            1.0696863212503303,
            1.0798229951680052,
            1.0890481839431714,
            1.0973654337262018,
            1.1047810300174645,
            1.1113039469251147,
            1.1169457879134335,
            1.121720718156598,
            1.1256453886392834,
            1.1287388521724644,
            1.1310224715269699,
            1.1325198199117557,
            1.1332565740652945,
            1.1332604002549824,
            1.13256083351946,
            1.1311891505215668,
            1.1291782364172456,
            1.1265624461818666,
            1.1233774608680205,
            1.119660139308909,
            1.1154483658117111,
            1.1107808944179316,
            1.105697190340815,
            1.1002372692147981,
            1.094441534821016,
            1.0883506159740939,
            1.0820052032716079,
            1.0754458864305616,
            1.068712992939177,
            1.0618464287630125,
            1.0548855218472457,
            1.0478688691541822,
            1.0408341879657803,
            1.0338181721741924,
            1.0268563542596139,
            1.0199829736365784,
            1.01323085202221,
            1.0066312764446979,
            1.0002138904747957,
            0.994006594222837,
            0.9880354535928345,
            0.982324619238681,
            0.9768962556123232
        ],
        "imag": [
            0.12281163150418145,
            0.1530242165329447,
            0.1829121957817299,
            0.21241291065345752,
            0.24146491964004932,
            0.2700081872879995,
            0.29798426706025904,
            0.3253364774048036,
            0.3520100703905395,
            0.3779523923197641,
            0.4031130357746296,
            0.42744398260322564,
            0.45089973739990574,
            0.47343745108391405,
            0.49501703423261967,
            0.5156012598773265,
            0.535155855523825,
            0.5536495842139445,
            0.571054314497962,
            0.5873450792408648,
            0.6025001232376987,
            0.6165009396626074,
            0.6293322954235941,
            0.6409822455396438,
            0.6514421366980561,
            0.6607066001881475,
            0.6687735344409873,
            0.6756440774369504,
            0.6813225692692618,
            0.6858165051751822,
            0.6891364793682512,
            0.6912961200200829,
            0.6923120157560658,
            0.6922036340399925,
            0.6909932318305543,
            0.6887057589008779,
            0.6853687542151322,
            0.6810122357603903,
            0.6756685842327028,
            0.669372420976996,
            0.6621604805807708,
            0.6540714785195492,
            0.6451459742525649,
            0.6354262301648335,
            0.6249560667523295,
            0.6137807144456074,
            0.6019466624682742,
            0.58950150512744,
            0.5764937859353892,
            0.5629728399637547,
            0.5489886348362433,
            0.5345916107692537,
            0.5198325200759335,
            0.5047622665547096,
            0.4894317451905538,
            0.4738916826037973,
            0.4581924786897819,
            0.4423840498985723,
            0.4265156746137598,
            0.4106358410939439,
            0.3947920984488101,
            0.37903091112684045,
            0.3633975173946583,
            0.3479357922931885,
            0.3326881155549923,
            0.3176952449666295,
            0.30299619565696956,
            0.2886281257866836,
            0.27462622910331147,
            0.26102363481882196,
            0.24785131524579665,
            0.23513800161636,
            0.22291010848137285,
            0.2111916670640143,
            0.20000426791307604,
            0.1893670131695457,
            0.17929647872290316,
            0.16980668649318706,
            0.16090908703759652,
            0.152612552628023,
            0.14492338090193768,
            0.13784530913836304,
            0.13137953915509454,
            0.12552477277062865,
            0.1202772577183007,
            0.11563084383865295,
            0.11157704932697117,
            0.10810513674459105,
            0.1052021984536613,
            0.10285325107399698,
            0.10104133850581232,
            0.09974764301182713,
            0.0989516037978979,
            0.09863104248410717,
            0.09876229481840243,
            0.09932034793440683,
            0.10027898242969474
        ]
    },
    "CPU_time": {
        "derivatives": 0.003654956817626953,
        "buildingVn": 0.17267203330993652,
        "spliting_Vn": 0.0,
        "solvingMOR": 0.07653975486755371,