{
    "geometry1": "spherical",
    "geometry2": "large",
    "ope": "b2p_tang_ipp",
    "lc": 0.015,
    "dimP": 2,
    "dimQ": 2,
    "N": 4,
    "f0": 1000,
    "frequencies": [
        80,
        100,
        120,
        140,
        160,
        180,
        200,
        220,
        240,
        260,
        280,
        300,
        320,
        340,
        360,
        380,
        400,
        420,
        440,
        460,
        480,
        500,
        520,
        540,
        560,
        580,
        600,
        620,
        640,
        660,
        680,
        700,
        720,
        740,
        760,
        780,
        800,
        820,
        840,
        860,
        880,
        900,
        920,
        940,
        960,
        980,
        1000,
        1020,
        1040,
        1060,
        1080,
        1100,
        1120,
        1140,
        1160,
        1180,
        1200,
        1220,
        1240,
        1260,
        1280,
        1300,
        1320,
        1340,
        1360,
        1380,
        1400,
        1420,
        1440,
        1460,
        1480,
        1500,
        1520,
        1540,
        1560,
        1580,
        1600,
        1620,
        1640,
        1660,
        1680,
        1700,
        1720,
        1740,
        1760,
        1780,
        1800,
        1820,
        1840,
        1860,
        1880,
        1900,
        1920,
        1940,
        1960,
        1980,
        2000
    ],
    "Z_center": {
        "real": [
            0.001754064353562777,
            0.002569839004822632,
            0.00355939097070744,
            0.004749591025508979,
            0.006176558237825929,
            0.00788635545436791,
            0.009936424438561093,
            0.012397823386371375,
            0.015358318291892893,
            0.018926410047547956,
            0.02323640858857944,
            0.028454667143257256,
            0.03478703522501106,
            0.04248743399084392,
            0.05186712935786286,
            0.06330366550246666,
            0.07724737269405724,
            0.09422171634608555,
            0.11481143956967159,
            0.13962974759141566,
            0.1692537880879333,
            0.2041189314544458,
            0.2443710155441268,
            0.28969595011237387,
            0.33917681490263185,
            0.3912558285168485,
            0.4438740138340715,
            0.4948012746431728,
            0.5420699787533164,
            0.5843523703024237,
            0.6211408226405067,
            0.6526920813419119,
            0.679804518897651,
            0.7035422091982451,
            0.7249968019928253,
            0.7451277641426142,
            0.7646805405289222,
            0.7841630748777512,
            0.8038588888447205,
            0.8238602195462753,
            0.8441109630226602,
            0.8644534976930377,
            0.8846754457147709,
            0.9045527732057,
            0.9238853505518668,
            0.9425210844649412,
            0.9603655100148213,
            0.9773753337998802,
            0.9935364993787174,
            1.008829413355029,
            1.0231856884114165,
            1.0364421238152097,
            1.0482989439546928,
            1.0582908725167461,
            1.0657813732457597,
            1.0699914625689642,
            1.0700729990516975,
            1.0652298085447314,
            1.0548769081946419,
            1.0388103791845034,
            1.0173452147957265,
            0.9913761612588423,
            0.9623341976548414,
            0.9320448996739227,
            0.9025289363057072,
            0.8758018597658095,
            0.8537232062283568,
            0.8379211589166125,
            0.829793104179714,
            0.8305654603278197,
            0.8413911723105149,
            0.8634670357588488,
            0.8981605079025359,
            0.9471430216731834,
            1.0125320712269676,
            1.0970466882677192,
            1.2041795947762481,
            1.3383822448202436,
            1.5052412367380827,
            1.711586073998497,
            1.9653906357435718,
            2.2751861865051124,
            2.6484667569112457,
            3.0882730970734076,
            3.587056518546017,
            4.117859661774575,
            4.626164363370861,
            5.031384752204956,
            5.248553908449942,
            5.22680272394597,
            4.97751817934191,
            4.566102753423874,
            4.076129063008016,
            3.5769540331949945,
            3.1114472507590767,
            2.699155733840527,
            2.3445392018623714
        ],
        "imag": [
            0.08575082526251392,
            0.10754543390259046,
            0.12961873292931428,
            0.15204533350644134,
            0.17490254072962766,
            0.19827072969413223,
            0.22223392227670838,
            0.24688027580144553,
            0.272302252033116,
            0.2985962245535363,
            0.32586120661888673,
            0.3541962421894829,
            0.383695796075045,
            0.4144422000056636,
            0.4464938664279811,
            0.4798676137844423,
            0.5145131806785149,
            0.5502781233566718,
            0.58686233077911,
            0.6237642267690113,
            0.6602264503402177,
            0.6951980685960912,
            0.7273417629276305,
            0.7551219312493197,
            0.7770014326764152,
            0.7917383050262241,
            0.7987116105509056,
            0.7981508884948174,
            0.7911495304380578,
            0.7794309443963093,
            0.7649574243695247,
            0.7495373846184022,
            0.734557223759688,
            0.7208793963587765,
            0.7088749125900848,
            0.6985296477798217,
            0.6895715326353812,
            0.6815871354928245,
            0.6741150759738073,
            0.6667147215362655,
            0.6590128155975601,
            0.6507310534974474,
            0.6416967313759786,
            0.6318380004359713,
            0.6211655849357196,
            0.6097439816946665,
            0.5976566366214445,
            0.5849707604149635,
            0.5717078611434625,
            0.5578256601681498,
            0.5432160683101082,
            0.5277226700463808,
            0.51117981941293,
            0.4934736826262454,
            0.4746226246696979,
            0.45486938201411387,
            0.43477028326120326,
            0.41525886041302784,
            0.3976564863094089,
            0.38360685364735625,
            0.37492824550222953,
            0.3734051466790244,
            0.38056743887853506,
            0.3975159113348605,
            0.42483876251334907,
            0.46263143842570315,
            0.510598603784708,
            0.5681977801619574,
            0.6347837240644825,
            0.7097249059016241,
            0.7924788599327023,
            0.8826247204947176,
            0.9798564464115394,
            1.0839396458399975,
            1.194630051545867,
            1.3115435508992401,
            1.4339562032813042,
            1.560496933359612,
            1.6886744574176706,
            1.8141542645532551,
            1.9296793687403604,
            2.0235394280322554,
            2.0776158606251953,
            2.0654374749716573,
            1.9516361935591493,
            1.6957747760744517,
            1.264611005730921,
            0.6537657854596344,
            -0.09132718271185424,
            -0.8767039002717002,
            -1.594110458494216,
            -2.1657261596950264,
            -2.5650075543355957,
            -2.8067373230168053,
            -2.9249815885639623,
            -2.955873837994714,
            -2.9294686778244166
        ]
    },
    "CPU_time": {
        "derivatives": 0.0976567268371582,
        "buildingVn": 8.497853994369507,
        "spliting_Vn": 0.0,
        "solvingMOR": 0.038450002670288086,