{
    "geometry1": "spherical",
    "geometry2": "small",
    "ope": "b2p_tang_ipp",
    "lc": 0.015,
    "dimP": 2,
    "dimQ": 2,
    "N": 66,
    "f0": 1000,
    "frequencies": [
        80,
        100,
        120,
        140,
        160,
        180,
        200,
        220,
        240,
        260,
        280,
        300,
        320,
        340,
        360,
        380,
        400,
        420,
        440,
        460,
        480,
        500,
        520,
        540,
        560,
        580,
        600,
        620,
        640,
        660,
        680,
        700,
        720,
        740,
        760,
        780,
        800,
        820,
        840,
        860,
        880,
        900,
        920,
        940,
        960,
        980,
        1000,
        1020,
        1040,
        1060,
        1080,
        1100,
        1120,
        1140,
        1160,
        1180,
        1200,
        1220,
        1240,
        1260,
        1280,
        1300,
        1320,
        1340,
        1360,
        1380,
        1400,
        1420,
        1440,
        1460,
        1480,
        1500,
        1520,
        1540,
        1560,
        1580,
        1600,
        1620,
        1640,
        1660,
        1680,
        1700,
        1720,
        1740,
        1760,
        1780,
        1800,
        1820,
        1840,
        1860,
        1880,
        1900,
        1920,
        1940,
        1960,
        1980,
        2000
    ],
    "Z_center": {
        "real": [
            0.010567675326443248,
            0.016478671660787713,
            0.023670786823636263,
            0.03212474620212082,
            0.041817938950538994,
            0.05272450020404238,
            0.06481540456257384,
            0.07805857032704223,
            0.09241897393408094,
            0.10785877400364491,
            0.12433744438530836,
            0.1418119155630258,
            0.16023672375424042,
            0.17956416701816066,
            0.19974446766982418,
            0.2207259402832956,
            0.2424551645552774,
            0.2648771622969239,
            0.28793557781913504,
            0.31157286098070597,
            0.3357304521775369,
            0.3603489685626955,
            0.38536839080453217,
            0.41072824970954613,
            0.43636781205995373,
            0.46222626504124764,
            0.4882428986637154,
            0.5143572856096664,
            0.5405094579695595,
            0.5666400803610405,
            0.5926906189561885,
            0.6186035059728101,
            0.6443222992178205,
            0.669791836298256,
            0.6949583831473962,
            0.719769776538525,
            0.7441755602863306,
            0.7681271148610281,
            0.7915777801628906,
            0.8144829712263446,
            0.8368002866437553,
            0.8584896095164167,
            0.8795132007573331,
            0.8998357845871432,
            0.919424626076948,
            0.9382496006070018,
            0.9562832551215523,
            0.9735008610722545,
            0.989880458954176,
            1.0054028943494295,
            1.0200518454048593,
            1.0338138416817113,
            1.0466782743274643,
            1.0586373975327852,
            1.0696863212504555,
            1.0798229951681282,
            1.0890481839432706,
            1.0973654337263106,
            1.1047810300175818,
            1.1113039469252304,
            1.116945787913528,
            1.1217207181567355,
            1.1256453886393605,
            1.128738852172631,
            1.1310224715270878,
            1.1325198199118842,
            1.1332565740654232,
            1.1332604002551983,
            1.132560833519627,
            1.1311891505216214,
            1.1291782364174192,
            1.12656244618208,
            1.1233774608681204,
            1.11966013930906,
            1.115448365811857,
            1.1107808944181197,
            1.1056971903410007,
            1.1002372692149318,
            1.094441534821328,
            1.0883506159743244,
            1.0820052032718175,
            1.0754458864307244,
            1.0687129929394303,
            1.0618464287631941,
            1.0548855218475308,
            1.0478688691544273,
            1.0408341879660012,
            1.0338181721743893,
            1.0268563542599602,
            1.0199829736368529,
            1.013230852022606,
            1.0066312764449754,
            1.0002138904752096,
            0.9940065942232081,
            0.9880354535932602,
            0.9823246192394383,
            0.9768962556127795
        ],
        "imag": [
            0.12281163150416789,
            0.15302421653292095,
            0.18291219578171322,
            0.21241291065343515,
            0.2414649196400262,
            0.2700081872879833,
            0.29798426706024256,
            0.3253364774047986,
            0.3520100703905215,
            0.37795239231976013,
            0.4031130357746245,
            0.42744398260323363,
            0.4508997373998935,
            0.47343745108391844,
            0.4950170342326522,
            0.5156012598773516,
            0.5351558555238249,
            0.5536495842139805,
            0.5710543144979924,
            0.587345079240906,
            0.6025001232377464,
            0.6165009396626536,
            0.6293322954236351,
            0.6409822455396863,
            0.6514421366981148,
            0.6607066001882275,
            0.6687735344410219,
            0.6756440774370308,
            0.6813225692693099,
            0.6858165051752557,
            0.68913647936833,
            0.6912961200201753,
            0.6923120157561733,
            0.6922036340400837,
            0.6909932318306725,
            0.6887057589009717,
            0.6853687542152406,
            0.6810122357605265,
            0.6756685842328009,
            0.6693724209771144,
            0.6621604805808825,
            0.6540714785196846,
            0.6451459742526877,
            0.6354262301649577,
            0.6249560667524575,
            0.6137807144457391,
            0.601946662468397,
            0.5895015051275873,
            0.5764937859355308,
            0.5629728399638969,
            0.5489886348363952,
            0.534591610769405,
            0.5198325200760877,
            0.5047622665548641,
            0.4894317451906903,
            0.4738916826039708,
            0.4581924786899357,
            0.4423840498987711,
            0.4265156746139588,
            0.4106358410941149,
            0.3947920984489899,
            0.37903091112699977,
            0.36339751739478093,
            0.347935792293356,
            0.3326881155551745,
            0.3176952449668387,
            0.3029961956572354,
            0.28862812578692215,
            0.2746262291036399,
            0.2610236348191116,
            0.24785131524602633,
            0.23513800161666512,
            0.2229101084817897,
            0.21119166706439427,
            0.20000426791338005,
            0.18936701316991308,
            0.17929647872320348,
            0.16980668649356012,
            0.1609090870381272,
            0.15261255262855233,
            0.144923380902294,
            0.13784530913876197,
            0.1313795391555463,
            0.12552477277119473,
            0.12027725771876129,
            0.11563084383925014,
            0.11157704932754813,
            0.108105136745219,
            0.10520219845425277,
            0.10285325107465122,
            0.10104133850643428,
            0.09974764301261149,
            0.09895160379854115,
            0.09863104248490516,
            0.09876229481918627,
            0.09932034793522285,
            0.10027898243058012
        ]
    },
    "CPU_time": {
        "derivatives": 0.003968954086303711,
        "buildingVn": 0.10095810890197754,
        "spliting_Vn": 0.0,
        "solvingMOR": 0.04565000534057617,