{
    "geometry1": "spherical",
    "geometry2": "large",
    "ope": "b2p_tang_ipp",
    "lc": 0.015,
    "dimP": 2,
    "dimQ": 2,
    "N": 22,
    "f0": 1000,
    "frequencies": [
        80,
        100,
        120,
        140,
        160,
        180,
        200,
        220,
        240,
        260,
        280,
        300,
        320,
        340,
        360,
        380,
        400,
        420,
        440,
        460,
        480,
        500,
        520,
        540,
        560,
        580,
        600,
        620,
        640,
        660,
        680,
        700,
        720,
        740,
        760,
        780,
        800,
        820,
        840,
        860,
        880,
        900,
        920,
        940,
        960,
        980,
        1000,
        1020,
        1040,
        1060,
        1080,
        1100,
        1120,
        1140,
        1160,
        1180,
        1200,
        1220,
        1240,
        1260,
        1280,
        1300,
        1320,
        1340,
        1360,
        1380,
        1400,
        1420,
        1440,
        1460,
        1480,
        1500,
        1520,
        1540,
        1560,
        1580,
        1600,
        1620,
        1640,
        1660,
        1680,
        1700,
        1720,
        1740,
        1760,
        1780,
        1800,
        1820,
        1840,
        1860,
        1880,
        1900,
        1920,
        1940,
        1960,
        1980,
        2000
    ],
    "Z_center": {
        "real": [
            0.010654645581372671,
            0.016613519474018408,
            0.023863293870163838,
            0.032384361993217016,
            0.04215385159784778,
            0.05314573806914685,
            0.06533095343194444,
            0.0786774875556751,
            0.09315047989974723,
            0.10871230241030645,
            0.12532263639080754,
            0.14293854806810063,
            0.16151456893726254,
            0.1810027876217824,
            0.20135295983515608,
            0.2225126420638944,
            0.24442735288790526,
            0.26704076357128753,
            0.2902949169246102,
            0.3141304707352867,
            0.33848695958533664,
            0.3633030669142603,
            0.38851689798644723,
            0.41406624416180615,
            0.43988882962125153,
            0.4659225334256894,
            0.4921055823291714,
            0.51837671285428,
            0.5446753044189122,
            0.5709414883858402,
            0.5971162404095232,
            0.6231414650661334,
            0.6489600822746111,
            0.6745161243944203,
            0.6997548512131812,
            0.7246228875360955,
            0.7490683850684384,
            0.7730412070926355,
            0.7964931314263182,
            0.8193780646073897,
            0.8416522584202587,
            0.8632745189063253,
            0.884206397961801,
            0.9044123585024043,
            0.9238599058757492,
            0.942519680563788,
            0.9603655100147402,
            0.9773744204078832,
            0.9935266119955987,
            1.0088054041036385,
            1.0231971576599415,
            1.036691184091029,
            1.0492796494925445,
            1.0609574821682948,
            1.0717222900642116,
            1.0815742925045455,
            1.09051626822711,
            1.0985535192874842,
            1.1056938482176675,
            1.1119475440886089,
            1.117327371975663,
            1.1218485598162373,
            1.1255287767566946,
            1.1283880977245917,
            1.1304489500002775,
            1.1317360388449311,
            1.1322762506190838,
            1.1320985331585969,
            1.1312337543598454,
            1.1297145408888978,
            1.1275750996418619,
            1.1248510250572377,
            1.1215790956775913,
            1.1177970635643024,
            1.1135434403722668,
            1.1088572840835444,
            1.103777990430244,
            1.098345092573095,
            1.092598071255733,
            1.0865761752651577,
            1.0803182490130452,
            1.0738625616907935,
            1.0672466327296286,
            1.0605070532723346,
            1.0536793139914264,
            1.0467976645940598,
            1.0398950456613716,
            1.0330031427899071,
            1.0261526095749889,
            1.0193734850113414,
            1.0126957916624346,
            1.0061502478682998,
            0.9997689692832852,
            0.9935859838026694,
            0.9876373512257997,
            0.9819606741672604,
            0.9765938150968865
        ],
        "imag": [
            0.12329830965739388,
            0.1536267797679649,
            0.1836271662211124,
            0.21323641952743425,
            0.24239279129353997,
            0.27103598409737223,
            0.29910728473401144,
            0.32654968589127725,
            0.35330800223102987,
            0.3793289870217724,
            0.4045614548585555,
            0.42895641467294443,
            0.45246721531674877,
            0.475049703702147,
            0.49666239304847143,
            0.5172666364925734,
            0.536826799429421,
            0.5553104226915863,
            0.5726883682203194,
            0.5889349393162855,
            0.6040279688805702,
            0.6179488711627632,
            0.63068265522572,
            0.6422179013401685,
            0.6525467045083014,
            0.6616645919378153,
            0.6695704232232353,
            0.6762662829834069,
            0.6817573756014226,
            0.6860519304986604,
            0.6891611241747275,
            0.6910990223186816,
            0.6918825420003256,
            0.6915314306853694,
            0.690068255973413,
            0.6875183978538333,
            0.6839100341265958,
            0.6792741095334764,
            0.6736442800606679,
            0.6670568256732989,
            0.6595505272172939,
            0.6511665061164099,
            0.6419480285200752,
            0.6319402784384534,
            0.6211901068697895,
            0.6097457657556538,
            0.5976566366213586,
            0.5849729638763607,
            0.5717456019536359,
            0.5580257838419872,
            0.5438649162847707,
            0.5293144042275338,
            0.5144255042866452,
            0.4992492043812552,
            0.4838361244928519,
            0.4682364319998225,
            0.452499764299483,
            0.43667515150189334,
            0.4208109327862991,
            0.4049546614046978,
            0.3891529950964201,
            0.3734515706212869,
            0.3578948630134476,
            0.34252603182496305,
            0.3273867579389591,
            0.31251707541675944,
            0.2979552032873455,
            0.28373738222561856,
            0.26989772076497703,
            0.2564680551451495,
            0.24347782620947964,
            0.23095397603978302,
            0.2189208663278411,
            0.20740021984947693,
            0.19641108577429664,
            0.1859698287711244,
            0.17609014082162738,
            0.16678307333297784,
            0.15805708587263,
            0.14991810735600547,
            0.14236960677908214,
            0.13541267435896115,
            0.12904612006613378,
            0.12326660332861225,
            0.11806881188736344,
            0.11344570528622352,
            0.10938882592016913,
            0.10588865717770916,
            0.10293497709502424,
            0.10051712413283437,
            0.09862406869341021,
            0.09724417931839056,
            0.09636459290696976,
            0.09597014583922035,
            0.0960418942310006,
            0.09655533860785391,
            0.09747856003588712
        ]
    },
    "CPU_time": {
        "derivatives": 0.10124516487121582,
        "buildingVn": 10.019750118255615,
        "spliting_Vn": 0.0,