{
    "geometry1": "spherical",
    "geometry2": "large",
    "ope": "b2p_tang_ipp",
    "lc": 0.015,
    "dimP": 2,
    "dimQ": 2,
    "N": 97,
    "f0": 1000,
    "frequencies": [
        80,
        100,
        120,
        140,
        160,
        180,
        200,
        220,
        240,
        260,
        280,
        300,
        320,
        340,
        360,
        380,
        400,
        420,
        440,
        460,
        480,
        500,
        520,
        540,
        560,
        580,
        600,
        620,
        640,
        660,
        680,
        700,
        720,
        740,
        760,
        780,
        800,
        820,
        840,
        860,
        880,
        900,
        920,
        940,
        960,
        980,
        1000,
        1020,
        1040,
        1060,
        1080,
        1100,
        1120,
        1140,
        1160,
        1180,
        1200,
        1220,
        1240,
        1260,
        1280,
        1300,
        1320,
        1340,
        1360,
        1380,
        1400,
        1420,
        1440,
        1460,
        1480,
        1500,
        1520,
        1540,
        1560,
        1580,
        1600,
        1620,
        1640,
        1660,
        1680,
        1700,
        1720,
        1740,
        1760,
        1780,
        1800,
        1820,
        1840,
        1860,
        1880,
        1900,
        1920,
        1940,
        1960,
        1980,
        2000
    ],
    "Z_center": {
        "real": [
            0.010654643351337404,
            0.016613518649391576,
            0.02386329442451897,
            0.032384363665187564,
            0.04215385398371132,
            0.053145740723208025,
            0.06533095595890777,
            0.07867748967535866,
            0.09315048147285519,
            0.10871230342695774,
            0.12532263693372192,
            0.14293854826649424,
            0.16151456892553256,
            0.18100278751155477,
            0.2013529597028346,
            0.22251264195102693,
            0.24442735280919972,
            0.26704076352512246,
            0.2902949169022853,
            0.3141304707272272,
            0.33848695958415775,
            0.3633030669154687,
            0.3885168979878981,
            0.41406624416280186,
            0.4398888296217708,
            0.46592253342590073,
            0.4921055823292343,
            0.518376712854284,
            0.5446753044189017,
            0.5709414883858265,
            0.5971162404095081,
            0.6231414650661203,
            0.6489600822745978,
            0.6745161243944097,
            0.6997548512131726,
            0.7246228875360885,
            0.7490683850684384,
            0.7730412070926379,
            0.7964931314263259,
            0.8193780646073984,
            0.8416522584202741,
            0.8632745189063404,
            0.8842063979618161,
            0.9044123585024186,
            0.9238599058757598,
            0.9425196805637948,
            0.9603655100147402,
            0.977374420407878,
            0.993526611995587,
            1.0088054041036267,
            1.023197157659904,
            1.036691184090972,
            1.0492796494925187,
            1.0609574821682644,
            1.071722290064196,
            1.0815742925045373,
            1.090516268227094,
            1.0985535192875109,
            1.1056938482176912,
            1.111947544088663,
            1.1173273719756462,
            1.1218485598163328,
            1.1255287767568203,
            1.1283880977247756,
            1.1304489500001997,
            1.1317360388430773,
            1.1322762506094173,
            1.1320985331251137,
            1.1312337542732918,
            1.1297145407244795,
            1.1275750994643694,
            1.1248510252510595,
            1.1215790973875437,
            1.1177970692768902,
            1.1135434541994496,
            1.1088573106674653,
            1.1037780306276672,
            1.098345133758341,
            1.0925980710900016,
            1.0865760412065388,
            1.0803178222419547,
            1.073861622711851,
            1.067244953817606,
            1.0605045251530718,
            1.0536761646827244,
            1.0467947624823963,
            1.0398942360885066,
            1.0330075135446837,
            1.0261665285434476,
            1.0194022206292765,
            1.0127445324882822,
            1.0062223960466015,
            0.9998636995633745,
            0.9936952291853323,
            0.9877425804696517,
            0.9820300380820182,
            0.9765804250079708
        ],
        "imag": [
            0.12329831529189081,
            0.15362678551261078,
            0.1836271715015061,
            0.213236423903743,
            0.24239279451184984,
            0.2710359861071786,
            0.29910728566424527,
            0.326549685992398,
            0.3533080018021362,
            0.37932898634389534,
            0.4045614541492574,
            0.42895641406779067,
            0.45246721487419944,
            0.47504970342324565,
            0.49666239290142,
            0.5172666364344787,
            0.5368267994210281,
            0.5553104227043274,
            0.5726883682373344,
            0.588934939330005,
            0.6040279688891909,
            0.6179488711671801,
            0.6306826552275264,
            0.6422179013406815,
            0.6525467045083242,
            0.6616645919377241,
            0.6695704232231586,
            0.6762662829833614,
            0.6817573756014018,
            0.6860519304986502,
            0.689161124174725,
            0.6910990223186821,
            0.6918825420003306,
            0.6915314306853766,
            0.6900682559734231,
            0.6875183978538483,
            0.6839100341266147,
            0.6792741095334879,
            0.6736442800606837,
            0.6670568256733117,
            0.6595505272173008,
            0.6511665061164124,
            0.6419480285200735,
            0.6319402784384452,
            0.6211901068697774,
            0.6097457657556384,
            0.597656636621341,
            0.5849729638763419,
            0.5717456019536225,
            0.5580257838419767,
            0.5438649162847792,
            0.5293144042274734,
            0.5144255042866263,
            0.4992492043812668,
            0.4838361244928912,
            0.4682364319998657,
            0.4524997642994905,
            0.4366751515019389,
            0.420810932786327,
            0.40495466140465713,
            0.3891529950964515,
            0.37345157062128775,
            0.357894863013406,
            0.3425260318246142,
            0.32738675793776895,
            0.31251707541335405,
            0.2979552032807659,
            0.2837373822214899,
            0.26989772079596086,
            0.25646805531637934,
            0.24347782676545046,
            0.23095397739666773,
            0.21892086889508566,
            0.20740022329758956,
            0.19641108728047307,
            0.18596981995104384,
            0.17609010386590454,
            0.16678297864037764,
            0.1580568960984877,
            0.149917795437242,
            0.14236919625303318,
            0.13541230652892935,
            0.129046141837371,
            0.12326765115352772,
            0.11807184393964748,
            0.11345191268063108,
            0.10939934497591462,
            0.10590401975029948,
            0.10295428316618604,
            0.1005370014394793,
            0.09863758986374364,
            0.09724001980053025,
            0.09632680796588843,
            0.09587899481305484,
            0.0958761208827844,
            0.09629621146600717,
            0.09711578057560555
        ]
    },
    "CPU_time": {
        "derivatives": 0.1523587703704834,
        "buildingVn": 17.010048151016235,
        "spliting_Vn": 0.0,
        "solvingMOR": 0.3489956855773926,