{
    "geometry1": "spherical",
    "geometry2": "small",
    "ope": "b2p_tang_ipp",
    "lc": 0.015,
    "dimP": 2,
    "dimQ": 2,
    "N": 80,
    "f0": 1000,
    "frequencies": [
        80,
        100,
        120,
        140,
        160,
        180,
        200,
        220,
        240,
        260,
        280,
        300,
        320,
        340,
        360,
        380,
        400,
        420,
        440,
        460,
        480,
        500,
        520,
        540,
        560,
        580,
        600,
        620,
        640,
        660,
        680,
        700,
        720,
        740,
        760,
        780,
        800,
        820,
        840,
        860,
        880,
        900,
        920,
        940,
        960,
        980,
        1000,
        1020,
        1040,
        1060,
        1080,
        1100,
        1120,
        1140,
        1160,
        1180,
        1200,
        1220,
        1240,
        1260,
        1280,
        1300,
        1320,
        1340,
        1360,
        1380,
        1400,
        1420,
        1440,
        1460,
        1480,
        1500,
        1520,
        1540,
        1560,
        1580,
        1600,
        1620,
        1640,
        1660,
        1680,
        1700,
        1720,
        1740,
        1760,
        1780,
        1800,
        1820,
        1840,
        1860,
        1880,
        1900,
        1920,
        1940,
        1960,
        1980,
        2000
    ],
    "Z_center": {
        "real": [
            0.010567675326452985,
            0.01647867166079711,
            0.02367078682364207,
            0.03212474620212702,
            0.04181793895055431,
            0.05272450020405703,
            0.06481540456259141,
            0.07805857032706576,
            0.09241897393410935,
            0.1078587740036714,
            0.12433744438534329,
            0.1418119155630688,
            0.16023672375429837,
            0.1795641670182038,
            0.19974446766988704,
            0.2207259402833329,
            0.24245516455531516,
            0.26487716229699154,
            0.2879355778192137,
            0.311572860980795,
            0.33573045217763087,
            0.36034896856275034,
            0.3853683908046254,
            0.41072824970962973,
            0.43636781206001,
            0.46222626504130016,
            0.4882428986637984,
            0.514357285609744,
            0.5405094579696188,
            0.5666400803611067,
            0.5926906189562067,
            0.6186035059729075,
            0.6443222992178691,
            0.6697918362982941,
            0.6949583831474369,
            0.7197697765385641,
            0.7441755602863693,
            0.7681271148610676,
            0.7915777801629154,
            0.8144829712263708,
            0.8368002866437821,
            0.8584896095164372,
            0.8795132007573596,
            0.8998357845871616,
            0.9194246260769541,
            0.9382496006070188,
            0.9562832551215641,
            0.9735008610722578,
            0.9898804589541699,
            1.005402894349421,
            1.0200518454048444,
            1.0338138416816998,
            1.046678274327437,
            1.058637397532756,
            1.0696863212503969,
            1.0798229951680562,
            1.0890481839432098,
            1.0973654337262242,
            1.1047810300174699,
            1.1113039469250896,
            1.1169457879133835,
            1.1217207181565774,
            1.1256453886391873,
            1.12873885217246,
            1.1310224715268782,
            1.1325198199116506,
            1.1332565740652147,
            1.1332604002549076,
            1.1325608335193573,
            1.1311891505213834,
            1.1291782364170833,
            1.1265624461816681,
            1.123377460867724,
            1.1196601393086143,
            1.1154483658114633,
            1.1107808944176705,
            1.1056971903404853,
            1.100237269214379,
            1.094441534820786,
            1.0883506159737784,
            1.0820052032712246,
            1.0754458864301446,
            1.0687129929387231,
            1.0618464287624774,
            1.0548855218468078,
            1.0478688691536526,
            1.040834187965181,
            1.0338181721736723,
            1.0268563542590035,
            1.0199829736360224,
            1.0132308520217284,
            1.0066312764441379,
            1.0002138904742697,
            0.9940065942224218,
            0.9880354535922715,
            0.9823246192383358,
            0.9768962556120134
        ],
        "imag": [
            0.1228116315041628,
            0.1530242165329157,
            0.1829121957816992,
            0.21241291065342197,
            0.24146491964001215,
            0.2700081872879646,
            0.29798426706022385,
            0.32533647740477073,
            0.35201007039049753,
            0.37795239231973715,
            0.4031130357745922,
            0.4274439826032001,
            0.45089973739986616,
            0.4734374510838922,
            0.49501703423261834,
            0.5156012598772864,
            0.5351558555237617,
            0.5536495842139052,
            0.5710543144979242,
            0.5873450792408259,
            0.6025001232376568,
            0.6165009396625474,
            0.6293322954235449,
            0.640982245539577,
            0.6514421366979927,
            0.660706600188089,
            0.6687735344409149,
            0.6756440774368994,
            0.6813225692691702,
            0.6858165051751248,
            0.6891364793682028,
            0.6912961200200233,
            0.6923120157560231,
            0.6922036340399587,
            0.6909932318305394,
            0.6887057589008668,
            0.6853687542151007,
            0.6810122357604003,
            0.6756685842327017,
            0.6693724209770197,
            0.6621604805807788,
            0.6540714785195861,
            0.6451459742525782,
            0.6354262301648703,
            0.6249560667523746,
            0.6137807144456543,
            0.6019466624683203,
            0.5895015051275104,
            0.5764937859354619,
            0.5629728399638384,
            0.5489886348363384,
            0.5345916107693506,
            0.519832520076044,
            0.5047622665548216,
            0.48943174519065213,
            0.47389168260392295,
            0.4581924786899071,
            0.44238404989873326,
            0.4265156746139233,
            0.4106358410940635,
            0.3947920984489736,
            0.3790309111270014,
            0.36339751739476817,
            0.34793579229335875,
            0.3326881155551716,
            0.3176952449667967,
            0.3029961956572338,
            0.28862812578695046,
            0.2746262291035976,
            0.26102363481907076,
            0.24785131524600804,
            0.23513800161667123,
            0.22291010848169285,
            0.21119166706430487,
            0.20000426791333925,
            0.189367013169985,
            0.17929647872318863,
            0.16980668649357486,
            0.16090908703818563,
            0.15261255262848739,
            0.1449233809023942,
            0.1378453091388171,
            0.1313795391554936,
            0.12552477277118115,
            0.12027725771890657,
            0.11563084383937862,
            0.11157704932780468,
            0.1081051367453439,
            0.10520219845459648,
            0.10285325107472153,
            0.10104133850676354,
            0.09974764301293583,
            0.0989516037990993,
            0.09863104248550264,
            0.09876229481993265,
            0.09932034793583915,
            0.10027898243122906
        ]
    },
    "CPU_time": {
        "derivatives": 0.0038149356842041016,
        "buildingVn": 0.13479399681091309,
        "spliting_Vn": 0.0,