{
    "geometry1": "spherical",
    "geometry2": "small",
    "ope": "b2p_tang_ipp",
    "lc": 0.015,
    "dimP": 2,
    "dimQ": 2,
    "N": 75,
    "f0": 1000,
    "frequencies": [
        80,
        100,
        120,
        140,
        160,
        180,
        200,
        220,
        240,
        260,
        280,
        300,
        320,
        340,
        360,
        380,
        400,
        420,
        440,
        460,
        480,
        500,
        520,
        540,
        560,
        580,
        600,
        620,
        640,
        660,
        680,
        700,
        720,
        740,
        760,
        780,
        800,
        820,
        840,
        860,
        880,
        900,
        920,
        940,
        960,
        980,
        1000,
        1020,
        1040,
        1060,
        1080,
        1100,
        1120,
        1140,
        1160,
        1180,
        1200,
        1220,
        1240,
        1260,
        1280,
        1300,
        1320,
        1340,
        1360,
        1380,
        1400,
        1420,
        1440,
        1460,
        1480,
        1500,
        1520,
        1540,
        1560,
        1580,
        1600,
        1620,
        1640,
        1660,
        1680,
        1700,
        1720,
        1740,
        1760,
        1780,
        1800,
        1820,
        1840,
        1860,
        1880,
        1900,
        1920,
        1940,
        1960,
        1980,
        2000
    ],
    "Z_center": {
        "real": [
            0.01056767532644666,
            0.016478671660791474,
            0.02367078682363908,
            0.032124746202117624,
            0.04181793895053938,
            0.05272450020405011,
            0.06481540456257531,
            0.07805857032704037,
            0.09241897393408254,
            0.10785877400365011,
            0.12433744438530919,
            0.14181191556302744,
            0.16023672375426165,
            0.1795641670181482,
            0.19974446766983045,
            0.22072594028329154,
            0.24245516455525856,
            0.26487716229691816,
            0.28793557781911727,
            0.31157286098070264,
            0.3357304521775349,
            0.3603489685626901,
            0.38536839080452917,
            0.4107282497095599,
            0.4363678120599269,
            0.4622262650412226,
            0.4882428986637181,
            0.514357285609661,
            0.5405094579695484,
            0.5666400803610441,
            0.5926906189561847,
            0.6186035059728245,
            0.6443222992178139,
            0.6697918362982302,
            0.694958383147393,
            0.7197697765385095,
            0.7441755602863179,
            0.7681271148610112,
            0.7915777801628634,
            0.8144829712263074,
            0.8368002866437473,
            0.8584896095163814,
            0.879513200757323,
            0.89983578458711,
            0.9194246260769035,
            0.9382496006069725,
            0.9562832551215212,
            0.9735008610722106,
            0.9898804589541288,
            1.0054028943493842,
            1.0200518454048144,
            1.0338138416816656,
            1.0466782743274092,
            1.058637397532723,
            1.069686321250382,
            1.0798229951680576,
            1.0890481839431987,
            1.0973654337262155,
            1.1047810300174712,
            1.111303946925084,
            1.116945787913421,
            1.121720718156591,
            1.1256453886392164,
            1.1287388521724682,
            1.1310224715269046,
            1.1325198199116646,
            1.1332565740652472,
            1.1332604002549655,
            1.1325608335194062,
            1.131189150521403,
            1.129178236417153,
            1.1265624461817811,
            1.123377460867857,
            1.119660139308741,
            1.11544836581153,
            1.1107808944178033,
            1.1056971903405732,
            1.100237269214491,
            1.0944415348208532,
            1.0883506159738348,
            1.0820052032712852,
            1.07544588643027,
            1.068712992938819,
            1.0618464287626166,
            1.0548855218469109,
            1.047868869153708,
            1.0408341879653347,
            1.0338181721738113,
            1.0268563542591551,
            1.019982973636155,
            1.0132308520218396,
            1.0066312764443182,
            1.000213890474346,
            0.9940065942225585,
            0.9880354535925416,
            0.982324619238611,
            0.976896255612143
        ],
        "imag": [
            0.12281163150417497,
            0.15302421653293202,
            0.18291219578172146,
            0.21241291065344947,
            0.24146491964003425,
            0.2700081872879945,
            0.2979842670602555,
            0.32533647740479704,
            0.3520100703905426,
            0.3779523923197707,
            0.40311303577463653,
            0.4274439826032408,
            0.4508997373999188,
            0.4734374510839386,
            0.49501703423266064,
            0.5156012598773527,
            0.5351558555238286,
            0.5536495842139704,
            0.5710543144979978,
            0.5873450792409143,
            0.6025001232377416,
            0.6165009396626555,
            0.6293322954236532,
            0.6409822455396882,
            0.651442136698137,
            0.6607066001882165,
            0.6687735344410601,
            0.6756440774370408,
            0.6813225692693374,
            0.6858165051752803,
            0.6891364793683503,
            0.6912961200201652,
            0.6923120157561767,
            0.6922036340401122,
            0.6909932318306972,
            0.6887057589010158,
            0.6853687542152692,
            0.6810122357605446,
            0.6756685842328343,
            0.6693724209771473,
            0.6621604805809244,
            0.654071478519727,
            0.6451459742527218,
            0.6354262301649998,
            0.6249560667525196,
            0.6137807144457724,
            0.6019466624684465,
            0.589501505127629,
            0.5764937859355812,
            0.5629728399639424,
            0.5489886348364353,
            0.5345916107694496,
            0.5198325200761331,
            0.5047622665549091,
            0.4894317451907231,
            0.4738916826040189,
            0.4581924786899771,
            0.44238404989880187,
            0.4265156746139783,
            0.4106358410941277,
            0.3947920984490261,
            0.3790309111270263,
            0.36339751739482506,
            0.3479357922933614,
            0.3326881155551941,
            0.31769524496683105,
            0.3029961956572305,
            0.2886281257869128,
            0.2746262291036355,
            0.26102363481904384,
            0.24785131524598544,
            0.23513800161663734,
            0.22291010848174408,
            0.2111916670643437,
            0.20000426791333017,
            0.18936701316989737,
            0.17929647872319918,
            0.16980668649352015,
            0.16090908703810441,
            0.15261255262849138,
            0.14492338090239065,
            0.13784530913880025,
            0.13137953915541511,
            0.12552477277119278,
            0.12027725771883939,
            0.11563084383929487,
            0.11157704932764541,
            0.108105136745285,
            0.1052021984545322,
            0.1028532510749048,
            0.10104133850668387,
            0.09974764301289522,
            0.0989516037990799,
            0.09863104248543043,
            0.09876229481981268,
            0.0993203479357823,
            0.10027898243111281
        ]
    },
    "CPU_time": {
        "derivatives": 0.003846883773803711,
        "buildingVn": 0.1263110637664795,
        "spliting_Vn": 0.0,
        "solvingMOR": 0.05428314208984375,