{
    "geometry1": "spherical",
    "geometry2": "small",
    "ope": "b2p_tang_ipp",
    "lc": 0.015,
    "dimP": 2,
    "dimQ": 2,
    "N": 34,
    "f0": 1000,
    "frequencies": [
        80,
        100,
        120,
        140,
        160,
        180,
        200,
        220,
        240,
        260,
        280,
        300,
        320,
        340,
        360,
        380,
        400,
        420,
        440,
        460,
        480,
        500,
        520,
        540,
        560,
        580,
        600,
        620,
        640,
        660,
        680,
        700,
        720,
        740,
        760,
        780,
        800,
        820,
        840,
        860,
        880,
        900,
        920,
        940,
        960,
        980,
        1000,
        1020,
        1040,
        1060,
        1080,
        1100,
        1120,
        1140,
        1160,
        1180,
        1200,
        1220,
        1240,
        1260,
        1280,
        1300,
        1320,
        1340,
        1360,
        1380,
        1400,
        1420,
        1440,
        1460,
        1480,
        1500,
        1520,
        1540,
        1560,
        1580,
        1600,
        1620,
        1640,
        1660,
        1680,
        1700,
        1720,
        1740,
        1760,
        1780,
        1800,
        1820,
        1840,
        1860,
        1880,
        1900,
        1920,
        1940,
        1960,
        1980,
        2000
    ],
    "Z_center": {
        "real": [
            0.01056767532644141,
            0.01647867166078649,
            0.023670786823635673,
            0.032124746202116666,
            0.04181793895053817,
            0.05272450020404671,
            0.06481540456256724,
            0.0780585703270355,
            0.09241897393407802,
            0.10785877400364187,
            0.12433744438529841,
            0.14181191556301545,
            0.16023672375424491,
            0.17956416701813216,
            0.19974446766980936,
            0.220725940283275,
            0.24245516455525284,
            0.2648771622969047,
            0.28793557781910967,
            0.31157286098066334,
            0.33573045217749575,
            0.3603489685626699,
            0.3853683908045068,
            0.4107282497095239,
            0.4363678120599154,
            0.4622262650412039,
            0.488242898663687,
            0.5143572856096558,
            0.5405094579695242,
            0.5666400803610198,
            0.592690618956145,
            0.6186035059728113,
            0.6443222992177782,
            0.6697918362982009,
            0.6949583831473596,
            0.7197697765384793,
            0.7441755602862761,
            0.7681271148609887,
            0.7915777801628359,
            0.8144829712262712,
            0.836800286643706,
            0.8584896095163478,
            0.8795132007572799,
            0.8998357845870761,
            0.9194246260768753,
            0.9382496006069326,
            0.9562832551214798,
            0.9735008610721768,
            0.9898804589540898,
            1.005402894349351,
            1.020051845404785,
            1.0338138416816345,
            1.0466782743273824,
            1.0586373975327108,
            1.0696863212503653,
            1.0798229951680336,
            1.0890481839431856,
            1.09736543372621,
            1.1047810300174807,
            1.1113039469251045,
            1.1169457879134126,
            1.1217207181566402,
            1.1256453886392408,
            1.1287388521725217,
            1.131022471526964,
            1.1325198199117594,
            1.133256574065322,
            1.1332604002550493,
            1.132560833519497,
            1.131189150521536,
            1.1291782364173002,
            1.126562446181907,
            1.1233774608679716,
            1.1196601393088823,
            1.1154483658116718,
            1.1107808944179685,
            1.1056971903407984,
            1.100237269214692,
            1.0944415348210312,
            1.0883506159740721,
            1.0820052032715184,
            1.0754458864305125,
            1.068712992939096,
            1.0618464287628264,
            1.0548855218471411,
            1.0478688691539828,
            1.040834187965604,
            1.0338181721740656,
            1.0268563542594047,
            1.0199829736363542,
            1.0132308520221112,
            1.0066312764445273,
            1.0002138904746916,
            0.9940065942227637,
            0.9880354535927319,
            0.9823246192387153,
            0.9768962556123773
        ],
        "imag": [
            0.12281163150414834,
            0.15302421653290196,
            0.1829121957816842,
            0.21241291065340506,
            0.24146491963998923,
            0.27000818728794146,
            0.29798426706019554,
            0.32533647740473565,
            0.3520100703904737,
            0.37795239231969907,
            0.40311303577455754,
            0.427443982603161,
            0.4508997373998346,
            0.47343745108385277,
            0.4950170342325768,
            0.5156012598772626,
            0.5351558555237358,
            0.5536495842138709,
            0.5710543144979202,
            0.5873450792407915,
            0.6025001232376415,
            0.6165009396625896,
            0.6293322954235642,
            0.6409822455395936,
            0.6514421366980346,
            0.6607066001881179,
            0.6687735344409615,
            0.6756440774369508,
            0.6813225692692594,
            0.6858165051751923,
            0.6891364793682716,
            0.691296120020092,
            0.6923120157561029,
            0.6922036340400421,
            0.6909932318306228,
            0.6887057589009588,
            0.6853687542152227,
            0.6810122357604965,
            0.6756685842328027,
            0.6693724209771191,
            0.6621604805808985,
            0.6540714785196976,
            0.6451459742527147,
            0.6354262301649913,
            0.6249560667525059,
            0.6137807144457955,
            0.6019466624684638,
            0.5895015051276629,
            0.5764937859356233,
            0.5629728399639983,
            0.5489886348365027,
            0.5345916107695283,
            0.5198325200762133,
            0.5047622665550036,
            0.489431745190842,
            0.4738916826041274,
            0.45819247869011753,
            0.4423840498989479,
            0.4265156746141347,
            0.4106358410942985,
            0.39479209844919777,
            0.37903091112720183,
            0.36339751739501897,
            0.34793579229358146,
            0.3326881155554082,
            0.31769524496705626,
            0.30299619565747504,
            0.2886281257871718,
            0.2746262291038718,
            0.26102363481930857,
            0.2478513152462356,
            0.23513800161690734,
            0.222910108481999,
            0.21119166706459908,
            0.20000426791359044,
            0.18936701317016835,
            0.1792964787234533,
            0.16980668649380798,
            0.16090908703835172,
            0.15261255262876874,
            0.1449233809026482,
            0.1378453091389826,
            0.13137953915569214,
            0.12552477277140217,
            0.12027725771908375,
            0.11563084383952961,
            0.11157704932783959,
            0.1081051367455025,
            0.10520219845463309,
            0.10285325107498079,
            0.10104133850685892,
            0.09974764301309941,
            0.09895160379914583,
            0.0986310424855762,
            0.09876229481993043,
            0.09932034793593134,
            0.10027898243125186
        ]
    },
    "CPU_time": {
        "derivatives": 0.0037059783935546875,
        "buildingVn": 0.05415701866149902,
        "spliting_Vn": 0.0,