{
    "geometry1": "spherical",
    "geometry2": "small",
    "ope": "b2p_tang_ipp",
    "lc": 0.015,
    "dimP": 2,
    "dimQ": 2,
    "N": 30,
    "f0": 1000,
    "frequencies": [
        80,
        100,
        120,
        140,
        160,
        180,
        200,
        220,
        240,
        260,
        280,
        300,
        320,
        340,
        360,
        380,
        400,
        420,
        440,
        460,
        480,
        500,
        520,
        540,
        560,
        580,
        600,
        620,
        640,
        660,
        680,
        700,
        720,
        740,
        760,
        780,
        800,
        820,
        840,
        860,
        880,
        900,
        920,
        940,
        960,
        980,
        1000,
        1020,
        1040,
        1060,
        1080,
        1100,
        1120,
        1140,
        1160,
        1180,
        1200,
        1220,
        1240,
        1260,
        1280,
        1300,
        1320,
        1340,
        1360,
        1380,
        1400,
        1420,
        1440,
        1460,
        1480,
        1500,
        1520,
        1540,
        1560,
        1580,
        1600,
        1620,
        1640,
        1660,
        1680,
        1700,
        1720,
        1740,
        1760,
        1780,
        1800,
        1820,
        1840,
        1860,
        1880,
        1900,
        1920,
        1940,
        1960,
        1980,
        2000
    ],
    "Z_center": {
        "real": [
            0.010567675326442096,
            0.016478671660784195,
            0.023670786823632075,
            0.03212474620211369,
            0.04181793895053068,
            0.05272450020403868,
            0.0648154045625604,
            0.07805857032702843,
            0.09241897393407505,
            0.10785877400363458,
            0.12433744438528932,
            0.14181191556300854,
            0.16023672375423995,
            0.17956416701812383,
            0.19974446766980694,
            0.22072594028326753,
            0.24245516455523405,
            0.26487716229689173,
            0.287935577819095,
            0.311572860980672,
            0.3357304521774888,
            0.3603489685626669,
            0.3853683908045015,
            0.4107282497095517,
            0.43636781205990466,
            0.46222626504119413,
            0.48824289866367293,
            0.5143572856096361,
            0.5405094579695245,
            0.5666400803610183,
            0.5926906189561382,
            0.6186035059728141,
            0.6443222992177827,
            0.6697918362981963,
            0.6949583831473468,
            0.7197697765384836,
            0.7441755602862671,
            0.7681271148609824,
            0.7915777801628308,
            0.8144829712262748,
            0.8368002866437058,
            0.8584896095163561,
            0.8795132007572808,
            0.8998357845870886,
            0.9194246260768899,
            0.9382496006069457,
            0.9562832551214997,
            0.9735008610721986,
            0.9898804589541217,
            1.005402894349383,
            1.020051845404812,
            1.0338138416816722,
            1.0466782743274206,
            1.058637397532749,
            1.06968632125041,
            1.079822995168092,
            1.0890481839432393,
            1.0973654337262724,
            1.1047810300175223,
            1.1113039469251567,
            1.1169457879134663,
            1.1217207181566669,
            1.125645388639285,
            1.1287388521725517,
            1.1310224715269834,
            1.1325198199117696,
            1.1332565740653358,
            1.1332604002550413,
            1.1325608335194834,
            1.1311891505214826,
            1.1291782364172813,
            1.1265624461818509,
            1.1233774608678972,
            1.1196601393088115,
            1.1154483658116179,
            1.1107808944178568,
            1.1056971903406552,
            1.1002372692145699,
            1.0944415348209193,
            1.0883506159739398,
            1.0820052032714147,
            1.0754458864303607,
            1.0687129929389085,
            1.0618464287626832,
            1.0548855218469824,
            1.0478688691538431,
            1.0408341879654228,
            1.0338181721738888,
            1.0268563542592133,
            1.0199829736362407,
            1.0132308520219184,
            1.0066312764443455,
            1.000213890474488,
            0.994006594222619,
            0.9880354535925906,
            0.9823246192385606,
            0.9768962556121844
        ],
        "imag": [
            0.12281163150415225,
            0.15302421653290488,
            0.18291219578168605,
            0.21241291065341064,
            0.24146491963999328,
            0.2700081872879446,
            0.297984267060202,
            0.32533647740473726,
            0.35201007039047716,
            0.37795239231970096,
            0.4031130357745644,
            0.4274439826031689,
            0.4508997373998384,
            0.4734374510838558,
            0.4950170342325764,
            0.515601259877263,
            0.5351558555237494,
            0.5536495842138801,
            0.5710543144979108,
            0.5873450792408108,
            0.6025001232376466,
            0.6165009396625599,
            0.6293322954235442,
            0.640982245539592,
            0.6514421366980148,
            0.6607066001881199,
            0.668773534440957,
            0.6756440774369359,
            0.6813225692692337,
            0.6858165051751796,
            0.6891364793682574,
            0.6912961200200709,
            0.6923120157560844,
            0.6922036340400248,
            0.6909932318306008,
            0.6887057589009391,
            0.6853687542151906,
            0.6810122357604731,
            0.6756685842327838,
            0.6693724209771024,
            0.6621604805808866,
            0.6540714785196879,
            0.6451459742526984,
            0.6354262301649819,
            0.6249560667524963,
            0.6137807144457929,
            0.6019466624684701,
            0.5895015051276693,
            0.5764937859356325,
            0.5629728399640171,
            0.5489886348365234,
            0.5345916107695671,
            0.5198325200762584,
            0.5047622665550595,
            0.4894317451908992,
            0.473891682604201,
            0.45819247869020574,
            0.4423840498990414,
            0.4265156746142541,
            0.4106358410944333,
            0.39479209844933444,
            0.37903091112737974,
            0.363397517395189,
            0.34793579229378324,
            0.33268811555561917,
            0.31769524496727614,
            0.30299619565770913,
            0.2886281257874091,
            0.27462622910412743,
            0.2610236348195843,
            0.24785131524654333,
            0.23513800161719262,
            0.2229101084823112,
            0.2111916670649293,
            0.2000042679139573,
            0.18936701317049726,
            0.17929647872378945,
            0.1698066864941544,
            0.16090908703868148,
            0.1526125526291106,
            0.14492338090300205,
            0.1378453091393565,
            0.13137953915607178,
            0.12552477277178803,
            0.12027725771942091,
            0.11563084383988771,
            0.11157704932818424,
            0.10810513674580596,
            0.1052021984549656,
            0.10285325107531035,
            0.10104133850720193,
            0.0997476430133883,
            0.09895160379942403,
            0.09863104248591209,
            0.09876229482019133,
            0.09932034793618094,
            0.10027898243140342
        ]
    },
    "CPU_time": {
        "derivatives": 0.0037021636962890625,
        "buildingVn": 0.04999709129333496,
        "spliting_Vn": 0.0,