{
    "geometry1": "spherical",
    "geometry2": "large",
    "ope": "b2p_tang_ipp",
    "lc": 0.015,
    "dimP": 2,
    "dimQ": 2,
    "N": 81,
    "f0": 1000,
    "frequencies": [
        80,
        100,
        120,
        140,
        160,
        180,
        200,
        220,
        240,
        260,
        280,
        300,
        320,
        340,
        360,
        380,
        400,
        420,
        440,
        460,
        480,
        500,
        520,
        540,
        560,
        580,
        600,
        620,
        640,
        660,
        680,
        700,
        720,
        740,
        760,
        780,
        800,
        820,
        840,
        860,
        880,
        900,
        920,
        940,
        960,
        980,
        1000,
        1020,
        1040,
        1060,
        1080,
        1100,
        1120,
        1140,
        1160,
        1180,
        1200,
        1220,
        1240,
        1260,
        1280,
        1300,
        1320,
        1340,
        1360,
        1380,
        1400,
        1420,
        1440,
        1460,
        1480,
        1500,
        1520,
        1540,
        1560,
        1580,
        1600,
        1620,
        1640,
        1660,
        1680,
        1700,
        1720,
        1740,
        1760,
        1780,
        1800,
        1820,
        1840,
        1860,
        1880,
        1900,
        1920,
        1940,
        1960,
        1980,
        2000
    ],
    "Z_center": {
        "real": [
            0.010654643351337282,
            0.016613518649391805,
            0.023863294424518337,
            0.03238436366518685,
            0.04215385398371174,
            0.053145740723207525,
            0.0653309559589077,
            0.07867748967535824,
            0.0931504814728561,
            0.1087123034269576,
            0.12532263693372284,
            0.14293854826649546,
            0.16151456892553262,
            0.181002787511555,
            0.2013529597028336,
            0.222512641951028,
            0.24442735280919997,
            0.2670407635251226,
            0.29029491690228565,
            0.31413047072723127,
            0.3384869595841593,
            0.3633030669154702,
            0.3885168979878987,
            0.4140662441628041,
            0.4398888296217708,
            0.4659225334259005,
            0.49210558232923296,
            0.518376712854285,
            0.5446753044189011,
            0.5709414883858254,
            0.5971162404095084,
            0.6231414650661166,
            0.6489600822745963,
            0.6745161243944051,
            0.6997548512131703,
            0.7246228875360887,
            0.7490683850684349,
            0.7730412070926282,
            0.7964931314263309,
            0.8193780646074037,
            0.8416522584202726,
            0.8632745189063414,
            0.8842063979618165,
            0.9044123585024214,
            0.9238599058757608,
            0.9425196805637973,
            0.9603655100147407,
            0.9773744204078773,
            0.9935266119955867,
            1.0088054041036238,
            1.023197157659924,
            1.0366911840910067,
            1.0492796494925258,
            1.0609574821682752,
            1.0717222900642036,
            1.0815742925045426,
            1.090516268227124,
            1.0985535192874987,
            1.1056938482176895,
            1.1119475440886297,
            1.1173273719757018,
            1.1218485598163301,
            1.1255287767568003,
            1.1283880977247371,
            1.1304489500003094,
            1.1317360388431421,
            1.1322762506093869,
            1.1320985331250841,
            1.1312337542733037,
            1.1297145407243732,
            1.1275750994643787,
            1.124851025251191,
            1.1215790973875017,
            1.117797069276691,
            1.113543454199532,
            1.1088573106674866,
            1.1037780306277283,
            1.098345133758437,
            1.0925980710896939,
            1.08657604120662,
            1.0803178222422414,
            1.0738616227119346,
            1.0672449538177387,
            1.0605045251531502,
            1.053676164682626,
            1.0467947624823604,
            1.0398942360884273,
            1.0330075135449828,
            1.0261665285433095,
            1.0194022206290687,
            1.0127445324881281,
            1.0062223960464285,
            0.9998636995636904,
            0.9936952291852588,
            0.9877425804701191,
            0.9820300380820339,
            0.9765804250079623
        ],
        "imag": [
            0.12329831529189071,
            0.1536267855126109,
            0.18362717150150643,
            0.21323642390374328,
            0.24239279451184928,
            0.27103598610717805,
            0.29910728566424644,
            0.3265496859923985,
            0.35330800180213623,
            0.37932898634389495,
            0.4045614541492584,
            0.42895641406778945,
            0.4524672148741996,
            0.47504970342324604,
            0.49666239290142034,
            0.517266636434479,
            0.5368267994210272,
            0.5553104227043257,
            0.5726883682373352,
            0.5889349393300054,
            0.6040279688891913,
            0.6179488711671807,
            0.6306826552275248,
            0.6422179013406808,
            0.6525467045083229,
            0.6616645919377226,
            0.6695704232231575,
            0.676266282983362,
            0.6817573756014006,
            0.6860519304986494,
            0.6891611241747225,
            0.6910990223186835,
            0.6918825420003316,
            0.6915314306853783,
            0.6900682559734259,
            0.6875183978538516,
            0.6839100341266112,
            0.6792741095334965,
            0.6736442800606862,
            0.667056825673313,
            0.6595505272173031,
            0.6511665061164126,
            0.6419480285200736,
            0.631940278438444,
            0.621190106869776,
            0.6097457657556373,
            0.5976566366213405,
            0.5849729638763409,
            0.5717456019536202,
            0.558025783841974,
            0.5438649162847635,
            0.5293144042275322,
            0.5144255042866516,
            0.4992492043812702,
            0.48383612449288455,
            0.46823643199984527,
            0.4524997642995131,
            0.43667515150192515,
            0.4208109327863353,
            0.4049546614047139,
            0.3891529950964388,
            0.37345157062130585,
            0.3578948630133937,
            0.34252603182467367,
            0.32738675793779143,
            0.3125170754133599,
            0.29795520328077246,
            0.28373738222158473,
            0.26989772079596547,
            0.2564680553164298,
            0.24347782676547952,
            0.23095397739662116,
            0.21892086889517967,
            0.20740022329753544,
            0.19641108728039278,
            0.18596981995091083,
            0.176090103865791,
            0.1667829786402994,
            0.15805689609846255,
            0.1499177954372104,
            0.14236919625305075,
            0.1354123065288699,
            0.12904614183759613,
            0.12326765115333829,
            0.1180718439397177,
            0.11345191268063021,
            0.10939934497605038,
            0.10590401975046652,
            0.1029542831663602,
            0.10053700143962588,
            0.098637589863877,
            0.09724001980040894,
            0.09632680796590133,
            0.09587899481280321,
            0.09587612088266481,
            0.096296211466085,
            0.09711578057548842
        ]
    },
    "CPU_time": {
        "derivatives": 0.09867715835571289,
        "buildingVn": 16.02772879600525,
        "spliting_Vn": 0.0,
        "solvingMOR": 0.3217747211456299,