{
    "geometry1": "spherical",
    "geometry2": "large",
    "ope": "b2p_tang_ipp",
    "lc": 0.015,
    "dimP": 2,
    "dimQ": 2,
    "N": 27,
    "f0": 1000,
    "frequencies": [
        80,
        100,
        120,
        140,
        160,
        180,
        200,
        220,
        240,
        260,
        280,
        300,
        320,
        340,
        360,
        380,
        400,
        420,
        440,
        460,
        480,
        500,
        520,
        540,
        560,
        580,
        600,
        620,
        640,
        660,
        680,
        700,
        720,
        740,
        760,
        780,
        800,
        820,
        840,
        860,
        880,
        900,
        920,
        940,
        960,
        980,
        1000,
        1020,
        1040,
        1060,
        1080,
        1100,
        1120,
        1140,
        1160,
        1180,
        1200,
        1220,
        1240,
        1260,
        1280,
        1300,
        1320,
        1340,
        1360,
        1380,
        1400,
        1420,
        1440,
        1460,
        1480,
        1500,
        1520,
        1540,
        1560,
        1580,
        1600,
        1620,
        1640,
        1660,
        1680,
        1700,
        1720,
        1740,
        1760,
        1780,
        1800,
        1820,
        1840,
        1860,
        1880,
        1900,
        1920,
        1940,
        1960,
        1980,
        2000
    ],
    "Z_center": {
        "real": [
            0.010654643297643724,
            0.01661351864939312,
            0.023863294466083398,
            0.03238436373161489,
            0.04215385405838845,
            0.053145740792871765,
            0.0653309560153289,
            0.07867748971543126,
            0.093150481497501,
            0.108712303439455,
            0.12532263693810855,
            0.14293854826640343,
            0.16151456892361565,
            0.18100278750938922,
            0.20135295970113032,
            0.2225126419499466,
            0.24442735280862818,
            0.26704076352487904,
            0.2902949169022101,
            0.31413047072722183,
            0.33848695958416863,
            0.3633030669154778,
            0.3885168979878999,
            0.4140662441628005,
            0.4398888296217675,
            0.4659225334258973,
            0.49210558232922985,
            0.5183767128542899,
            0.5446753044189081,
            0.5709414883858321,
            0.5971162404095184,
            0.6231414650661244,
            0.6489600822746207,
            0.6745161243944244,
            0.6997548512131815,
            0.7246228875360979,
            0.7490683850684454,
            0.7730412070926413,
            0.7964931314263279,
            0.8193780646074011,
            0.8416522584202639,
            0.8632745189063252,
            0.8842063979617995,
            0.9044123585024042,
            0.9238599058757447,
            0.94251968056378,
            0.9603655100147301,
            0.977374420407872,
            0.9935266119955847,
            1.0088054041036278,
            1.0231971576599304,
            1.0366911840910198,
            1.0492796494925398,
            1.0609574821682943,
            1.0717222900641996,
            1.0815742925045457,
            1.0905162682271148,
            1.0985535192874818,
            1.1056938482176777,
            1.1119475440885942,
            1.1173273719756673,
            1.1218485598162704,
            1.1255287767567754,
            1.1283880977247172,
            1.1304489500002508,
            1.13173603884311,
            1.132276250609378,
            1.1320985331249485,
            1.131233754272743,
            1.1297145407231963,
            1.1275750994632507,
            1.1248510252567665,
            1.121579097421178,
            1.11779706938481,
            1.1135434544400062,
            1.1088573110141975,
            1.1037780307048475,
            1.0983451323647382,
            1.0925980657208265,
            1.0865760283092647,
            1.0803177996268285,
            1.0738615957993287,
            1.0672449461825189,
            1.0605045900412164,
            1.0536763878424054,
            1.0467952401873897,
            1.0398950110010898,
            1.0330084618629214,
            1.0261672188635385,
            1.019401804484635,
            1.0127417637439797,
            1.0062158874366467,
            0.9998524862499014,
            0.993679612132915,
            0.987725083099388,
            0.9820161709922344,
            0.9765788719124707
        ],
        "imag": [
            0.12329831550372468,
            0.15362678570418914,
            0.18362717165650072,
            0.21323642401503964,
            0.2423927945804475,
            0.2710359861400326,
            0.299107285671441,
            0.3265496859843827,
            0.35330800178765903,
            0.37932898632897727,
            0.4045614541371264,
            0.4289564140594678,
            0.4524672148693417,
            0.47504970342090863,
            0.49666239290060576,
            0.5172666364344124,
            0.5368267994212216,
            0.5553104227045392,
            0.5726883682374849,
            0.5889349393300858,
            0.6040279688892268,
            0.6179488711671939,
            0.6306826552275273,
            0.6422179013406849,
            0.65254670450833,
            0.6616645919377309,
            0.6695704232231688,
            0.6762662829833717,
            0.6817573756014119,
            0.6860519304986601,
            0.6891611241747331,
            0.691099022318684,
            0.691882542000337,
            0.6915314306853707,
            0.6900682559734233,
            0.6875183978538413,
            0.683910034126598,
            0.6792741095334763,
            0.6736442800606695,
            0.6670568256732943,
            0.6595505272172917,
            0.6511665061164044,
            0.6419480285200676,
            0.6319402784384408,
            0.6211901068697776,
            0.6097457657556459,
            0.5976566366213498,
            0.5849729638763563,
            0.5717456019536353,
            0.5580257838419889,
            0.5438649162847773,
            0.529314404227542,
            0.5144255042866497,
            0.4992492043812598,
            0.48383612449286006,
            0.4682364319998291,
            0.4524997642994799,
            0.4366751515018995,
            0.42081093278631354,
            0.4049546614047005,
            0.38915299509643336,
            0.3734515706212844,
            0.3578948630134095,
            0.3425260318247146,
            0.3273867579378138,
            0.31251707541346885,
            0.2979552032807445,
            0.2837373822214409,
            0.26989772079618085,
            0.25646805531777594,
            0.24347782677106206,
            0.23095397741156662,
            0.21892086892131424,
            0.20740022330950367,
            0.19641108716823585,
            0.1859698194353098,
            0.1760901024688618,
            0.16678297594184183,
            0.15805689267696302,
            0.14991779484517725,
            0.1423692077468628,
            0.1354123467181627,
            0.1290462311171291,
            0.12326779904734002,
            0.11807201885003576,
            0.113451998945935,
            0.10939910459806636,
            0.10590309405930394,
            0.10295228135764724,
            0.10053371464777484,
            0.09863333006359552,
            0.09723601265967112,
            0.0963254862683943,
            0.09588397943025104,
            0.09589167960893627,
            0.09632607838302004,
            0.09716139546255938
        ]
    },
    "CPU_time": {
        "derivatives": 0.09578871726989746,
        "buildingVn": 10.489913940429688,
        "spliting_Vn": 0.0,
        "solvingMOR": 0.119873046875,