{
    "geometry1": "spherical",
    "geometry2": "large",
    "ope": "b2p_tang_ipp",
    "lc": 0.015,
    "dimP": 2,
    "dimQ": 2,
    "N": 12,
    "f0": 1000,
    "frequencies": [
        80,
        100,
        120,
        140,
        160,
        180,
        200,
        220,
        240,
        260,
        280,
        300,
        320,
        340,
        360,
        380,
        400,
        420,
        440,
        460,
        480,
        500,
        520,
        540,
        560,
        580,
        600,
        620,
        640,
        660,
        680,
        700,
        720,
        740,
        760,
        780,
        800,
        820,
        840,
        860,
        880,
        900,
        920,
        940,
        960,
        980,
        1000,
        1020,
        1040,
        1060,
        1080,
        1100,
        1120,
        1140,
        1160,
        1180,
        1200,
        1220,
        1240,
        1260,
        1280,
        1300,
        1320,
        1340,
        1360,
        1380,
        1400,
        1420,
        1440,
        1460,
        1480,
        1500,
        1520,
        1540,
        1560,
        1580,
        1600,
        1620,
        1640,
        1660,
        1680,
        1700,
        1720,
        1740,
        1760,
        1780,
        1800,
        1820,
        1840,
        1860,
        1880,
        1900,
        1920,
        1940,
        1960,
        1980,
        2000
    ],
    "Z_center": {
        "real": [
            0.010563487041141987,
            0.016502855749296712,
            0.02374059378821005,
            0.03225946781866881,
            0.04203766794585135,
            0.053048632693879896,
            0.06526120509111237,
            0.07864009542512106,
            0.09314655394918911,
            0.10873911860538125,
            0.12537430043307488,
            0.14300709769593634,
            0.16159127851144822,
            0.18107942769819926,
            0.20142280374012836,
            0.22257108629870995,
            0.24447210836172006,
            0.2670716597478878,
            0.29031342450072256,
            0.3141390808345137,
            0.3384885569870977,
            0.36330040712420164,
            0.3885122536366156,
            0.41406123792096416,
            0.4398844298738072,
            0.465919163035477,
            0.49210328238179646,
            0.518375310084172,
            0.5446745474681597,
            0.5709411373731228,
            0.5971161107594918,
            0.6231414368062076,
            0.6489600894481846,
            0.6745161374287723,
            0.6997548605962562,
            0.7246228924342412,
            0.749068387094314,
            0.7730412077648068,
            0.7964931316017355,
            0.8193780646417228,
            0.8416522584248626,
            0.8632745189066782,
            0.8842063979618172,
            0.9044123585024276,
            0.9238599058757822,
            0.9425196805638283,
            0.9603655100147896,
            0.9773744204079358,
            0.9935266119956484,
            1.0088054041036867,
            1.0231971576599068,
            1.0366911840902207,
            1.0492796494887555,
            1.060957482171575,
            1.0717222902215655,
            1.0815742936870123,
            1.0905162739422565,
            1.0985535403257716,
            1.1056939110216824,
            1.1119477003627007,
            1.117327697895162,
            1.1218491172767562,
            1.1255294904002928,
            1.1283884918921587,
            1.1304477077939088,
            1.1317304079947748,
            1.1322614297623583,
            1.1320673041602773,
            1.1311767350730553,
            1.1296214659209118,
            1.127437459223192,
            1.1246662018512195,
            1.1213558666732497,
            1.1175620285383798,
            1.1133476514999516,
            1.1087821249253322,
            1.1039392137114552,
            1.0988938876959717,
            1.0937180961788757,
            1.0884756480443984,
            1.0832164434684772,
            1.0779703809723833,
            1.0727413382828306,
            1.0675017029198972,
            1.0621880121785436,
            1.0566983486591575,
            1.05089221105807,
            1.0445936087495618,
            1.0375980647626564,
            1.0296839977161008,
            1.0206285394331185,
            1.0102272164581299,
            0.9983161321468662,
            0.9847944713044745,
            0.9696445321784217,
            0.9529463199893641,
            0.9348841962155728
        ],
        "imag": [
            0.12327323574957597,
            0.15361942120704306,
            0.1836450653865602,
            0.21328400461626712,
            0.24247056269291206,
            0.2711403359498975,
            0.29923102878281405,
            0.3266831747101908,
            0.353440620731024,
            0.37945071821207516,
            0.40466423320059314,
            0.4290350472850402,
            0.4525197559252816,
            0.4750772797652202,
            0.49666858751226217,
            0.5172565934153811,
            0.5368062480620165,
            0.5552847984774062,
            0.5726621609731467,
            0.5889113332633146,
            0.6040087725438978,
            0.6179346812394944,
            0.6306731667968255,
            0.6422122696283958,
            0.6525438776684284,
            0.6616635622773875,
            0.6695703763341775,
            0.6762666519855162,
            0.6817578255414333,
            0.6860523042834866,
            0.6891613780944729,
            0.6910991701987564,
            0.6918826166777068,
            0.6915314631631411,
            0.6900682678459742,
            0.6875184013034856,
            0.6839100348068969,
            0.6792741095557839,
            0.6736442800142461,
            0.6670568256521893,
            0.6595505272121326,
            0.651166506115694,
            0.6419480285200747,
            0.6319402784385068,
            0.6211901068698376,
            0.6097457657556958,
            0.597656636621387,
            0.58497296387638,
            0.5717456019536423,
            0.5580257838419814,
            0.5438649162848218,
            0.5293144042288284,
            0.5144255043005167,
            0.4992492044751587,
            0.48383612494182876,
            0.46823643359034123,
            0.4524997684623025,
            0.43667515865840706,
            0.42081093446676415,
            0.40495461753426154,
            0.3891527847451436,
            0.37345090814788207,
            0.3578931899126126,
            0.3425224335941083,
            0.32738001123421756,
            0.3125059843221308,
            0.29793940138900066,
            0.2837187252077558,
            0.26988225693852497,
            0.256468355799943,
            0.24351523163821515,
            0.23106012721987848,
            0.21913779799805863,
            0.20777831537909128,
            0.1970043383804291,
            0.1868280977778104,
            0.17724840571672681,
            0.16824803986057454,
            0.15979185745642702,
            0.1518259771025976,
            0.1442783312177286,
            0.13706084573933036,
            0.1300734475145051,
            0.12321003080003476,
            0.11636642218774676,
            0.10945025198790567,
            0.10239245097247442,
            0.09515983045155181,
            0.0877678727605538,
            0.08029248921619915,
            0.07287916436825881,
            0.0657477109813969,
            0.059190945016211104,
            0.05356607029171423,
            0.049278474980587815,
            0.04675888639054968,
            0.046436152365180415
        ]
    },
    "CPU_time": {
        "derivatives": 0.10202193260192871,
        "buildingVn": 9.096961975097656,
        "spliting_Vn": 0.0,