{
    "geometry1": "spherical",
    "geometry2": "small",
    "ope": "b2p_tang_ipp",
    "lc": 0.015,
    "dimP": 2,
    "dimQ": 2,
    "N": 72,
    "f0": 1000,
    "frequencies": [
        80,
        100,
        120,
        140,
        160,
        180,
        200,
        220,
        240,
        260,
        280,
        300,
        320,
        340,
        360,
        380,
        400,
        420,
        440,
        460,
        480,
        500,
        520,
        540,
        560,
        580,
        600,
        620,
        640,
        660,
        680,
        700,
        720,
        740,
        760,
        780,
        800,
        820,
        840,
        860,
        880,
        900,
        920,
        940,
        960,
        980,
        1000,
        1020,
        1040,
        1060,
        1080,
        1100,
        1120,
        1140,
        1160,
        1180,
        1200,
        1220,
        1240,
        1260,
        1280,
        1300,
        1320,
        1340,
        1360,
        1380,
        1400,
        1420,
        1440,
        1460,
        1480,
        1500,
        1520,
        1540,
        1560,
        1580,
        1600,
        1620,
        1640,
        1660,
        1680,
        1700,
        1720,
        1740,
        1760,
        1780,
        1800,
        1820,
        1840,
        1860,
        1880,
        1900,
        1920,
        1940,
        1960,
        1980,
        2000
    ],
    "Z_center": {
        "real": [
            0.01056767532644697,
            0.016478671660793174,
            0.02367078682364476,
            0.03212474620212315,
            0.041817938950545315,
            0.0527245002040592,
            0.06481540456257905,
            0.0780585703270445,
            0.09241897393408759,
            0.10785877400364965,
            0.12433744438530207,
            0.14181191556302408,
            0.16023672375424597,
            0.17956416701813327,
            0.19974446766982584,
            0.22072594028327605,
            0.24245516455524083,
            0.2648771622968981,
            0.2879355778191095,
            0.31157286098068493,
            0.33573045217750713,
            0.3603489685626557,
            0.3853683908045143,
            0.4107282497095477,
            0.43636781205992126,
            0.4622262650411863,
            0.48824289866365883,
            0.5143572856096285,
            0.5405094579695185,
            0.5666400803610049,
            0.5926906189561345,
            0.6186035059727885,
            0.6443222992177688,
            0.669791836298187,
            0.6949583831473427,
            0.7197697765384709,
            0.7441755602862665,
            0.7681271148609661,
            0.7915777801627916,
            0.8144829712262606,
            0.8368002866436675,
            0.8584896095163236,
            0.8795132007572578,
            0.8998357845870508,
            0.9194246260768554,
            0.9382496006069004,
            0.9562832551214552,
            0.9735008610721428,
            0.9898804589540666,
            1.0054028943493094,
            1.0200518454047405,
            1.0338138416815958,
            1.0466782743273357,
            1.0586373975326457,
            1.0696863212502985,
            1.079822995167981,
            1.0890481839431254,
            1.0973654337261312,
            1.1047810300173881,
            1.1113039469249955,
            1.1169457879133369,
            1.1217207181565132,
            1.1256453886391156,
            1.128738852172385,
            1.1310224715268187,
            1.1325198199116044,
            1.1332565740651415,
            1.1332604002549151,
            1.1325608335193116,
            1.131189150521304,
            1.129178236417055,
            1.1265624461816697,
            1.1233774608677316,
            1.1196601393086285,
            1.1154483658114296,
            1.110780894417671,
            1.105697190340441,
            1.1002372692143205,
            1.094441534820719,
            1.0883506159737069,
            1.0820052032711873,
            1.0754458864301957,
            1.068712992938686,
            1.061846428762442,
            1.054885521846781,
            1.0478688691536482,
            1.0408341879652292,
            1.033818172173675,
            1.02685635425914,
            1.0199829736359989,
            1.0132308520218443,
            1.0066312764441863,
            1.000213890474389,
            0.9940065942224879,
            0.9880354535924103,
            0.9823246192385957,
            0.9768962556121773
        ],
        "imag": [
            0.122811631504163,
            0.15302421653291215,
            0.18291219578169657,
            0.21241291065341783,
            0.24146491964000646,
            0.27000818728795767,
            0.29798426706021275,
            0.32533647740475435,
            0.3520100703904954,
            0.37795239231972,
            0.4031130357745815,
            0.4274439826031844,
            0.4508997373998528,
            0.4734374510838816,
            0.49501703423259313,
            0.5156012598772778,
            0.5351558555237557,
            0.5536495842139016,
            0.5710543144979238,
            0.5873450792408415,
            0.6025001232376842,
            0.6165009396625942,
            0.6293322954235976,
            0.640982245539624,
            0.6514421366980593,
            0.6607066001881631,
            0.6687735344409899,
            0.6756440774369714,
            0.6813225692692664,
            0.6858165051752207,
            0.6891364793682877,
            0.6912961200201024,
            0.6923120157561219,
            0.6922036340400521,
            0.6909932318306385,
            0.6887057589009564,
            0.6853687542152161,
            0.6810122357604794,
            0.6756685842327907,
            0.6693724209771277,
            0.6621604805808801,
            0.6540714785196832,
            0.6451459742526835,
            0.6354262301649674,
            0.6249560667524607,
            0.6137807144457541,
            0.601946662468419,
            0.5895015051276095,
            0.576493785935553,
            0.5629728399639251,
            0.5489886348364198,
            0.5345916107694324,
            0.5198325200761184,
            0.5047622665548832,
            0.48943174519071975,
            0.47389168260399805,
            0.458192478689981,
            0.4423840498987985,
            0.4265156746139964,
            0.4106358410941246,
            0.39479209844900537,
            0.3790309111270279,
            0.3633975173948119,
            0.34793579229338556,
            0.33268811555522526,
            0.3176952449668415,
            0.3029961956572656,
            0.2886281257869313,
            0.27462622910361933,
            0.261023634819067,
            0.24785131524601153,
            0.23513800161665696,
            0.22291010848174642,
            0.2111916670643438,
            0.20000426791338277,
            0.18936701316995244,
            0.17929647872324025,
            0.16980668649356745,
            0.16090908703816992,
            0.15261255262856155,
            0.14492338090243395,
            0.1378453091388394,
            0.13137953915551412,
            0.12552477277127289,
            0.12027725771896064,
            0.11563084383941993,
            0.11157704932771688,
            0.10810513674545533,
            0.10520219845465793,
            0.10285325107502319,
            0.10104133850694835,
            0.09974764301316033,
            0.09895160379924395,
            0.09863104248566636,
            0.09876229482004692,
            0.09932034793603074,
            0.10027898243143357
        ]
    },
    "CPU_time": {
        "derivatives": 0.0037660598754882812,
        "buildingVn": 0.11984109878540039,
        "spliting_Vn": 0.0,