{
    "geometry1": "spherical",
    "geometry2": "large",
    "ope": "b2p_tang_ipp",
    "lc": 0.015,
    "dimP": 2,
    "dimQ": 2,
    "N": 39,
    "f0": 1000,
    "frequencies": [
        80,
        100,
        120,
        140,
        160,
        180,
        200,
        220,
        240,
        260,
        280,
        300,
        320,
        340,
        360,
        380,
        400,
        420,
        440,
        460,
        480,
        500,
        520,
        540,
        560,
        580,
        600,
        620,
        640,
        660,
        680,
        700,
        720,
        740,
        760,
        780,
        800,
        820,
        840,
        860,
        880,
        900,
        920,
        940,
        960,
        980,
        1000,
        1020,
        1040,
        1060,
        1080,
        1100,
        1120,
        1140,
        1160,
        1180,
        1200,
        1220,
        1240,
        1260,
        1280,
        1300,
        1320,
        1340,
        1360,
        1380,
        1400,
        1420,
        1440,
        1460,
        1480,
        1500,
        1520,
        1540,
        1560,
        1580,
        1600,
        1620,
        1640,
        1660,
        1680,
        1700,
        1720,
        1740,
        1760,
        1780,
        1800,
        1820,
        1840,
        1860,
        1880,
        1900,
        1920,
        1940,
        1960,
        1980,
        2000
    ],
    "Z_center": {
        "real": [
            0.010654643351338571,
            0.016613518649391656,
            0.023863294424518282,
            0.03238436366518722,
            0.04215385398371128,
            0.053145740723207706,
            0.0653309559589083,
            0.07867748967535976,
            0.0931504814728573,
            0.10871230342695958,
            0.12532263693372447,
            0.14293854826649569,
            0.1615145689255334,
            0.18100278751155632,
            0.2013529597028341,
            0.22251264195102818,
            0.24442735280919783,
            0.2670407635251208,
            0.290294916902282,
            0.31413047072722594,
            0.3384869595841556,
            0.36330306691546566,
            0.38851689798789246,
            0.41406624416279825,
            0.4398888296217683,
            0.4659225334259005,
            0.49210558232923224,
            0.5183767128542864,
            0.5446753044189069,
            0.5709414883858308,
            0.5971162404095142,
            0.6231414650661266,
            0.6489600822746048,
            0.6745161243944157,
            0.699754851213176,
            0.7246228875360906,
            0.7490683850684373,
            0.7730412070926408,
            0.7964931314263245,
            0.8193780646073953,
            0.8416522584202649,
            0.8632745189063322,
            0.8842063979618062,
            0.9044123585024083,
            0.9238599058757486,
            0.9425196805637822,
            0.9603655100147307,
            0.9773744204078693,
            0.9935266119955817,
            1.0088054041036205,
            1.023197157659923,
            1.03669118409101,
            1.0492796494925303,
            1.0609574821682883,
            1.0717222900642105,
            1.0815742925045557,
            1.0905162682271254,
            1.0985535192875078,
            1.1056938482177032,
            1.1119475440886424,
            1.1173273719757004,
            1.1218485598163093,
            1.1255287767567999,
            1.128388097724769,
            1.1304489500002732,
            1.1317360388431037,
            1.1322762506093942,
            1.1320985331251108,
            1.1312337542733186,
            1.1297145407244698,
            1.1275750994643925,
            1.1248510252511794,
            1.1215790973875215,
            1.117797069276678,
            1.1135434541995806,
            1.1088573106674149,
            1.1037780306276461,
            1.0983451337583372,
            1.0925980710898822,
            1.0865760412064758,
            1.0803178222418768,
            1.0738616227115727,
            1.0672449538177096,
            1.060504525154794,
            1.0536761646883925,
            1.0467947624925527,
            1.039894236093535,
            1.033007513511701,
            1.0261665284094106,
            1.0194022203387134,
            1.012744532121871,
            1.0062223960502499,
            0.9998637009446044,
            0.993695233310164,
            0.9877425879313606,
            0.9820300463513091,
            0.9765804255534741
        ],
        "imag": [
            0.12329831529188912,
            0.1536267855126094,
            0.18362717150150581,
            0.2132364239037434,
            0.24239279451184947,
            0.27103598610717905,
            0.29910728566424616,
            0.32654968599239814,
            0.3533080018021363,
            0.37932898634389445,
            0.4045614541492574,
            0.4289564140677885,
            0.4524672148741977,
            0.47504970342324293,
            0.4966623929014162,
            0.5172666364344778,
            0.5368267994210237,
            0.555310422704324,
            0.5726883682373323,
            0.5889349393300028,
            0.6040279688891883,
            0.6179488711671802,
            0.6306826552275279,
            0.6422179013406843,
            0.6525467045083272,
            0.6616645919377274,
            0.6695704232231637,
            0.6762662829833678,
            0.681757375601406,
            0.6860519304986534,
            0.6891611241747247,
            0.6910990223186817,
            0.6918825420003288,
            0.6915314306853723,
            0.6900682559734204,
            0.6875183978538444,
            0.6839100341265996,
            0.6792741095334773,
            0.673644280060672,
            0.6670568256733005,
            0.6595505272172927,
            0.6511665061164074,
            0.6419480285200698,
            0.6319402784384436,
            0.621190106869779,
            0.6097457657556444,
            0.5976566366213488,
            0.5849729638763537,
            0.5717456019536333,
            0.5580257838419885,
            0.5438649162847803,
            0.5293144042275482,
            0.5144255042866656,
            0.49924920438127945,
            0.4838361244928857,
            0.46823643199985093,
            0.4524997642995127,
            0.4366751515019197,
            0.4208109327863191,
            0.40495466140470704,
            0.3891529950964242,
            0.3734515706212747,
            0.3578948630133838,
            0.34252603182464586,
            0.3273867579377803,
            0.3125170754133942,
            0.2979552032807954,
            0.2837373822215014,
            0.2698977207960232,
            0.25646805531640576,
            0.24347782676547472,
            0.23095397739658563,
            0.21892086889512596,
            0.20740022329755747,
            0.19641108728049067,
            0.18596981995089426,
            0.17609010386590473,
            0.16678297864038066,
            0.15805689609841836,
            0.14991779543713576,
            0.14236919625301245,
            0.13541230652920783,
            0.12904614183828966,
            0.12326765115501766,
            0.11807184393970768,
            0.11345191267175844,
            0.10939934494570396,
            0.10590401969125844,
            0.10295428311113317,
            0.10053700152045592,
            0.09863759035146998,
            0.09724002100147518,
            0.0963268098105387,
            0.09587899607294872,
            0.09587611835117722,
            0.09629620009128001,
            0.09711575604241668
        ]
    },
    "CPU_time": {
        "derivatives": 0.0948488712310791,
        "buildingVn": 11.44263219833374,
        "spliting_Vn": 0.0,