{
    "geometry1": "spherical",
    "geometry2": "small",
    "ope": "b2p_tang_ipp",
    "lc": 0.015,
    "dimP": 2,
    "dimQ": 2,
    "N": 59,
    "f0": 1000,
    "frequencies": [
        80,
        100,
        120,
        140,
        160,
        180,
        200,
        220,
        240,
        260,
        280,
        300,
        320,
        340,
        360,
        380,
        400,
        420,
        440,
        460,
        480,
        500,
        520,
        540,
        560,
        580,
        600,
        620,
        640,
        660,
        680,
        700,
        720,
        740,
        760,
        780,
        800,
        820,
        840,
        860,
        880,
        900,
        920,
        940,
        960,
        980,
        1000,
        1020,
        1040,
        1060,
        1080,
        1100,
        1120,
        1140,
        1160,
        1180,
        1200,
        1220,
        1240,
        1260,
        1280,
        1300,
        1320,
        1340,
        1360,
        1380,
        1400,
        1420,
        1440,
        1460,
        1480,
        1500,
        1520,
        1540,
        1560,
        1580,
        1600,
        1620,
        1640,
        1660,
        1680,
        1700,
        1720,
        1740,
        1760,
        1780,
        1800,
        1820,
        1840,
        1860,
        1880,
        1900,
        1920,
        1940,
        1960,
        1980,
        2000
    ],
    "Z_center": {
        "real": [
            0.010567675326431313,
            0.016478671660769408,
            0.023670786823617687,
            0.03212474620208285,
            0.041817938950502405,
            0.05272450020400005,
            0.06481540456250487,
            0.07805857032697143,
            0.09241897393401437,
            0.10785877400356822,
            0.12433744438519437,
            0.1418119155629233,
            0.16023672375412476,
            0.17956416701801634,
            0.19974446766970327,
            0.22072594028314604,
            0.24245516455511437,
            0.264877162296768,
            0.28793557781897855,
            0.3115728609805571,
            0.33573045217738157,
            0.36034896856256443,
            0.3853683908044238,
            0.41072824970949273,
            0.4363678120598945,
            0.462226265041188,
            0.4882428986637054,
            0.5143572856096748,
            0.5405094579695522,
            0.5666400803610313,
            0.5926906189561479,
            0.6186035059727897,
            0.6443222992177698,
            0.6697918362981717,
            0.6949583831473227,
            0.719769776538453,
            0.7441755602862562,
            0.7681271148609534,
            0.7915777801627941,
            0.8144829712262381,
            0.8368002866436706,
            0.8584896095163158,
            0.879513200757251,
            0.8998357845870534,
            0.9194246260768463,
            0.9382496006068957,
            0.9562832551214511,
            0.9735008610721463,
            0.9898804589540664,
            1.0054028943493236,
            1.020051845404745,
            1.033813841681597,
            1.0466782743273528,
            1.058637397532675,
            1.0696863212503307,
            1.0798229951680096,
            1.089048183943156,
            1.0973654337261713,
            1.1047810300174397,
            1.1113039469250683,
            1.1169457879133755,
            1.1217207181565976,
            1.1256453886391997,
            1.1287388521724744,
            1.1310224715269037,
            1.1325198199116848,
            1.1332565740652416,
            1.1332604002549667,
            1.1325608335194381,
            1.131189150521476,
            1.1291782364172236,
            1.1265624461818478,
            1.123377460867915,
            1.1196601393088492,
            1.1154483658116505,
            1.1107808944179285,
            1.1056971903407413,
            1.1002372692146851,
            1.0944415348210381,
            1.088350615974047,
            1.0820052032715621,
            1.0754458864304846,
            1.0687129929390868,
            1.0618464287629057,
            1.0548855218471753,
            1.0478688691540416,
            1.0408341879656655,
            1.0338181721741868,
            1.0268563542595048,
            1.019982973636567,
            1.0132308520223512,
            1.006631276444753,
            1.0002138904749274,
            0.9940065942230697,
            0.9880354535930461,
            0.9823246192390881,
            0.9768962556127212
        ],
        "imag": [
            0.12281163150414122,
            0.1530242165328949,
            0.18291219578166953,
            0.21241291065339504,
            0.24146491963997307,
            0.2700081872879289,
            0.2979842670601796,
            0.32533647740472343,
            0.3520100703904752,
            0.37795239231969463,
            0.4031130357745658,
            0.4274439826031937,
            0.4508997373998655,
            0.47343745108388385,
            0.49501703423263527,
            0.5156012598773272,
            0.5351558555238303,
            0.5536495842139917,
            0.5710543144980357,
            0.5873450792409521,
            0.6025001232378158,
            0.6165009396627416,
            0.6293322954237486,
            0.6409822455397921,
            0.6514421366982351,
            0.6607066001882738,
            0.6687735344411063,
            0.6756440774370661,
            0.6813225692693483,
            0.6858165051753062,
            0.6891364793683668,
            0.6912961200201748,
            0.6923120157561842,
            0.6922036340401255,
            0.6909932318307056,
            0.6887057589010276,
            0.6853687542152963,
            0.6810122357605664,
            0.6756685842328846,
            0.6693724209771835,
            0.6621604805809794,
            0.6540714785197694,
            0.6451459742527724,
            0.6354262301650607,
            0.6249560667525812,
            0.6137807144458625,
            0.6019466624685339,
            0.5895015051277226,
            0.5764937859356792,
            0.5629728399640577,
            0.5489886348365524,
            0.5345916107695771,
            0.5198325200762561,
            0.504762266555049,
            0.48943174519088,
            0.47389168260417,
            0.45819247869013446,
            0.44238404989897123,
            0.4265156746141742,
            0.4106358410943213,
            0.39479209844921664,
            0.37903091112723847,
            0.3633975173950485,
            0.3479357922935973,
            0.33268811555544797,
            0.31769524496708157,
            0.30299619565751107,
            0.28862812578716407,
            0.2746262291039026,
            0.26102363481934493,
            0.24785131524625775,
            0.23513800161695902,
            0.22291010848205697,
            0.21119166706466633,
            0.20000426791364243,
            0.18936701317020116,
            0.1792964787235185,
            0.16980668649395936,
            0.16090908703847864,
            0.1526125526288995,
            0.14492338090276066,
            0.1378453091390338,
            0.1313795391557938,
            0.12552477277150312,
            0.12027725771916666,
            0.11563084383964746,
            0.11157704932798204,
            0.10810513674560061,
            0.10520219845480455,
            0.10285325107514669,
            0.10104133850704805,
            0.09974764301323419,
            0.09895160379921143,
            0.09863104248565516,
            0.09876229482000491,
            0.09932034793598718,
            0.10027898243126832
        ]
    },
    "CPU_time": {
        "derivatives": 0.0038819313049316406,
        "buildingVn": 0.09402298927307129,
        "spliting_Vn": 0.0,