{
    "geometry1": "spherical",
    "geometry2": "large",
    "ope": "b2p_tang_ipp",
    "lc": 0.015,
    "dimP": 2,
    "dimQ": 2,
    "N": 30,
    "f0": 1000,
    "frequencies": [
        80,
        100,
        120,
        140,
        160,
        180,
        200,
        220,
        240,
        260,
        280,
        300,
        320,
        340,
        360,
        380,
        400,
        420,
        440,
        460,
        480,
        500,
        520,
        540,
        560,
        580,
        600,
        620,
        640,
        660,
        680,
        700,
        720,
        740,
        760,
        780,
        800,
        820,
        840,
        860,
        880,
        900,
        920,
        940,
        960,
        980,
        1000,
        1020,
        1040,
        1060,
        1080,
        1100,
        1120,
        1140,
        1160,
        1180,
        1200,
        1220,
        1240,
        1260,
        1280,
        1300,
        1320,
        1340,
        1360,
        1380,
        1400,
        1420,
        1440,
        1460,
        1480,
        1500,
        1520,
        1540,
        1560,
        1580,
        1600,
        1620,
        1640,
        1660,
        1680,
        1700,
        1720,
        1740,
        1760,
        1780,
        1800,
        1820,
        1840,
        1860,
        1880,
        1900,
        1920,
        1940,
        1960,
        1980,
        2000
    ],
    "Z_center": {
        "real": [
            0.01065464334826755,
            0.016613518650956557,
            0.023863294429095735,
            0.032384363671061525,
            0.04215385398948623,
            0.053145740727996625,
            0.06533095596234798,
            0.07867748967749123,
            0.09315048147395535,
            0.108712303427373,
            0.12532263693376328,
            0.14293854826638394,
            0.1615145689253956,
            0.18100278751144816,
            0.20135295970276976,
            0.22251264195099588,
            0.24442735280918607,
            0.267040763525119,
            0.2902949169022815,
            0.3141304707272294,
            0.3384869595841563,
            0.36330306691546604,
            0.3885168979878946,
            0.4140662441628011,
            0.43988882962176623,
            0.46592253342590295,
            0.4921055823292302,
            0.5183767128542801,
            0.5446753044189004,
            0.5709414883858355,
            0.5971162404095213,
            0.6231414650661283,
            0.648960082274604,
            0.6745161243944335,
            0.699754851213184,
            0.7246228875360944,
            0.7490683850684461,
            0.7730412070926403,
            0.7964931314263249,
            0.819378064607395,
            0.8416522584202643,
            0.8632745189063334,
            0.8842063979618073,
            0.9044123585024051,
            0.923859905875743,
            0.9425196805637771,
            0.9603655100147263,
            0.9773744204078684,
            0.993526611995579,
            1.0088054041036194,
            1.0231971576599197,
            1.036691184091011,
            1.0492796494925287,
            1.0609574821682821,
            1.0717222900642083,
            1.08157429250455,
            1.0905162682271161,
            1.0985535192874958,
            1.1056938482176848,
            1.1119475440886233,
            1.1173273719756964,
            1.1218485598162984,
            1.1255287767567888,
            1.128388097724776,
            1.1304489500003165,
            1.1317360388431268,
            1.1322762506094175,
            1.1320985331251157,
            1.1312337542733353,
            1.1297145407245162,
            1.1275750994644382,
            1.1248510252514392,
            1.1215790973885467,
            1.1177970692796257,
            1.1135434542048934,
            1.108857310669608,
            1.103778030603484,
            1.0983451336523182,
            1.0925980708213283,
            1.0865760407517342,
            1.0803178218628706,
            1.0738616233407505,
            1.0672449574039136,
            1.0605045344144002,
            1.0536761813701927,
            1.0467947833584563,
            1.0398942468642747,
            1.0330074832662366,
            1.0261664098491632,
            1.019401963332937,
            1.012744116729731,
            1.006221884765803,
            0.9998632981508363,
            0.9936953257983476,
            0.9877437297184912,
            0.9820328509064217,
            0.9765853440677993
        ],
        "imag": [
            0.12329831531024839,
            0.15362678552800899,
            0.1836271715128988,
            0.21323642391105158,
            0.24239279451567627,
            0.2710359861084711,
            0.2991072856640056,
            0.3265496859914612,
            0.3533080018010743,
            0.3793289863430136,
            0.40456145414865685,
            0.4289564140674449,
            0.4524672148740373,
            0.4750497034231882,
            0.4966623929014137,
            0.5172666364344888,
            0.5368267994210377,
            0.5553104227043333,
            0.5726883682373376,
            0.5889349393300048,
            0.6040279688891899,
            0.6179488711671801,
            0.6306826552275272,
            0.642217901340683,
            0.6525467045083293,
            0.6616645919377292,
            0.6695704232231489,
            0.6762662829833648,
            0.6817573756014069,
            0.6860519304986614,
            0.6891611241747267,
            0.6910990223186839,
            0.6918825420003271,
            0.6915314306853757,
            0.6900682559734138,
            0.6875183978538438,
            0.6839100341265978,
            0.6792741095334648,
            0.6736442800606822,
            0.6670568256732965,
            0.659550527217282,
            0.6511665061164091,
            0.6419480285200776,
            0.6319402784384389,
            0.6211901068697758,
            0.6097457657556448,
            0.5976566366213488,
            0.5849729638763553,
            0.5717456019536338,
            0.5580257838419888,
            0.5438649162847784,
            0.5293144042275455,
            0.5144255042866651,
            0.4992492043812784,
            0.4838361244928843,
            0.4682364319998536,
            0.4524997642995052,
            0.43667515150191943,
            0.4208109327863199,
            0.4049546614047088,
            0.3891529950964301,
            0.3734515706212998,
            0.3578948630133944,
            0.3425260318246711,
            0.3273867579378266,
            0.3125170754134258,
            0.29795520328080144,
            0.2837373822215215,
            0.26989772079599983,
            0.2564680553164563,
            0.2434778267655992,
            0.23095397739687948,
            0.21892086889548673,
            0.20740022329681324,
            0.1964110872743184,
            0.1859698199302252,
            0.17609010382110826,
            0.16678297858511648,
            0.1580568961273306,
            0.14991779581034714,
            0.14236919743037052,
            0.1354123089649654,
            0.12904614526008293,
            0.12326765316900093,
            0.1180718383167981,
            0.11345188864471879,
            0.10939928993727983,
            0.10590392823499128,
            0.10295417314408033,
            0.10053693494209374,
            0.0986376882616007,
            0.09724045779307622,
            0.09632776831995189,
            0.09588057238009724,
            0.09587818145667386,
            0.09629823629338068,
            0.09711675359285515
        ]
    },
    "CPU_time": {
        "derivatives": 0.0978548526763916,
        "buildingVn": 10.640361070632935,
        "spliting_Vn": 0.0,
        "solvingMOR": 0.12136983871459961,