{
    "geometry1": "spherical",
    "geometry2": "small",
    "ope": "b2p_tang_ipp",
    "lc": 0.015,
    "dimP": 2,
    "dimQ": 2,
    "N": 44,
    "f0": 1000,
    "frequencies": [
        80,
        100,
        120,
        140,
        160,
        180,
        200,
        220,
        240,
        260,
        280,
        300,
        320,
        340,
        360,
        380,
        400,
        420,
        440,
        460,
        480,
        500,
        520,
        540,
        560,
        580,
        600,
        620,
        640,
        660,
        680,
        700,
        720,
        740,
        760,
        780,
        800,
        820,
        840,
        860,
        880,
        900,
        920,
        940,
        960,
        980,
        1000,
        1020,
        1040,
        1060,
        1080,
        1100,
        1120,
        1140,
        1160,
        1180,
        1200,
        1220,
        1240,
        1260,
        1280,
        1300,
        1320,
        1340,
        1360,
        1380,
        1400,
        1420,
        1440,
        1460,
        1480,
        1500,
        1520,
        1540,
        1560,
        1580,
        1600,
        1620,
        1640,
        1660,
        1680,
        1700,
        1720,
        1740,
        1760,
        1780,
        1800,
        1820,
        1840,
        1860,
        1880,
        1900,
        1920,
        1940,
        1960,
        1980,
        2000
    ],
    "Z_center": {
        "real": [
            0.010567675326438123,
            0.016478671660779494,
            0.0236707868236268,
            0.03212474620210506,
            0.04181793895052188,
            0.05272450020402701,
            0.06481540456254987,
            0.0780585703270071,
            0.09241897393404211,
            0.10785877400359967,
            0.1243374443852579,
            0.14181191556297218,
            0.16023672375419445,
            0.17956416701807784,
            0.19974446766974702,
            0.22072594028320067,
            0.242455164555159,
            0.26487716229680813,
            0.28793557781901696,
            0.3115728609805767,
            0.33573045217740916,
            0.3603489685625498,
            0.3853683908043963,
            0.41072824970940874,
            0.4363678120597792,
            0.4622262650410577,
            0.4882428986635576,
            0.5143572856094895,
            0.5405094579693578,
            0.566640080360849,
            0.5926906189559762,
            0.6186035059726205,
            0.6443222992175996,
            0.6697918362980162,
            0.6949583831471656,
            0.7197697765382929,
            0.7441755602860761,
            0.7681271148607837,
            0.7915777801626186,
            0.814482971226071,
            0.8368002866434969,
            0.8584896095161308,
            0.8795132007570564,
            0.8998357845868589,
            0.9194246260766445,
            0.9382496006066967,
            0.9562832551212506,
            0.9735008610719438,
            0.9898804589538612,
            1.0054028943491102,
            1.0200518454045375,
            1.0338138416813831,
            1.0466782743271321,
            1.0586373975324554,
            1.069686321250115,
            1.0798229951677851,
            1.089048183942933,
            1.097365433725959,
            1.104781030017226,
            1.1113039469248565,
            1.1169457879131661,
            1.1217207181563804,
            1.125645388638985,
            1.1287388521722712,
            1.1310224715267105,
            1.1325198199114888,
            1.1332565740650675,
            1.1332604002547715,
            1.1325608335192392,
            1.131189150521254,
            1.1291782364170215,
            1.1265624461816186,
            1.1233774608677027,
            1.1196601393085914,
            1.1154483658113032,
            1.1107808944174755,
            1.1056971903401611,
            1.1002372692138838,
            1.0944415348199623,
            1.0883506159728036,
            1.0820052032701633,
            1.0754458864291925,
            1.0687129929378858,
            1.0618464287617948,
            1.0548855218462037,
            1.0478688691532378,
            1.0408341879649412,
            1.033818172173375,
            1.0268563542588207,
            1.0199829736359696,
            1.0132308520216726,
            1.0066312764441607,
            1.0002138904742626,
            0.9940065942225501,
            0.9880354535922532,
            0.9823246192384852,
            0.9768962556120163
        ],
        "imag": [
            0.12281163150415164,
            0.15302421653290715,
            0.18291219578168916,
            0.21241291065340945,
            0.24146491963999892,
            0.27000818728794806,
            0.2979842670602039,
            0.3253364774047444,
            0.35201007039047816,
            0.3779523923197168,
            0.40311303577457647,
            0.4274439826031824,
            0.45089973739985645,
            0.473437451083867,
            0.4950170342326009,
            0.5156012598772913,
            0.5351558555237741,
            0.5536495842139226,
            0.5710543144979553,
            0.5873450792408552,
            0.6025001232376991,
            0.6165009396626141,
            0.6293322954236088,
            0.6409822455396633,
            0.6514421366981031,
            0.6607066001882025,
            0.668773534441047,
            0.6756440774370346,
            0.6813225692693377,
            0.6858165051753047,
            0.6891364793683746,
            0.6912961200202079,
            0.6923120157562079,
            0.6922036340401495,
            0.6909932318307521,
            0.6887057589010943,
            0.6853687542153576,
            0.6810122357606468,
            0.6756685842329554,
            0.6693724209772851,
            0.6621604805810695,
            0.6540714785198801,
            0.6451459742528897,
            0.635426230165178,
            0.6249560667526993,
            0.6137807144459956,
            0.6019466624686732,
            0.5895015051278801,
            0.5764937859358402,
            0.5629728399642367,
            0.5489886348367368,
            0.5345916107697796,
            0.5198325200764736,
            0.5047622665552728,
            0.48943174519111365,
            0.4738916826044164,
            0.4581924786904085,
            0.44238404989926894,
            0.42651567461446677,
            0.4106358410946494,
            0.39479209844955415,
            0.3790309111275765,
            0.3633975173954116,
            0.34793579229399213,
            0.33268811555585615,
            0.31769524496750956,
            0.3029961956579689,
            0.2886281257877072,
            0.27462622910442813,
            0.26102363481991286,
            0.2478513152469199,
            0.2351380016176365,
            0.22291010848273873,
            0.21119166706541653,
            0.20000426791453643,
            0.18936701317118654,
            0.1792964787245139,
            0.16980668649495687,
            0.16090908703950202,
            0.15261255262966744,
            0.14492338090333962,
            0.13784530913943963,
            0.13137953915588038,
            0.1255247727715717,
            0.1202772577191109,
            0.1156308438394977,
            0.11157704932792673,
            0.10810513674537608,
            0.10520219845455317,
            0.10285325107525098,
            0.10104133850690364,
            0.09974764301299575,
            0.09895160379915492,
            0.09863104248569085,
            0.0987622948199825,
            0.09932034793597579,
            0.10027898243140433
        ]
    },
    "CPU_time": {
        "derivatives": 0.0037429332733154297,
        "buildingVn": 0.06757402420043945,
        "spliting_Vn": 0.0,