{
    "geometry1": "spherical",
    "geometry2": "small",
    "ope": "b2p_tang_ipp",
    "lc": 0.015,
    "dimP": 2,
    "dimQ": 2,
    "N": 50,
    "f0": 1000,
    "frequencies": [
        80,
        100,
        120,
        140,
        160,
        180,
        200,
        220,
        240,
        260,
        280,
        300,
        320,
        340,
        360,
        380,
        400,
        420,
        440,
        460,
        480,
        500,
        520,
        540,
        560,
        580,
        600,
        620,
        640,
        660,
        680,
        700,
        720,
        740,
        760,
        780,
        800,
        820,
        840,
        860,
        880,
        900,
        920,
        940,
        960,
        980,
        1000,
        1020,
        1040,
        1060,
        1080,
        1100,
        1120,
        1140,
        1160,
        1180,
        1200,
        1220,
        1240,
        1260,
        1280,
        1300,
        1320,
        1340,
        1360,
        1380,
        1400,
        1420,
        1440,
        1460,
        1480,
        1500,
        1520,
        1540,
        1560,
        1580,
        1600,
        1620,
        1640,
        1660,
        1680,
        1700,
        1720,
        1740,
        1760,
        1780,
        1800,
        1820,
        1840,
        1860,
        1880,
        1900,
        1920,
        1940,
        1960,
        1980,
        2000
    ],
    "Z_center": {
        "real": [
            0.010567675326446395,
            0.016478671660788726,
            0.02367078682363735,
            0.03212474620211855,
            0.04181793895053872,
            0.05272450020404925,
            0.06481540456256416,
            0.07805857032703574,
            0.09241897393407268,
            0.10785877400363562,
            0.1243374443852969,
            0.14181191556301134,
            0.16023672375424036,
            0.17956416701812578,
            0.19974446766980905,
            0.2207259402832618,
            0.24245516455523758,
            0.26487716229689084,
            0.2879355778190847,
            0.3115728609806612,
            0.3357304521774929,
            0.3603489685626456,
            0.3853683908044805,
            0.4107282497095085,
            0.43636781205987196,
            0.4622262650411657,
            0.4882428986636473,
            0.5143572856095993,
            0.5405094579694838,
            0.5666400803609705,
            0.5926906189560909,
            0.6186035059727475,
            0.6443222992177268,
            0.6697918362981269,
            0.69495838314729,
            0.7197697765383989,
            0.7441755602861975,
            0.7681271148609037,
            0.7915777801627271,
            0.8144829712261809,
            0.8368002866436107,
            0.8584896095162499,
            0.8795132007571659,
            0.8998357845869647,
            0.9194246260767592,
            0.9382496006068116,
            0.9562832551213619,
            0.9735008610720478,
            0.9898804589539653,
            1.0054028943492188,
            1.0200518454046534,
            1.0338138416814993,
            1.0466782743272567,
            1.0586373975325678,
            1.0696863212502277,
            1.079822995167901,
            1.0890481839430368,
            1.0973654337260885,
            1.1047810300173393,
            1.1113039469249886,
            1.1169457879132865,
            1.1217207181565172,
            1.1256453886391384,
            1.1287388521723787,
            1.1310224715268726,
            1.1325198199115025,
            1.1332565740652576,
            1.1332604002549134,
            1.1325608335194028,
            1.1311891505214515,
            1.1291782364171992,
            1.1265624461817956,
            1.1233774608679037,
            1.1196601393088363,
            1.115448365811612,
            1.1107808944179385,
            1.1056971903407902,
            1.1002372692146838,
            1.0944415348210412,
            1.088350615974086,
            1.0820052032715775,
            1.0754458864304957,
            1.0687129929391725,
            1.061846428762906,
            1.0548855218472935,
            1.0478688691540976,
            1.0408341879657612,
            1.033818172174518,
            1.0268563542594709,
            1.019982973636671,
            1.0132308520222932,
            1.0066312764446588,
            1.0002138904748248,
            0.994006594223092,
            0.9880354535932013,
            0.9823246192391166,
            0.9768962556128595
        ],
        "imag": [
            0.1228116315041508,
            0.15302421653290868,
            0.18291219578168813,
            0.21241291065341225,
            0.2414649196399966,
            0.27000818728795134,
            0.29798426706020537,
            0.3253364774047507,
            0.3520100703904905,
            0.37795239231971084,
            0.4031130357745725,
            0.4274439826031854,
            0.4508997373998563,
            0.47343745108388086,
            0.4950170342325919,
            0.5156012598772838,
            0.5351558555237614,
            0.5536495842139054,
            0.5710543144979366,
            0.5873450792408438,
            0.6025001232376797,
            0.6165009396625992,
            0.6293322954235907,
            0.6409822455396392,
            0.6514421366980678,
            0.6607066001881741,
            0.6687735344410018,
            0.6756440774369807,
            0.6813225692692821,
            0.6858165051752377,
            0.6891364793683115,
            0.6912961200201299,
            0.6923120157561441,
            0.6922036340400831,
            0.6909932318306689,
            0.6887057589009934,
            0.6853687542152657,
            0.6810122357605368,
            0.6756685842328525,
            0.6693724209771653,
            0.662160480580956,
            0.6540714785197633,
            0.645145974252768,
            0.6354262301650517,
            0.624956066752563,
            0.613780714445863,
            0.6019466624685272,
            0.5895015051277316,
            0.5764937859356885,
            0.562972839964076,
            0.548988634836575,
            0.5345916107696114,
            0.5198325200763018,
            0.504762266555093,
            0.48943174519092564,
            0.47389168260422604,
            0.4581924786902007,
            0.4423840498990389,
            0.4265156746142468,
            0.410635841094408,
            0.3947920984493106,
            0.37903091112733334,
            0.3633975173951306,
            0.34793579229371047,
            0.332688115555579,
            0.31769524496717055,
            0.30299619565762703,
            0.28862812578730707,
            0.2746262291040474,
            0.26102363481947277,
            0.24785131524643053,
            0.2351380016170681,
            0.22291010848218162,
            0.21119166706476525,
            0.20000426791381282,
            0.18936701317032906,
            0.17929647872370047,
            0.16980668649402003,
            0.16090908703853515,
            0.1526125526290183,
            0.1449233809027742,
            0.1378453091392324,
            0.13137953915596304,
            0.1255247727716667,
            0.1202772577192688,
            0.11563084383967925,
            0.11157704932812633,
            0.10810513674562704,
            0.10520219845467901,
            0.10285325107525595,
            0.10104133850718612,
            0.09974764301330102,
            0.09895160379924775,
            0.09863104248549828,
            0.09876229482006962,
            0.09932034793591253,
            0.1002789824312965
        ]
    },
    "CPU_time": {
        "derivatives": 0.0038139820098876953,
        "buildingVn": 0.08004283905029297,
        "spliting_Vn": 0.0,
        "solvingMOR": 0.03443503379821777,