{
    "geometry1": "spherical",
    "geometry2": "large",
    "ope": "b2p_tang_ipp",
    "lc": 0.015,
    "dimP": 2,
    "dimQ": 2,
    "N": 23,
    "f0": 1000,
    "frequencies": [
        80,
        100,
        120,
        140,
        160,
        180,
        200,
        220,
        240,
        260,
        280,
        300,
        320,
        340,
        360,
        380,
        400,
        420,
        440,
        460,
        480,
        500,
        520,
        540,
        560,
        580,
        600,
        620,
        640,
        660,
        680,
        700,
        720,
        740,
        760,
        780,
        800,
        820,
        840,
        860,
        880,
        900,
        920,
        940,
        960,
        980,
        1000,
        1020,
        1040,
        1060,
        1080,
        1100,
        1120,
        1140,
        1160,
        1180,
        1200,
        1220,
        1240,
        1260,
        1280,
        1300,
        1320,
        1340,
        1360,
        1380,
        1400,
        1420,
        1440,
        1460,
        1480,
        1500,
        1520,
        1540,
        1560,
        1580,
        1600,
        1620,
        1640,
        1660,
        1680,
        1700,
        1720,
        1740,
        1760,
        1780,
        1800,
        1820,
        1840,
        1860,
        1880,
        1900,
        1920,
        1940,
        1960,
        1980,
        2000
    ],
    "Z_center": {
        "real": [
            0.010654642716640045,
            0.01661351771030023,
            0.02386329329431256,
            0.0323843624777578,
            0.042153852868226135,
            0.05314573978158366,
            0.06533095525066436,
            0.0786774892134593,
            0.09315048123056324,
            0.10871230335220435,
            0.12532263696578408,
            0.14293854835011938,
            0.16151456901962172,
            0.18100278759178962,
            0.20135295975958306,
            0.222512641984728,
            0.24442735282536246,
            0.26704076353040956,
            0.290294916902215,
            0.31413047072537353,
            0.3384869595823129,
            0.36330306691422704,
            0.38851689798724426,
            0.4140662441625349,
            0.43988882962169407,
            0.4659225334258965,
            0.49210558232924567,
            0.5183767128542972,
            0.5446753044189145,
            0.5709414883858401,
            0.5971162404095215,
            0.6231414650661316,
            0.6489600822746093,
            0.6745161243944235,
            0.6997548512131807,
            0.7246228875360958,
            0.7490683850684381,
            0.7730412070926371,
            0.7964931314263183,
            0.8193780646073878,
            0.841652258420259,
            0.8632745189063219,
            0.8842063979617995,
            0.9044123585024046,
            0.9238599058757447,
            0.9425196805637882,
            0.9603655100147394,
            0.977374420407886,
            0.9935266119956006,
            1.008805404103643,
            1.0231971576599448,
            1.0366911840910313,
            1.0492796494925478,
            1.0609574821682992,
            1.0717222900642163,
            1.081574292504538,
            1.0905162682271212,
            1.0985535192874833,
            1.1056938482176553,
            1.1119475440885855,
            1.117327371975653,
            1.1218485598162602,
            1.125528776756717,
            1.1283880977245868,
            1.1304489499997563,
            1.1317360388418731,
            1.13227625060762,
            1.1320985331274893,
            1.1312337542994702,
            1.1297145408280547,
            1.1275750997488185,
            1.1248510258311433,
            1.121579098181173,
            1.1177970694589516,
            1.1135434512095668,
            1.1088572990204828,
            1.103778001591549,
            1.0983450781421877,
            1.092597988373099,
            1.0865759577437755,
            1.0803178176748778,
            1.0738618559536142,
            1.0672456691541512,
            1.0605060095982748,
            1.0536786272807022,
            1.04679812233549,
            1.0398978412382318,
            1.0330098609871154,
            1.0261651008134747,
            1.0193935765900375,
            1.0127247735559652,
            1.0061880697882122,
            0.9998131094137466,
            0.9936300106779564,
            0.9876693030255467,
            0.9819615167052569,
            0.9765363919447274
        ],
        "imag": [
            0.12329831366332285,
            0.1536267841425749,
            0.18362717049686364,
            0.21323642330266024,
            0.24239279429045957,
            0.27103598619273284,
            0.29910728595535946,
            0.32654968638235815,
            0.35330800219941694,
            0.3793289866851463,
            0.40456145440300245,
            0.4289564142300748,
            0.4524672149595034,
            0.4750497034543523,
            0.49666239290115693,
            0.5172666364207509,
            0.5368267994051438,
            0.5553104226917003,
            0.5726883682293276,
            0.5889349393258702,
            0.6040279688875456,
            0.6179488711667986,
            0.6306826552276181,
            0.6422179013408584,
            0.6525467045084562,
            0.6616645919377978,
            0.6695704232231928,
            0.6762662829833795,
            0.6817573756014133,
            0.6860519304986579,
            0.689161124174727,
            0.6910990223186834,
            0.6918825420003266,
            0.6915314306853655,
            0.6900682559734136,
            0.6875183978538345,
            0.6839100341265923,
            0.6792741095334704,
            0.6736442800606647,
            0.6670568256732995,
            0.6595505272172935,
            0.6511665061164086,
            0.641948028520077,
            0.6319402784384535,
            0.6211901068697916,
            0.6097457657556583,
            0.5976566366213605,
            0.5849729638763638,
            0.5717456019536394,
            0.5580257838419873,
            0.543864916284774,
            0.5293144042275335,
            0.5144255042866449,
            0.49924920438124953,
            0.483836124492848,
            0.46823643199980797,
            0.4524997642994581,
            0.4366751515018873,
            0.42081093278628023,
            0.404954661404672,
            0.3891529950963888,
            0.37345157062126444,
            0.35789486301337803,
            0.34252603182465186,
            0.32738675793790806,
            0.3125170754144964,
            0.29795520328566016,
            0.2837373822366107,
            0.2698977208298638,
            0.25646805536222683,
            0.24347782674412669,
            0.230953977031971,
            0.2189208675355858,
            0.2074002198309299,
            0.19641108054950013,
            0.18596981038627022,
            0.176090097138417,
            0.16678299147493048,
            0.1580569624206925,
            0.14991796758061138,
            0.14236953202075145,
            0.135412831080551,
            0.12904677751286328,
            0.12326812176658501,
            0.11807158256253993,
            0.11345002724567986,
            0.10939471199653639,
            0.10589556936243877,
            0.1029415002645916,
            0.10052060108704121,
            0.09862024592971683,
            0.09722695670925748,
            0.09632602831676187,
            0.09590092418297673,
            0.09593250803836548,
            0.09639822021164342,
            0.0972713348019679
        ]
    },
    "CPU_time": {
        "derivatives": 0.0933680534362793,
        "buildingVn": 10.183064937591553,
        "spliting_Vn": 0.0,
        "solvingMOR": 0.10141420364379883,