{
    "geometry1": "spherical",
    "geometry2": "small",
    "ope": "b2p_tang_ipp",
    "lc": 0.015,
    "dimP": 2,
    "dimQ": 2,
    "N": 54,
    "f0": 1000,
    "frequencies": [
        80,
        100,
        120,
        140,
        160,
        180,
        200,
        220,
        240,
        260,
        280,
        300,
        320,
        340,
        360,
        380,
        400,
        420,
        440,
        460,
        480,
        500,
        520,
        540,
        560,
        580,
        600,
        620,
        640,
        660,
        680,
        700,
        720,
        740,
        760,
        780,
        800,
        820,
        840,
        860,
        880,
        900,
        920,
        940,
        960,
        980,
        1000,
        1020,
        1040,
        1060,
        1080,
        1100,
        1120,
        1140,
        1160,
        1180,
        1200,
        1220,
        1240,
        1260,
        1280,
        1300,
        1320,
        1340,
        1360,
        1380,
        1400,
        1420,
        1440,
        1460,
        1480,
        1500,
        1520,
        1540,
        1560,
        1580,
        1600,
        1620,
        1640,
        1660,
        1680,
        1700,
        1720,
        1740,
        1760,
        1780,
        1800,
        1820,
        1840,
        1860,
        1880,
        1900,
        1920,
        1940,
        1960,
        1980,
        2000
    ],
    "Z_center": {
        "real": [
            0.010567675326452967,
            0.016478671660795446,
            0.023670786823648458,
            0.03212474620213044,
            0.041817938950549194,
            0.05272450020406266,
            0.0648154045625882,
            0.07805857032706111,
            0.09241897393409945,
            0.10785877400366824,
            0.1243374443853179,
            0.14181191556304887,
            0.16023672375428258,
            0.17956416701816533,
            0.19974446766984172,
            0.22072594028329043,
            0.24245516455525995,
            0.26487716229693725,
            0.28793557781911017,
            0.3115728609806875,
            0.3357304521775742,
            0.36034896856268567,
            0.3853683908044937,
            0.41072824970952637,
            0.4363678120598472,
            0.4622262650411361,
            0.48824289866357024,
            0.5143572856095207,
            0.5405094579693884,
            0.5666400803608984,
            0.5926906189559972,
            0.6186035059726624,
            0.6443222992176386,
            0.669791836298068,
            0.6949583831472287,
            0.7197697765383396,
            0.7441755602861644,
            0.7681271148608583,
            0.7915777801627051,
            0.8144829712261354,
            0.836800286643571,
            0.8584896095162147,
            0.8795132007571524,
            0.899835784586949,
            0.919424626076751,
            0.9382496006068064,
            0.9562832551213547,
            0.973500861072048,
            0.9898804589539691,
            1.0054028943492221,
            1.0200518454046623,
            1.0338138416815112,
            1.0466782743272627,
            1.0586373975325851,
            1.0696863212502217,
            1.0798229951679164,
            1.0890481839430621,
            1.0973654337260887,
            1.104781030017357,
            1.1113039469249941,
            1.1169457879133158,
            1.1217207181564905,
            1.1256453886391364,
            1.1287388521724304,
            1.1310224715268338,
            1.1325198199116242,
            1.1332565740652287,
            1.1332604002549054,
            1.1325608335193893,
            1.1311891505214298,
            1.1291782364172327,
            1.1265624461818076,
            1.1233774608678868,
            1.1196601393087884,
            1.1154483658116046,
            1.1107808944178803,
            1.1056971903406807,
            1.1002372692145836,
            1.0944415348210317,
            1.088350615974,
            1.0820052032715077,
            1.0754458864304774,
            1.0687129929390538,
            1.0618464287628495,
            1.054885521847161,
            1.0478688691540643,
            1.0408341879656404,
            1.0338181721740887,
            1.0268563542594613,
            1.0199829736365595,
            1.0132308520222164,
            1.0066312764447292,
            1.0002138904749476,
            0.9940065942230137,
            0.9880354535930556,
            0.9823246192391323,
            0.9768962556127591
        ],
        "imag": [
            0.1228116315041544,
            0.15302421653290904,
            0.18291219578169113,
            0.2124129106534142,
            0.2414649196400001,
            0.2700081872879558,
            0.29798426706021297,
            0.32533647740475424,
            0.3520100703904963,
            0.3779523923197284,
            0.4031130357745762,
            0.4274439826031907,
            0.4508997373998611,
            0.47343745108387414,
            0.49501703423261023,
            0.5156012598773039,
            0.5351558555238005,
            0.5536495842139363,
            0.5710543144979857,
            0.5873450792408952,
            0.6025001232377613,
            0.6165009396626552,
            0.6293322954236809,
            0.640982245539718,
            0.6514421366981682,
            0.6607066001882782,
            0.668773534441091,
            0.6756440774371019,
            0.6813225692693612,
            0.6858165051752759,
            0.6891364793683472,
            0.6912961200201682,
            0.6923120157561964,
            0.692203634040104,
            0.6909932318306963,
            0.688705758901028,
            0.6853687542152953,
            0.6810122357605667,
            0.6756685842328921,
            0.6693724209771958,
            0.6621604805809709,
            0.6540714785197788,
            0.6451459742527867,
            0.6354262301650696,
            0.6249560667525901,
            0.6137807144458777,
            0.6019466624685457,
            0.5895015051277446,
            0.5764937859357033,
            0.5629728399640849,
            0.5489886348365908,
            0.5345916107696168,
            0.5198325200763071,
            0.504762266555085,
            0.48943174519093186,
            0.47389168260422915,
            0.45819247869021273,
            0.4423840498990502,
            0.4265156746142383,
            0.4106358410944055,
            0.3947920984492917,
            0.3790309111273369,
            0.36339751739511433,
            0.3479357922936917,
            0.3326881155555504,
            0.3176952449671635,
            0.3029961956576248,
            0.2886281257873032,
            0.2746262291039845,
            0.261023634819441,
            0.24785131524641013,
            0.23513800161710696,
            0.22291010848213902,
            0.21119166706478004,
            0.20000426791377632,
            0.1893670131703606,
            0.17929647872363155,
            0.16980668649400804,
            0.1609090870385994,
            0.15261255262898737,
            0.14492338090279439,
            0.1378453091392476,
            0.13137953915594233,
            0.125524772771641,
            0.1202772577193273,
            0.11563084383983403,
            0.11157704932812745,
            0.10810513674578784,
            0.10520219845489268,
            0.10285325107524074,
            0.10104133850717902,
            0.09974764301333366,
            0.09895160379943689,
            0.09863104248582814,
            0.09876229482019028,
            0.09932034793613731,
            0.10027898243150246
        ]
    },
    "CPU_time": {
        "derivatives": 0.0037910938262939453,
        "buildingVn": 0.08864402770996094,
        "spliting_Vn": 0.0,