{
    "geometry1": "spherical",
    "geometry2": "small",
    "ope": "b2p_tang_ipp",
    "lc": 0.015,
    "dimP": 2,
    "dimQ": 2,
    "N": 79,
    "f0": 1000,
    "frequencies": [
        80,
        100,
        120,
        140,
        160,
        180,
        200,
        220,
        240,
        260,
        280,
        300,
        320,
        340,
        360,
        380,
        400,
        420,
        440,
        460,
        480,
        500,
        520,
        540,
        560,
        580,
        600,
        620,
        640,
        660,
        680,
        700,
        720,
        740,
        760,
        780,
        800,
        820,
        840,
        860,
        880,
        900,
        920,
        940,
        960,
        980,
        1000,
        1020,
        1040,
        1060,
        1080,
        1100,
        1120,
        1140,
        1160,
        1180,
        1200,
        1220,
        1240,
        1260,
        1280,
        1300,
        1320,
        1340,
        1360,
        1380,
        1400,
        1420,
        1440,
        1460,
        1480,
        1500,
        1520,
        1540,
        1560,
        1580,
        1600,
        1620,
        1640,
        1660,
        1680,
        1700,
        1720,
        1740,
        1760,
        1780,
        1800,
        1820,
        1840,
        1860,
        1880,
        1900,
        1920,
        1940,
        1960,
        1980,
        2000
    ],
    "Z_center": {
        "real": [
            0.010567675326435037,
            0.016478671660774883,
            0.023670786823618232,
            0.03212474620209409,
            0.04181793895050673,
            0.052724500204010497,
            0.06481540456252302,
            0.07805857032697072,
            0.09241897393401928,
            0.10785877400356617,
            0.12433744438522354,
            0.14181191556294812,
            0.16023672375417408,
            0.17956416701808744,
            0.1997444676697834,
            0.22072594028325784,
            0.24245516455523766,
            0.264877162296899,
            0.2879355778191127,
            0.31157286098070097,
            0.3357304521775145,
            0.3603489685626764,
            0.38536839080453866,
            0.41072824970955774,
            0.43636781205992936,
            0.46222626504117686,
            0.4882428986637222,
            0.5143572856096796,
            0.5405094579695452,
            0.5666400803610268,
            0.5926906189561618,
            0.6186035059728217,
            0.6443222992177994,
            0.6697918362982249,
            0.694958383147386,
            0.7197697765385127,
            0.7441755602862903,
            0.7681271148609915,
            0.7915777801628485,
            0.8144829712262786,
            0.8368002866437115,
            0.858489609516358,
            0.8795132007572862,
            0.8998357845870892,
            0.9194246260768753,
            0.9382496006069349,
            0.9562832551214893,
            0.9735008610721705,
            0.9898804589540842,
            1.0054028943493396,
            1.0200518454047611,
            1.033813841681611,
            1.0466782743273797,
            1.0586373975326886,
            1.0696863212503291,
            1.079822995167985,
            1.089048183943152,
            1.097365433726157,
            1.1047810300174112,
            1.1113039469250656,
            1.1169457879133355,
            1.1217207181565545,
            1.1256453886391353,
            1.128738852172409,
            1.1310224715268582,
            1.1325198199116246,
            1.1332565740651654,
            1.1332604002548965,
            1.1325608335193227,
            1.131189150521336,
            1.1291782364170861,
            1.1265624461817063,
            1.1233774608677716,
            1.1196601393086696,
            1.1154483658114103,
            1.110780894417688,
            1.1056971903404724,
            1.100237269214386,
            1.094441534820647,
            1.0883506159736978,
            1.082005203271121,
            1.0754458864301064,
            1.0687129929386612,
            1.0618464287624294,
            1.0548855218467486,
            1.0478688691535964,
            1.040834187965211,
            1.0338181721736632,
            1.0268563542590254,
            1.0199829736359378,
            1.013230852021686,
            1.0066312764441623,
            1.0002138904743003,
            0.994006594222327,
            0.9880354535922594,
            0.9823246192383864,
            0.9768962556119944
        ],
        "imag": [
            0.1228116315041348,
            0.15302421653289022,
            0.18291219578167112,
            0.21241291065339174,
            0.2414649196399688,
            0.2700081872879246,
            0.2979842670601824,
            0.3253364774047286,
            0.3520100703904718,
            0.37795239231971856,
            0.40311303577458535,
            0.4274439826031991,
            0.45089973739988837,
            0.4734374510839175,
            0.49501703423264287,
            0.5156012598773317,
            0.5351558555237947,
            0.5536495842139444,
            0.5710543144979796,
            0.5873450792408466,
            0.6025001232376908,
            0.6165009396626058,
            0.6293322954235794,
            0.6409822455396303,
            0.6514421366980568,
            0.6607066001881552,
            0.6687735344409765,
            0.6756440774369534,
            0.6813225692692477,
            0.6858165051751971,
            0.68913647936825,
            0.691296120020046,
            0.692312015756067,
            0.6922036340399845,
            0.6909932318305784,
            0.6887057589008931,
            0.6853687542151522,
            0.6810122357604287,
            0.6756685842327314,
            0.6693724209770442,
            0.662160480580826,
            0.6540714785196078,
            0.6451459742526076,
            0.6354262301648831,
            0.624956066752388,
            0.6137807144456595,
            0.6019466624683266,
            0.5895015051275101,
            0.5764937859354511,
            0.5629728399638365,
            0.5489886348363312,
            0.5345916107693475,
            0.5198325200760204,
            0.5047622665547956,
            0.4894317451906193,
            0.4738916826038889,
            0.4581924786898866,
            0.442384049898697,
            0.4265156746138908,
            0.41063584109406853,
            0.39479209844891017,
            0.37903091112695503,
            0.363397517394733,
            0.3479357922933363,
            0.3326881155551462,
            0.31769524496678025,
            0.3029961956571857,
            0.28862812578687763,
            0.2746262291036048,
            0.261023634818992,
            0.2478513152459342,
            0.23513800161659185,
            0.22291010848174406,
            0.2111916670642962,
            0.20000426791336332,
            0.18936701316991678,
            0.17929647872319082,
            0.16980668649351832,
            0.1609090870381,
            0.1526125526285873,
            0.14492338090240706,
            0.1378453091387778,
            0.13137953915552772,
            0.1255247727712305,
            0.12027725771885638,
            0.1156308438393338,
            0.11157704932758394,
            0.10810513674537216,
            0.1052021984544504,
            0.1028532510749171,
            0.1010413385067144,
            0.09974764301296823,
            0.09895160379913445,
            0.0986310424854581,
            0.09876229481978681,
            0.09932034793593221,
            0.10027898243126175
        ]
    },
    "CPU_time": {
        "derivatives": 0.003773927688598633,
        "buildingVn": 0.13440203666687012,
        "spliting_Vn": 0.0,
        "solvingMOR": 0.06120586395263672,