{
    "geometry1": "spherical",
    "geometry2": "large",
    "ope": "b2p_tang_ipp",
    "lc": 0.015,
    "dimP": 2,
    "dimQ": 2,
    "N": 100,
    "f0": 1000,
    "frequencies": [
        80,
        100,
        120,
        140,
        160,
        180,
        200,
        220,
        240,
        260,
        280,
        300,
        320,
        340,
        360,
        380,
        400,
        420,
        440,
        460,
        480,
        500,
        520,
        540,
        560,
        580,
        600,
        620,
        640,
        660,
        680,
        700,
        720,
        740,
        760,
        780,
        800,
        820,
        840,
        860,
        880,
        900,
        920,
        940,
        960,
        980,
        1000,
        1020,
        1040,
        1060,
        1080,
        1100,
        1120,
        1140,
        1160,
        1180,
        1200,
        1220,
        1240,
        1260,
        1280,
        1300,
        1320,
        1340,
        1360,
        1380,
        1400,
        1420,
        1440,
        1460,
        1480,
        1500,
        1520,
        1540,
        1560,
        1580,
        1600,
        1620,
        1640,
        1660,
        1680,
        1700,
        1720,
        1740,
        1760,
        1780,
        1800,
        1820,
        1840,
        1860,
        1880,
        1900,
        1920,
        1940,
        1960,
        1980,
        2000
    ],
    "Z_center": {
        "real": [
            0.010654643351337468,
            0.016613518649391968,
            0.02386329442451903,
            0.032384363665187696,
            0.042153853983711895,
            0.053145740723208074,
            0.06533095595890806,
            0.07867748967535895,
            0.09315048147285625,
            0.1087123034269583,
            0.12532263693372367,
            0.1429385482664951,
            0.16151456892553248,
            0.1810027875115544,
            0.2013529597028332,
            0.2225126419510265,
            0.24442735280919772,
            0.2670407635251217,
            0.2902949169022826,
            0.3141304707272272,
            0.3384869595841572,
            0.363303066915467,
            0.3885168979878948,
            0.4140662441628011,
            0.43988882962177095,
            0.4659225334259027,
            0.49210558232923285,
            0.5183767128542855,
            0.5446753044189047,
            0.57094148838583,
            0.5971162404095115,
            0.623141465066122,
            0.6489600822746033,
            0.6745161243944143,
            0.6997548512131737,
            0.7246228875360904,
            0.749068385068439,
            0.7730412070926422,
            0.7964931314263287,
            0.8193780646073977,
            0.8416522584202695,
            0.8632745189063363,
            0.8842063979618109,
            0.9044123585024153,
            0.9238599058757556,
            0.9425196805637922,
            0.9603655100147391,
            0.9773744204078763,
            0.9935266119955872,
            1.0088054041036227,
            1.0231971576599237,
            1.0366911840910054,
            1.0492796494925236,
            1.060957482168286,
            1.0717222900642027,
            1.081574292504537,
            1.0905162682271015,
            1.098553519287499,
            1.1056938482177074,
            1.1119475440886666,
            1.1173273719757588,
            1.1218485598163466,
            1.1255287767568618,
            1.128388097724788,
            1.1304489500002812,
            1.1317360388430322,
            1.1322762506093735,
            1.1320985331251379,
            1.1312337542732922,
            1.1297145407244813,
            1.1275750994643543,
            1.1248510252511648,
            1.1215790973874717,
            1.117797069276619,
            1.1135434541995535,
            1.108857310667214,
            1.1037780306278346,
            1.0983451337583248,
            1.0925980710898773,
            1.0865760412064585,
            1.080317822242115,
            1.0738616227118283,
            1.0672449538177247,
            1.0605045251530059,
            1.053676164682688,
            1.0467947624825296,
            1.0398942360882004,
            1.0330075135447985,
            1.0261665285433574,
            1.0194022206290818,
            1.012744532488149,
            1.0062223960466241,
            0.9998636995633245,
            0.9936952291853098,
            0.9877425804698019,
            0.9820300380818159,
            0.9765804250080028
        ],
        "imag": [
            0.12329831529189099,
            0.15362678551261116,
            0.18362717150150637,
            0.21323642390374328,
            0.24239279451184928,
            0.27103598610717805,
            0.29910728566424566,
            0.3265496859923974,
            0.3533080018021363,
            0.37932898634389384,
            0.40456145414925715,
            0.4289564140677879,
            0.45246721487419916,
            0.47504970342324376,
            0.4966623929014187,
            0.5172666364344781,
            0.5368267994210242,
            0.5553104227043261,
            0.5726883682373334,
            0.588934939330005,
            0.6040279688891905,
            0.6179488711671826,
            0.6306826552275268,
            0.6422179013406817,
            0.652546704508325,
            0.6616645919377266,
            0.6695704232231618,
            0.6762662829833637,
            0.6817573756014046,
            0.6860519304986521,
            0.6891611241747271,
            0.6910990223186823,
            0.6918825420003281,
            0.6915314306853737,
            0.6900682559734226,
            0.6875183978538457,
            0.6839100341266079,
            0.6792741095334939,
            0.6736442800606798,
            0.6670568256733085,
            0.6595505272172999,
            0.6511665061164106,
            0.6419480285200728,
            0.6319402784384458,
            0.6211901068697795,
            0.6097457657556407,
            0.5976566366213443,
            0.5849729638763463,
            0.5717456019536252,
            0.558025783841976,
            0.5438649162847699,
            0.529314404227538,
            0.5144255042866543,
            0.4992492043812692,
            0.48383612449287494,
            0.46823643199984893,
            0.4524997642995256,
            0.4366751515019249,
            0.42081093278629456,
            0.40495466140469566,
            0.38915299509645124,
            0.3734515706213317,
            0.35789486301334117,
            0.3425260318246629,
            0.3273867579377754,
            0.3125170754134252,
            0.2979552032808568,
            0.2837373822215004,
            0.26989772079602065,
            0.25646805531640376,
            0.2434778267655125,
            0.23095397739668588,
            0.21892086889514945,
            0.20740022329764451,
            0.19641108728046033,
            0.18596981995087186,
            0.17609010386599316,
            0.16678297864045966,
            0.15805689609851775,
            0.1499177954371736,
            0.14236919625287128,
            0.13541230652899242,
            0.12904614183740096,
            0.12326765115355286,
            0.11807184393998042,
            0.11345191268053662,
            0.10939934497591461,
            0.10590401975042013,
            0.1029542831662699,
            0.10053700143952311,
            0.09863758986382243,
            0.09724001980015488,
            0.09632680796611917,
            0.0958789948130761,
            0.09587612088272048,
            0.09629621146580797,
            0.09711578057569069
        ]
    },
    "CPU_time": {
        "derivatives": 0.10114789009094238,
        "buildingVn": 18.305601119995117,
        "spliting_Vn": 0.0,