{
    "geometry1": "spherical",
    "geometry2": "large",
    "ope": "b2p_tang_ipp",
    "lc": 0.015,
    "dimP": 2,
    "dimQ": 2,
    "N": 88,
    "f0": 1000,
    "frequencies": [
        80,
        100,
        120,
        140,
        160,
        180,
        200,
        220,
        240,
        260,
        280,
        300,
        320,
        340,
        360,
        380,
        400,
        420,
        440,
        460,
        480,
        500,
        520,
        540,
        560,
        580,
        600,
        620,
        640,
        660,
        680,
        700,
        720,
        740,
        760,
        780,
        800,
        820,
        840,
        860,
        880,
        900,
        920,
        940,
        960,
        980,
        1000,
        1020,
        1040,
        1060,
        1080,
        1100,
        1120,
        1140,
        1160,
        1180,
        1200,
        1220,
        1240,
        1260,
        1280,
        1300,
        1320,
        1340,
        1360,
        1380,
        1400,
        1420,
        1440,
        1460,
        1480,
        1500,
        1520,
        1540,
        1560,
        1580,
        1600,
        1620,
        1640,
        1660,
        1680,
        1700,
        1720,
        1740,
        1760,
        1780,
        1800,
        1820,
        1840,
        1860,
        1880,
        1900,
        1920,
        1940,
        1960,
        1980,
        2000
    ],
    "Z_center": {
        "real": [
            0.010654643351337513,
            0.016613518649391767,
            0.023863294424518115,
            0.03238436366518725,
            0.04215385398371102,
            0.053145740723207685,
            0.06533095595890794,
            0.07867748967535843,
            0.09315048147285596,
            0.10871230342695756,
            0.12532263693372273,
            0.14293854826649455,
            0.1615145689255322,
            0.18100278751155421,
            0.2013529597028344,
            0.22251264195102688,
            0.24442735280919956,
            0.2670407635251241,
            0.29029491690228476,
            0.31413047072722966,
            0.3384869595841586,
            0.3633030669154682,
            0.38851689798789624,
            0.4140662441628022,
            0.43988882962177095,
            0.465922533425902,
            0.4921055823292346,
            0.5183767128542845,
            0.5446753044189035,
            0.5709414883858283,
            0.5971162404095105,
            0.6231414650661171,
            0.6489600822745996,
            0.6745161243944092,
            0.6997548512131699,
            0.7246228875360866,
            0.7490683850684364,
            0.7730412070926418,
            0.7964931314263268,
            0.8193780646074006,
            0.8416522584202729,
            0.8632745189063405,
            0.8842063979618164,
            0.90441235850242,
            0.9238599058757612,
            0.9425196805637959,
            0.9603655100147396,
            0.9773744204078761,
            0.9935266119955851,
            1.0088054041036236,
            1.02319715765992,
            1.036691184091004,
            1.0492796494925198,
            1.0609574821682755,
            1.0717222900641934,
            1.081574292504549,
            1.090516268227119,
            1.098553519287494,
            1.1056938482177046,
            1.1119475440886297,
            1.1173273719757308,
            1.1218485598163017,
            1.125528776756799,
            1.1283880977249496,
            1.1304489500002488,
            1.1317360388431004,
            1.1322762506094262,
            1.1320985331250906,
            1.1312337542733208,
            1.129714540724464,
            1.1275750994644096,
            1.1248510252511967,
            1.121579097387528,
            1.1177970692766954,
            1.1135434541995775,
            1.1088573106674064,
            1.1037780306276546,
            1.0983451337583006,
            1.0925980710899152,
            1.0865760412065404,
            1.0803178222420446,
            1.0738616227118198,
            1.0672449538176616,
            1.0605045251530218,
            1.0536761646826664,
            1.0467947624825529,
            1.0398942360886476,
            1.033007513544767,
            1.0261665285433548,
            1.0194022206292048,
            1.0127445324878595,
            1.0062223960465508,
            0.99986369956356,
            0.9936952291854599,
            0.9877425804695877,
            0.9820300380816762,
            0.9765804250078715
        ],
        "imag": [
            0.12329831529189084,
            0.15362678551261072,
            0.18362717150150631,
            0.21323642390374278,
            0.24239279451184914,
            0.27103598610717794,
            0.299107285664245,
            0.3265496859923985,
            0.3533080018021358,
            0.37932898634389467,
            0.4045614541492577,
            0.42895641406778945,
            0.4524672148741989,
            0.4750497034232451,
            0.4966623929014187,
            0.5172666364344795,
            0.5368267994210272,
            0.5553104227043267,
            0.5726883682373349,
            0.5889349393300048,
            0.604027968889191,
            0.6179488711671803,
            0.6306826552275254,
            0.6422179013406809,
            0.6525467045083242,
            0.6616645919377243,
            0.6695704232231572,
            0.6762662829833614,
            0.6817573756014021,
            0.6860519304986505,
            0.6891611241747239,
            0.6910990223186831,
            0.6918825420003298,
            0.6915314306853785,
            0.6900682559734244,
            0.6875183978538489,
            0.6839100341266103,
            0.6792741095334921,
            0.6736442800606823,
            0.6670568256733098,
            0.6595505272173009,
            0.6511665061164117,
            0.6419480285200729,
            0.6319402784384444,
            0.6211901068697764,
            0.6097457657556377,
            0.5976566366213386,
            0.5849729638763427,
            0.5717456019536225,
            0.5580257838419753,
            0.543864916284768,
            0.5293144042275362,
            0.5144255042866538,
            0.4992492043812784,
            0.48383612449288654,
            0.46823643199984805,
            0.4524997642995197,
            0.43667515150191955,
            0.4208109327863398,
            0.40495466140470077,
            0.3891529950964276,
            0.37345157062123735,
            0.3578948630135498,
            0.3425260318247131,
            0.32738675793791916,
            0.3125170754133913,
            0.29795520328082875,
            0.2837373822215316,
            0.26989772079602037,
            0.2564680553164015,
            0.24347782676551177,
            0.23095397739660248,
            0.21892086889512932,
            0.20740022329749455,
            0.19641108728050838,
            0.1859698199509088,
            0.1760901038660155,
            0.16678297864039665,
            0.15805689609838022,
            0.1499177954372543,
            0.1423691962529492,
            0.1354123065289257,
            0.12904614183742072,
            0.12326765115340263,
            0.11807184393976329,
            0.11345191268055363,
            0.10939934497567311,
            0.10590401975050391,
            0.10295428316610852,
            0.10053700143953166,
            0.09863758986373883,
            0.09724001980037038,
            0.0963268079658857,
            0.09587899481310627,
            0.09587612088270166,
            0.09629621146599167,
            0.09711578057565982
        ]
    },
    "CPU_time": {
        "derivatives": 0.10697317123413086,
        "buildingVn": 15.76505708694458,
        "spliting_Vn": 0.0,