{
    "geometry1": "spherical",
    "geometry2": "large",
    "ope": "b2p_tang_ipp",
    "lc": 0.015,
    "dimP": 2,
    "dimQ": 2,
    "N": 28,
    "f0": 1000,
    "frequencies": [
        80,
        100,
        120,
        140,
        160,
        180,
        200,
        220,
        240,
        260,
        280,
        300,
        320,
        340,
        360,
        380,
        400,
        420,
        440,
        460,
        480,
        500,
        520,
        540,
        560,
        580,
        600,
        620,
        640,
        660,
        680,
        700,
        720,
        740,
        760,
        780,
        800,
        820,
        840,
        860,
        880,
        900,
        920,
        940,
        960,
        980,
        1000,
        1020,
        1040,
        1060,
        1080,
        1100,
        1120,
        1140,
        1160,
        1180,
        1200,
        1220,
        1240,
        1260,
        1280,
        1300,
        1320,
        1340,
        1360,
        1380,
        1400,
        1420,
        1440,
        1460,
        1480,
        1500,
        1520,
        1540,
        1560,
        1580,
        1600,
        1620,
        1640,
        1660,
        1680,
        1700,
        1720,
        1740,
        1760,
        1780,
        1800,
        1820,
        1840,
        1860,
        1880,
        1900,
        1920,
        1940,
        1960,
        1980,
        2000
    ],
    "Z_center": {
        "real": [
            0.010654643331358377,
            0.016613518658956525,
            0.023863294455008555,
            0.032384363706384596,
            0.042153854026392414,
            0.05314574076070886,
            0.06533095598768957,
            0.07867748969469167,
            0.0931504814839735,
            0.10871230343204694,
            0.12532263693507553,
            0.14293854826598346,
            0.16151456892440616,
            0.18100278751048493,
            0.20135295970206946,
            0.222512641950579,
            0.24442735280898087,
            0.26704076352503997,
            0.2902949169022647,
            0.31413047072722855,
            0.33848695958416064,
            0.36330306691546915,
            0.3885168979878937,
            0.41406624416279586,
            0.4398888296217659,
            0.4659225334258991,
            0.49210558232923224,
            0.5183767128542831,
            0.5446753044189075,
            0.5709414883858344,
            0.5971162404095228,
            0.6231414650661274,
            0.6489600822746151,
            0.6745161243944193,
            0.6997548512131804,
            0.7246228875360975,
            0.7490683850684345,
            0.7730412070926417,
            0.7964931314263234,
            0.8193780646073968,
            0.8416522584202712,
            0.8632745189063349,
            0.8842063979618093,
            0.9044123585024127,
            0.923859905875751,
            0.9425196805637874,
            0.9603655100147351,
            0.9773744204078747,
            0.9935266119955849,
            1.008805404103625,
            1.0231971576599224,
            1.0366911840910111,
            1.0492796494925274,
            1.0609574821682766,
            1.071722290064202,
            1.0815742925045435,
            1.0905162682271117,
            1.0985535192874893,
            1.1056938482176921,
            1.1119475440886175,
            1.1173273719756769,
            1.121848559816285,
            1.1255287767567814,
            1.1283880977247513,
            1.130448950000257,
            1.131736038843097,
            1.1322762506093846,
            1.1320985331251419,
            1.131233754273389,
            1.1297145407243918,
            1.127575099463295,
            1.1248510252465898,
            1.1215790973753452,
            1.11779706925693,
            1.113543454196996,
            1.1088573107753485,
            1.1037780310574852,
            1.0983451348103062,
            1.0925980728622093,
            1.0865760428176936,
            1.0803178205405726,
            1.0738616110767836,
            1.0672449226881913,
            1.0605044668479497,
            1.053676084818423,
            1.0467946976699198,
            1.0398942721404292,
            1.033007791437114,
            1.0261672201797833,
            1.0194034575878557,
            1.0127462821525495,
            1.006224301485591,
            0.9998649282362885,
            0.9936944024058719,
            0.9877378694140245,
            0.9820195025267248,
            0.976562631889674
        ],
        "imag": [
            0.1232983154139778,
            0.15362678561870308,
            0.18362717158364134,
            0.21323642395967404,
            0.2423927945438328,
            0.2710359861203466,
            0.29910728566484335,
            0.3265496859862749,
            0.3533080017937936,
            0.37932898633614487,
            0.4045614541433965,
            0.42895641406402657,
            0.4524672148721614,
            0.47504970342236064,
            0.4966623929011764,
            0.5172666364345141,
            0.5368267994211374,
            0.5553104227044214,
            0.5726883682373942,
            0.5889349393300345,
            0.6040279688892044,
            0.6179488711671851,
            0.6306826552275289,
            0.6422179013406878,
            0.6525467045083302,
            0.6616645919377299,
            0.669570423223172,
            0.6762662829833772,
            0.6817573756014115,
            0.6860519304986618,
            0.6891611241747361,
            0.6910990223186763,
            0.6918825420003396,
            0.691531430685377,
            0.6900682559734223,
            0.6875183978538416,
            0.6839100341265989,
            0.6792741095334779,
            0.6736442800606665,
            0.6670568256733023,
            0.6595505272172923,
            0.6511665061164031,
            0.6419480285200667,
            0.6319402784384438,
            0.6211901068697738,
            0.6097457657556423,
            0.5976566366213447,
            0.5849729638763498,
            0.571745601953626,
            0.5580257838419797,
            0.5438649162847695,
            0.5293144042275333,
            0.5144255042866513,
            0.49924920438126846,
            0.4838361244928746,
            0.46823643199983767,
            0.4524997642995009,
            0.43667515150191627,
            0.42081093278631687,
            0.4049546614047058,
            0.3891529950964286,
            0.3734515706212857,
            0.35789486301338935,
            0.3425260318246796,
            0.32738675793780464,
            0.3125170754134175,
            0.29795520328081876,
            0.28373738222149514,
            0.2698977207958783,
            0.2564680553159108,
            0.24347782676434004,
            0.23095397739561038,
            0.2189208688999336,
            0.2074002233258417,
            0.19641108736711296,
            0.18596982012867494,
            0.17609010407648004,
            0.16678297852639234,
            0.15805689470895123,
            0.14991779110331152,
            0.14236918723790973,
            0.13541229329204188,
            0.12904613139979412,
            0.12326766260647938,
            0.1180719115345278,
            0.11345208011437921,
            0.10939964348601791,
            0.10590442595354024,
            0.10295466175443677,
            0.10053705182634515,
            0.0986368303034439,
            0.09723785040742632,
            0.09632268816527524,
            0.09587274647637836,
            0.09586832653155691,
            0.09628862475391138,
            0.09711161675132726
        ]
    },
    "CPU_time": {
        "derivatives": 0.09719181060791016,
        "buildingVn": 10.684875011444092,
        "spliting_Vn": 0.0,