{
    "geometry1": "spherical",
    "geometry2": "large",
    "ope": "b2p_tang_ipp",
    "lc": 0.015,
    "dimP": 2,
    "dimQ": 2,
    "N": 47,
    "f0": 1000,
    "frequencies": [
        80,
        100,
        120,
        140,
        160,
        180,
        200,
        220,
        240,
        260,
        280,
        300,
        320,
        340,
        360,
        380,
        400,
        420,
        440,
        460,
        480,
        500,
        520,
        540,
        560,
        580,
        600,
        620,
        640,
        660,
        680,
        700,
        720,
        740,
        760,
        780,
        800,
        820,
        840,
        860,
        880,
        900,
        920,
        940,
        960,
        980,
        1000,
        1020,
        1040,
        1060,
        1080,
        1100,
        1120,
        1140,
        1160,
        1180,
        1200,
        1220,
        1240,
        1260,
        1280,
        1300,
        1320,
        1340,
        1360,
        1380,
        1400,
        1420,
        1440,
        1460,
        1480,
        1500,
        1520,
        1540,
        1560,
        1580,
        1600,
        1620,
        1640,
        1660,
        1680,
        1700,
        1720,
        1740,
        1760,
        1780,
        1800,
        1820,
        1840,
        1860,
        1880,
        1900,
        1920,
        1940,
        1960,
        1980,
        2000
    ],
    "Z_center": {
        "real": [
            0.010654643351337542,
            0.016613518649391694,
            0.02386329442451832,
            0.032384363665187314,
            0.04215385398371133,
            0.05314574072320756,
            0.06533095595890792,
            0.0786774896753595,
            0.09315048147285702,
            0.10871230342695962,
            0.12532263693372445,
            0.14293854826649643,
            0.16151456892553373,
            0.1810027875115571,
            0.20135295970283587,
            0.22251264195102813,
            0.24442735280920042,
            0.26704076352512424,
            0.2902949169022842,
            0.3141304707272271,
            0.338486959584158,
            0.3633030669154682,
            0.38851689798789407,
            0.41406624416279886,
            0.43988882962176795,
            0.4659225334258997,
            0.49210558232923296,
            0.5183767128542844,
            0.5446753044189014,
            0.5709414883858307,
            0.5971162404095116,
            0.6231414650661223,
            0.6489600822746009,
            0.674516124394411,
            0.6997548512131737,
            0.7246228875360915,
            0.7490683850684384,
            0.7730412070926364,
            0.7964931314263282,
            0.8193780646074005,
            0.84165225842027,
            0.8632745189063377,
            0.884206397961813,
            0.9044123585024159,
            0.9238599058757522,
            0.9425196805637894,
            0.960365510014735,
            0.9773744204078725,
            0.9935266119955828,
            1.0088054041036199,
            1.0231971576599204,
            1.0366911840910087,
            1.0492796494925307,
            1.060957482168284,
            1.0717222900641958,
            1.0815742925045666,
            1.090516268227121,
            1.0985535192875042,
            1.1056938482176872,
            1.111947544088624,
            1.1173273719756975,
            1.1218485598163124,
            1.1255287767567992,
            1.1283880977247867,
            1.1304489500002735,
            1.131736038843113,
            1.1322762506093855,
            1.132098533125121,
            1.1312337542732906,
            1.1297145407244455,
            1.127575099464369,
            1.1248510252511834,
            1.1215790973874988,
            1.1177970692767332,
            1.11354345419955,
            1.1088573106673936,
            1.1037780306276694,
            1.0983451337583618,
            1.0925980710899321,
            1.086576041206511,
            1.0803178222420484,
            1.0738616227117768,
            1.0672449538176092,
            1.0605045251530232,
            1.0536761646826964,
            1.046794762482389,
            1.0398942360886503,
            1.0330075135448384,
            1.0261665285429382,
            1.0194022206263482,
            1.0127445324812747,
            1.0062223960402996,
            0.9998636995791348,
            0.9936952292641099,
            0.9877425806358064,
            0.9820300382342306,
            0.976580424780897
        ],
        "imag": [
            0.12329831529189103,
            0.15362678551261102,
            0.18362717150150645,
            0.21323642390374395,
            0.24239279451184972,
            0.2710359861071785,
            0.2991072856642463,
            0.32654968599239853,
            0.3533080018021374,
            0.37932898634389484,
            0.4045614541492582,
            0.4289564140677892,
            0.45246721487419933,
            0.47504970342324404,
            0.49666239290141784,
            0.5172666364344777,
            0.5368267994210247,
            0.5553104227043244,
            0.5726883682373317,
            0.5889349393300015,
            0.6040279688891889,
            0.617948871167179,
            0.6306826552275251,
            0.6422179013406812,
            0.6525467045083257,
            0.6616645919377261,
            0.6695704232231614,
            0.6762662829833656,
            0.6817573756014039,
            0.6860519304986532,
            0.6891611241747245,
            0.6910990223186817,
            0.6918825420003313,
            0.6915314306853794,
            0.6900682559734265,
            0.6875183978538472,
            0.6839100341266071,
            0.6792741095334814,
            0.673644280060681,
            0.667056825673307,
            0.6595505272172983,
            0.6511665061164053,
            0.6419480285200693,
            0.6319402784384461,
            0.6211901068697758,
            0.6097457657556407,
            0.5976566366213442,
            0.5849729638763482,
            0.5717456019536271,
            0.5580257838419826,
            0.5438649162847722,
            0.5293144042275448,
            0.514425504286659,
            0.4992492043812807,
            0.48383612449288793,
            0.46823643199984044,
            0.4524997642995297,
            0.4366751515019338,
            0.42081093278633824,
            0.4049546614046969,
            0.3891529950964236,
            0.37345157062129386,
            0.35789486301337975,
            0.3425260318246401,
            0.32738675793778027,
            0.3125170754133786,
            0.29795520328078473,
            0.28373738222151756,
            0.2698977207959881,
            0.25646805531641775,
            0.24347782676548094,
            0.23095397739662546,
            0.21892086889514145,
            0.20740022329755553,
            0.1964110872805351,
            0.18596981995089723,
            0.1760901038658987,
            0.16678297864037656,
            0.15805689609842907,
            0.14991779543718542,
            0.1423691962529584,
            0.13541230652888248,
            0.12904614183733937,
            0.12326765115358497,
            0.11807184393983433,
            0.1134519126806242,
            0.1093993449759096,
            0.10590401974998238,
            0.10295428316519056,
            0.10053700143842204,
            0.09863758986688964,
            0.09724001981665524,
            0.09632680800181938,
            0.0958789948452307,
            0.09587612081593742,
            0.09629621113431774,
            0.09711577988931547
        ]
    },
    "CPU_time": {
        "derivatives": 0.09570789337158203,
        "buildingVn": 12.218214988708496,
        "spliting_Vn": 0.0,