{
    "geometry1": "spherical",
    "geometry2": "small",
    "ope": "b2p_tang_ipp",
    "lc": 0.015,
    "dimP": 2,
    "dimQ": 2,
    "N": 3,
    "f0": 1000,
    "frequencies": [
        80,
        100,
        120,
        140,
        160,
        180,
        200,
        220,
        240,
        260,
        280,
        300,
        320,
        340,
        360,
        380,
        400,
        420,
        440,
        460,
        480,
        500,
        520,
        540,
        560,
        580,
        600,
        620,
        640,
        660,
        680,
        700,
        720,
        740,
        760,
        780,
        800,
        820,
        840,
        860,
        880,
        900,
        920,
        940,
        960,
        980,
        1000,
        1020,
        1040,
        1060,
        1080,
        1100,
        1120,
        1140,
        1160,
        1180,
        1200,
        1220,
        1240,
        1260,
        1280,
        1300,
        1320,
        1340,
        1360,
        1380,
        1400,
        1420,
        1440,
        1460,
        1480,
        1500,
        1520,
        1540,
        1560,
        1580,
        1600,
        1620,
        1640,
        1660,
        1680,
        1700,
        1720,
        1740,
        1760,
        1780,
        1800,
        1820,
        1840,
        1860,
        1880,
        1900,
        1920,
        1940,
        1960,
        1980,
        2000
    ],
    "Z_center": {
        "real": [
            -0.02252744997482597,
            -0.027695533576650527,
            -0.03179968404633282,
            -0.03388463836041554,
            -0.032407089810579236,
            -0.024894010006752253,
            -0.007444850945458592,
            0.025887619436493727,
            0.08353881056490323,
            0.1757044230426625,
            0.3103438067879398,
            0.484092983238546,
            0.6726875801928566,
            0.8357970877181095,
            0.941427444560547,
            0.9847506063492357,
            0.9818068000549699,
            0.9529337433935953,
            0.9134189839255277,
            0.8722464439302036,
            0.833894055881716,
            0.8002368520617724,
            0.7718158235396919,
            0.7485520774056019,
            0.730115068626825,
            0.7161008340964906,
            0.7061120823927628,
            0.6997894131949428,
            0.696818949069093,
            0.6969290366264556,
            0.6998822483252818,
            0.7054657182908869,
            0.7134812965041519,
            0.7237362923964171,
            0.7360352845078588,
            0.7501733795462504,
            0.765931291954199,
            0.7830726121406427,
            0.8013435916774333,
            0.8204756686615867,
            0.8401907754596382,
            0.860209223842631,
            0.8802596802327907,
            0.9000904755516149,
            0.9194812974559693,
            0.9382542388416576,
            0.9562832551215389,
            0.9735013116321566,
            0.9899048460604849,
            1.0055555696524499,
            1.0205800188524812,
            1.0351675910416291,
            1.0495680245520462,
            1.0640894154972493,
            1.0790979324929124,
            1.0950204479549193,
            1.1123514210401133,
            1.1316656287029152,
            1.1536388607082018,
            1.1790796377760058,
            1.2089766521014584,
            1.2445694505036589,
            1.2874547869203943,
            1.3397498226553797,
            1.4043495150710528,
            1.485346663096655,
            1.5887460114525676,
            1.7237382901863072,
            1.9051058465933544,
            2.1580753830357566,
            2.5288625255729267,
            3.109252240504457,
            4.093189417224707,
            5.80620099512778,
            6.738713050548894,
            0.777477832236742,
            -1.5337588492555438,
            -1.5050838140678895,
            -1.2289975049494857,
            -0.9864370834171653,
            -0.797903366348377,
            -0.6525943480019233,
            -0.5390997016809698,
            -0.44892168531657317,
            -0.3760789935092375,
            -0.3163654212790451,
            -0.26678022213784663,
            -0.22514275358330332,
            -0.18983829742185718,
            -0.15964973392557358,
            -0.1336444978173383,
            -0.1110973330412845,
            -0.09143655225673272,
            -0.07420598908585027,
            -0.059037611102641836,
            -0.045631499553531824,
            -0.0337410030678184
        ],
        "imag": [
            -0.048296818440938825,
            -0.06880736756432097,
            -0.09432162977709622,
            -0.12599759806632682,
            -0.16520195074146735,
            -0.21341760562358236,
            -0.2719365263602789,
            -0.34108360976030533,
            -0.41855002606340946,
            -0.49644541020908206,
            -0.5577680996181676,
            -0.5764101560586099,
            -0.5280135915274115,
            -0.4100710904958354,
            -0.24933147727242974,
            -0.08308524879857225,
            0.06318440237175815,
            0.18084019183330943,
            0.2716138782898806,
            0.34087388032109633,
            0.3941215837193327,
            0.4358234475630374,
            0.46928502468665073,
            0.49685267211307554,
            0.5201591074384716,
            0.5403275556840834,
            0.5581221338465553,
            0.5740533233638556,
            0.5884505920741628,
            0.6015123352000592,
            0.6133406370708139,
            0.6239661137637378,
            0.6333664568265563,
            0.6414811518523434,
            0.6482240429246989,
            0.6534948296696901,
            0.6571901294316052,
            0.6592143587136746,
            0.6594903605926796,
            0.6579694277553241,
            0.6546401618143942,
            0.6495354961173191,
            0.6427372174149324,
            0.6343774638334455,
            0.6246369411063194,
            0.6137399468744243,
            0.6019466624686313,
            0.5895434925470524,
            0.5768324441476991,
            0.5641206024728672,
            0.5517106792169433,
            0.5398934104083581,
            0.5289423152608509,
            0.5191110517663499,
            0.5106333668899479,
            0.5037254705859311,
            0.49859057547752733,
            0.4954253329400447,
            0.49442794345563684,
            0.495807795304743,
            0.49979654562119397,
            0.5066605195508534,
            0.5167139916972913,
            0.5303319160268548,
            0.5479579522400858,
            0.5700964874623314,
            0.5972582800965561,
            0.6297762733691026,
            0.667250500822594,
            0.7068698999169005,
            0.7379997765573982,
            0.7225876155326173,
            0.5114577920990929,
            -0.5797251924222447,
            -5.051113373698387,
            -7.410080079591822,
            -4.339019468065318,
            -2.6281879506030132,
            -1.7898479096721671,
            -1.3239220090799066,
            -1.035301741852649,
            -0.8416618592171771,
            -0.7038533477520317,
            -0.6012904667875172,
            -0.5222488699785727,
            -0.4596127599003923,
            -0.40883581183030915,
            -0.36688834241687784,
            -0.3316792449109216,
            -0.3017218210368953,
            -0.2759319848726555,
            -0.2535017596651784,
            -0.23381736734544334,
            -0.2164046729457931,
            -0.20089193465396712,
            -0.18698380405749473,
            -0.17444281917909835
        ]
    },
    "CPU_time": {
        "derivatives": 0.004336833953857422,
        "buildingVn": 0.020991086959838867,