{
    "geometry1": "spherical",
    "geometry2": "small",
    "ope": "b2p_tang_ipp",
    "lc": 0.015,
    "dimP": 2,
    "dimQ": 2,
    "N": 33,
    "f0": 1000,
    "frequencies": [
        80,
        100,
        120,
        140,
        160,
        180,
        200,
        220,
        240,
        260,
        280,
        300,
        320,
        340,
        360,
        380,
        400,
        420,
        440,
        460,
        480,
        500,
        520,
        540,
        560,
        580,
        600,
        620,
        640,
        660,
        680,
        700,
        720,
        740,
        760,
        780,
        800,
        820,
        840,
        860,
        880,
        900,
        920,
        940,
        960,
        980,
        1000,
        1020,
        1040,
        1060,
        1080,
        1100,
        1120,
        1140,
        1160,
        1180,
        1200,
        1220,
        1240,
        1260,
        1280,
        1300,
        1320,
        1340,
        1360,
        1380,
        1400,
        1420,
        1440,
        1460,
        1480,
        1500,
        1520,
        1540,
        1560,
        1580,
        1600,
        1620,
        1640,
        1660,
        1680,
        1700,
        1720,
        1740,
        1760,
        1780,
        1800,
        1820,
        1840,
        1860,
        1880,
        1900,
        1920,
        1940,
        1960,
        1980,
        2000
    ],
    "Z_center": {
        "real": [
            0.010567675326444703,
            0.01647867166078876,
            0.023670786823636453,
            0.032124746202115445,
            0.041817938950534934,
            0.05272450020404561,
            0.06481540456256363,
            0.07805857032703212,
            0.09241897393407342,
            0.10785877400363385,
            0.12433744438528994,
            0.1418119155630108,
            0.16023672375423556,
            0.17956416701812616,
            0.19974446766980383,
            0.22072594028326173,
            0.24245516455523247,
            0.26487716229688685,
            0.28793557781908724,
            0.3115728609806666,
            0.3357304521774924,
            0.36034896856263743,
            0.38536839080449353,
            0.410728249709518,
            0.43636781205988445,
            0.46222626504117587,
            0.4882428986636598,
            0.5143572856096124,
            0.5405094579694946,
            0.5666400803609765,
            0.592690618956106,
            0.6186035059727683,
            0.6443222992177484,
            0.6697918362981529,
            0.6949583831473183,
            0.7197697765384333,
            0.7441755602862283,
            0.7681271148609434,
            0.7915777801627814,
            0.8144829712262203,
            0.8368002866436532,
            0.8584896095162907,
            0.8795132007572192,
            0.8998357845870258,
            0.9194246260768122,
            0.9382496006068655,
            0.9562832551214189,
            0.9735008610721118,
            0.9898804589540231,
            1.0054028943492734,
            1.0200518454047047,
            1.03381384168155,
            1.0466782743273007,
            1.058637397532616,
            1.0696863212502716,
            1.0798229951679488,
            1.0890481839430688,
            1.0973654337261072,
            1.1047810300173697,
            1.111303946924997,
            1.1169457879132942,
            1.1217207181565056,
            1.125645388639111,
            1.1287388521723773,
            1.1310224715268202,
            1.1325198199115938,
            1.1332565740651355,
            1.1332604002548494,
            1.132560833519311,
            1.131189150521304,
            1.1291782364170704,
            1.126562446181674,
            1.123377460867765,
            1.11966013930863,
            1.1154483658114231,
            1.110780894417676,
            1.105697190340503,
            1.1002372692144216,
            1.0944415348208005,
            1.0883506159737457,
            1.0820052032712246,
            1.0754458864301775,
            1.0687129929387653,
            1.061846428762461,
            1.0548855218467987,
            1.047868869153595,
            1.0408341879652265,
            1.0338181721736126,
            1.0268563542589932,
            1.0199829736359152,
            1.0132308520216802,
            1.0066312764440482,
            1.0002138904742073,
            0.9940065942222277,
            0.9880354535924194,
            0.9823246192381411,
            0.9768962556119577
        ],
        "imag": [
            0.12281163150415239,
            0.1530242165329084,
            0.18291219578168996,
            0.21241291065341186,
            0.24146491963999814,
            0.27000818728795184,
            0.2979842670602067,
            0.32533647740474425,
            0.35201007039048604,
            0.3779523923197112,
            0.4031130357745701,
            0.4274439826031752,
            0.4508997373998459,
            0.47343745108386115,
            0.495017034232583,
            0.5156012598772706,
            0.5351558555237484,
            0.5536495842138972,
            0.5710543144979224,
            0.5873450792408276,
            0.6025001232376622,
            0.6165009396625752,
            0.6293322954235571,
            0.6409822455396003,
            0.6514421366980442,
            0.6607066001881421,
            0.6687735344409654,
            0.6756440774369536,
            0.6813225692692431,
            0.6858165051751981,
            0.6891364793682689,
            0.691296120020089,
            0.692312015756087,
            0.6922036340400325,
            0.6909932318306171,
            0.6887057589009359,
            0.6853687542151943,
            0.6810122357604776,
            0.6756685842327742,
            0.6693724209770863,
            0.6621604805808654,
            0.6540714785196581,
            0.6451459742526663,
            0.6354262301649398,
            0.6249560667524487,
            0.6137807144457305,
            0.6019466624683958,
            0.5895015051275887,
            0.5764937859355345,
            0.5629728399639092,
            0.5489886348364007,
            0.5345916107694214,
            0.5198325200761068,
            0.5047622665548864,
            0.489431745190716,
            0.47389168260399184,
            0.45819247868997953,
            0.4423840498987829,
            0.42651567461398415,
            0.41063584109413037,
            0.394792098449019,
            0.3790309111270229,
            0.3633975173948221,
            0.34793579229338234,
            0.33268811555518896,
            0.31769524496683066,
            0.3029961956572547,
            0.2886281257869405,
            0.2746262291036269,
            0.26102363481907215,
            0.24785131524601475,
            0.23513800161662685,
            0.222910108481762,
            0.21119166706432133,
            0.20000426791332004,
            0.189367013169907,
            0.17929647872312976,
            0.16980668649352273,
            0.1609090870380928,
            0.15261255262850232,
            0.1449233809023315,
            0.13784530913870788,
            0.13137953915540349,
            0.12552477277109872,
            0.12027725771877482,
            0.11563084383919853,
            0.11157704932750212,
            0.10810513674517694,
            0.10520219845432041,
            0.10285325107475181,
            0.10104133850664528,
            0.09974764301274729,
            0.09895160379877964,
            0.0986310424853765,
            0.09876229481941204,
            0.0993203479356542,
            0.10027898243087047
        ]
    },
    "CPU_time": {
        "derivatives": 0.004081249237060547,
        "buildingVn": 0.05350089073181152,
        "spliting_Vn": 0.0,