{
    "geometry1": "spherical",
    "geometry2": "large",
    "ope": "b2p_tang_ipp",
    "lc": 0.015,
    "dimP": 2,
    "dimQ": 2,
    "N": 92,
    "f0": 1000,
    "frequencies": [
        80,
        100,
        120,
        140,
        160,
        180,
        200,
        220,
        240,
        260,
        280,
        300,
        320,
        340,
        360,
        380,
        400,
        420,
        440,
        460,
        480,
        500,
        520,
        540,
        560,
        580,
        600,
        620,
        640,
        660,
        680,
        700,
        720,
        740,
        760,
        780,
        800,
        820,
        840,
        860,
        880,
        900,
        920,
        940,
        960,
        980,
        1000,
        1020,
        1040,
        1060,
        1080,
        1100,
        1120,
        1140,
        1160,
        1180,
        1200,
        1220,
        1240,
        1260,
        1280,
        1300,
        1320,
        1340,
        1360,
        1380,
        1400,
        1420,
        1440,
        1460,
        1480,
        1500,
        1520,
        1540,
        1560,
        1580,
        1600,
        1620,
        1640,
        1660,
        1680,
        1700,
        1720,
        1740,
        1760,
        1780,
        1800,
        1820,
        1840,
        1860,
        1880,
        1900,
        1920,
        1940,
        1960,
        1980,
        2000
    ],
    "Z_center": {
        "real": [
            0.010654643351337511,
            0.01661351864939182,
            0.023863294424518306,
            0.03238436366518735,
            0.042153853983711395,
            0.05314574072320733,
            0.06533095595890745,
            0.07867748967535841,
            0.09315048147285558,
            0.10871230342695756,
            0.12532263693372303,
            0.1429385482664945,
            0.1615145689255328,
            0.1810027875115544,
            0.20135295970283587,
            0.2225126419510278,
            0.24442735280919917,
            0.2670407635251241,
            0.2902949169022855,
            0.31413047072722905,
            0.3384869595841591,
            0.3633030669154703,
            0.38851689798789724,
            0.41406624416280263,
            0.4398888296217698,
            0.4659225334259014,
            0.49210558232923396,
            0.5183767128542848,
            0.5446753044189019,
            0.5709414883858275,
            0.597116240409508,
            0.623141465066118,
            0.6489600822745972,
            0.6745161243944078,
            0.6997548512131702,
            0.7246228875360876,
            0.74906838506843,
            0.7730412070926467,
            0.796493131426322,
            0.8193780646074026,
            0.8416522584202736,
            0.8632745189063423,
            0.8842063979618164,
            0.9044123585024194,
            0.92385990587576,
            0.9425196805637961,
            0.9603655100147391,
            0.9773744204078774,
            0.9935266119955867,
            1.008805404103623,
            1.0231971576599168,
            1.0366911840910065,
            1.0492796494925256,
            1.060957482168275,
            1.071722290064193,
            1.0815742925045395,
            1.0905162682271274,
            1.0985535192875067,
            1.1056938482177057,
            1.1119475440886235,
            1.1173273719757082,
            1.1218485598162975,
            1.1255287767568054,
            1.128388097724782,
            1.1304489500002552,
            1.1317360388431326,
            1.13227625060936,
            1.1320985331251168,
            1.1312337542733504,
            1.1297145407243752,
            1.1275750994643317,
            1.1248510252510997,
            1.1215790973874955,
            1.1177970692766512,
            1.1135434541995781,
            1.1088573106673474,
            1.1037780306276552,
            1.0983451337582442,
            1.0925980710898502,
            1.0865760412064802,
            1.0803178222420136,
            1.0738616227118873,
            1.0672449538176727,
            1.0605045251530285,
            1.0536761646825672,
            1.0467947624822311,
            1.0398942360883803,
            1.0330075135448709,
            1.026166528543373,
            1.0194022206290823,
            1.0127445324884086,
            1.0062223960465408,
            0.9998636995633582,
            0.9936952291855158,
            0.9877425804699504,
            0.9820300380816828,
            0.9765804250080231
        ],
        "imag": [
            0.12329831529189102,
            0.1536267855126107,
            0.18362717150150606,
            0.21323642390374328,
            0.24239279451184936,
            0.2710359861071782,
            0.29910728566424555,
            0.32654968599239786,
            0.3533080018021363,
            0.3793289863438949,
            0.4045614541492575,
            0.4289564140677893,
            0.45246721487419916,
            0.47504970342324593,
            0.4966623929014185,
            0.5172666364344798,
            0.536826799421027,
            0.5553104227043273,
            0.572688368237336,
            0.5889349393300051,
            0.6040279688891903,
            0.6179488711671804,
            0.6306826552275261,
            0.6422179013406805,
            0.6525467045083241,
            0.6616645919377233,
            0.6695704232231582,
            0.6762662829833614,
            0.6817573756014014,
            0.6860519304986499,
            0.6891611241747232,
            0.6910990223186804,
            0.6918825420003286,
            0.691531430685378,
            0.6900682559734275,
            0.6875183978538479,
            0.6839100341266161,
            0.6792741095335016,
            0.6736442800606807,
            0.6670568256733087,
            0.6595505272173009,
            0.6511665061164124,
            0.6419480285200724,
            0.6319402784384445,
            0.6211901068697769,
            0.609745765755637,
            0.5976566366213398,
            0.5849729638763421,
            0.5717456019536217,
            0.5580257838419731,
            0.5438649162847928,
            0.5293144042275362,
            0.5144255042866517,
            0.4992492043812658,
            0.4838361244928814,
            0.46823643199985093,
            0.45249976429952443,
            0.4366751515019389,
            0.4208109327863659,
            0.40495466140473657,
            0.38915299509640033,
            0.3734515706212602,
            0.3578948630133863,
            0.3425260318246545,
            0.32738675793777755,
            0.3125170754133961,
            0.297955203280854,
            0.28373738222154354,
            0.2698977207960058,
            0.256468055316423,
            0.24347782676559288,
            0.23095397739658538,
            0.21892086889519768,
            0.20740022329751787,
            0.19641108728053,
            0.1859698199508307,
            0.17609010386597412,
            0.16678297864043526,
            0.1580568960985021,
            0.14991779543722455,
            0.14236919625292951,
            0.1354123065288906,
            0.12904614183736485,
            0.12326765115345698,
            0.11807184393984778,
            0.1134519126805323,
            0.10939934497618826,
            0.10590401975029873,
            0.10295428316628641,
            0.10053700143964578,
            0.09863758986383508,
            0.09724001980048597,
            0.09632680796588713,
            0.09587899481326609,
            0.09587612088237824,
            0.09629621146601487,
            0.09711578057547743
        ]
    },
    "CPU_time": {
        "derivatives": 0.10323190689086914,
        "buildingVn": 16.091822147369385,
        "spliting_Vn": 0.0,
        "solvingMOR": 0.33362603187561035,