{
    "geometry1": "spherical",
    "geometry2": "small",
    "ope": "b2p_tang_ipp",
    "lc": 0.015,
    "dimP": 2,
    "dimQ": 2,
    "N": 60,
    "f0": 1000,
    "frequencies": [
        80,
        100,
        120,
        140,
        160,
        180,
        200,
        220,
        240,
        260,
        280,
        300,
        320,
        340,
        360,
        380,
        400,
        420,
        440,
        460,
        480,
        500,
        520,
        540,
        560,
        580,
        600,
        620,
        640,
        660,
        680,
        700,
        720,
        740,
        760,
        780,
        800,
        820,
        840,
        860,
        880,
        900,
        920,
        940,
        960,
        980,
        1000,
        1020,
        1040,
        1060,
        1080,
        1100,
        1120,
        1140,
        1160,
        1180,
        1200,
        1220,
        1240,
        1260,
        1280,
        1300,
        1320,
        1340,
        1360,
        1380,
        1400,
        1420,
        1440,
        1460,
        1480,
        1500,
        1520,
        1540,
        1560,
        1580,
        1600,
        1620,
        1640,
        1660,
        1680,
        1700,
        1720,
        1740,
        1760,
        1780,
        1800,
        1820,
        1840,
        1860,
        1880,
        1900,
        1920,
        1940,
        1960,
        1980,
        2000
    ],
    "Z_center": {
        "real": [
            0.010567675326443378,
            0.01647867166078551,
            0.023670786823632287,
            0.03212474620211642,
            0.04181793895053022,
            0.05272450020403956,
            0.06481540456256771,
            0.0780585703270203,
            0.09241897393405854,
            0.10785877400362556,
            0.12433744438528531,
            0.1418119155630189,
            0.16023672375423825,
            0.17956416701814704,
            0.19974446766978524,
            0.22072594028324613,
            0.24245516455521995,
            0.26487716229681985,
            0.2879355778190669,
            0.3115728609806634,
            0.33573045217749053,
            0.36034896856264953,
            0.3853683908044833,
            0.41072824970952143,
            0.4363678120598766,
            0.4622262650411852,
            0.4882428986636491,
            0.5143572856095998,
            0.5405094579694797,
            0.5666400803609725,
            0.5926906189561105,
            0.6186035059727634,
            0.6443222992177432,
            0.6697918362981615,
            0.6949583831473112,
            0.719769776538441,
            0.7441755602862208,
            0.7681271148609417,
            0.7915777801627816,
            0.8144829712262376,
            0.8368002866436591,
            0.8584896095163093,
            0.8795132007572273,
            0.8998357845870429,
            0.9194246260768401,
            0.9382496006068924,
            0.9562832551214435,
            0.9735008610721447,
            0.9898804589540633,
            1.0054028943493236,
            1.0200518454047658,
            1.0338138416816154,
            1.0466782743273764,
            1.058637397532701,
            1.069686321250358,
            1.079822995168042,
            1.0890481839431867,
            1.097365433726229,
            1.1047810300174794,
            1.111303946925109,
            1.1169457879134346,
            1.1217207181566742,
            1.1256453886392646,
            1.1287388521725334,
            1.1310224715269832,
            1.1325198199117612,
            1.133256574065321,
            1.1332604002550553,
            1.1325608335195316,
            1.1311891505215457,
            1.1291782364172949,
            1.126562446181913,
            1.1233774608679905,
            1.1196601393089234,
            1.1154483658116963,
            1.1107808944179522,
            1.1056971903407948,
            1.1002372692147162,
            1.09444153482108,
            1.088350615974091,
            1.082005203271579,
            1.075445886430545,
            1.0687129929391368,
            1.061846428762922,
            1.0548855218472168,
            1.0478688691540778,
            1.0408341879657361,
            1.0338181721742123,
            1.0268563542596088,
            1.0199829736365496,
            1.0132308520223012,
            1.0066312764448058,
            1.0002138904748763,
            0.9940065942230224,
            0.9880354535930189,
            0.9823246192390483,
            0.9768962556126255
        ],
        "imag": [
            0.12281163150414898,
            0.15302421653290518,
            0.1829121957816875,
            0.21241291065340712,
            0.241464919639991,
            0.2700081872879503,
            0.29798426706020453,
            0.3253364774047503,
            0.3520100703904946,
            0.37795239231971517,
            0.4031130357745743,
            0.4274439826031858,
            0.4508997373998635,
            0.47343745108387536,
            0.4950170342326055,
            0.5156012598772876,
            0.5351558555237834,
            0.553649584213938,
            0.5710543144979651,
            0.5873450792408684,
            0.6025001232376884,
            0.616500939662606,
            0.6293322954236175,
            0.6409822455396513,
            0.6514421366981001,
            0.6607066001882057,
            0.6687735344410343,
            0.6756440774370293,
            0.6813225692693152,
            0.6858165051752687,
            0.6891364793683589,
            0.6912961200201522,
            0.6923120157561705,
            0.6922036340401103,
            0.6909932318307114,
            0.6887057589010311,
            0.6853687542152966,
            0.6810122357605864,
            0.6756685842328688,
            0.6693724209771986,
            0.6621604805809892,
            0.6540714785197813,
            0.6451459742528005,
            0.6354262301650824,
            0.6249560667525929,
            0.6137807144458862,
            0.6019466624685589,
            0.5895015051277571,
            0.5764937859357091,
            0.5629728399640892,
            0.5489886348365888,
            0.5345916107696111,
            0.5198325200762958,
            0.5047622665550843,
            0.48943174519091487,
            0.47389168260418746,
            0.45819247869017704,
            0.4423840498990021,
            0.42651567461420004,
            0.410635841094348,
            0.39479209844922936,
            0.3790309111272563,
            0.3633975173950388,
            0.3479357922936085,
            0.3326881155554334,
            0.3176952449670388,
            0.3029961956574885,
            0.288628125787162,
            0.2746262291039012,
            0.26102363481928925,
            0.24785131524625573,
            0.23513800161688825,
            0.2229101084820134,
            0.2111916670646019,
            0.2000042679135783,
            0.18936701317013777,
            0.17929647872342747,
            0.16980668649379263,
            0.16090908703834816,
            0.15261255262876663,
            0.14492338090263426,
            0.1378453091389724,
            0.1313795391556445,
            0.12552477277142934,
            0.1202772577190895,
            0.11563084383951414,
            0.11157704932783069,
            0.10810513674541758,
            0.1052021984546408,
            0.10285325107500713,
            0.10104133850688096,
            0.09974764301305614,
            0.09895160379903341,
            0.0986310424854797,
            0.0987622948198059,
            0.09932034793578043,
            0.10027898243113037
        ]
    },
    "CPU_time": {
        "derivatives": 0.0036869049072265625,
        "buildingVn": 0.09382390975952148,
        "spliting_Vn": 0.0,
        "solvingMOR": 0.03902792930603027,