{
    "geometry1": "spherical",
    "geometry2": "large",
    "ope": "b2p_tang_ipp",
    "lc": 0.015,
    "dimP": 2,
    "dimQ": 2,
    "N": 19,
    "f0": 1000,
    "frequencies": [
        80,
        100,
        120,
        140,
        160,
        180,
        200,
        220,
        240,
        260,
        280,
        300,
        320,
        340,
        360,
        380,
        400,
        420,
        440,
        460,
        480,
        500,
        520,
        540,
        560,
        580,
        600,
        620,
        640,
        660,
        680,
        700,
        720,
        740,
        760,
        780,
        800,
        820,
        840,
        860,
        880,
        900,
        920,
        940,
        960,
        980,
        1000,
        1020,
        1040,
        1060,
        1080,
        1100,
        1120,
        1140,
        1160,
        1180,
        1200,
        1220,
        1240,
        1260,
        1280,
        1300,
        1320,
        1340,
        1360,
        1380,
        1400,
        1420,
        1440,
        1460,
        1480,
        1500,
        1520,
        1540,
        1560,
        1580,
        1600,
        1620,
        1640,
        1660,
        1680,
        1700,
        1720,
        1740,
        1760,
        1780,
        1800,
        1820,
        1840,
        1860,
        1880,
        1900,
        1920,
        1940,
        1960,
        1980,
        2000
    ],
    "Z_center": {
        "real": [
            0.01065462080441961,
            0.01661344732642625,
            0.02386317959632113,
            0.03238421722054511,
            0.042153691969746325,
            0.05314558032775045,
            0.06533081241829976,
            0.07867737382372425,
            0.09315039847870052,
            0.10871225288013271,
            0.1253226140540847,
            0.14293854574699202,
            0.1615145788536109,
            0.18100280291380538,
            0.20135297546062614,
            0.2225126550566007,
            0.24442736210413415,
            0.2670407691499136,
            0.29029491968545273,
            0.31413047168027725,
            0.3384869595813177,
            0.363303066558483,
            0.3885168976064778,
            0.41406624388556407,
            0.43988882946246677,
            0.4659225333521961,
            0.49210558230326573,
            0.5183767128490487,
            0.5446753044200294,
            0.570941488387626,
            0.5971162404105882,
            0.6231414650665698,
            0.6489600822747443,
            0.6745161243944484,
            0.6997548512131846,
            0.7246228875360952,
            0.7490683850684392,
            0.7730412070926417,
            0.7964931314263283,
            0.8193780646073954,
            0.841652258420266,
            0.8632745189063289,
            0.8842063979618073,
            0.9044123585024101,
            0.9238599058757507,
            0.9425196805637881,
            0.9603655100147395,
            0.9773744204078825,
            0.9935266119955962,
            1.0088054041036367,
            1.02319715765994,
            1.036691184091028,
            1.0492796494925378,
            1.0609574821682972,
            1.0717222900642078,
            1.0815742925045422,
            1.0905162682271021,
            1.0985535192874518,
            1.1056938482175598,
            1.1119475440881978,
            1.117327371974647,
            1.121848559815385,
            1.1255287767634756,
            1.1283880977701761,
            1.130448950175251,
            1.1317360393449074,
            1.132276251735629,
            1.132098535036522,
            1.1312337561897496,
            1.1297145391314452,
            1.1275750851228028,
            1.1248509796267796,
            1.121578990755779,
            1.1177968650397414,
            1.1135431260624138,
            1.1088568797708938,
            1.103777626698368,
            1.0983450763516116,
            1.092598953910513,
            1.086578786152708,
            1.080323654294717,
            1.0738719077674685,
            1.0672608450611434,
            1.0605263842788393,
            1.053702763992106,
            1.0468223304301587,
            1.039915475853952,
            1.033010791623848,
            1.0261354858715852,
            1.019316089443954,
            1.0125794365646912,
            1.0059538619254715,
            0.9994705087499478,
            0.9931645987420745,
            0.9870764809843808,
            0.9812522581854741,
            0.9757437889633226
        ],
        "imag": [
            0.12329808317242208,
            0.15362656270650146,
            0.1836269781030185,
            0.21323627446714954,
            0.2423926967549479,
            0.27103594033061923,
            0.2991072854043061,
            0.32654971989716414,
            0.35330805625747064,
            0.37932904816151375,
            0.4045615126873785,
            0.42895646240292773,
            0.45246724995796656,
            0.475049725427644,
            0.4966624041100184,
            0.5172666400571047,
            0.5368267986235854,
            0.5553104200047231,
            0.5726883652786289,
            0.5889349369424178,
            0.6040279673103108,
            0.6179488702984702,
            0.6306826548453984,
            0.6422179012282263,
            0.6525467045118248,
            0.6616645919720211,
            0.6695704232530293,
            0.6762662830009081,
            0.6817573756093307,
            0.6860519305014107,
            0.6891611241753886,
            0.6910990223187293,
            0.6918825420002809,
            0.6915314306853451,
            0.6900682559734108,
            0.6875183978538368,
            0.6839100341266,
            0.6792741095334782,
            0.6736442800606722,
            0.6670568256732995,
            0.6595505272172948,
            0.6511665061164059,
            0.6419480285200719,
            0.6319402784384491,
            0.6211901068697825,
            0.6097457657556488,
            0.5976566366213524,
            0.5849729638763573,
            0.5717456019536313,
            0.5580257838419815,
            0.5438649162847656,
            0.5293144042275322,
            0.514425504286639,
            0.4992492043812513,
            0.48383612449284796,
            0.46823643199981446,
            0.45249976429946753,
            0.4366751515018756,
            0.42081093278629605,
            0.40495466140491426,
            0.38915299509796886,
            0.3734515706278987,
            0.3578948630343658,
            0.34252603187388897,
            0.32738675801052985,
            0.31251707539719936,
            0.2979552027322471,
            0.28373737996154197,
            0.26989771442501065,
            0.25646804112165195,
            0.24347780110217396,
            0.23095394127489013,
            0.21892083769540105,
            0.20740024249481512,
            0.19641125203047805,
            0.1859702911286777,
            0.17609110645391582,
            0.16678476236552028,
            0.1580596361582016,
            0.1499214165771087,
            0.14237311895060595,
            0.13541513994737883,
            0.12904538181224723,
            0.12325947682387012,
            0.11805113539943039,
            0.11341262498324106,
            0.10933536267927232,
            0.10581057544526748,
            0.1028299517914392,
            0.10038618333698765,
            0.09847327825249824,
            0.0970865258122816,
            0.09622200485175965,
            0.09587555974494279,
            0.09604121419794168,
            0.09670905197223459,
            0.09786265897905211
        ]
    },
    "CPU_time": {
        "derivatives": 0.09593605995178223,
        "buildingVn": 9.810625791549683,
        "spliting_Vn": 0.0,
        "solvingMOR": 0.08752989768981934,