{
    "geometry1": "spherical",
    "geometry2": "large",
    "ope": "b2p_tang_ipp",
    "lc": 0.015,
    "dimP": 2,
    "dimQ": 2,
    "N": 37,
    "f0": 1000,
    "frequencies": [
        80,
        100,
        120,
        140,
        160,
        180,
        200,
        220,
        240,
        260,
        280,
        300,
        320,
        340,
        360,
        380,
        400,
        420,
        440,
        460,
        480,
        500,
        520,
        540,
        560,
        580,
        600,
        620,
        640,
        660,
        680,
        700,
        720,
        740,
        760,
        780,
        800,
        820,
        840,
        860,
        880,
        900,
        920,
        940,
        960,
        980,
        1000,
        1020,
        1040,
        1060,
        1080,
        1100,
        1120,
        1140,
        1160,
        1180,
        1200,
        1220,
        1240,
        1260,
        1280,
        1300,
        1320,
        1340,
        1360,
        1380,
        1400,
        1420,
        1440,
        1460,
        1480,
        1500,
        1520,
        1540,
        1560,
        1580,
        1600,
        1620,
        1640,
        1660,
        1680,
        1700,
        1720,
        1740,
        1760,
        1780,
        1800,
        1820,
        1840,
        1860,
        1880,
        1900,
        1920,
        1940,
        1960,
        1980,
        2000
    ],
    "Z_center": {
        "real": [
            0.010654643351331206,
            0.016613518649385234,
            0.023863294424513126,
            0.03238436366518405,
            0.042153853983709716,
            0.05314574072320696,
            0.06533095595890832,
            0.07867748967535944,
            0.09315048147285689,
            0.10871230342695927,
            0.12532263693372483,
            0.14293854826649657,
            0.16151456892553462,
            0.18100278751155705,
            0.20135295970283718,
            0.22251264195102902,
            0.24442735280920036,
            0.2670407635251231,
            0.2902949169022823,
            0.3141304707272268,
            0.33848695958415537,
            0.3633030669154645,
            0.38851689798789213,
            0.4140662441627983,
            0.43988882962176573,
            0.46592253342589796,
            0.49210558232923096,
            0.5183767128542837,
            0.5446753044189057,
            0.5709414883858326,
            0.5971162404095173,
            0.6231414650661269,
            0.6489600822746078,
            0.6745161243944223,
            0.6997548512131808,
            0.7246228875360955,
            0.74906838506844,
            0.7730412070926419,
            0.796493131426327,
            0.8193780646073946,
            0.8416522584202665,
            0.863274518906329,
            0.8842063979618027,
            0.9044123585024038,
            0.9238599058757445,
            0.9425196805637777,
            0.9603655100147269,
            0.9773744204078676,
            0.9935266119955791,
            1.00880540410362,
            1.0231971576599217,
            1.0366911840910111,
            1.0492796494925278,
            1.060957482168285,
            1.0717222900642058,
            1.0815742925045504,
            1.0905162682271192,
            1.0985535192875027,
            1.1056938482176986,
            1.1119475440886322,
            1.1173273719757002,
            1.1218485598163042,
            1.1255287767568027,
            1.1283880977247773,
            1.1304489500002854,
            1.1317360388431337,
            1.1322762506094157,
            1.1320985331251254,
            1.131233754273339,
            1.129714540724506,
            1.127575099464418,
            1.1248510252512054,
            1.1215790973875048,
            1.1177970692766879,
            1.113543454199538,
            1.1088573106674233,
            1.1037780306276521,
            1.0983451337583328,
            1.09259807108987,
            1.0865760412064427,
            1.0803178222414966,
            1.073861622710244,
            1.0672449538144098,
            1.0605045251497902,
            1.0536761646875992,
            1.0467947625156144,
            1.0398942361798809,
            1.0330075137069934,
            1.026166528699032,
            1.0194022204951745,
            1.0127445314905212,
            1.0062223934436776,
            0.9998636950410718,
            0.9936952240948507,
            0.9877425794633482,
            0.9820300501103211,
            0.9765804617786095
        ],
        "imag": [
            0.12329831529188254,
            0.15362678551260725,
            0.18362717150150518,
            0.21323642390374428,
            0.2423927945118507,
            0.27103598610717977,
            0.2991072856642474,
            0.32654968599239986,
            0.3533080018021376,
            0.37932898634389567,
            0.4045614541492588,
            0.4289564140677887,
            0.4524672148741984,
            0.4750497034232436,
            0.49666239290141667,
            0.5172666364344768,
            0.5368267994210237,
            0.5553104227043225,
            0.5726883682373303,
            0.5889349393300009,
            0.6040279688891874,
            0.6179488711671786,
            0.6306826552275261,
            0.6422179013406817,
            0.6525467045083282,
            0.6616645919377268,
            0.6695704232231648,
            0.6762662829833701,
            0.6817573756014106,
            0.6860519304986569,
            0.6891611241747303,
            0.6910990223186833,
            0.6918825420003313,
            0.6915314306853738,
            0.6900682559734206,
            0.6875183978538424,
            0.6839100341265983,
            0.6792741095334731,
            0.6736442800606685,
            0.667056825673298,
            0.6595505272172887,
            0.6511665061164024,
            0.641948028520065,
            0.6319402784384422,
            0.6211901068697785,
            0.6097457657556442,
            0.597656636621349,
            0.5849729638763558,
            0.5717456019536347,
            0.5580257838419891,
            0.5438649162847812,
            0.5293144042275482,
            0.5144255042866669,
            0.49924920438127945,
            0.48383612449288643,
            0.4682364319998527,
            0.45249976429951755,
            0.4366751515019211,
            0.420810932786322,
            0.40495466140471015,
            0.38915299509643453,
            0.373451570621289,
            0.3578948630134025,
            0.34252603182466296,
            0.3273867579377963,
            0.3125170754134009,
            0.2979552032807858,
            0.2837373822214985,
            0.2698977207960125,
            0.25646805531640277,
            0.24347782676545116,
            0.2309539773965843,
            0.21892086889511408,
            0.20740022329752503,
            0.19641108728047849,
            0.18596981995087572,
            0.17609010386590707,
            0.1667829786403675,
            0.1580568960983741,
            0.14991779543698455,
            0.1423691962525595,
            0.1354123065288077,
            0.12904614183931576,
            0.12326765116156009,
            0.11807184395882002,
            0.11345191270801439,
            0.10939934498228915,
            0.10590401965216839,
            0.10295428281770184,
            0.1005370007034933,
            0.09863758884110224,
            0.0972400192407644,
            0.09632680970461366,
            0.09587900176714298,
            0.09587613584463599,
            0.09629623400110425,
            0.09711580214225239
        ]
    },
    "CPU_time": {
        "derivatives": 0.09475517272949219,
        "buildingVn": 11.243512153625488,
        "spliting_Vn": 0.0,