{
    "geometry1": "spherical",
    "geometry2": "large",
    "ope": "b2p_tang_ipp",
    "lc": 0.015,
    "dimP": 2,
    "dimQ": 2,
    "N": 95,
    "f0": 1000,
    "frequencies": [
        80,
        100,
        120,
        140,
        160,
        180,
        200,
        220,
        240,
        260,
        280,
        300,
        320,
        340,
        360,
        380,
        400,
        420,
        440,
        460,
        480,
        500,
        520,
        540,
        560,
        580,
        600,
        620,
        640,
        660,
        680,
        700,
        720,
        740,
        760,
        780,
        800,
        820,
        840,
        860,
        880,
        900,
        920,
        940,
        960,
        980,
        1000,
        1020,
        1040,
        1060,
        1080,
        1100,
        1120,
        1140,
        1160,
        1180,
        1200,
        1220,
        1240,
        1260,
        1280,
        1300,
        1320,
        1340,
        1360,
        1380,
        1400,
        1420,
        1440,
        1460,
        1480,
        1500,
        1520,
        1540,
        1560,
        1580,
        1600,
        1620,
        1640,
        1660,
        1680,
        1700,
        1720,
        1740,
        1760,
        1780,
        1800,
        1820,
        1840,
        1860,
        1880,
        1900,
        1920,
        1940,
        1960,
        1980,
        2000
    ],
    "Z_center": {
        "real": [
            0.010654643351337497,
            0.016613518649392162,
            0.023863294424518296,
            0.03238436366518765,
            0.04215385398371125,
            0.05314574072320726,
            0.06533095595890755,
            0.07867748967535917,
            0.09315048147285591,
            0.1087123034269582,
            0.1253226369337224,
            0.14293854826649366,
            0.16151456892553165,
            0.1810027875115534,
            0.2013529597028345,
            0.22251264195102746,
            0.24442735280919894,
            0.26704076352512324,
            0.29029491690228537,
            0.3141304707272281,
            0.33848695958415936,
            0.3633030669154688,
            0.3885168979878977,
            0.41406624416280496,
            0.43988882962177034,
            0.46592253342590273,
            0.4921055823292355,
            0.5183767128542867,
            0.5446753044189022,
            0.5709414883858275,
            0.5971162404095088,
            0.6231414650661166,
            0.6489600822745972,
            0.6745161243944088,
            0.6997548512131714,
            0.724622887536088,
            0.7490683850684351,
            0.7730412070925962,
            0.796493131426328,
            0.8193780646074024,
            0.8416522584202728,
            0.8632745189063412,
            0.8842063979618168,
            0.9044123585024202,
            0.9238599058757604,
            0.9425196805637959,
            0.960365510014741,
            0.9773744204078778,
            0.9935266119955883,
            1.008805404103623,
            1.0231971576599221,
            1.0366911840910031,
            1.0492796494925287,
            1.0609574821682795,
            1.0717222900642034,
            1.0815742925045506,
            1.0905162682271132,
            1.0985535192874902,
            1.1056938482176781,
            1.1119475440886464,
            1.1173273719757186,
            1.1218485598163208,
            1.125528776756835,
            1.128388097724801,
            1.1304489500002641,
            1.1317360388431248,
            1.1322762506093276,
            1.1320985331251836,
            1.1312337542733524,
            1.1297145407244462,
            1.1275750994643632,
            1.1248510252511381,
            1.1215790973875328,
            1.117797069277386,
            1.113543454199727,
            1.1088573106674693,
            1.1037780306278033,
            1.0983451337583414,
            1.092598071089782,
            1.0865760412065508,
            1.0803178222417649,
            1.0738616227117501,
            1.0672449538176783,
            1.060504525152972,
            1.0536761646826733,
            1.0467947624824954,
            1.0398942360884116,
            1.0330075135446948,
            1.0261665285434423,
            1.0194022206289874,
            1.0127445324881732,
            1.0062223960465049,
            0.9998636995635042,
            0.9936952291851466,
            0.9877425804698571,
            0.982030038081869,
            0.9765804250078873
        ],
        "imag": [
            0.12329831529189088,
            0.15362678551261102,
            0.18362717150150618,
            0.21323642390374353,
            0.24239279451184945,
            0.271035986107178,
            0.29910728566424477,
            0.3265496859923972,
            0.35330800180213556,
            0.37932898634389456,
            0.40456145414925754,
            0.42895641406778895,
            0.45246721487420005,
            0.4750497034232468,
            0.4966623929014198,
            0.5172666364344783,
            0.5368267994210273,
            0.5553104227043277,
            0.572688368237335,
            0.588934939330005,
            0.6040279688891904,
            0.6179488711671812,
            0.6306826552275258,
            0.6422179013406794,
            0.6525467045083239,
            0.661664591937723,
            0.669570423223158,
            0.6762662829833621,
            0.6817573756014021,
            0.6860519304986507,
            0.6891611241747232,
            0.6910990223186816,
            0.6918825420003307,
            0.6915314306853768,
            0.6900682559734254,
            0.6875183978538489,
            0.6839100341266143,
            0.6792741095334801,
            0.6736442800606829,
            0.6670568256733118,
            0.6595505272173015,
            0.651166506116412,
            0.6419480285200738,
            0.6319402784384454,
            0.6211901068697779,
            0.6097457657556387,
            0.59765663662134,
            0.5849729638763418,
            0.5717456019536217,
            0.5580257838419732,
            0.5438649162847624,
            0.5293144042275358,
            0.514425504286654,
            0.49924920438126896,
            0.48383612449288255,
            0.4682364319998429,
            0.45249976429951033,
            0.43667515150194275,
            0.42081093278632803,
            0.4049546614047014,
            0.3891529950964505,
            0.37345157062127626,
            0.3578948630133748,
            0.342526031824687,
            0.3273867579377954,
            0.312517075413406,
            0.2979552032808061,
            0.2837373822214714,
            0.2698977207959213,
            0.2564680553163019,
            0.2434778267654614,
            0.23095397739659929,
            0.21892086889510726,
            0.20740022329800523,
            0.19641108728044646,
            0.18596981995096393,
            0.17609010386596605,
            0.16678297864051086,
            0.1580568960983647,
            0.14991779543717876,
            0.14236919625337963,
            0.1354123065287913,
            0.1290461418373467,
            0.1232676511535556,
            0.1180718439397028,
            0.1134519126804881,
            0.1093993449759831,
            0.10590401975039002,
            0.10295428316628776,
            0.10053700143951985,
            0.09863758986392608,
            0.09724001980045266,
            0.09632680796586449,
            0.09587899481305519,
            0.0958761208826138,
            0.09629621146592056,
            0.09711578057549307
        ]
    },
    "CPU_time": {
        "derivatives": 0.09860897064208984,
        "buildingVn": 17.51833701133728,
        "spliting_Vn": 0.0,
        "solvingMOR": 0.3658430576324463,