{
    "geometry1": "spherical",
    "geometry2": "large",
    "ope": "b2p_tang_ipp",
    "lc": 0.015,
    "dimP": 2,
    "dimQ": 2,
    "N": 2,
    "f0": 1000,
    "frequencies": [
        80,
        100,
        120,
        140,
        160,
        180,
        200,
        220,
        240,
        260,
        280,
        300,
        320,
        340,
        360,
        380,
        400,
        420,
        440,
        460,
        480,
        500,
        520,
        540,
        560,
        580,
        600,
        620,
        640,
        660,
        680,
        700,
        720,
        740,
        760,
        780,
        800,
        820,
        840,
        860,
        880,
        900,
        920,
        940,
        960,
        980,
        1000,
        1020,
        1040,
        1060,
        1080,
        1100,
        1120,
        1140,
        1160,
        1180,
        1200,
        1220,
        1240,
        1260,
        1280,
        1300,
        1320,
        1340,
        1360,
        1380,
        1400,
        1420,
        1440,
        1460,
        1480,
        1500,
        1520,
        1540,
        1560,
        1580,
        1600,
        1620,
        1640,
        1660,
        1680,
        1700,
        1720,
        1740,
        1760,
        1780,
        1800,
        1820,
        1840,
        1860,
        1880,
        1900,
        1920,
        1940,
        1960,
        1980,
        2000
    ],
    "Z_center": {
        "real": [
            0.002513094703818803,
            0.0035819712005463883,
            0.004816492424473036,
            0.00621460122496091,
            0.007775795943445185,
            0.009500864522797995,
            0.011391732725517375,
            0.013451415491436072,
            0.015684044183018813,
            0.01809494792289809,
            0.02069077685140892,
            0.023479663238482294,
            0.02647142229375573,
            0.02967779896638606,
            0.03311277088768768,
            0.0367929216138528,
            0.040737903081895184,
            0.044971012288790614,
            0.04951991531634106,
            0.05441756282123976,
            0.05970335617881512,
            0.065424644277188,
            0.071638659870334,
            0.07841504477129843,
            0.08583916974286492,
            0.09401653432684552,
            0.10307864298481723,
            0.1131909082372725,
            0.12456334189493119,
            0.13746507194542176,
            0.1522440589951296,
            0.16935372519981598,
            0.18938835673437424,
            0.21312856891987522,
            0.24159552962806694,
            0.2761050757171023,
            0.318294318752279,
            0.3700536814099599,
            0.43322690488694654,
            0.5088593160233825,
            0.595809689141486,
            0.689025075461008,
            0.7789448798952119,
            0.8542297622023357,
            0.9076203185251683,
            0.9402498930131117,
            0.9603655100147555,
            0.9786003891745366,
            1.004406835478883,
            1.0452344922808323,
            1.1074421899392715,
            1.197798839380197,
            1.3251798929864969,
            1.5026226505094404,
            1.750149611787351,
            2.0985989780687317,
            2.5927548080889884,
            3.2816860418382543,
            4.142863840216504,
            4.820006270949479,
            4.475392941498373,
            3.0268907038918917,
            1.5923247873204973,
            0.69244287433626,
            0.20495247432830532,
            -0.05231844192691618,
            -0.18893818482011965,
            -0.26168124024210004,
            -0.2996197114282101,
            -0.3180316143813012,
            -0.32522991253684747,
            -0.32589415651777326,
            -0.3227386737715666,
            -0.3173775461241189,
            -0.3107894464453722,
            -0.30357599549258846,
            -0.2961098170791631,
            -0.2886217306771583,
            -0.2812533526462933,
            -0.27408950499788937,
            -0.26717855095681253,
            -0.26054535560528275,
            -0.2541996548596691,
            -0.2481415169548656,
            -0.24236493528814995,
            -0.23686020460607538,
            -0.23161549614522872,
            -0.22661790039224392,
            -0.22185411332203891,
            -0.21731088250938996,
            -0.2129752909061193,
            -0.2088349307160182,
            -0.20487800295885508,
            -0.20109336702277927,
            -0.1974705568669224,
            -0.19399977533076235,
            -0.19067187443563435
        ],
        "imag": [
            0.03434310367041446,
            0.043081397978136544,
            0.0519045700954312,
            0.06082713758728473,
            0.06986441700016509,
            0.07903252509492882,
            0.08834851430732969,
            0.09783056234219849,
            0.10749818067071462,
            0.11737243264839486,
            0.12747616376279014,
            0.13783425093922527,
            0.14847387920479094,
            0.15942485445955418,
            0.17071996151277782,
            0.18239537721486188,
            0.19449114951239707,
            0.2070517545267123,
            0.22012674518490907,
            0.23377150629703825,
            0.2480481318800116,
            0.26302644026901256,
            0.27878513985806985,
            0.2954131509020804,
            0.3130110726583923,
            0.33169275309667273,
            0.3515868577980975,
            0.3728382230710736,
            0.3956085760225756,
            0.42007584121598196,
            0.446430606677554,
            0.47486717941690404,
            0.5055646693734981,
            0.5386501549957458,
            0.574130497033122,
            0.6117713305797784,
            0.6508926870859759,
            0.6900491964199329,
            0.726596694561225,
            0.7562801179884083,
            0.7732903225865906,
            0.7716323050372427,
            0.7483998762928447,
            0.7075539401764007,
            0.6603379297622085,
            0.6204006206469925,
            0.5976566366214292,
            0.5959837414384547,
            0.6148274251835951,
            0.6517734549270086,
            0.7042201400423359,
            0.7699123350736673,
            0.8466038993080113,
            0.9308391556260209,
            1.015127131985718,
            1.0812865212546858,
            1.084304935035563,
            0.9147949345410603,
            0.3346412368297036,
            -0.9796958783870701,
            -2.794461654828195,
            -3.9012602379390633,
            -3.9149017699782562,
            -3.4617108012019333,
            -2.9648592301618364,
            -2.544207377077964,
            -2.209302441383166,
            -1.944769924238005,
            -1.733888483073954,
            -1.5633393415084103,
            -1.4232877483648194,
            -1.306594910046352,
            -1.208061831082064,
            -1.1238598990843744,
            -1.0511301006622709,
            -0.9877060758449423,
            -0.9319226799990977,
            -0.8824825408029068,
            -0.8383619335897303,
            -0.7987435099544903,
            -0.7629675675948266,
            -0.7304962822780483,
            -0.7008871191552295,
            -0.6737728283593155,
            -0.6488462225448518,
            -0.6258484690077983,
            -0.6045599943405517,
            -0.5847933520319804,
            -0.566387579949369,
            -0.5492036994963061,
            -0.5331210975317209,
            -0.518034596669414,
            -0.5038520666920483,
            -0.49049246454232054,
            -0.47788421618817123,
            -0.4659638730438681,
            -0.45467499029542374
        ]
    },
    "CPU_time": {
        "derivatives": 0.11531805992126465,