{
    "geometry1": "spherical",
    "geometry2": "large",
    "ope": "b2p_tang_ipp",
    "lc": 0.015,
    "dimP": 2,
    "dimQ": 2,
    "N": 9,
    "f0": 1000,
    "frequencies": [
        80,
        100,
        120,
        140,
        160,
        180,
        200,
        220,
        240,
        260,
        280,
        300,
        320,
        340,
        360,
        380,
        400,
        420,
        440,
        460,
        480,
        500,
        520,
        540,
        560,
        580,
        600,
        620,
        640,
        660,
        680,
        700,
        720,
        740,
        760,
        780,
        800,
        820,
        840,
        860,
        880,
        900,
        920,
        940,
        960,
        980,
        1000,
        1020,
        1040,
        1060,
        1080,
        1100,
        1120,
        1140,
        1160,
        1180,
        1200,
        1220,
        1240,
        1260,
        1280,
        1300,
        1320,
        1340,
        1360,
        1380,
        1400,
        1420,
        1440,
        1460,
        1480,
        1500,
        1520,
        1540,
        1560,
        1580,
        1600,
        1620,
        1640,
        1660,
        1680,
        1700,
        1720,
        1740,
        1760,
        1780,
        1800,
        1820,
        1840,
        1860,
        1880,
        1900,
        1920,
        1940,
        1960,
        1980,
        2000
    ],
    "Z_center": {
        "real": [
            0.009625501443321105,
            0.015299891429101434,
            0.02233245337977099,
            0.03073626563518193,
            0.040508610910807215,
            0.051628182788227346,
            0.06405483305138952,
            0.07773179178250385,
            0.09258986061031056,
            0.10855275260328934,
            0.12554260739474124,
            0.14348477826345046,
            0.16231123457458835,
            0.18196226515783703,
            0.202386510663709,
            0.22353962178362966,
            0.2453819991539589,
            0.26787611909370307,
            0.290983909164412,
            0.3146645394886433,
            0.33887286887721885,
            0.3635586522247426,
            0.38866649420311306,
            0.41413643589812876,
            0.43990499368204095,
            0.4659064375667865,
            0.492074099619711,
            0.5183415372089936,
            0.5446434320212957,
            0.570916172098957,
            0.5970981278803013,
            0.6231296833432729,
            0.6489531125897081,
            0.6745123983504766,
            0.6997530748317585,
            0.7246221499157642,
            0.7490681297457931,
            0.7730411404280098,
            0.796493122616104,
            0.819378066991014,
            0.8416522603853436,
            0.863274519557406,
            0.8842063980835331,
            0.9044123585138081,
            0.9238599058761381,
            0.942519680563844,
            0.9603655100148095,
            0.9773744204079607,
            0.9935266119953531,
            1.0088054040933985,
            1.0231971575581382,
            1.036691183636508,
            1.0492796488161,
            1.0609574861056288,
            1.071722323809056,
            1.0815744420521758,
            1.0905167632351176,
            1.0985548738046333,
            1.1056970614013868,
            1.1119543357740551,
            1.1173403878485355,
            1.1218714336070412,
            1.1255658918000435,
            1.1284438589123604,
            1.1305263707579278,
            1.131834474876342,
            1.1323881772443918,
            1.132205365627289,
            1.131300845091872,
            1.1296856442220655,
            1.127366759656529,
            1.1243474988747297,
            1.1206285548637873,
            1.1162099007822568,
            1.111093528987115,
            1.1052869799899558,
            1.098807519073379,
            1.0916867305953502,
            1.0839752244535508,
            1.0757470993095337,
            1.0671037956633806,
            1.0581770074238572,
            1.0491304048378596,
            1.0401600469900782,
            1.0314935118383155,
            1.0233879223758777,
            1.0161271730146497,
            1.010018737244477,
            1.0053904492917152,
            1.0025875903735029,
            1.0019704723926086,
            1.0039124988366581,
            1.0087983901446067,
            1.0170218733964596,
            1.028981620984282,
            1.0450735268238172,
            1.0656764625988762
        ],
        "imag": [
            0.12293794872180419,
            0.15343847421053358,
            0.18371186635239634,
            0.21366689661491126,
            0.2432032921750479,
            0.27221760333479256,
            0.3006096056510937,
            0.32828816434690467,
            0.355175635285928,
            0.38121019560753805,
            0.4063459244972889,
            0.43055088510447975,
            0.4538037873941236,
            0.4760899746602488,
            0.4973974664375878,
            0.517713647213394,
            0.5370229751359862,
            0.5553058569775532,
            0.5725386373583616,
            0.588694504148645,
            0.603745024517886,
            0.6176619939568345,
            0.6304192955523987,
            0.6419945184378256,
            0.6523701609239273,
            0.6615343325064851,
            0.6694809564203437,
            0.6762095482034506,
            0.6817246960733672,
            0.6860353904703891,
            0.6891543429763972,
            0.6910974043252651,
            0.6918831466394862,
            0.6915326273244145,
            0.690069311383578,
            0.6875191024177346,
            0.6839104229849031,
            0.6792742905461265,
            0.6736443507022793,
            0.6670568482386768,
            0.6595505328635375,
            0.6511665071439466,
            0.6419480286396207,
            0.631940278445445,
            0.6211901068699688,
            0.6097457657557133,
            0.597656636621402,
            0.5849729638763916,
            0.5717456019538695,
            0.5580257838530196,
            0.5438649164591733,
            0.5293144056604274,
            0.5144255119683826,
            0.4992492346848389,
            0.48383621877638294,
            0.4682366729634803,
            0.4525002807010432,
            0.43667607985108803,
            0.42081228509027196,
            0.40495603246284545,
            0.38915303949520413,
            0.37344719608708576,
            0.3578801277617476,
            0.34249079893779566,
            0.32731524436251813,
            0.3123865270902332,
            0.29773501827365323,
            0.28338907629320165,
            0.2693761709297899,
            0.25572445447356246,
            0.24246472912760644,
            0.2296327030108784,
            0.2172713704934362,
            0.20543330229357637,
            0.1941825932235826,
            0.18359619757231516,
            0.17376439037440497,
            0.16479013209306612,
            0.15678718603670644,
            0.1498769385561979,
            0.1441839919224612,
            0.13983072287457296,
            0.13693110602185785,
            0.1355841697463152,
            0.13586746592650248,
            0.1378308845760767,
            0.14149103164791443,
            0.14682622425143896,
            0.15377196107623592,
            0.16221651817158336,
            0.17199612048478935,
            0.1828889616629581,
            0.19460719772793444,
            0.20678593351684244,
            0.21896817366550664,
            0.23058476933183214,
            0.24092865909858951
        ]
    },
    "CPU_time": {
        "derivatives": 0.09413719177246094,
        "buildingVn": 8.990342855453491,
        "spliting_Vn": 0.0,
        "solvingMOR": 0.05554389953613281,