{
    "geometry1": "spherical",
    "geometry2": "large",
    "ope": "b2p_tang_freqDep",
    "lc": 0.01,
    "dimP": 2,
    "ndofs": 209840,
    "frequencies": [
        1200,
        1300,
        1400,
        1500,
        1600,
        1700,
        1800,
        1900
    ],
    "Z_center": {
        "real": [
            1.100522513236731,
            1.1197568364811261,
            1.1199357747827785,
            1.1241412834388318,
            1.1174762699915084,
            1.077475883847639,
            1.026369170009248,
            0.999599435990965
        ],
        "imag": [
            0.4501618760154938,
            0.3629727965763172,
            0.2996235148399877,
            0.24508262213604406,
            0.17929717955424512,
            0.12272275126311132,
            0.105460805770626,
            0.11169422214124254
        ]
    },
    "CPU_time": {
        "mesh_setup": 23.75216007232666,
        "fom_sweep": 537.5981669425964
    }
}