{
    "geometry1": "spherical",
    "geometry2": "large",
    "ope": "b2p_tang_freqDep",
    "lc": 0.015,
    "dimP": 2,
    "ndofs": 67390,
    "frequencies": [
        1200,
        1300,
        1400,
        1500,
        1600,
        1700,
        1800,
        1900
    ],
    "Z_center": {
        "real": [
            1.1056342336862157,
            1.119859582796857,
            1.1140154771013722,
            1.1222064388334434,
            1.1235998058912318,
            1.0807948831169114,
            1.020907596493174,
            0.9948849844326692
        ],
        "imag": [
            0.4488529137326186,
            0.35651933770804595,
            0.2977456781022621,
            0.2502112560781577,
            0.18098944465621503,
            0.1157230749958457,
            0.10033405710015629,
            0.11545670396866405
        ]
    },
    "CPU_time": {
        "mesh_setup": 5.693259000778198,
        "fom_sweep": 55.73546123504639
    }
}