{
    "geometry1": "biSpherical",
    "geometry2": "small",
    "ope": "b2p_tang",
    "lc": 0.01,
    "dimP": 2,
    "dimQ": 2,
    "x0": [
        0,
        0.08,
        0
    ],
    "Q_monopole": 0.01,
    "frequencies": [
        80,
        100,
        120,
        140,
        160,
        180,
        200,
        220,
        240,
        260,
        280,
        300,
        320,
        340,
        360,
        380,
        400,
        420,
        440,
        460,
        480,
        500,
        520,
        540,
        560,
        580,
        600,
        620,
        640,
        660,
        680,
        700,
        720,
        740,
        760,
        780,
        800,
        820,
        840,
        860,
        880,
        900,
        920,
        940,
        960,
        980,
        1000,
        1020,
        1040,
        1060,
        1080,
        1100,
        1120,
        1140,
        1160,
        1180,
        1200,
        1220,
        1240,
        1260,
        1280,
        1300,
        1320,
        1340,
        1360,
        1380,
        1400,
        1420,
        1440,
        1460,
        1480,
        1500,
        1520,
        1540,
        1560,
        1580,
        1600,
        1620,
        1640,
        1660,
        1680,
        1700,
        1720,
        1740,
        1760,
        1780,
        1800,
        1820,
        1840,
        1860,
        1880,
        1900,
        1920,
        1940,
        1960,
        1980,
        2000
    ],
    "p_values": {
        "real": [
            0.716943404634682,
            1.1143226535135817,
            1.594349148819121,
            2.15376396416397,
            2.788828778637355,
            3.4953710290574347,
            4.268829024895043,
            5.104295465839155,
            5.996558203102204,
            6.9401375106968635,
            7.929319536104998,
            8.95818594715494,
            10.020640063322759,
            11.11042994799011,
            12.221169046786791,
            13.346354996685584,
            14.479387215588087,
            15.613583828408014,
            16.742198407808928,
            17.858436918292867,
            18.95547516085133,
            20.02647692875108,
            21.064613007467376,
            22.063081085476618,
            23.01512658824778,
            23.9140644048335,
            24.7533014439268,
            25.52635993260865,
            26.226901354798894,
            26.848750916060528,
            27.385922415590905,
            27.83264340375213,
            28.183380503332295,
            28.432864774152574,
            28.576117002927624,
            28.608472803033454,
            28.52560741163113,
            28.32356007419732,
            27.99875790873648,
            27.54803914367758,
            26.96867562460627,
            26.258394485552508,
            25.41539888047842,
            24.438387669992125,
            23.326573957085884,
            22.07970236399583,
            20.698064940128734,
            19.182515588452638,
            17.534482894958124,
            15.755981242784424,
            13.849620089555616,
            11.818611283491537,
            9.666774291076432,
            7.398539206706226,
            5.018947412930647,
            2.533649758906643,
            -0.05109787532217561,
            -2.7284417598139212,
            -5.490940369303674,
            -8.330577435062766,
            -11.238778111082562,
            -14.206428362572506,
            -17.223897673093585,
            -20.281065152083077,
            -23.36734910683741,
            -26.471740122027335,
            -29.582837665366437,
            -32.68889021010638,
            -35.777838833557496,
            -38.837364215970936,
            -41.85493692607502,
            -44.8178708386512,
            -47.71337948621433,
            -50.528635101741365,
            -53.25083006315532,
            -55.867240403729326,
            -58.36529100674562,
            -60.73262205858061,
            -62.95715629306411,
            -65.0271665225893,
            -66.93134291923684,
            -68.65885948318436,
            -70.19943911705761,
            -71.54341671447949,
            -72.68179966975926,
            -73.60632522398501,
            -74.30951408109897,
            -74.78471975592745,
            -75.0261731544766,
            -75.02902193449448,
            -74.78936425069382,
            -74.30427655300684,
            -73.57183517649395,
            -72.59113153662437,
            -71.36228082181098,
            -69.88642415462134,
            -68.16572427213222
        ],
        "imag": [
            3.2935070117545093,
            4.060858317661017,
            4.791566684474058,
            5.478979938997534,
            6.1167786919718745,
            6.6990059949085214,
            7.220089026730486,
            7.674853708943642,
            8.058533425308605,
            8.366773154786324,
            8.595630328878764,
            8.741573622479422,
            8.801480712914097,
            8.772635827223061,
            8.652727671326426,
            8.43984811867408,
            8.13249184541612,
            7.729556942385509,
            7.23034641409465,
            6.634570390142771,
            5.942348820987386,
            5.154214402547532,
            4.271115466856794,
            3.29441858348342,
            2.225910633844521,
            1.0678001439529006,
            -0.17728231259822388,
            -1.5062848026453068,
            -2.9157359477011724,
            -4.401748175519291,
            -5.960022398376567,
            -7.585854188400742,
            -9.274141503869986,
            -11.019394006488541,
            -12.815743997975211,
            -14.656958994600268,
            -16.53645595028335,
            -18.44731713220855,
            -20.382307647339527,
            -22.333894613492767,
            -24.294267964463593,
            -26.255362874949824,
            -28.2088837873956,
            -30.146330019302745,
            -32.05902292579201,
            -33.938134588136755,
            -35.77471799447739,
            -37.55973867384802,
            -39.28410773887655,
            -40.938716285939314,
            -42.51447109408137,
            -44.00233155553358,
            -45.393347761112835,
            -46.67869965307915,
            -47.84973714613391,
            -48.89802110410303,
            -49.81536504547314,
            -50.593877435375965,
            -51.22600440484918,
            -51.704572720420444,
            -52.02283280832337,
            -52.17450161824565,
            -52.15380509158508,
            -51.955519979168564,
            -51.57501473353198,
            -51.008289181708484,
            -50.25201266642011,
            -49.30356032723616,
            -48.16104717921327,
            -46.8233596353752,
            -45.290184111817425,
            -43.562032350864385,
            -41.640263099175286,
            -39.52709978465494,
            -37.225643848920356,
            -34.73988341142904,
            -32.07469696743096,
            -29.23585185490496,
            -26.22999726552904,
            -23.064651621373127,
            -19.748184191971855,
            -16.28979088512806,
            -12.699464208450337,
            -8.987957466117702,
            -5.166743325564634,
            -1.2479669603032961,
            2.755605953649676,
            6.830646040744006,
            10.963321415213757,
            15.139362782631842,
            19.344131925107742,
            23.56269299498406,
            27.779886004486503,
            31.98040187150764,
            36.14885836522113,
            40.26987628990208,
            44.32815525127847
        ]
    }
}