{
    "geometry1": "cubicSpherical",
    "geometry2": "small",
    "ope": "b2p_tang",
    "lc": 0.02,
    "dimP": 4,
    "dimQ": 4,
    "x0": [
        0,
        0.08,
        0
    ],
    "Q_monopole": 0.01,
    "frequencies": [
        80,
        100,
        120,
        140,
        160,
        180,
        200,
        220,
        240,
        260,
        280,
        300,
        320,
        340,
        360,
        380,
        400,
        420,
        440,
        460,
        480,
        500,
        520,
        540,
        560,
        580,
        600,
        620,
        640,
        660,
        680,
        700,
        720,
        740,
        760,
        780,
        800,
        820,
        840,
        860,
        880,
        900,
        920,
        940,
        960,
        980,
        1000,
        1020,
        1040,
        1060,
        1080,
        1100,
        1120,
        1140,
        1160,
        1180,
        1200,
        1220,
        1240,
        1260,
        1280,
        1300,
        1320,
        1340,
        1360,
        1380,
        1400,
        1420,
        1440,
        1460,
        1480,
        1500,
        1520,
        1540,
        1560,
        1580,
        1600,
        1620,
        1640,
        1660,
        1680,
        1700,
        1720,
        1740,
        1760,
        1780,
        1800,
        1820,
        1840,
        1860,
        1880,
        1900,
        1920,
        1940,
        1960,
        1980,
        2000
    ],
    "p_values": {
        "real": [
            0.9042840047404974,
            1.354996492041436,
            1.8594246453715417,
            2.4303327809659114,
            3.061761280703772,
            3.7462760004148805,
            4.4767612551898,
            5.246804383434572,
            6.050775236559133,
            6.883799088075491,
            7.741677785061906,
            8.620783541100428,
            9.517940701275469,
            10.430305949270984,
            11.355253789205104,
            12.290271312628203,
            13.232864196637824,
            14.18047449196138,
            15.130409925001096,
            16.079784013035933,
            17.025466148385973,
            17.964040838441488,
            18.891775415554747,
            19.804595696464663,
            20.698069240051844,
            21.567396001341482,
            22.407406295814162,
            23.212566066887014,
            23.976989486948213,
            24.694458923051755,
            25.358452261594618,
            25.9621775205815,
            26.498614585483146,
            26.960563793626243,
            27.34070096762195,
            27.631638369184003,
            27.82599091584071,
            27.916446883280862,
            27.895842210618667,
            27.757237440231968,
            27.49399626271981,
            27.09986460344982,
            26.569049181495245,
            25.896294493959765,
            25.076957226599422,
            24.10707716206089,
            22.98344374440795,
            21.703657558228706,
            20.266186085444446,
            18.67041320787918,
            16.91668202235475,
            15.006330623786678,
            12.941720586067778,
            10.726257929681118,
            8.364406407406731,
            5.86169296743474,
            3.2247052685568183,
            0.46108112899996345,
            -2.420510206242798,
            -5.4103950899352355,
            -8.497930887819026,
            -11.671549859459855,
            -14.918811539590287,
            -18.226463594791188,
            -21.58051104870238,
            -24.966293664853534,
            -28.36857115150005,
            -31.77161570975685,
            -35.15931129054387,
            -38.515258761819375,
            -41.82288602434251,
            -45.06556195750103,
            -48.226712936344995,
            -51.28994054341559,
            -54.239139011844316,
            -57.05861088512421,
            -59.73317936795881,
            -62.24829587399132,
            -64.59014135011986,
            -66.74572007147341,
            -68.70294475191076,
            -70.45071199651457,
            -71.97896732766421,
            -73.27875923674407,
            -74.34228194120179,
            -75.16290675214337,
            -75.73520217413392,
            -76.05494305818245,
            -76.11910930590301,
            -75.92587477325552,
            -75.47458714298692,
            -74.76573962537847,
            -73.80093540726205,
            -72.58284580106704,
            -71.11516305241179,
            -69.40254874891815,
            -67.45057873962958
        ],
        "imag": [
            3.178193528811175,
            3.9006102424341282,
            4.559668984043511,
            5.159082632157931,
            5.697662043391906,
            6.172994269687777,
            6.583460907062422,
            6.9282732830108245,
            7.207235251314428,
            7.420498954792874,
            7.568360391499292,
            7.651102688349379,
            7.668884664878697,
            7.621668672953085,
            7.509180663839493,
            7.330895665184574,
            7.086042699778291,
            6.773624257994786,
            6.392446517254788,
            5.941157458743434,
            5.418290813424631,
            4.822314365927321,
            4.151681570764035,
            3.4048857167589928,
            2.5805160415603834,
            1.6773152752001463,
            0.6942381054320542,
            -0.36948997252709537,
            -1.5143140145808425,
            -2.7402918568555497,
            -4.047037945284227,
            -5.433669557776121,
            -6.898756255860759,
            -8.440273427433937,
            -10.055560781738876,
            -11.741286630012727,
            -13.493418729851312,
            -15.307202389223232,
            -17.17714641953505,
            -19.097017400665525,
            -21.059842578870175,
            -23.057921567779687,
            -25.082846869243525,
            -27.125533081079926,
            -29.176254519721304,
            -31.22469086154349,
            -33.25998030277079,
            -35.27077965577686,
            -37.245330741506464,
            -39.171532402206225,
            -41.03701744434293,
            -42.82923382414291,
            -44.53552940406696,
            -46.143239631626884,
            -47.63977751744604,
            -49.012725311932826,
            -50.24992729444642,
            -51.33958309257716,
            -52.27034093861979,
            -53.031390245597024,
            -53.612552846349836,
            -54.00437218863142,
            -54.19819972028701,
            -54.186277636659725,
            -53.96181710261885,
            -53.519071010574436,
            -52.85340030019672,
            -51.96133285070992,
            -50.84061396882031,
            -49.49024753794175,
            -47.910526970764494,
            -46.10305521770857,
            -44.07075322787311,
            -41.81785643338095,
            -39.349899027947004,
            -36.67368602921842,
            -33.7972533445523,
            -30.729816292365356,
            -27.481707257101355,
            -24.064303366394036,
            -20.48994526604617,
            -16.771848224663746,
            -12.924006920333536,
            -8.961095342380274,
            -4.898363280973115,
            -0.7515308759133226,
            3.463317343583033,
            7.7298375710252785,
            12.031529733464051,
            16.351837275138717,
            20.674242732321208,
            24.98235827199276,
            29.26001052502763,
            33.49131920052641,
            37.66076911699248,
            41.75327542415231,
            45.754241913889764
        ]
    }
}