{
    "geometry": "curvedcubic",
    "frequency": 1200,
    "ope": "b2p_tang",
    "dimP": 4,
    "dimQ": 4,
    "side_box_vec": [
        0.11,
        0.16,
        0.21000000000000002,
        0.26,
        0.31,
        0.36,
        0.41000000000000003
    ],
    "lc_vec": [
        0.01,
        0.012586206896551724,
        0.01517241379310345,
        0.017758620689655173,
        0.0203448275862069,
        0.02293103448275862,
        0.025517241379310347
    ],
    "Z_center_real": [
        1.1068176104123917,
        1.0765275325875905,
        1.096881619152308,
        1.0866817550753447,
        1.0938885705032064,
        1.090604813158327,
        1.0900533834597275
    ]
}