{
    "geometry1": "new_broken_cubic",
    "geometry2": "small",
    "ope": "b2p_tang_freqDep",
    "lc": 0.01,
    "dimP": 4,
    "dimQ": 4,
    "N": 5,
    "f0": 1000,
    "frequencies": [
        80,
        100,
        120,
        140,
        160,
        180,
        200,
        220,
        240,
        260,
        280,
        300,
        320,
        340,
        360,
        380,
        400,
        420,
        440,
        460,
        480,
        500,
        520,
        540,
        560,
        580,
        600,
        620,
        640,
        660,
        680,
        700,
        720,
        740,
        760,
        780,
        800,
        820,
        840,
        860,
        880,
        900,
        920,
        940,
        960,
        980,
        1000,
        1020,
        1040,
        1060,
        1080,
        1100,
        1120,
        1140,
        1160,
        1180,
        1200,
        1220,
        1240,
        1260,
        1280,
        1300,
        1320,
        1340,
        1360,
        1380,
        1400,
        1420,
        1440,
        1460,
        1480,
        1500,
        1520,
        1540,
        1560,
        1580,
        1600,
        1620,
        1640,
        1660,
        1680,
        1700,
        1720,
        1740,
        1760,
        1780,
        1800,
        1820,
        1840,
        1860,
        1880,
        1900,
        1920,
        1940,
        1960,
        1980,
        2000
    ],
    "Z_center": {
        "real": [
            0.037957857008896166,
            0.04890599942290813,
            0.06026010014365543,
            0.07200590052358731,
            0.08412465608193388,
            0.09658736744218824,
            0.10935310395148681,
            0.12237063613615595,
            0.1355830243014855,
            0.14893462920567938,
            0.16237953391514268,
            0.17588989436152172,
            0.18946255262291248,
            0.20312252329108443,
            0.21692266720658257,
            0.23093976260162385,
            0.24526795032275484,
            0.26001092588493596,
            0.2752742183315314,
            0.29115854753629977,
            0.3077547789243862,
            0.3251405662154019,
            0.34337848087184175,
            0.36251528680194467,
            0.38258199814890465,
            0.40359440884844316,
            0.4255538628410436,
            0.4484481150936084,
            0.4722522012703157,
            0.49692928316112306,
            0.5224314685904375,
            0.5487006217025144,
            0.5756691860148203,
            0.6032610418528983,
            0.6313924144654136,
            0.6599728413410364,
            0.6889061985386262,
            0.7180917773186993,
            0.7474253948444581,
            0.7768005167905443,
            0.8061093657492963,
            0.8352439875804701,
            0.8640972483587581,
            0.8925637372406963,
            0.9205405551495341,
            0.9479279753036813,
            0.9746299688396957,
            1.0005545965954177,
            1.0256142759948585,
            1.0497259393966805,
            1.0728111067538297,
            1.094795900565685,
            1.1156110345341452,
            1.135191808798298,
            1.1534781439328294,
            1.1704146829653228,
            1.185950985509685,
            1.2000418308540743,
            1.2126476377457263,
            1.2237349980923395,
            1.233277310424325,
            1.2412554874652402,
            1.2476587014050722,
            1.2524851214109038,
            1.2557425914948392,
            1.2574491939386057,
            1.2576336446800085,
            1.2563354726925098,
            1.25360494531127,
            1.249502715087854,
            1.2440991800624241,
            1.2374735669510346,
            1.2297127640829861,
            1.220909946412477,
            1.2111630471854677,
            1.2005731388517331,
            1.1892427890404902,
            1.177274455857682,
            1.1647689808992918,
            1.1518242290796616,
            1.1385339127633656,
            1.1249866249672726,
            1.1112650937032567,
            1.0974456578233098,
            1.0835979547155508,
            1.0697848023145935,
            1.0560622522972816,
            1.0424797879772036,
            1.029080639060189,
            1.015902185746225,
            1.0029764262755962,
            0.990330484534118,
            0.9779871373980991,
            0.9659653448115538,
            0.9542807689063968,
            0.9429462716231957,
            0.9319723831480275
        ],
        "imag": [
            0.07939347760357751,
            0.10003701012610994,
            0.1210265632080132,
            0.14242062965312882,
            0.1642736545332624,
            0.18662986809927648,
            0.20951735302077384,
            0.23294219392865148,
            0.25688345260716894,
            0.28129006644309906,
            0.30608070231878204,
            0.33114712524730355,
            0.3563608672098501,
            0.3815821564707111,
            0.4066695014423736,
            0.4314882342148596,
            0.4559167180159495,
            0.4798496189155388,
            0.503198358324007,
            0.5258893775236163,
            0.5478610697405911,
            0.5690602047864503,
            0.5894384866761401,
            0.6089496498470096,
            0.6275472868621008,
            0.6451834433014119,
            0.6618079183268581,
            0.6773681611101029,
            0.6918096382787963,
            0.7050765516535089,
            0.7171127985407625,
            0.7278630823861221,
            0.7372740964136344,
            0.745295715756689,
            0.7518821444629689,
            0.7569929731042038,
            0.7605941111745644,
            0.7626585665673122,
            0.7631670525550767,
            0.762108411016511,
            0.7594798491108481,
            0.7552869949779392,
            0.7495437860079568,
            0.7422722103874448,
            0.7335019285842397,
            0.7232698058381454,
            0.7116193892933307,
            0.6986003639826056,
            0.6842680204047695,
            0.6686827629866565,
            0.6519096834770458,
            0.6340182165461405,
            0.6150818869121912,
            0.5951781485983892,
            0.5743883078984193,
            0.552797512802616,
            0.5304947835388057,
            0.5075730520686392,
            0.4841291733990137,
            0.46026386894443455,
            0.4360815623541444,
            0.41169007151538006,
            0.3872001269902559,
            0.3627246968086593,
            0.33837810989883566,
            0.3142749847469403,
            0.29052898509454333,
            0.26725143934609485,
            0.24454987349206544,
            0.22252651743805962,
            0.20127685056171415,
            0.18088825337361097,
            0.16143882810787652,
            0.14299644222234187,
            0.1256180359764592,
            0.10934921970831558,
            0.09422416962761922,
            0.0802658144022618,
            0.06748628993028337,
            0.055887627546977195,
            0.04546263222441802,
            0.03619590235834502,
            0.02806494139561751,
            0.021041313405292503,
            0.0150917990936546,
            0.010179514957984307,
            0.0062649655043158885,
            0.0033070060322113663,
            0.0012637008439958786,
            9.306844296808262e-05,
            -0.0002462889314355824,
            0.00020533063579658935,
            0.0014091367709031296,
            0.0033281552193295447,
            0.005927446554824525,
            0.009174245981249406,
            0.01303803524409342
        ]
    },
    "CPU_time": {
        "derivatives": 0.997967004776001,
        "buildingVn": 11.876024007797241,