{
    "geometry1": "spherical",
    "geometry2": "small",
    "ope": "b2p_tang",
    "lc": 0.04,
    "dimP": 4,
    "dimQ": 4,
    "ndofs": 2426,
    "ndofs_P": 2019,
    "ndofs_Q": 407,
    "frequencies": [
        1500,
        1550,
        1600,
        1650,
        1700,
        1750,
        1800,
        1850,
        1900,
        1950,
        2000,
        2050,
        2100,
        2150,
        2200
    ],
    "Z_center": {
        "real": [
            1.131075854348879,
            1.1210400361746051,
            1.1079597762793778,
            1.0925034459065115,
            1.0753528518377877,
            1.0571860234397146,
            1.0386604205209646,
            1.0203969864492672,
            1.002965465642298,
            0.9868713892260669,
            0.9725451052837903,
            0.9603331885063672,
            0.9504925062948919,
            0.943187143341983,
            0.9384882946530217
        ],
        "imag": [
            0.23500927130402724,
            0.20474126479639668,
            0.17810470818448149,
            0.15535152189591814,
            0.13662451678637394,
            0.12195822015283854,
            0.11128239854777112,
            0.1044281994345114,
            0.10113676688619509,
            0.10107011669950879,
            0.10382398454804498,
            0.10894228918320778,
            0.1159327843808764,
            0.12428341264893013,
            0.13347882589008347
        ]
    },
    "CPU_time": {
        "mesh_setup": 0.2563600540161133,
        "fom_sweep": 0.3286709785461426
    }
}