{
    "geometry1": "spherical",
    "geometry2": "large",
    "ope": "b2p_tang",
    "lc": 0.03,
    "dimP": 2,
    "dimQ": 2,
    "ndofs": 11643,
    "ndofs_P": 10189,
    "ndofs_Q": 1454,
    "frequencies": [
        1500,
        1550,
        1600,
        1650,
        1700,
        1750,
        1800,
        1850,
        1900,
        1950,
        2000,
        2050,
        2100,
        2150,
        2200
    ],
    "Z_center": {
        "real": [
            1.1132936002476246,
            1.1292546625656321,
            1.136522724488903,
            1.1246278347318253,
            1.0924253891787745,
            1.0496594468182927,
            1.010555144980441,
            0.986064639854338,
            0.9800010161045642,
            0.9883371605051567,
            1.0002218620651253,
            1.0021226886982677,
            0.9858770776631353,
            0.9550269088025973,
            0.9223183526029561
        ],
        "imag": [
            0.2606283906574495,
            0.2313712424409015,
            0.18806986617846114,
            0.13936236461693308,
            0.09980842031298709,
            0.08062811423693547,
            0.08322659638261304,
            0.10002298554562716,
            0.11908648841311206,
            0.12875962834700763,
            0.1222044192791963,
            0.10185887812953827,
            0.07987763320798752,
            0.07086174059291886,
            0.08210174675183476
        ]
    },
    "CPU_time": {
        "mesh_setup": 0.8018577098846436,
        "fom_sweep": 4.148756980895996
    }
}