{
    "geometry1": "spherical",
    "geometry2": "large",
    "ope": "b2p_tang",
    "lc": 0.04,
    "dimP": 2,
    "dimQ": 2,
    "ndofs": 5621,
    "ndofs_P": 4776,
    "ndofs_Q": 845,
    "frequencies": [
        1500,
        1550,
        1600,
        1650,
        1700,
        1750,
        1800,
        1850,
        1900,
        1950,
        2000,
        2050,
        2100,
        2150,
        2200
    ],
    "Z_center": {
        "real": [
            1.1052993630044867,
            1.1255564769800022,
            1.1390936857963738,
            1.1325334953727648,
            1.102159457967599,
            1.0574031053039754,
            1.0141699397326598,
            0.9854429417753453,
            0.976478809074807,
            0.9840613283875855,
            0.9974856619139941,
            1.0023998840397164,
            0.9890171497825808,
            0.9595274450764738,
            0.9264009700965256
        ],
        "imag": [
            0.2621799558063316,
            0.2370379396426519,
            0.19433034816675335,
            0.14206200860910817,
            0.09661051511992992,
            0.07217714314598929,
            0.07211297604524546,
            0.08910145170907836,
            0.11047571030428861,
            0.12341351923076305,
            0.11962642799299207,
            0.10016846705282878,
            0.07672623788392606,
            0.06470200293663225,
            0.07258740316168254
        ]
    },
    "CPU_time": {
        "mesh_setup": 0.5318927764892578,
        "fom_sweep": 1.269928216934204
    }
}