{
    "geometry1": "curvedcubic",
    "geometry2": "small",
    "ope": "b2p_tang_ipp",
    "lc": 0.015,
    "dimP": 2,
    "dimQ": 2,
    "N": 72,
    "f0": 1000,
    "BSP": true,
    "frequencies": [
        80,
        100,
        120,
        140,
        160,
        180,
        200,
        220,
        240,
        260,
        280,
        300,
        320,
        340,
        360,
        380,
        400,
        420,
        440,
        460,
        480,
        500,
        520,
        540,
        560,
        580,
        600,
        620,
        640,
        660,
        680,
        700,
        720,
        740,
        760,
        780,
        800,
        820,
        840,
        860,
        880,
        900,
        920,
        940,
        960,
        980,
        1000,
        1020,
        1040,
        1060,
        1080,
        1100,
        1120,
        1140,
        1160,
        1180,
        1200,
        1220,
        1240,
        1260,
        1280,
        1300,
        1320,
        1340,
        1360,
        1380,
        1400,
        1420,
        1440,
        1460,
        1480,
        1500,
        1520,
        1540,
        1560,
        1580,
        1600,
        1620,
        1640,
        1660,
        1680,
        1700,
        1720,
        1740,
        1760,
        1780,
        1800,
        1820,
        1840,
        1860,
        1880,
        1900,
        1920,
        1940,
        1960,
        1980,
        2000
    ],
    "Z_center": {
        "real": [
            0.014717989194127255,
            0.022673941138484175,
            0.03202347734624836,
            0.042600637206821675,
            0.05424302665932537,
            0.06680241998848,
            0.08015201217820148,
            0.09418978399544933,
            0.10883883289759927,
            0.12404562251780243,
            0.139776996454836,
            0.15601662811920677,
            0.17276138342692038,
            0.19001789402990737,
            0.20779949658031913,
            0.2261235933761212,
            0.2450094269126629,
            0.2644762267405418,
            0.2845416727631059,
            0.3052206173637809,
            0.3265240141373524,
            0.34845800986890924,
            0.3710231664907188,
            0.39421378972901244,
            0.4180173503250045,
            0.44241399174425694,
            0.4673761250340585,
            0.49286811690190147,
            0.5188460811542321,
            0.5452577863371303,
            0.5720426937452208,
            0.599132139884871,
            0.6264496760012576,
            0.6539115744239471,
            0.6814275073430811,
            0.708901398342544,
            0.7362324408181311,
            0.7633162706020389,
            0.7900462730877038,
            0.8163149983310337,
            0.8420156514632132,
            0.8670436207430754,
            0.891298002102705,
            0.9146830774268414,
            0.9371097042402381,
            0.9584965770114121,
            0.9787713248042753,
            0.9978714162624165,
            1.0157448505058273,
            1.0323506209721651,
            1.047658948015985,
            1.061651284653753,
            1.0743201077207987,
            1.085668513486578,
            1.0957096421533998,
            1.104465959473971,
            1.1119684259110196,
            1.1182555843967021,
            1.1233725969813229,
            1.127370258720544,
            1.1303040143013021,
            1.13223299942415,
            1.1332191251216968,
            1.133326219241426,
            1.1326192354589475,
            1.1311635365909976,
            1.129024255749962,
            1.1262657361066124,
            1.1229510477427038,
            1.1191415782740872,
            1.1148966926005017,
            1.1102734562403154,
            1.1053264161926082,
            1.100107433077868,
            1.0946655583809541,
            1.0890469509014853,
            1.083294826952449,
            1.0774494393872758,
            1.0715480811395584,
            1.0656251095868625,
            1.0597119886694253,
            1.0538373462856045,
            1.0480270450184963,
            1.042304264714424,
            1.0366895958192084,
            1.0312011426733854,
            1.02585463617033,
            1.0206635552968752,
            1.0156392570958066,
            1.0107911145366797,
            1.006126661653984,
            1.0016517451285327,
            0.997370681265524,
            0.9932864170772779,
            0.9894006939271895,
            0.985714211960021,
            0.9822267933405158
        ],
        "imag": [
            0.12863559566931593,
            0.1592642763512332,
            0.18899538836596147,
            0.2177630903959112,
            0.24553817817318283,
            0.27232509926494636,
            0.2981542516908889,
            0.32307318145018,
            0.3471383914526945,
            0.37040852847092276,
            0.3929391925938075,
            0.4147793064824786,
            0.43596882085884614,
            0.4565374740993475,
            0.4765043292169331,
            0.4958778502337707,
            0.5146563307183452,
            0.5328285374806534,
            0.550374475843897,
            0.5672662174248102,
            0.5834687570853707,
            0.5989408838223759,
            0.6136360623177566,
            0.6275033290657018,
            0.6404882106036882,
            0.6525336723234446,
            0.6635811053039103,
            0.6735713561204272,
            0.682445801010556,
            0.6901474614440168,
            0.6966221533229956,
            0.7018196569957286,
            0.7056948902845738,
            0.7082090621020175,
            0.7093307802649286,
            0.7090370841274664,
            0.7073143709289907,
            0.704159184539428,
            0.6995788367557515,
            0.6935918345327815,
            0.686228091478981,
            0.6775289084386943,
            0.6675467157120285,
            0.6563445780211086,
            0.6439954722151194,
            0.630581356368223,
            0.6161920568215025,
            0.6009240063624399,
            0.5848788717132187,
            0.5681621115487581,
            0.5508815072603866,
            0.533145707650649,
            0.5150628258655645,
            0.49673912243338747,
            0.4782778026607093,
            0.4597779502609862,
            0.44133361238399826,
            0.42303304458338525,
            0.4049581180390305,
            0.38718388582403984,
            0.36977830034932957,
            0.3528020704456848,
            0.33630864387551174,
            0.32034429937499487,
            0.304948331521126,
            0.29015331168347225,
            0.2759854089148225,
            0.262464755716528,
            0.24960584504414318,
            0.23741794656051712,
            0.22590553189540746,
            0.21506870042946685,
            0.20490359881541567,
            0.19540282902692024,
            0.1865558411416563,
            0.17834930830326903,
            0.1707674823461379,
            0.16379252941377198,
            0.15740484555759154,
            0.1515833527787163,
            0.14630577628895836,
            0.14154890393618327,
            0.13728882878392165,
            0.1335011757742638,
            0.13016131326599137,
            0.12724455003940677,
            0.12472631812603424,
            0.1225823415703389,
            0.12078879098720272,
            0.11932242355654615,
            0.11816070791711357,
            0.1172819332972234,
            0.11666530215746833,
            0.11629100563437812,
            0.11614028116331031,
            0.11619545181821295,
            0.11643994713997446
        ]
    },
    "CPU_time": {
        "derivatives": 0.05517387390136719,
        "buildingVn": 6.0345070362091064,
        "assembling_C": 0,