{
    "geometry1": "curvedcubic",
    "geometry2": "large",
    "ope": "b2p_tang_ipp",
    "lc": 0.015,
    "dimP": 2,
    "dimQ": 2,
    "N": 22,
    "f0": 1000,
    "BSP": true,
    "frequencies": [
        80,
        100,
        120,
        140,
        160,
        180,
        200,
        220,
        240,
        260,
        280,
        300,
        320,
        340,
        360,
        380,
        400,
        420,
        440,
        460,
        480,
        500,
        520,
        540,
        560,
        580,
        600,
        620,
        640,
        660,
        680,
        700,
        720,
        740,
        760,
        780,
        800,
        820,
        840,
        860,
        880,
        900,
        920,
        940,
        960,
        980,
        1000,
        1020,
        1040,
        1060,
        1080,
        1100,
        1120,
        1140,
        1160,
        1180,
        1200,
        1220,
        1240,
        1260,
        1280,
        1300,
        1320,
        1340,
        1360,
        1380,
        1400,
        1420,
        1440,
        1460,
        1480,
        1500,
        1520,
        1540,
        1560,
        1580,
        1600,
        1620,
        1640,
        1660,
        1680,
        1700,
        1720,
        1740,
        1760,
        1780,
        1800,
        1820,
        1840,
        1860,
        1880,
        1900,
        1920,
        1940,
        1960,
        1980,
        2000
    ],
    "Z_center": {
        "real": [
            0.010398207107691222,
            0.014495516038135783,
            0.020223151863414075,
            0.02782966102416759,
            0.03757982902817216,
            0.04955365627463131,
            0.06355391141447397,
            0.07912509815232507,
            0.09569270541332808,
            0.11275218427003761,
            0.13000315240025861,
            0.1473768172769999,
            0.16498059070916446,
            0.18301489081683306,
            0.201702187749275,
            0.22124173247976273,
            0.24178664493418053,
            0.2634348709078245,
            0.28622654795264346,
            0.31014324735372684,
            0.3351074910756082,
            0.36098329272884166,
            0.3875799913295335,
            0.41466208041234115,
            0.44196687407152885,
            0.46922976457274906,
            0.49621405715049244,
            0.5227399168310255,
            0.5487059317656492,
            0.5740978368244347,
            0.5989818366293687,
            0.6234837069411704,
            0.64775815707446,
            0.6719548676343724,
            0.6961878632903237,
            0.7205136267885466,
            0.7449210254822136,
            0.7693332492612082,
            0.793619281276654,
            0.8176108042468507,
            0.8411204722946759,
            0.8639589379108956,
            0.8859498617804042,
            0.9069431502766654,
            0.9268264053262626,
            0.9455335873240696,
            0.963049197316722,
            0.9794065533303764,
            0.9946798967263792,
            1.008971483522574,
            1.0223958065616707,
            1.0350633593851772,
            1.047066066173757,
            1.0584660392716159,
            1.0692889026169037,
            1.079522451996473,
            1.089120696469482,
            1.098012299754262,
            1.1061114276777428,
            1.113328557046895,
            1.1195793346435672,
            1.124791003488548,
            1.1289075236738049,
            1.1318952849261406,
            1.1337505354972603,
            1.1345075387226913,
            1.1342442247827638,
            1.1330813320961368,
            1.13117261392689,
            1.128686957531886,
            1.1257862599746593,
            1.1226037193710616,
            1.1192254780999178,
            1.1156759077539316,
            1.1119057379664627,
            1.1077841744815642,
            1.1031002630908442,
            1.0975820662213935,
            1.0909413484741282,
            1.0829447789588702,
            1.073501711461677,
            1.0627481247640764,
            1.0511022404838473,
            1.0392733452911607,
            1.0282197072898849,
            1.0190672379849404,
            1.0130096479634683,
            1.011209155172427,
            1.0147059660864335,
            1.0243298185761651,
            1.040592764833781,
            1.0635325245943443,
            1.0924742928533802,
            1.1256953968684071,
            1.160030606185212,
            1.190568425879011,
            1.2107503958571126
        ],
        "imag": [
            0.1184216596792948,
            0.1492957731835889,
            0.18057010883936775,
            0.21206991695357197,
            0.24341994331732483,
            0.2740885106885701,
            0.30352351787333054,
            0.33132887363702557,
            0.3573929110573627,
            0.38189221233941273,
            0.40517940152950443,
            0.4276347130939883,
            0.44955655869375866,
            0.47111568510469737,
            0.4923576243513638,
            0.5132278194413082,
            0.5336009073837205,
            0.5533056787761442,
            0.5721441562939223,
            0.5899066352757901,
            0.606385542414838,
            0.6213904955763054,
            0.6347654978146369,
            0.6464071806719416,
            0.6562809855572901,
            0.6644308791724399,
            0.6709783531456498,
            0.6761083660599599,
            0.6800431336968774,
            0.6830081553624336,
            0.6851972584715967,
            0.6867438685613233,
            0.6877041278248089,
            0.6880545790481891,
            0.6877038531189633,
            0.6865149545814725,
            0.6843328796031506,
            0.6810117951514473,
            0.6764370181868271,
            0.6705392703100164,
            0.6633012471384142,
            0.6547582559923243,
            0.644994859203594,
            0.6341384677533953,
            0.6223497674621785,
            0.6098096941228259,
            0.5967035437586322,
            0.5832040582734763,
            0.5694561100426587,
            0.5555654631702488,
            0.5415931683694375,
            0.5275559889079471,
            0.5134323356208745,
            0.4991726337060372,
            0.4847126704634587,
            0.4699880916059344,
            0.45494788748324494,
            0.4395647523428643,
            0.4238409066942856,
            0.40780929935762367,
            0.39153153088793347,
            0.37509457949356634,
            0.35860790333484455,
            0.3422008677438292,
            0.32601862949113364,
            0.3102138943149944,
            0.29493318267021984,
            0.28029902996766115,
            0.26639232861088213,
            0.25323993633543196,
            0.24081098998059927,
            0.2290221713811787,
            0.2177497269717563,
            0.2068460819551606,
            0.19616119856602235,
            0.1855711717928156,
            0.17501613387930534,
            0.16454501391575435,
            0.15435744921123984,
            0.14482694944278965,
            0.13648868815122991,
            0.12998257466568186,
            0.12595600355347572,
            0.12494498431556635,
            0.12725975510345833,
            0.13289722220278263,
            0.14148969118091304,
            0.15228432499309402,
            0.16413783218767145,
            0.1755099320944334,
            0.18444760413352854,
            0.1885696016126478,
            0.18508815485937358,
            0.17094311058347408,
            0.14316532029830542,
            0.09959673235540337,
            0.03999652558415974
        ]
    },
    "CPU_time": {
        "derivatives": 0.2918879985809326,
        "buildingVn": 54.94444680213928,
        "assembling_C": 0,