{
    "geometry1": "curvedcubic",
    "geometry2": "large",
    "ope": "b2p_tang_ipp",
    "lc": 0.015,
    "dimP": 2,
    "dimQ": 2,
    "N": 100,
    "f0": 1000,
    "BSP": true,
    "frequencies": [
        80,
        100,
        120,
        140,
        160,
        180,
        200,
        220,
        240,
        260,
        280,
        300,
        320,
        340,
        360,
        380,
        400,
        420,
        440,
        460,
        480,
        500,
        520,
        540,
        560,
        580,
        600,
        620,
        640,
        660,
        680,
        700,
        720,
        740,
        760,
        780,
        800,
        820,
        840,
        860,
        880,
        900,
        920,
        940,
        960,
        980,
        1000,
        1020,
        1040,
        1060,
        1080,
        1100,
        1120,
        1140,
        1160,
        1180,
        1200,
        1220,
        1240,
        1260,
        1280,
        1300,
        1320,
        1340,
        1360,
        1380,
        1400,
        1420,
        1440,
        1460,
        1480,
        1500,
        1520,
        1540,
        1560,
        1580,
        1600,
        1620,
        1640,
        1660,
        1680,
        1700,
        1720,
        1740,
        1760,
        1780,
        1800,
        1820,
        1840,
        1860,
        1880,
        1900,
        1920,
        1940,
        1960,
        1980,
        2000
    ],
    "Z_center": {
        "real": [
            0.011527782952868531,
            0.016753458998989033,
            0.02305986890897607,
            0.030692940318823227,
            0.0398596820623157,
            0.050702201191792896,
            0.06326725617112891,
            0.07749135568168868,
            0.09319880696037945,
            0.1101251920245116,
            0.12796344898910028,
            0.1464210829315145,
            0.16527544363077434,
            0.18440853559548795,
            0.20381645226247846,
            0.22359359327829992,
            0.24390231632522447,
            0.26493326184484517,
            0.2868692927757885,
            0.30985206779932867,
            0.33395610565585526,
            0.35917039277467294,
            0.385390132512077,
            0.41241944528632823,
            0.43998753405659463,
            0.4677774597030686,
            0.4954650119351905,
            0.5227614207667113,
            0.5494520293691217,
            0.5754225825799415,
            0.600667800916246,
            0.625280561071587,
            0.6494249060190367,
            0.6732982838026301,
            0.6970905180693278,
            0.7209464054822665,
            0.744937529452339,
            0.7690475179190609,
            0.7931724272932666,
            0.8171356926995179,
            0.8407141776041007,
            0.8636698663923721,
            0.8857808983508549,
            0.9068666164063428,
            0.9268034448644796,
            0.9455309384490584,
            0.9630491973166975,
            0.9794098062591674,
            0.9947025215535183,
            1.0090395243179089,
            1.0225385675352443,
            1.0353061379948678,
            1.0474220243243522,
            1.058927324886048,
            1.0698183507070436,
            1.0800485315269508,
            1.0895388559157062,
            1.0981949340378083,
            1.1059265049344977,
            1.112664209830152,
            1.118369639401403,
            1.1230370587146796,
            1.1266889454185272,
            1.1293686926501267,
            1.131134096651116,
            1.1320534795370103,
            1.132203485027299,
            1.1316664185046663,
            1.1305251523402675,
            1.128855276078883,
            1.1267161407920385,
            1.1241437787641557,
            1.1211484957651765,
            1.1177183420414725,
            1.1138280417278965,
            1.1094511594497383,
            1.1045723174653264,
            1.0991969606702143,
            1.0933564396992925,
            1.0871078573462212,
            1.0805297893788122,
            1.0737146603503775,
            1.0667597299216598,
            1.0597579707147968,
            1.0527894681247152,
            1.0459146083252606,
            1.0391696991840216,
            1.0325659942933296,
            1.0260924682227375,
            1.0197225756769421,
            1.0134238989698305,
            1.0071677563271093,
            1.0009395701485588,
            0.9947434362206996,
            0.9886061953334386,
            0.982575292659836,
            0.9767150805486585
        ],
        "imag": [
            0.12204404197427828,
            0.15189405986173682,
            0.18187375036405537,
            0.21194568590132665,
            0.2419750818044897,
            0.2717302510221962,
            0.30092467943322737,
            0.32925698071422776,
            0.35646032703266395,
            0.3823509864790648,
            0.4068622806949011,
            0.4300512606077908,
            0.45207726544565613,
            0.4731570527656101,
            0.4935108513177111,
            0.5133154653458613,
            0.532671031601096,
            0.5515853655154235,
            0.5699734529306841,
            0.5876692148086952,
            0.6044458953297942,
            0.6200435142143519,
            0.6342013377125021,
            0.6466925498683243,
            0.6573577515828211,
            0.666131067918186,
            0.6730537368018392,
            0.6782707046480877,
            0.6820088699621315,
            0.6845408866287054,
            0.6861409067670161,
            0.687041409446305,
            0.6873992117687698,
            0.6872759867918693,
            0.686635856365714,
            0.6853591619395025,
            0.6832691675245496,
            0.6801669235367444,
            0.6758681730577367,
            0.6702360290176839,
            0.663203852360272,
            0.6547849811644998,
            0.6450689088968401,
            0.6342064315714551,
            0.6223880504062382,
            0.6098202824601463,
            0.5967035436945699,
            0.5832139592315252,
            0.5694901443518856,
            0.5556252079146099,
            0.5416639640119005,
            0.5276054629033026,
            0.5134110731542288,
            0.4990180408813121,
            0.48435735320184137,
            0.4693732140979812,
            0.4540400659978746,
            0.4383730294787288,
            0.4224290822544805,
            0.40629918112424274,
            0.39009453056436266,
            0.3739317228215662,
            0.357921135777061,
            0.3421605640308872,
            0.32673329075630536,
            0.3117078739704809,
            0.2971372529314057,
            0.283056196337444,
            0.26947841819389357,
            0.25639580099597453,
            0.24378185341238592,
            0.2316000505199921,
            0.21981530764858803,
            0.20840585885153964,
            0.1973721819847704,
            0.18674072213288673,
            0.17656155680732788,
            0.16690089856916093,
            0.15783037677277623,
            0.14941596712533875,
            0.141707992057978,
            0.13473455916577842,
            0.12849827923313228,
            0.12297633644769655,
            0.11812377747762563,
            0.11387953910573008,
            0.11017435687081817,
            0.1069411288954342,
            0.10412368425739692,
            0.10168457965366369,
            0.09960975706208879,
            0.09790824026687095,
            0.0966075813081529,
            0.09574615442783542,
            0.095365314211,
            0.09549773011491898,
            0.09616373620706906
        ]
    },
    "CPU_time": {
        "derivatives": 0.28754425048828125,
        "buildingVn": 102.403724193573,
        "assembling_C": 0,