{
    "geometry1": "curvedcubic",
    "geometry2": "large",
    "ope": "b2p_tang_ipp",
    "lc": 0.015,
    "dimP": 2,
    "dimQ": 2,
    "N": 88,
    "f0": 1000,
    "BSP": true,
    "frequencies": [
        80,
        100,
        120,
        140,
        160,
        180,
        200,
        220,
        240,
        260,
        280,
        300,
        320,
        340,
        360,
        380,
        400,
        420,
        440,
        460,
        480,
        500,
        520,
        540,
        560,
        580,
        600,
        620,
        640,
        660,
        680,
        700,
        720,
        740,
        760,
        780,
        800,
        820,
        840,
        860,
        880,
        900,
        920,
        940,
        960,
        980,
        1000,
        1020,
        1040,
        1060,
        1080,
        1100,
        1120,
        1140,
        1160,
        1180,
        1200,
        1220,
        1240,
        1260,
        1280,
        1300,
        1320,
        1340,
        1360,
        1380,
        1400,
        1420,
        1440,
        1460,
        1480,
        1500,
        1520,
        1540,
        1560,
        1580,
        1600,
        1620,
        1640,
        1660,
        1680,
        1700,
        1720,
        1740,
        1760,
        1780,
        1800,
        1820,
        1840,
        1860,
        1880,
        1900,
        1920,
        1940,
        1960,
        1980,
        2000
    ],
    "Z_center": {
        "real": [
            0.011461529166747695,
            0.01668649374082475,
            0.023029923795212716,
            0.03072527786362318,
            0.03995806611750616,
            0.05084316128825777,
            0.06340956512118474,
            0.07759043185750761,
            0.09322439101999283,
            0.11007237798430097,
            0.1278529119382826,
            0.1462895331445839,
            0.16516118555254172,
            0.18433907460440974,
            0.20380215221231587,
            0.22362868336994599,
            0.24396938427195328,
            0.26501106352615533,
            0.2869384424832358,
            0.3098990243734331,
            0.3339749202408652,
            0.3591624819718001,
            0.3853624515680585,
            0.412381894783082,
            0.43995021185811406,
            0.4677483491946283,
            0.495448573038274,
            0.5227583102496905,
            0.5494597353008489,
            0.5754367158222331,
            0.6006835869751685,
            0.625294126192209,
            0.6494339210134588,
            0.6733021367012286,
            0.6970899947080127,
            0.720943078471875,
            0.7449331506153007,
            0.7690434955675319,
            0.7931695819035114,
            0.8171342152690024,
            0.8407138005026954,
            0.8636701149051882,
            0.8857813241363811,
            0.9068669425424497,
            0.9268035946932219,
            0.945530969217047,
            0.9630491973235826,
            0.9794098098635506,
            0.9947024801177154,
            1.0090393391293087,
            1.02253816148435,
            1.0353055288009845,
            1.047421353746601,
            1.0589268229080706,
            1.0698182380886643,
            1.0800489010914562,
            1.089539591882184,
            1.0981957243348721,
            1.1059270119368934,
            1.1126643336151933,
            1.1183697498381835,
            1.1230381526934334,
            1.1266924027793845,
            1.1293756635297256,
            1.1311447321682606,
            1.1320662048583205,
            1.132214663441998,
            1.1316708395907809,
            1.1305172546486773,
            1.1288308985942122,
            1.1266743235815881,
            1.124088111251678,
            1.121087453306496,
            1.1176645640921705,
            1.1137963990590523,
            1.1094559078375916,
            1.1046239025468,
            1.0992989693845077,
            1.0935034657249216,
            1.0872849865974594,
            1.0807135916271844,
            1.0738759203716244,
            1.0668671651231467,
            1.059782397459873,
            1.0527079011648712,
            1.045713950868751,
            1.038849445500521,
            1.032140710802398,
            1.0255925518149633,
            1.0191948548231295,
            1.0129295483490686,
            1.0067797780301588,
            1.0007373810923808,
            0.9948075466819175,
            0.9890093549878308,
            0.9833712559654313,
            0.9779223244238212
        ],
        "imag": [
            0.12211210455741273,
            0.151984464534114,
            0.18199021805137677,
            0.21207246651708636,
            0.24207356991684204,
            0.27176514587211864,
            0.30088008372495023,
            0.329143833859792,
            0.3563134565272711,
            0.38221538706261976,
            0.406776455296806,
            0.430034578277908,
            0.4521258553250748,
            0.47324877152270955,
            0.4936157080343752,
            0.5134055651030919,
            0.5327277719343831,
            0.55160189329131,
            0.5699537109600694,
            0.5876244535459944,
            0.6043906355964455,
            0.619991687107678,
            0.6341633497841959,
            0.6466737954206929,
            0.6573582975356546,
            0.6661466896582157,
            0.6730777574638627,
            0.67829598281351,
            0.6820296236158202,
            0.68455374292188,
            0.6861451376053554,
            0.6870384682227202,
            0.6873917964279755,
            0.6872670661084503,
            0.6866278855805534,
            0.685353602985396,
            0.6832664335927641,
            0.6801665849404036,
            0.675869338005253,
            0.6702377493032955,
            0.6632054097901711,
            0.6547860214244559,
            0.6450694102989272,
            0.6342065682623973,
            0.6223880399528278,
            0.6098202642253532,
            0.5967035437527519,
            0.5832139272013035,
            0.5694900297717502,
            0.5556250290868522,
            0.5416638324996975,
            0.5276055469716645,
            0.5134115182227729,
            0.4990188789386543,
            0.48435845496028507,
            0.469374315973935,
            0.4540408937802828,
            0.4383734741105436,
            0.422429332094464,
            0.40629974925980566,
            0.390096035773496,
            0.37393447628902404,
            0.3579246628852092,
            0.3421632869436864,
            0.32673260828081513,
            0.31170081412435136,
            0.29712164657927054,
            0.283031944018668,
            0.2694484743513105,
            0.2563663745396389,
            0.243761671950036,
            0.23159861266513604,
            0.21984060109066494,
            0.20846188977566812,
            0.19745701534071025,
            0.1868454015083413,
            0.1766704570191527,
            0.16699344741099453,
            0.15788426418217177,
            0.14941087667026853,
            0.14162979231335537,
            0.13457838720988172,
            0.12827060346786168,
            0.12269550528644341,
            0.11781892171999198,
            0.11358858315561193,
            0.10994120743101138,
            0.10681122409126705,
            0.10413994657052465,
            0.10188233293582345,
            0.10001083687698983,
            0.09851575797202966,
            0.09740090263491076,
            0.09667704650173803,
            0.0963528817229571,
            0.09642738282096812,
            0.0968862854855168
        ]
    },
    "CPU_time": {
        "derivatives": 0.2945859432220459,
        "buildingVn": 91.45942187309265,
        "assembling_C": 0,
        "spliting_Vn": 1.9365801811218262,