{
    "geometry1": "curvedcubic",
    "geometry2": "large",
    "ope": "b2p_tang_ipp",
    "lc": 0.015,
    "dimP": 2,
    "dimQ": 2,
    "N": 21,
    "f0": 1000,
    "BSP": true,
    "frequencies": [
        80,
        100,
        120,
        140,
        160,
        180,
        200,
        220,
        240,
        260,
        280,
        300,
        320,
        340,
        360,
        380,
        400,
        420,
        440,
        460,
        480,
        500,
        520,
        540,
        560,
        580,
        600,
        620,
        640,
        660,
        680,
        700,
        720,
        740,
        760,
        780,
        800,
        820,
        840,
        860,
        880,
        900,
        920,
        940,
        960,
        980,
        1000,
        1020,
        1040,
        1060,
        1080,
        1100,
        1120,
        1140,
        1160,
        1180,
        1200,
        1220,
        1240,
        1260,
        1280,
        1300,
        1320,
        1340,
        1360,
        1380,
        1400,
        1420,
        1440,
        1460,
        1480,
        1500,
        1520,
        1540,
        1560,
        1580,
        1600,
        1620,
        1640,
        1660,
        1680,
        1700,
        1720,
        1740,
        1760,
        1780,
        1800,
        1820,
        1840,
        1860,
        1880,
        1900,
        1920,
        1940,
        1960,
        1980,
        2000
    ],
    "Z_center": {
        "real": [
            0.0128062340597882,
            0.015447306089207018,
            0.021314981301889784,
            0.029037913005504123,
            0.038568594693330585,
            0.050020360904715226,
            0.06333063729224203,
            0.07822962064745181,
            0.09431643557721849,
            0.11118356987633479,
            0.128528247082321,
            0.14620585355711133,
            0.1642210581847036,
            0.18268217696687378,
            0.2017481018135281,
            0.22158506997481478,
            0.24233765713501837,
            0.2641112528817612,
            0.28696151612001397,
            0.3108874490701946,
            0.3358268274213806,
            0.36165470126734434,
            0.38818695283936006,
            0.41519110040502977,
            0.4424055087596131,
            0.46956607452628946,
            0.49643690958503794,
            0.522839504225996,
            0.5486742390759726,
            0.5739293450172025,
            0.5986751163631251,
            0.623044398784964,
            0.6472030676327737,
            0.6713157903953532,
            0.6955128169314415,
            0.7198631735598192,
            0.7443586768620107,
            0.768911553847272,
            0.7933659741489628,
            0.8175206892629036,
            0.8411572156299227,
            0.8640669589934884,
            0.8860720449899618,
            0.9070376232086214,
            0.9268763042294718,
            0.9455468461118662,
            0.9630491973172534,
            0.9794173843698802,
            0.9947112516468696,
            1.0090078359932886,
            1.022392931832356,
            1.0349530571769416,
            1.046767795283294,
            1.0579026687063027,
            1.0684032845595868,
            1.0782920148306332,
            1.0875683629174389,
            1.0962131936081707,
            1.1041955512318804,
            1.1114796619981515,
            1.118029636811549,
            1.123810530734196,
            1.1287862566896527,
            1.1329164698864163,
            1.1361551158120504,
            1.1384525692068979,
            1.1397615473029352,
            1.1400450865665577,
            1.1392837000891818,
            1.1374788274165788,
            1.1346507046951775,
            1.1308303605532828,
            1.1260472684738183,
            1.120316203271987,
            1.1136288494477715,
            1.1059568643313276,
            1.0972720973612071,
            1.0875855925383335,
            1.077000375223707,
            1.065766188919646,
            1.0543206334662854,
            1.0433030362875635,
            1.0335346269050725,
            1.0259678398333243,
            1.0216140997320702,
            1.0214598121908325,
            1.0263741051200397,
            1.0370014985803762,
            1.053621923484552,
            1.075954222902117,
            1.102885187266345,
            1.1321378627727976,
            1.1599683535280736,
            1.1811034535876301,
            1.1892429774709092,
            1.178380254365804,
            1.1447506203577777
        ],
        "imag": [
            0.12446211917948938,
            0.15234244830056887,
            0.18160942291968368,
            0.2118940714982613,
            0.24241724534857934,
            0.2725768706400281,
            0.3018616934092498,
            0.3298837454807022,
            0.3564499505670172,
            0.38158516149368965,
            0.4054818161629783,
            0.4284060597936721,
            0.45060768912176474,
            0.4722633811825097,
            0.49345630409702823,
            0.5141803533412909,
            0.5343556131576054,
            0.5538463278124784,
            0.5724779127130694,
            0.5900530071286672,
            0.606368028370257,
            0.6212315507699274,
            0.6344846025334077,
            0.646021181296342,
            0.6558055778896262,
            0.6638821955635492,
            0.6703740559784074,
            0.6754682358167666,
            0.6793895556215301,
            0.682366890392833,
            0.6845983904498832,
            0.6862221026039813,
            0.6872971272353932,
            0.6877982186720537,
            0.6876243514186999,
            0.6866196111751911,
            0.6846028563971346,
            0.6814009403147627,
            0.6768792427812361,
            0.6709635569764109,
            0.6636495322590339,
            0.6549994417900658,
            0.6451294815057608,
            0.6341924704190786,
            0.6223602582589929,
            0.609808341813216,
            0.596703543760172,
            0.5831947918314778,
            0.5694068254557857,
            0.5554365586348312,
            0.5413516789789289,
            0.5271910590301456,
            0.5129668549013079,
            0.49866856923436165,
            0.4842694037366486,
            0.469734631109838,
            0.4550306935555761,
            0.44013294197330166,
            0.4250300242692157,
            0.4097240895187641,
            0.39422771048932265,
            0.37855984432363143,
            0.3627434707107485,
            0.3468065584402827,
            0.3307861853863853,
            0.31473386588701974,
            0.2987192841617104,
            0.2828300998065842,
            0.2671670350004677,
            0.2518353516939788,
            0.23693534961399,
            0.22255533014460202,
            0.20877058841691615,
            0.1956513486031215,
            0.18328074651189738,
            0.17178063506992486,
            0.16133858348313349,
            0.15222559963478965,
            0.144793144409619,
            0.13944158656348227,
            0.1365599696767365,
            0.13644591781121948,
            0.1392204765092365,
            0.14475258971956767,
            0.15260187443508105,
            0.16197975632426415,
            0.17172262037836802,
            0.1802703553652259,
            0.18565194811286764,
            0.18549813386770495,
            0.17713015748904365,
            0.157809193357805,
            0.12525267497302564,
            0.07848052011773632,
            0.018871523747377803,
            -0.04902289342986588,
            -0.11762338621477417
        ]
    },
    "CPU_time": {
        "derivatives": 0.29218387603759766,
        "buildingVn": 54.6260449886322,
        "assembling_C": 0,