{
    "geometry1": "curvedcubic",
    "geometry2": "large",
    "ope": "b2p_tang_ipp",
    "lc": 0.015,
    "dimP": 2,
    "dimQ": 2,
    "N": 84,
    "f0": 1000,
    "BSP": true,
    "frequencies": [
        80,
        100,
        120,
        140,
        160,
        180,
        200,
        220,
        240,
        260,
        280,
        300,
        320,
        340,
        360,
        380,
        400,
        420,
        440,
        460,
        480,
        500,
        520,
        540,
        560,
        580,
        600,
        620,
        640,
        660,
        680,
        700,
        720,
        740,
        760,
        780,
        800,
        820,
        840,
        860,
        880,
        900,
        920,
        940,
        960,
        980,
        1000,
        1020,
        1040,
        1060,
        1080,
        1100,
        1120,
        1140,
        1160,
        1180,
        1200,
        1220,
        1240,
        1260,
        1280,
        1300,
        1320,
        1340,
        1360,
        1380,
        1400,
        1420,
        1440,
        1460,
        1480,
        1500,
        1520,
        1540,
        1560,
        1580,
        1600,
        1620,
        1640,
        1660,
        1680,
        1700,
        1720,
        1740,
        1760,
        1780,
        1800,
        1820,
        1840,
        1860,
        1880,
        1900,
        1920,
        1940,
        1960,
        1980,
        2000
    ],
    "Z_center": {
        "real": [
            0.01147189831692822,
            0.01665267749742303,
            0.02297328292036652,
            0.0306661931681817,
            0.03991798288491424,
            0.050830053311579707,
            0.06342116793908596,
            0.07761974318253492,
            0.09325852484271886,
            0.11009811311358035,
            0.12786465808466102,
            0.14628507272635907,
            0.1651455730532697,
            0.18431847962546818,
            0.20378321792278598,
            0.22361669531486356,
            0.24396606564254578,
            0.265015845786236,
            0.28694870798634203,
            0.30991128142701235,
            0.3339861233255943,
            0.3591701085425871,
            0.38536520174512756,
            0.4123799982803347,
            0.4399448150519109,
            0.4677412331080511,
            0.4954416728044868,
            0.5227531273448774,
            0.5494570915532633,
            0.57543670159715,
            0.6006856353276535,
            0.6252973162064608,
            0.6494372821752772,
            0.6733048899517493,
            0.697091704863925,
            0.7209436665335686,
            0.7449328396420448,
            0.7690426580193153,
            0.7931686068397696,
            0.8171333963317567,
            0.8407132801434387,
            0.8636698889760804,
            0.8857812975449346,
            0.9068669960408524,
            0.9268036430397598,
            0.9455309845249189,
            0.9630491973507376,
            0.9794098207519922,
            0.994702496581363,
            1.0090393047078732,
            1.0225379838508395,
            1.0353051305750285,
            1.0474207491485286,
            1.0589261807151304,
            1.0698179090435147,
            1.0800493605829504,
            1.0895412936553537,
            1.0981988824144922,
            1.1059313471530052,
            1.112668898371221,
            1.1183729103731477,
            1.123037820257561,
            1.1266865066373821,
            1.1293628897222936,
            1.1311252320754284,
            1.1320421532536111,
            1.132190559675915,
            1.1316531204194114,
            1.1305133734938497,
            1.1288479350563259,
            1.1267171371617342,
            1.1241575591384982,
            1.12117909063467,
            1.1177677163825004,
            1.1138944759709692,
            1.1095278980492342,
            1.104646870465431,
            1.099251602384682,
            1.0933702428110936,
            1.0870601807274711,
            1.0804050664238236,
            1.0735072405428299,
            1.0664790974940324,
            1.0594315767104037,
            1.0524639581367503,
            1.0456525913057482,
            1.0390427963343989,
            1.0326440282296296,
            1.0264289482068876,
            1.0203396983880804,
            1.014298673023024,
            1.0082241084218906,
            1.0020469852153957,
            0.9957280524458754,
            0.9892709319463007,
            0.9827306559253023,
            0.9762130550931984
        ],
        "imag": [
            0.12203926905644691,
            0.15191967883886104,
            0.18195678686082917,
            0.21207700786059697,
            0.24210500497200405,
            0.2718093465390007,
            0.30091950427450775,
            0.3291665933811327,
            0.3563152820748992,
            0.38219960071687054,
            0.40675128289579215,
            0.4300090853326147,
            0.45210848961386446,
            0.4732431671663006,
            0.4936214184070457,
            0.5134187468037712,
            0.5327438232829776,
            0.5516161612760239,
            0.5699628440405311,
            0.5876271501719608,
            0.6043872219392666,
            0.6199840552134493,
            0.6341537973452799,
            0.6466648899001449,
            0.6573519265762694,
            0.6661438680660349,
            0.6730785068316015,
            0.6782995562035992,
            0.6820346286317422,
            0.6845587810717427,
            0.6861490903317592,
            0.6870407235492716,
            0.6873922682245763,
            0.6872661039259113,
            0.6866260933490028,
            0.6853516147976537,
            0.6832647562140789,
            0.6801654935828364,
            0.6758688745980167,
            0.67023777641576,
            0.6632056995798459,
            0.6547863631437459,
            0.6450696679938822,
            0.63420670185612,
            0.6223880809336375,
            0.6098202676196103,
            0.5967035437725885,
            0.5832139161633527,
            0.5694899701279749,
            0.5556248926435866,
            0.5416636493657425,
            0.527605436660095,
            0.5134116778809797,
            0.49901952294940605,
            0.48435969890879293,
            0.4693760434929693,
            0.4540426501204688,
            0.43837445087188703,
            0.4224284966439896,
            0.4062961247868934,
            0.39008911419143516,
            0.3739246487279052,
            0.35791356189563694,
            0.3421538330368391,
            0.3267286809778818,
            0.311706492437988,
            0.29714020261392415,
            0.2830645950179265,
            0.2694933422889443,
            0.2564178819039589,
            0.24381058813262177,
            0.23163286504059633,
            0.21984696957636216,
            0.20842833258511587,
            0.19737539026584774,
            0.1867142264249016,
            0.17649710249886702,
            0.16679516986438378,
            0.15768810258269692,
            0.14925189413076492,
            0.14154747304202656,
            0.13461197821151275,
            0.12845331815436867,
            0.12304751154598913,
            0.11834043561736181,
            0.11425271998593281,
            0.11068883162905321,
            0.10754939062569671,
            0.10474529766260389,
            0.10221175117705407,
            0.09991939200765065,
            0.09788088192066409,
            0.0961510503978189,
            0.09481954604935287,
            0.09399916997844485,
            0.0938057871603851,
            0.09433983404229639
        ]
    },
    "CPU_time": {
        "derivatives": 0.29584383964538574,
        "buildingVn": 88.61693906784058,
        "assembling_C": 0,