{
    "geometry1": "curvedcubic",
    "geometry2": "large",
    "ope": "b2p_tang_ipp",
    "lc": 0.015,
    "dimP": 2,
    "dimQ": 2,
    "N": 58,
    "f0": 1000,
    "BSP": true,
    "frequencies": [
        80,
        100,
        120,
        140,
        160,
        180,
        200,
        220,
        240,
        260,
        280,
        300,
        320,
        340,
        360,
        380,
        400,
        420,
        440,
        460,
        480,
        500,
        520,
        540,
        560,
        580,
        600,
        620,
        640,
        660,
        680,
        700,
        720,
        740,
        760,
        780,
        800,
        820,
        840,
        860,
        880,
        900,
        920,
        940,
        960,
        980,
        1000,
        1020,
        1040,
        1060,
        1080,
        1100,
        1120,
        1140,
        1160,
        1180,
        1200,
        1220,
        1240,
        1260,
        1280,
        1300,
        1320,
        1340,
        1360,
        1380,
        1400,
        1420,
        1440,
        1460,
        1480,
        1500,
        1520,
        1540,
        1560,
        1580,
        1600,
        1620,
        1640,
        1660,
        1680,
        1700,
        1720,
        1740,
        1760,
        1780,
        1800,
        1820,
        1840,
        1860,
        1880,
        1900,
        1920,
        1940,
        1960,
        1980,
        2000
    ],
    "Z_center": {
        "real": [
            0.011440831927800965,
            0.016668535544157044,
            0.023046989243747654,
            0.030782347345514098,
            0.040053217685015796,
            0.05095070037996953,
            0.06348655222199069,
            0.07759632788090981,
            0.09313803286972744,
            0.10990459924964,
            0.12764245594620116,
            0.14609126475850254,
            0.16502390995685964,
            0.18429402069517872,
            0.20385307909996944,
            0.22375542853638292,
            0.24413597157177444,
            0.26517741006401513,
            0.2870700207193276,
            0.3099733476841216,
            0.33398438727387625,
            0.35911395348668473,
            0.38527350083582235,
            0.41227591099126987,
            0.43985093641931156,
            0.4676746743659839,
            0.4954111713640764,
            0.5227583344006465,
            0.5494902117978158,
            0.5754854097821812,
            0.6007366744950956,
            0.6253397383383713,
            0.6494644414353141,
            0.6733150454979726,
            0.6970873088097432,
            0.7209298321529762,
            0.7449154628818747,
            0.7690267789249654,
            0.7931573566478938,
            0.8171276863083743,
            0.8407122065184679,
            0.8636715544544799,
            0.8857837376395923,
            0.9068688794450075,
            0.9268045365394443,
            0.945531173705856,
            0.9630491973045677,
            0.9794098173647868,
            0.9947019705354206,
            1.0090370318588189,
            1.0225324952132713,
            1.0352955664179546,
            1.0474079304868622,
            1.0589135552039342,
            1.0698120321625237,
            1.0800594606691944,
            1.0895776478805133,
            1.0982699726464142,
            1.1060401727960731,
            1.1128092304864166,
            1.118526504115939,
            1.1231738911571731,
            1.1267640756142332,
            1.1293357489504359,
            1.1309501816271172,
            1.1316885531062748,
            1.1316502296538,
            1.1309494994491816,
            1.1297076408204203,
            1.1280402469922184,
            1.1260417586891334,
            1.12376983480947,
            1.1212344232902263,
            1.1183948648089272,
            1.115166199615567,
            1.1114352796650722,
            1.107083644187911,
            1.102013525207669,
            1.0961707660343445,
            1.0895598255934376,
            1.0822497078470081,
            1.0743667196746676,
            1.0660820155556814,
            1.0575946587226785,
            1.0491148346598322,
            1.0408472209690935,
            1.0329800964227043,
            1.0256708129181737,
            1.0190385910211053,
            1.0131552132368953,
            1.0080436220526356,
            1.0036729795530872,
            0.999956293154596,
            0.9967587350149996,
            0.9938981241337205,
            0.9911656190504134,
            0.9883407434002718
        ],
        "imag": [
            0.12184818797620468,
            0.15188791528142248,
            0.18196575433457587,
            0.21207407412226878,
            0.24205133982553842,
            0.27168749652489754,
            0.3007405012964775,
            0.32896245756437525,
            0.3561364980798888,
            0.3820940836063936,
            0.40674887341687854,
            0.4301107181034213,
            0.4522849502313512,
            0.47344794299881326,
            0.49380566846106727,
            0.5135438072154423,
            0.532789440043425,
            0.551582843929851,
            0.5698675825729543,
            0.5874973678647538,
            0.6042535244337696,
            0.6198733176215732,
            0.6340846865462479,
            0.6466449635320342,
            0.6573776590444667,
            0.666202888999753,
            0.6731534051941462,
            0.678372296934968,
            0.6820910798981361,
            0.684590741701895,
            0.6861552785170609,
            0.687025743963403,
            0.6873642757998729,
            0.6872342287903419,
            0.6865980553422487,
            0.6853323058135717,
            0.6832557027090138,
            0.680165353293254,
            0.675874525488471,
            0.6702456299899319,
            0.6632128466085422,
            0.6547912006600226,
            0.6450719825536506,
            0.6342072442644092,
            0.6223879042562325,
            0.6098201192806193,
            0.5967035437627348,
            0.5832136414542772,
            0.5694889041988097,
            0.55562307432907,
            0.5416622711735992,
            0.5276071235729517,
            0.513420217670944,
            0.49903890970392895,
            0.4843925614444223,
            0.4694216160660834,
            0.4540948347262942,
            0.4384206537744084,
            0.42244992467602505,
            0.40627013108323984,
            0.38999356939117863,
            0.37374388852519325,
            0.35764475889214814,
            0.34181262197923656,
            0.32635240584430725,
            0.3113544221384654,
            0.29688942715579103,
            0.2830018790205994,
            0.2697026364488456,
            0.25696458264533195,
            0.2447239085685407,
            0.23288954423649524,
            0.22135939525763626,
            0.21004160207448413,
            0.1988760265033596,
            0.18785230883320497,
            0.17701926533733658,
            0.16648393356938226,
            0.15639928022150446,
            0.14694273141185166,
            0.1382920300384321,
            0.13060100658038795,
            0.12398300135910997,
            0.11850022287489832,
            0.11416025302056912,
            0.11091723694436872,
            0.10867592581777849,
            0.10729701305122967,
            0.10660984995034035,
            0.10641819487658662,
            0.1065153529752635,
            0.10669432768563113,
            0.10676163322073026,
            0.10655157926381843,
            0.10594397176997901,
            0.10487528279787932,
            0.1033456740738392
        ]
    },
    "CPU_time": {
        "derivatives": 0.28815197944641113,
        "buildingVn": 72.19345617294312,
        "assembling_C": 0,