{
    "geometry1": "curvedcubic",
    "geometry2": "small",
    "ope": "b2p_tang_ipp",
    "lc": 0.015,
    "dimP": 2,
    "dimQ": 2,
    "N": 95,
    "f0": 1000,
    "BSP": true,
    "frequencies": [
        80,
        100,
        120,
        140,
        160,
        180,
        200,
        220,
        240,
        260,
        280,
        300,
        320,
        340,
        360,
        380,
        400,
        420,
        440,
        460,
        480,
        500,
        520,
        540,
        560,
        580,
        600,
        620,
        640,
        660,
        680,
        700,
        720,
        740,
        760,
        780,
        800,
        820,
        840,
        860,
        880,
        900,
        920,
        940,
        960,
        980,
        1000,
        1020,
        1040,
        1060,
        1080,
        1100,
        1120,
        1140,
        1160,
        1180,
        1200,
        1220,
        1240,
        1260,
        1280,
        1300,
        1320,
        1340,
        1360,
        1380,
        1400,
        1420,
        1440,
        1460,
        1480,
        1500,
        1520,
        1540,
        1560,
        1580,
        1600,
        1620,
        1640,
        1660,
        1680,
        1700,
        1720,
        1740,
        1760,
        1780,
        1800,
        1820,
        1840,
        1860,
        1880,
        1900,
        1920,
        1940,
        1960,
        1980,
        2000
    ],
    "Z_center": {
        "real": [
            0.014568025899452063,
            0.02249065431988828,
            0.03184132104982015,
            0.04243648090340528,
            0.05410049817828031,
            0.06667783526217495,
            0.08003900611845012,
            0.09408219129180065,
            0.10873210129409197,
            0.12393722603600373,
            0.13966627352176136,
            0.15590435464077673,
            0.17264927647348968,
            0.18990815361749178,
            0.20769443393031214,
            0.2260253585207887,
            0.2449198295184501,
            0.2643966355040742,
            0.2844729763177747,
            0.3051632304169096,
            0.32647791477004195,
            0.348422796572564,
            0.37099812605116034,
            0.3941979692880221,
            0.4180096287699931,
            0.4424131470176191,
            0.46738089506965375,
            0.49287725274549105,
            0.5188583914670284,
            0.5452721729712373,
            0.5720581784520087,
            0.5991478825055155,
            0.6264649847114823,
            0.6539259087784299,
            0.6814404749943425,
            0.708912746401157,
            0.7362420428757612,
            0.7633241104605489,
            0.7900524262224443,
            0.8163196120719284,
            0.8420189248036563,
            0.867045784586917,
            0.8912993006462563,
            0.9146837512420248,
            0.9371099754967898,
            0.9584966371429351,
            0.9787713248042821,
            0.9978714596852004,
            1.0157449891542167,
            1.0323508531766337,
            1.047659219348574,
            1.0616514908735126,
            1.0743200997138498,
            1.0856681039407028,
            1.0957086136880367,
            1.1044640739377147,
            1.1119654345494583,
            1.1182512385877956,
            1.1233666592336895,
            1.127362513629885,
            1.1302942791611108,
            1.1322211341962856,
            1.1332050414822452,
            1.1333098884339905,
            1.132600694710851,
            1.1311428938756571,
            1.1290016927123372,
            1.1262415090091038,
            1.1229254863324327,
            1.1191150825207403,
            1.1148697273055372,
            1.1102465435708877,
            1.1053001262487048,
            1.1000823726538937,
            1.0946423581363909,
            1.089026251204058,
            1.0832772627030633,
            1.077435624176926,
            1.0715385911212327,
            1.0656204674716085,
            1.0597126482736023,
            1.0538436780611902,
            1.0480393229941731,
            1.042322655259595,
            1.0367141486116789,
            1.0312317842105172,
            1.025891166108633,
            1.0207056458380497,
            1.0156864555600107,
            1.0108428491775203,
            1.0061822506782163,
            1.0017104087843909,
            0.9974315567694297,
            0.9933485760519631,
            0.989463161939097,
            0.9857759896635584,
            0.9822868786757853
        ],
        "imag": [
            0.12854976084883982,
            0.15922569851854776,
            0.18899676557109066,
            0.21778675192588628,
            0.245568033176523,
            0.2723507296825725,
            0.29817110920072476,
            0.3230811916860671,
            0.34714020836747095,
            0.3704080147746039,
            0.3929403183245185,
            0.41478546549258855,
            0.4359824868457827,
            0.45656009980273865,
            0.47653640177853096,
            0.4959190345264621,
            0.5147056519380657,
            0.5328845708382135,
            0.5504355238345927,
            0.5673304641437305,
            0.5835343950743658,
            0.5990062127387454,
            0.6136995609515103,
            0.6275637034259489,
            0.6405444213180426,
            0.6525849447116226,
            0.6636269253793352,
            0.6736114555424524,
            0.6824801337324885,
            0.6901761745103209,
            0.6966455539787829,
            0.7018381779983444,
            0.7057090550417006,
            0.7082194510077101,
            0.7093379993613159,
            0.7090417369808508,
            0.7073170343798137,
            0.7041603887625781,
            0.6995790498592785,
            0.6935914517298053,
            0.6862274286967259,
            0.6775282000805465,
            0.6675461161732463,
            0.6563441664694627,
            0.6439952600931353,
            0.6305812970449817,
            0.6161920568214527,
            0.6009239376170682,
            0.584878584317733,
            0.5681614465531862,
            0.5508803090763486,
            0.5331438357107349,
            0.5150601652258354,
            0.4967355930615623,
            0.4782733671999754,
            0.45977262010323205,
            0.4413274519306124,
            0.4230261736078712,
            0.4049507121094247,
            0.3871761747780602,
            0.36977056485894877,
            0.35279463674505857,
            0.33630187676870593,
            0.3203385936790165,
            0.30494410214011153,
            0.2901509825443269,
            0.275985401029785,
            0.2624674746660788,
            0.2496116681956211,
            0.237427210356584,
            0.22591851955475453,
            0.21508563040436837,
            0.20492461434561474,
            0.1954279891134508,
            0.1865851132438364,
            0.17838256302899605,
            0.17080449036779413,
            0.1638329607957112,
            0.15744827162627234,
            0.15162925060721927,
            0.14635353580200253,
            0.14159783757266425,
            0.13733818358061964,
            0.13355014766435108,
            0.13020906331105,
            0.1272902222498775,
            0.12476905845982089,
            0.12262131764796219,
            0.12082321201872243,
            0.11935155994632968,
            0.11818390999896529,
            0.11729864865390552,
            0.11667509100007561,
            0.11629355375665529,
            0.11613541004057748,
            0.11618312549703409,
            0.1164202756501526
        ]
    },
    "CPU_time": {
        "derivatives": 0.0543520450592041,
        "buildingVn": 8.502048015594482,
        "assembling_C": 0,