{
    "geometry1": "curvedcubic",
    "geometry2": "small",
    "ope": "b2p_tang_ipp",
    "lc": 0.015,
    "dimP": 2,
    "dimQ": 2,
    "N": 84,
    "f0": 1000,
    "BSP": true,
    "frequencies": [
        80,
        100,
        120,
        140,
        160,
        180,
        200,
        220,
        240,
        260,
        280,
        300,
        320,
        340,
        360,
        380,
        400,
        420,
        440,
        460,
        480,
        500,
        520,
        540,
        560,
        580,
        600,
        620,
        640,
        660,
        680,
        700,
        720,
        740,
        760,
        780,
        800,
        820,
        840,
        860,
        880,
        900,
        920,
        940,
        960,
        980,
        1000,
        1020,
        1040,
        1060,
        1080,
        1100,
        1120,
        1140,
        1160,
        1180,
        1200,
        1220,
        1240,
        1260,
        1280,
        1300,
        1320,
        1340,
        1360,
        1380,
        1400,
        1420,
        1440,
        1460,
        1480,
        1500,
        1520,
        1540,
        1560,
        1580,
        1600,
        1620,
        1640,
        1660,
        1680,
        1700,
        1720,
        1740,
        1760,
        1780,
        1800,
        1820,
        1840,
        1860,
        1880,
        1900,
        1920,
        1940,
        1960,
        1980,
        2000
    ],
    "Z_center": {
        "real": [
            0.014710297015649998,
            0.02261340257064775,
            0.031922125483203924,
            0.0424669976206339,
            0.05408428293889682,
            0.06662548742329637,
            0.07996359402741923,
            0.09399612266486716,
            0.10864547974497095,
            0.12385730615543702,
            0.13959757966623065,
            0.1558491241157989,
            0.1726080064624708,
            0.18988012821738282,
            0.20767817383696263,
            0.2260189756550398,
            0.24492128993363163,
            0.2644039432372666,
            0.2844842935340839,
            0.30517694855394295,
            0.32649268935083,
            0.34843755596068865,
            0.3710120621807619,
            0.39421051648977035,
            0.4180204352917656,
            0.4424220426532495,
            0.4673878574152205,
            0.4928823739292966,
            0.5188618466948257,
            0.5452741918427462,
            0.5720590197051434,
            0.5991478126026063,
            0.6264642604803528,
            0.6539247641464914,
            0.6814391117018209,
            0.7089113284449302,
            0.7362406943214228,
            0.7633229161659473,
            0.7900514349452098,
            0.8163188413920308,
            0.8420183672735081,
            0.8670454145372587,
            0.8912990811136652,
            0.9146836405500323,
            0.9371099331023864,
            0.9584966284586033,
            0.9787713248042902,
            0.9978714552068019,
            1.0157449798967095,
            1.0323508514811306,
            1.0476592489059593,
            1.0616515845530206,
            1.074320296733074,
            1.0856684466055115,
            1.0957091439280549,
            1.1044648298441075,
            1.1119664470958268,
            1.118252528686559,
            1.1233682352448329,
            1.1273643694083384,
            1.1302963926999747,
            1.1322234668949551,
            1.1332075380484228,
            1.1333124774092191,
            1.1326032895950815,
            1.1311453948155277,
            1.1290039887074728,
            1.126243480585242,
            1.1229270086211995,
            1.1191160286807615,
            1.1148699722129378,
            1.1102459677009615,
            1.1052986196622772,
            1.100079838997562,
            1.0946387185573434,
            1.0890214480756941,
            1.0832712630538281,
            1.0774284227118263,
            1.071530212726062,
            1.0656109690947524,
            1.0597021200844121,
            1.0538322437987424,
            1.0480271394320697,
            1.0423099107336484,
            1.0367010605802833,
            1.0312185958439717,
            1.0258781419346537,
            1.0206930665011602,
            1.015674611787479,
            1.010832035076483,
            1.0061727565178338,
            1.0017025134487303,
            0.9974255200862625,
            0.9933446312216581,
            0.9894615082971906,
            0.9857767860126587,
            0.9822902374132491
        ],
        "imag": [
            0.12845364583183422,
            0.1590792445018347,
            0.18881899008816488,
            0.21760150167328488,
            0.24539607501585461,
            0.2722060139510567,
            0.29806036756204707,
            0.3230052990632371,
            0.3470960863583128,
            0.370390398773337,
            0.39294311894757294,
            0.41480268687948646,
            0.4360087685200325,
            0.4565909789854342,
            0.476568387604479,
            0.49594956701590276,
            0.5147329981999063,
            0.5329076935770963,
            0.5504539440711642,
            0.5673441308444827,
            0.5835435683116849,
            0.5990113631881858,
            0.6137012862728702,
            0.6275626608089003,
            0.6405412748370782,
            0.6525803258626384,
            0.6636214051067105,
            0.6736055261079948,
            0.6824741988663197,
            0.6901705463913035,
            0.6966404556968443,
            0.7018337502533433,
            0.7057053659305508,
            0.7082165078497339,
            0.7093357616091597,
            0.7090401293740349,
            0.7073159596118931,
            0.7041597390612027,
            0.6995787170108044,
            0.693591335222516,
            0.6862274417959515,
            0.677528273785363,
            0.6675462011290028,
            0.6563442330189359,
            0.6439952967339538,
            0.6305813076226489,
            0.6161920568214528,
            0.6009239499274134,
            0.5848786348181951,
            0.5681615598513469,
            0.55088050466,
            0.5331441247271828,
            0.5150605480340812,
            0.496736057640187,
            0.47827388843685503,
            0.45977315994395335,
            0.44132796032010646,
            0.4230265901333507,
            0.40495096823044824,
            0.3871761965210406,
            0.3697702758477916,
            0.35279396144367103,
            0.33630074381597524,
            0.3203369392059054,
            0.30494187296701913,
            0.29014813916778076,
            0.27598192031482954,
            0.26246335217116223,
            0.24960692006255472,
            0.23742187470731496,
            0.22591265734264476,
            0.21507932567599047,
            0.20491797387759456,
            0.19542114139849642,
            0.18657820681143814,
            0.17837576409978514,
            0.17079797985475081,
            0.16382693068291318,
            0.15744292077376643,
            0.15162478005009902,
            0.14635014363155344,
            0.14159571350743036,
            0.1373375033544044,
            0.13355106737332337,
            0.13021171388027103,
            0.1272947041837076,
            0.12477543705251004,
            0.12262961882608653,
            0.12083341898286394,
            0.11936361076626628,
            0.11819769629617675,
            0.11731401547975123,
            0.11669183798496606,
            0.1163114375682057,
            0.11615414814633247,
            0.11620240118462692,
            0.11643974421309215
        ]
    },
    "CPU_time": {
        "derivatives": 0.055346012115478516,
        "buildingVn": 7.2467200756073,
        "assembling_C": 0,