{
    "geometry1": "curvedcubic",
    "geometry2": "large",
    "ope": "b2p_tang_ipp",
    "lc": 0.015,
    "dimP": 2,
    "dimQ": 2,
    "N": 23,
    "f0": 1000,
    "BSP": true,
    "frequencies": [
        80,
        100,
        120,
        140,
        160,
        180,
        200,
        220,
        240,
        260,
        280,
        300,
        320,
        340,
        360,
        380,
        400,
        420,
        440,
        460,
        480,
        500,
        520,
        540,
        560,
        580,
        600,
        620,
        640,
        660,
        680,
        700,
        720,
        740,
        760,
        780,
        800,
        820,
        840,
        860,
        880,
        900,
        920,
        940,
        960,
        980,
        1000,
        1020,
        1040,
        1060,
        1080,
        1100,
        1120,
        1140,
        1160,
        1180,
        1200,
        1220,
        1240,
        1260,
        1280,
        1300,
        1320,
        1340,
        1360,
        1380,
        1400,
        1420,
        1440,
        1460,
        1480,
        1500,
        1520,
        1540,
        1560,
        1580,
        1600,
        1620,
        1640,
        1660,
        1680,
        1700,
        1720,
        1740,
        1760,
        1780,
        1800,
        1820,
        1840,
        1860,
        1880,
        1900,
        1920,
        1940,
        1960,
        1980,
        2000
    ],
    "Z_center": {
        "real": [
            0.01037986020285933,
            0.014527842213733815,
            0.020108271024919282,
            0.02744762794756515,
            0.0368297441569934,
            0.048392191860785194,
            0.062043010447906694,
            0.0774454804583045,
            0.09410060155104466,
            0.11149642795814661,
            0.12924773183124857,
            0.14716422806558982,
            0.16524014612490248,
            0.18359852449690878,
            0.20242780844592254,
            0.22193162885750206,
            0.2422959081849322,
            0.26366895101247795,
            0.2861486350090628,
            0.30977267489013943,
            0.33451069792879534,
            0.3602593201183621,
            0.38684295313819683,
            0.41402332419782656,
            0.4415194417947707,
            0.4690371533237528,
            0.49630425299208497,
            0.5231045394202245,
            0.5493035125005411,
            0.5748600598718676,
            0.5998219483198892,
            0.624306825784803,
            0.6484733441441828,
            0.6724882122266185,
            0.6964946473910055,
            0.7205865076806113,
            0.7447910288448627,
            0.76906185081876,
            0.793282802650562,
            0.8172815361549354,
            0.8408506087893407,
            0.8637723989726155,
            0.885843766675289,
            0.9068968432147234,
            0.9268135053086296,
            0.9455324758759359,
            0.9630491973170656,
            0.9794094753964977,
            0.994698377235819,
            1.009026002630662,
            1.022511599224257,
            1.0352672514356762,
            1.04738231767477,
            1.058910070463134,
            1.069858433174427,
            1.0801868407203499,
            1.0898106332357174,
            1.0986129562767162,
            1.1064623506091535,
            1.1132328558767992,
            1.1188231786891631,
            1.123172381299854,
            1.1262710730581247,
            1.1281683422417046,
            1.1289749492844712,
            1.1288624946133106,
            1.1280569218707288,
            1.1268238031399658,
            1.1254433403359612,
            1.124175315089177,
            1.1232178550211225,
            1.12266760104194,
            1.1224910417078031,
            1.1225158693277213,
            1.122446174274683,
            1.1218966533767236,
            1.1204323690756892,
            1.117598588929896,
            1.1129351456333525,
            1.1059883229366199,
            1.0963467028994416,
            1.0837210042753929,
            1.0680607113919818,
            1.0496693270987885,
            1.0292683619471104,
            1.0079780220309849,
            0.9872191416222393,
            0.9685730788795424,
            0.9536465643411702,
            0.9439759042665548,
            0.9409811220879168,
            0.9459580583196217,
            0.9600803615480432,
            0.9843712248035329,
            1.0195906813595574,
            1.0659643917209998,
            1.1226607748424264
        ],
        "imag": [
            0.11732577764332688,
            0.14794816686742804,
            0.17900529324679557,
            0.21037605294822218,
            0.24173754039236744,
            0.27261327098810834,
            0.30246988881097486,
            0.33085990536274384,
            0.3575519604748933,
            0.3825793511244362,
            0.40618572332128033,
            0.4287103725958075,
            0.45047708632645256,
            0.4717250548850354,
            0.4925847278949652,
            0.5130826785374271,
            0.5331585493449439,
            0.5526838549554077,
            0.5714791670181352,
            0.5893303437355882,
            0.6060060135256371,
            0.621278170457999,
            0.634946133796602,
            0.6468618671292412,
            0.6569524802326309,
            0.6652345407882331,
            0.6718153860735419,
            0.6768791609804423,
            0.6806591341820063,
            0.6834015402074991,
            0.6853283038329238,
            0.6866058218649975,
            0.6873248822415022,
            0.687493887851512,
            0.6870449290775581,
            0.685850487807163,
            0.68374761225434,
            0.6805659209796069,
            0.676155519037207,
            0.6704109047751685,
            0.6632874962579173,
            0.6548086782556808,
            0.6450630462614988,
            0.634193259129221,
            0.6223790832518579,
            0.6098176245829249,
            0.5967035437582616,
            0.5832114951803796,
            0.5694823268440088,
            0.5556138770508269,
            0.541656674177592,
            0.5276146153141898,
            0.513450708429956,
            0.49909790871908283,
            0.484474603460283,
            0.46950329913417604,
            0.45412987538078015,
            0.43834003187276666,
            0.4221698204632744,
            0.4057084993452675,
            0.3890938355712789,
            0.37250154416470815,
            0.35613108838065693,
            0.34018947733765303,
            0.3248735399151385,
            0.31035032379834343,
            0.29673552851820173,
            0.2840714418387547,
            0.2723081644823684,
            0.2612938185800687,
            0.25077966966828436,
            0.24044387053268643,
            0.22993293068688384,
            0.2189140616133972,
            0.20712639676938255,
            0.1944180087294684,
            0.1807617115137243,
            0.16625525166838612,
            0.1511233066308206,
            0.13573836885499266,
            0.12065989550738614,
            0.10666569489487082,
            0.0947364879503065,
            0.08596799999710496,
            0.0814194567916953,
            0.08194086650023562,
            0.08803199660094428,
            0.09976821377750446,
            0.11679576440328439,
            0.13837105788341691,
            0.16340629891478756,
            0.190486440472157,
            0.21783260429047577,
            0.24319916112492232,
            0.26370642035961006,
            0.27563795924558515,
            0.27429041136832993
        ]
    },
    "CPU_time": {
        "derivatives": 0.29386377334594727,
        "buildingVn": 55.532676696777344,
        "assembling_C": 0,