{
    "geometry1": "curvedcubic",
    "geometry2": "large",
    "ope": "b2p_tang_ipp",
    "lc": 0.015,
    "dimP": 2,
    "dimQ": 2,
    "N": 77,
    "f0": 1000,
    "BSP": true,
    "frequencies": [
        80,
        100,
        120,
        140,
        160,
        180,
        200,
        220,
        240,
        260,
        280,
        300,
        320,
        340,
        360,
        380,
        400,
        420,
        440,
        460,
        480,
        500,
        520,
        540,
        560,
        580,
        600,
        620,
        640,
        660,
        680,
        700,
        720,
        740,
        760,
        780,
        800,
        820,
        840,
        860,
        880,
        900,
        920,
        940,
        960,
        980,
        1000,
        1020,
        1040,
        1060,
        1080,
        1100,
        1120,
        1140,
        1160,
        1180,
        1200,
        1220,
        1240,
        1260,
        1280,
        1300,
        1320,
        1340,
        1360,
        1380,
        1400,
        1420,
        1440,
        1460,
        1480,
        1500,
        1520,
        1540,
        1560,
        1580,
        1600,
        1620,
        1640,
        1660,
        1680,
        1700,
        1720,
        1740,
        1760,
        1780,
        1800,
        1820,
        1840,
        1860,
        1880,
        1900,
        1920,
        1940,
        1960,
        1980,
        2000
    ],
    "Z_center": {
        "real": [
            0.011406806189861283,
            0.016642445283235854,
            0.022972463264781636,
            0.030693511260662797,
            0.03994998516119872,
            0.05085873153004839,
            0.06343603630222981,
            0.07761072582528163,
            0.09323182143232041,
            0.11006299858728308,
            0.1278285970988765,
            0.14625856306640267,
            0.16513303049644312,
            0.18432050439803932,
            0.20379769765294983,
            0.22363751997639036,
            0.2439890354308754,
            0.2650348593888636,
            0.2869613554542661,
            0.3099166046684339,
            0.3339839504382803,
            0.3591624508228658,
            0.3853550888175495,
            0.41236861397456503,
            0.4399349250496807,
            0.46773439099132286,
            0.4954386407311042,
            0.5227536953150441,
            0.5494603433201729,
            0.5754417125149367,
            0.6006905769013757,
            0.6253015366796213,
            0.6494401452626567,
            0.6733062128658229,
            0.6970917093653086,
            0.7209428051236919,
            0.7449315948647479,
            0.7690414171794699,
            0.7931676519708474,
            0.8171328104410219,
            0.8407130268931674,
            0.8636698465393395,
            0.8857813482299914,
            0.9068670554990131,
            0.9268036744510989,
            0.9455309920788032,
            0.9630491973649569,
            0.9794098242516348,
            0.9947025041183785,
            1.0090393166566614,
            1.0225380254419127,
            1.0353052564090504,
            1.0474210308073124,
            1.0589266643283748,
            1.0698185182785676,
            1.0800498082223593,
            1.089541008612145,
            1.0981970356367128,
            1.105927034309399,
            1.1126615192686626,
            1.1183626988232558,
            1.1230263871826187,
            1.1266771578231196,
            1.1293604478351755,
            1.131135235041292,
            1.1320693588146153,
            1.1322370794760164,
            1.1317164508453814,
            1.13058518244551,
            1.1289138349487065,
            1.1267579400194365,
            1.1241520586651947,
            1.1211079373012738,
            1.1176188244880094,
            1.1136676737149405,
            1.109239634198413,
            1.104332613329261,
            1.09896600984031,
            1.0931814200713785,
            1.0870417075195238,
            1.0806225036940142,
            1.0740020223573064,
            1.0672527102514644,
            1.060435430059924,
            1.053592263866286,
            1.0467477084836325,
            1.0399107528007645,
            1.0330748261511438,
            1.0262286702713006,
            1.0193603376324518,
            1.0124704124092005,
            1.005582737844776,
            0.9987625287285598,
            0.9921152790682104,
            0.9857855090044012,
            0.9799438080963427,
            0.9747584786740173
        ],
        "imag": [
            0.12197691099456387,
            0.15191822212828424,
            0.1819837320026453,
            0.21209731477219626,
            0.24210105955728997,
            0.2717836915678121,
            0.3008854255511584,
            0.32912813188571627,
            0.35628995483866815,
            0.38218708818645764,
            0.40675924445257966,
            0.4300315108940695,
            0.4521374573152972,
            0.47327208249398556,
            0.4936432695879544,
            0.5134309601921565,
            0.5327450471486622,
            0.5516086074823575,
            0.5699495193523934,
            0.5876108588034584,
            0.604371972166761,
            0.6199724360123198,
            0.6341473976720318,
            0.6466636770780828,
            0.6573553876604995,
            0.6661502746376258,
            0.6730863439986188,
            0.6783069041431871,
            0.6820402987966753,
            0.6845622263757584,
            0.6861500309624169,
            0.6870396124243149,
            0.6873899144090748,
            0.687263307034109,
            0.6866235404353475,
            0.6853497319713667,
            0.6832636804498199,
            0.6801651456001749,
            0.6758690258415789,
            0.6702381587953172,
            0.6632061107170559,
            0.6547866710477038,
            0.6450698419671912,
            0.6342067723521372,
            0.6223880967257805,
            0.6098202681155074,
            0.5967035437097359,
            0.5832139135368208,
            0.5694899620789771,
            0.5556248876969198,
            0.5416636599731043,
            0.5276054548477543,
            0.5134116372069273,
            0.49901925656476276,
            0.4843589521482074,
            0.46937452941225605,
            0.45404020674179507,
            0.4383712671884399,
            0.4224253375915494,
            0.40629451700780417,
            0.39009123288555664,
            0.37393293385970044,
            0.3579298342869656,
            0.34217828838161096,
            0.32675876509415896,
            0.31173632550323527,
            0.29716070527715976,
            0.2830647597603386,
            0.2694623960325589,
            0.2563483546807645,
            0.2437014634008584,
            0.2314920587763777,
            0.21969296162889287,
            0.20829004578955504,
            0.19728959978721264,
            0.18672089885345292,
            0.17663155424899404,
            0.1670803219304479,
            0.15812370926649283,
            0.14980789125798993,
            0.1421597414522899,
            0.13518343545951989,
            0.1288635368016848,
            0.1231687226335223,
            0.11805853004588217,
            0.11349262369953252,
            0.10943562233437529,
            0.10586594708441062,
            0.10277777908475558,
            0.10018741091187083,
            0.0981341325979298,
            0.09667684870635625,
            0.09587702682971025,
            0.0957849706127203,
            0.09641678341178457,
            0.09771793446620135,
            0.09956718410835809
        ]
    },
    "CPU_time": {
        "derivatives": 0.28865814208984375,
        "buildingVn": 85.7205069065094,
        "assembling_C": 0,