{
    "geometry1": "curvedcubic",
    "geometry2": "small",
    "ope": "b2p_tang_ipp",
    "lc": 0.015,
    "dimP": 2,
    "dimQ": 2,
    "N": 83,
    "f0": 1000,
    "BSP": true,
    "frequencies": [
        80,
        100,
        120,
        140,
        160,
        180,
        200,
        220,
        240,
        260,
        280,
        300,
        320,
        340,
        360,
        380,
        400,
        420,
        440,
        460,
        480,
        500,
        520,
        540,
        560,
        580,
        600,
        620,
        640,
        660,
        680,
        700,
        720,
        740,
        760,
        780,
        800,
        820,
        840,
        860,
        880,
        900,
        920,
        940,
        960,
        980,
        1000,
        1020,
        1040,
        1060,
        1080,
        1100,
        1120,
        1140,
        1160,
        1180,
        1200,
        1220,
        1240,
        1260,
        1280,
        1300,
        1320,
        1340,
        1360,
        1380,
        1400,
        1420,
        1440,
        1460,
        1480,
        1500,
        1520,
        1540,
        1560,
        1580,
        1600,
        1620,
        1640,
        1660,
        1680,
        1700,
        1720,
        1740,
        1760,
        1780,
        1800,
        1820,
        1840,
        1860,
        1880,
        1900,
        1920,
        1940,
        1960,
        1980,
        2000
    ],
    "Z_center": {
        "real": [
            0.014753354645387252,
            0.022645002537614863,
            0.031934622244197464,
            0.042459305933263504,
            0.054060041372337636,
            0.0665906451971328,
            0.07992448978400103,
            0.0939582899255588,
            0.10861307529443615,
            0.12383297355529145,
            0.13958257484837786,
            0.15584357229986218,
            0.17261120205009686,
            0.1898908236077449,
            0.20769482826220656,
            0.22603995232866309,
            0.2449450006659701,
            0.2644289457792752,
            0.2845093496975215,
            0.3052010517865927,
            0.32651506984873385,
            0.3484576702013132,
            0.37102957239560264,
            0.3942252642913907,
            0.4180324125420889,
            0.44243136176158054,
            0.46739472255927095,
            0.492887054183888,
            0.518864651694277,
            0.5452754503518449,
            0.5720590613029755,
            0.5991469525658009,
            0.6264627878671369,
            0.6539229330145004,
            0.6814371353313062,
            0.7089093763848755,
            0.7362388920126322,
            0.7633213468423283,
            0.7900501434587797,
            0.8163178395598909,
            0.8420176403120572,
            0.8670449281270242,
            0.8912987886414524,
            0.9146834900943697,
            0.937109873773816,
            0.9584966157664184,
            0.9787713248042359,
            0.9978714472719101,
            1.0157449580498823,
            1.03235082432269,
            1.0476592382539658,
            1.0616516229884163,
            1.074320424295556,
            1.0856687069228639,
            1.0957095800753922,
            1.1044654802244613,
            1.1119673416117097,
            1.1182536854339153,
            1.1233696579143932,
            1.1273660455261931,
            1.1302982927830274,
            1.1322255445428286,
            1.1332097309439413,
            1.1333147091551474,
            1.1326054722812684,
            1.131147432180474,
            1.1290057797442725,
            1.1262449234281422,
            1.122928004548755,
            1.1191164860764071,
            1.1148698103320884,
            1.1102451201089774,
            1.1052970372260076,
            1.100077492331602,
            1.094635599849149,
            1.0890175722355833,
            1.0832666681581269,
            1.0774231697294372,
            1.0715243845412157,
            1.0656046688566323,
            1.059695468935743,
            1.0538253780492954,
            1.0480202072608067,
            1.0423030685138277,
            1.0366944689330917,
            1.031212415532758,
            1.0258725297178928,
            1.0206881710618576,
            1.0156705698562356,
            1.0108289678594657,
            1.0061707665330053,
            1.001701681862294,
            0.9974259046254434,
            0.9933462647246205,
            0.9894643979391016,
            0.9857809132279487,
            0.9822955585117956
        ],
        "imag": [
            0.12845523139917084,
            0.1590691396733854,
            0.18880222009744152,
            0.21758539450148504,
            0.24538706038100144,
            0.2722080771428745,
            0.2980748391248782,
            0.32303135239872105,
            0.3471314708767925,
            0.37043214495130466,
            0.3929881006164426,
            0.414848011940896,
            0.43605201200303834,
            0.4566302897664882,
            0.4766025038180718,
            0.4959777720320425,
            0.5147550429959737,
            0.5329237046387688,
            0.5504643298524547,
            0.567349494839905,
            0.5835446330665471,
            0.5990089069980771,
            0.6136960926692187,
            0.6275554799769567,
            0.6405327956335736,
            0.6525711569411861,
            0.663612063674743,
            0.6735964329557472,
            0.6824656784583164,
            0.6901628309644144,
            0.6966336924500705,
            0.7018280108278715,
            0.7057006574735095,
            0.7082127850272206,
            0.7093329389956188,
            0.7090380936953499,
            0.7073145813741762,
            0.7041588831514111,
            0.6995782519221722,
            0.6935911406314028,
            0.6862274143023079,
            0.6775283307225033,
            0.6675462824452985,
            0.6563443013315903,
            0.6439953357431394,
            0.6305813191537005,
            0.6161920568214306,
            0.6009239637807757,
            0.5848786923611291,
            0.5681616904537312,
            0.550880732713233,
            0.5331444658230449,
            0.5150610060552421,
            0.4967366229089139,
            0.47827453698895467,
            0.45977385392128073,
            0.44132864940646904,
            0.4230272139010815,
            0.4049514592207,
            0.3871764838519802,
            0.369770289128783,
            0.3527936347736021,
            0.3363000196527929,
            0.32033577191614104,
            0.30494023189037295,
            0.290146011065663,
            0.27597931110616664,
            0.262460287894667,
            0.24960344704034654,
            0.23741805891663992,
            0.22590858303161512,
            0.21507509328619484,
            0.20491369735586423,
            0.19541694499846377,
            0.18657422149748853,
            0.17837212367446878,
            0.1707948169362834,
            0.1638243726586422,
            0.15744108585458355,
            0.15162377354446296,
            0.14635005454981226,
            0.1415966115963021,
            0.1373394366475574,
            0.13355406033075956,
            0.13021576616930147,
            0.1272997901403019,
            0.1247815058379349,
            0.12263659527803705,
            0.12084120513753982,
            0.11937208800945656,
            0.11820672808318529,
            0.11732345054461246,
            0.11670151394797819,
            0.11632118483384761,
            0.1161637939795525,
            0.1162117738420786,
            0.11644867700803774
        ]
    },
    "CPU_time": {
        "derivatives": 0.054576873779296875,
        "buildingVn": 7.238301992416382,
        "assembling_C": 0,