{
    "geometry1": "curvedcubic",
    "geometry2": "large",
    "ope": "b2p_tang_ipp",
    "lc": 0.015,
    "dimP": 2,
    "dimQ": 2,
    "N": 47,
    "f0": 1000,
    "BSP": true,
    "frequencies": [
        80,
        100,
        120,
        140,
        160,
        180,
        200,
        220,
        240,
        260,
        280,
        300,
        320,
        340,
        360,
        380,
        400,
        420,
        440,
        460,
        480,
        500,
        520,
        540,
        560,
        580,
        600,
        620,
        640,
        660,
        680,
        700,
        720,
        740,
        760,
        780,
        800,
        820,
        840,
        860,
        880,
        900,
        920,
        940,
        960,
        980,
        1000,
        1020,
        1040,
        1060,
        1080,
        1100,
        1120,
        1140,
        1160,
        1180,
        1200,
        1220,
        1240,
        1260,
        1280,
        1300,
        1320,
        1340,
        1360,
        1380,
        1400,
        1420,
        1440,
        1460,
        1480,
        1500,
        1520,
        1540,
        1560,
        1580,
        1600,
        1620,
        1640,
        1660,
        1680,
        1700,
        1720,
        1740,
        1760,
        1780,
        1800,
        1820,
        1840,
        1860,
        1880,
        1900,
        1920,
        1940,
        1960,
        1980,
        2000
    ],
    "Z_center": {
        "real": [
            0.01147345523477773,
            0.016782511518232884,
            0.02329642118675801,
            0.03117503176043349,
            0.04050965287451341,
            0.05135896737064467,
            0.0637594336955292,
            0.07767072874369788,
            0.09302370138144579,
            0.10965102761634125,
            0.1273309344765573,
            0.1458049832242574,
            0.16482847555920518,
            0.1842150430759019,
            0.20389161368348413,
            0.22388023513189195,
            0.24430715128247416,
            0.26535259059467425,
            0.2872142084603229,
            0.3100641269306548,
            0.33401440253079484,
            0.3590872686675581,
            0.38520454666911913,
            0.4121848415311501,
            0.4397583561617365,
            0.46759796625645267,
            0.4953618217183663,
            0.5227409208454445,
            0.5495008998307721,
            0.5755164282895582,
            0.6007774726130714,
            0.6253800402778548,
            0.6494962983511716,
            0.6733341597639544,
            0.697093441767345,
            0.7209253195348775,
            0.7449044730736385,
            0.7690138327381241,
            0.7931461172604579,
            0.8171202093249471,
            0.8407088680650388,
            0.8636714168344882,
            0.8857852442563654,
            0.906870543072758,
            0.9268055385335526,
            0.9455314487313673,
            0.963049197220719,
            0.9794099916043235,
            0.9947021685010475,
            1.0090360751267753,
            1.0225280439312208,
            1.035284570741285,
            1.0473875396714727,
            1.0588824888057726,
            1.0697722491379276,
            1.0800173823882409,
            1.0895448324848889,
            1.0982625575477023,
            1.1060769937999797,
            1.112909037892082,
            1.1187041645598081,
            1.1234369276067249,
            1.1271080821972328,
            1.1297423039439154,
            1.1313826256065294,
            1.1320910621476479,
            1.1319480598264893,
            1.1310526388163142,
            1.1295200576447333,
            1.1274735346455795,
            1.125034559604596,
            1.1223058345782488,
            1.1193637265300431,
            1.1162397615282227,
            1.11292644593029,
            1.1093730185349338,
            1.1054969537933343,
            1.1012022684175642,
            1.0963987196034977,
            1.091016848687564,
            1.0850212141510451,
            1.0784190426310354,
            1.07125132986515,
            1.0635895683921015,
            1.0555268916524077,
            1.0471666432941902,
            1.038620319307549,
            1.0300035378467827,
            1.0214535996043654,
            1.0131156469845217,
            1.0051871372796166,
            0.9979014867401278,
            0.991526129547965,
            0.9862942375301518,
            0.9823168274047863,
            0.979485776333917,
            0.9774304949935491
        ],
        "imag": [
            0.12243873445831054,
            0.15238935734537004,
            0.18239653405362946,
            0.21235361382802878,
            0.2421191087623458,
            0.27153578915451676,
            0.3004257542872651,
            0.32858105428816436,
            0.35578820852894266,
            0.3818617394001175,
            0.4066738544619059,
            0.430188316906937,
            0.45247359290629346,
            0.4736855253763446,
            0.49403185757068674,
            0.5137118948373233,
            0.5328758272731778,
            0.551583121820691,
            0.5697985121826943,
            0.5873828651606865,
            0.6041228114620746,
            0.6197533021721219,
            0.6339966602304855,
            0.6465993802749334,
            0.6573754897588048,
            0.666237044920192,
            0.6732106770284875,
            0.6784375756842932,
            0.6821501350685446,
            0.6846337823477502,
            0.6861775157837342,
            0.6870277748398826,
            0.6873506956919136,
            0.6872118170152594,
            0.6865738979709263,
            0.6853119646976699,
            0.6832424872261351,
            0.6801599966863463,
            0.675875535213584,
            0.6702504890519975,
            0.6632188214521059,
            0.6547962300451929,
            0.6450750808549426,
            0.6342085403380783,
            0.6223881244954258,
            0.6098200578720396,
            0.5967035438247762,
            0.5832133424627408,
            0.5694873783026166,
            0.5556193576471307,
            0.5416561345807113,
            0.52759996738791,
            0.5134157511854646,
            0.49904324112629433,
            0.48441365276952014,
            0.4694677836242134,
            0.45417236156998064,
            0.4385311945930489,
            0.4225879366569168,
            0.4064214810980342,
            0.39013465164155503,
            0.3738427600463636,
            0.3576629353856593,
            0.34170846342999356,
            0.3260859085694015,
            0.3108946847126348,
            0.2962205943290335,
            0.28213616329261226,
            0.26868737735525555,
            0.2558900438554724,
            0.24372327201193233,
            0.2321320512057467,
            0.2210315057301814,
            0.21032674752145192,
            0.19991651841738273,
            0.18972536313451355,
            0.17970708940623975,
            0.16986348816558058,
            0.16023945695210567,
            0.1509219954454476,
            0.14202203240920436,
            0.13366135824909933,
            0.125958447789715,
            0.11901716223159212,
            0.11291986820394731,
            0.10773144176440393,
            0.10349940212024447,
            0.10026242599159685,
            0.0980513846059156,
            0.09688819612493757,
            0.09677217526025864,
            0.09765105223886768,
            0.0993659174104545,
            0.10162860743859481,
            0.10399648191759729,
            0.10596866896938252,
            0.10710392043004469
        ]
    },
    "CPU_time": {
        "derivatives": 0.29544591903686523,
        "buildingVn": 66.38654613494873,
        "assembling_C": 0,