{
    "geometry1": "curvedcubic",
    "geometry2": "small",
    "ope": "b2p_tang_ipp",
    "lc": 0.015,
    "dimP": 2,
    "dimQ": 2,
    "N": 57,
    "f0": 1000,
    "BSP": true,
    "frequencies": [
        80,
        100,
        120,
        140,
        160,
        180,
        200,
        220,
        240,
        260,
        280,
        300,
        320,
        340,
        360,
        380,
        400,
        420,
        440,
        460,
        480,
        500,
        520,
        540,
        560,
        580,
        600,
        620,
        640,
        660,
        680,
        700,
        720,
        740,
        760,
        780,
        800,
        820,
        840,
        860,
        880,
        900,
        920,
        940,
        960,
        980,
        1000,
        1020,
        1040,
        1060,
        1080,
        1100,
        1120,
        1140,
        1160,
        1180,
        1200,
        1220,
        1240,
        1260,
        1280,
        1300,
        1320,
        1340,
        1360,
        1380,
        1400,
        1420,
        1440,
        1460,
        1480,
        1500,
        1520,
        1540,
        1560,
        1580,
        1600,
        1620,
        1640,
        1660,
        1680,
        1700,
        1720,
        1740,
        1760,
        1780,
        1800,
        1820,
        1840,
        1860,
        1880,
        1900,
        1920,
        1940,
        1960,
        1980,
        2000
    ],
    "Z_center": {
        "real": [
            0.014026757756164373,
            0.0197575962472107,
            0.03065819530703875,
            0.041768600418919916,
            0.05368788298236625,
            0.06646710741480061,
            0.08002407124701476,
            0.09426283213017655,
            0.10910088182070694,
            0.12447627732011543,
            0.14034831195517383,
            0.15669548165377745,
            0.17351226729851071,
            0.19080553032813757,
            0.20859097633607254,
            0.2268899324505013,
            0.24572654664778196,
            0.26512542952781176,
            0.2851097085573362,
            0.3056994406315077,
            0.32691032204260195,
            0.3487526385550476,
            0.3712304073295958,
            0.39434067359742964,
            0.4180729362969369,
            0.4424086872351984,
            0.46732105718095557,
            0.4927745694115005,
            0.5187250065740481,
            0.5451194002941822,
            0.5718961548384153,
            0.5989853163603069,
            0.6263089979309543,
            0.6537819677697043,
            0.6813124040074352,
            0.70880281413424,
            0.7361511112768273,
            0.7632518329546008,
            0.789997481359485,
            0.8162799579293594,
            0.8419920594657456,
            0.8670289987104313,
            0.8912899094815694,
            0.9146792954642058,
            0.937108382673966,
            0.9584963384866069,
            0.9787713248043026,
            0.9978713591438837,
            1.0157449647973753,
            1.0323515992802699,
            1.0476618585461153,
            1.0616574624327186,
            1.0743310340707755,
            1.085685692178266,
            1.0957344800289255,
            1.1044996582761646,
            1.1120118907101901,
            1.1183093524900296,
            1.12343678958174,
            1.127444556250872,
            1.1303876547574436,
            1.1323247981244586,
            1.1333175132611322,
            1.1334292980246048,
            1.1327248422005594,
            1.1312693190157745,
            1.1291277507725144,
            1.1263644495868232,
            1.1230425320520503,
            1.1192235049401311,
            1.1149669177800456,
            1.110330077279536,
            1.1053678180384972,
            1.100132323786581,
            1.0946729934160815,
            1.0890363463119903,
            1.0832659618646534,
            1.0774024485327256,
            1.0714834383718483,
            1.0655436035128263,
            1.0596146916457978,
            1.0537255781032642,
            1.0479023326274222,
            1.0421682993325208,
            1.0365441887233788,
            1.0310481808986631,
            1.025696039243885,
            1.0205012340145476,
            1.015475075216221,
            1.0106268541214374,
            1.0059639926302713,
            1.0014921994956496,
            0.9972156322125196,
            0.9931370631284964,
            0.9892580480923746,
            0.985579095734368,
            0.9820998352851344
        ],
        "imag": [
            0.1264679367656321,
            0.15945948927054077,
            0.1900475230229281,
            0.21878555698847657,
            0.24655777854211416,
            0.27335889184485057,
            0.299191027437251,
            0.3240854533779123,
            0.3480922069058426,
            0.3712704437808504,
            0.39368088176753446,
            0.4153801935616295,
            0.4364171277064551,
            0.45683009190269486,
            0.4766459026229024,
            0.4958794080026554,
            0.5145337235210966,
            0.5326008688102302,
            0.5500626466603685,
            0.5668916536469106,
            0.5830523517311489,
            0.5985021605809716,
            0.613192551851755,
            0.6270701406901527,
            0.6400777778602936,
            0.6521556496000835,
            0.6632423928129718,
            0.6732762314163707,
            0.6821961363295651,
            0.6899430072338067,
            0.6964608693205991,
            0.7016980731254004,
            0.7056084805677264,
            0.7081526158036395,
            0.7092987557516334,
            0.7090239324699198,
            0.7073148182014166,
            0.7041684640593998,
            0.6995928651330938,
            0.6936073282732624,
            0.6862426238869418,
            0.6775409095277094,
            0.6675554205875777,
            0.6563499315782123,
            0.643997999835128,
            0.6305820115003713,
            0.6161920568214755,
            0.600924667727269,
            0.584881454947561,
            0.5681676844236943,
            0.5508908333184889,
            0.5331591646398406,
            0.5150803565202031,
            0.4967602178293864,
            0.4783015163949073,
            0.4598029400555785,
            0.44135820446295604,
            0.42305531534519253,
            0.4049759871552512,
            0.38719521489003916,
            0.3697809915464834,
            0.352794160273887,
            0.33628838780228887,
            0.3203102441474833,
            0.30489937283107904,
            0.2900887358029223,
            0.27590491778447507,
            0.26236847573817823,
            0.24949432047505382,
            0.2372921189299255,
            0.22576670724937611,
            0.21491850647364596,
            0.20474393417094108,
            0.19523580686008113,
            0.18638372938592665,
            0.17817446857915462,
            0.17059230951670204,
            0.1636193935057987,
            0.15723603754102117,
            0.1514210354434436,
            0.14615194119918232,
            0.14140533518375967,
            0.13715707400933283,
            0.13338252468872408,
            0.13005678368542684,
            0.12715488124375018,
            0.1246519711783707,
            0.12252350608100128,
            0.12074539768144978,
            0.11929416190578179,
            0.11814704802330252,
            0.11728215117317879,
            0.11667850752820608,
            0.11631617139093955,
            0.11617627362728529,
            0.116241061027762,
            0.11649391643518331
        ]
    },
    "CPU_time": {
        "derivatives": 0.05444979667663574,
        "buildingVn": 4.631580829620361,
        "assembling_C": 0,