{
    "geometry1": "curvedcubic",
    "geometry2": "large",
    "ope": "b2p_tang_ipp",
    "lc": 0.015,
    "dimP": 2,
    "dimQ": 2,
    "N": 96,
    "f0": 1000,
    "BSP": true,
    "frequencies": [
        80,
        100,
        120,
        140,
        160,
        180,
        200,
        220,
        240,
        260,
        280,
        300,
        320,
        340,
        360,
        380,
        400,
        420,
        440,
        460,
        480,
        500,
        520,
        540,
        560,
        580,
        600,
        620,
        640,
        660,
        680,
        700,
        720,
        740,
        760,
        780,
        800,
        820,
        840,
        860,
        880,
        900,
        920,
        940,
        960,
        980,
        1000,
        1020,
        1040,
        1060,
        1080,
        1100,
        1120,
        1140,
        1160,
        1180,
        1200,
        1220,
        1240,
        1260,
        1280,
        1300,
        1320,
        1340,
        1360,
        1380,
        1400,
        1420,
        1440,
        1460,
        1480,
        1500,
        1520,
        1540,
        1560,
        1580,
        1600,
        1620,
        1640,
        1660,
        1680,
        1700,
        1720,
        1740,
        1760,
        1780,
        1800,
        1820,
        1840,
        1860,
        1880,
        1900,
        1920,
        1940,
        1960,
        1980,
        2000
    ],
    "Z_center": {
        "real": [
            0.01139939959905778,
            0.01665322496962511,
            0.02300474178441593,
            0.03068825784978591,
            0.03990028100531908,
            0.0507720549848352,
            0.06334411669034781,
            0.07755269789953816,
            0.09322895702029542,
            0.11011903881910144,
            0.1279275909134275,
            0.1463699629608451,
            0.1652254966706972,
            0.18437266289882615,
            0.20380116839767898,
            0.22359887748736165,
            0.24392272500607157,
            0.2649612382570692,
            0.2868971593182673,
            0.3098738498081853,
            0.3339683252722759,
            0.3591723770874418,
            0.3853834436611311,
            0.4124072204071984,
            0.4399734273489813,
            0.4677647900531015,
            0.49545606711132023,
            0.5227572218182518,
            0.5494523275298393,
            0.5754262231736819,
            0.6006731547627234,
            0.625286082899503,
            0.6494294086315185,
            0.6733011407296859,
            0.6970916513570262,
            0.7209461300320478,
            0.7449363990399218,
            0.7690460981420035,
            0.7931711530985436,
            0.8171348061917105,
            0.8407137198097412,
            0.8636697393948918,
            0.8857809486801589,
            0.9068667079528616,
            0.9268035034752565,
            0.9455309542900353,
            0.963049197390762,
            0.9794098146723184,
            0.9947025287077724,
            1.0090394803446905,
            1.0225384046964703,
            1.03530581224785,
            1.0474215639874016,
            1.0589268584660791,
            1.0698180990970698,
            1.0800487605732432,
            1.0895397901192554,
            1.098196643294379,
            1.105928794322964,
            1.1126665773061388,
            1.1183712674705792,
            1.1230369880256188,
            1.1266863065589274,
            1.1293629950274877,
            1.1311255845825432,
            1.1320433301838524,
            1.1321938516023862,
            1.1316602264017068,
            1.1305256190537996,
            1.128865209364528,
            1.126737070122682,
            1.1241751185929039,
            1.1211868860297274,
            1.1177574112568618,
            1.113858859590681,
            1.1094633959773108,
            1.104556319081024,
            1.0991461840093397,
            1.0932699265764676,
            1.086992261147743,
            1.0803998564385309,
            1.073592141818332,
            1.0666705515467336,
            1.0597280136889575,
            1.0528399827392458,
            1.0460579171162676,
            1.0394060101314229,
            1.0328814181852777,
            1.0264584308514233,
            1.020096068792468,
            1.0137485162386264,
            1.007377265115192,
            1.0009632805148114,
            0.9945176957657677,
            0.9880884563997024,
            0.9817608075345695,
            0.9756516752860224
        ],
        "imag": [
            0.12208941727114288,
            0.1519724611879515,
            0.1819671676116178,
            0.2120421977745912,
            0.24205307703786938,
            0.2717733737061887,
            0.3009249896491335,
            0.329218985220912,
            0.35639952411622977,
            0.3822875313808743,
            0.4068147676820318,
            0.4300308112572002,
            0.45208501563157094,
            0.47318611750174944,
            0.4935499069031331,
            0.5133531722644848,
            0.5326986797524141,
            0.551598635148387,
            0.5699722256807761,
            0.5876566674573322,
            0.6044268461474148,
            0.6200232469835499,
            0.6341842906918307,
            0.6466816503869481,
            0.6573540142096209,
            0.6661337503403956,
            0.6730609132066648,
            0.6782798511496608,
            0.6820176561397387,
            0.6845475939947618,
            0.6861446711115814,
            0.6870422676659105,
            0.6873977967358269,
            0.6872732592782939,
            0.6866327934399622,
            0.6853565223812341,
            0.6832673669393271,
            0.680166046290623,
            0.6758680521244641,
            0.6702363663418367,
            0.6632043473549777,
            0.6547854156259363,
            0.6450691858888327,
            0.6342065529638212,
            0.622388079417487,
            0.6098202824067422,
            0.5967035436791316,
            0.5832139470833533,
            0.5694900876925987,
            0.5556250910520038,
            0.5416638207362551,
            0.5276053869497641,
            0.5134112005851813,
            0.4990184947749694,
            0.4843581784776678,
            0.46937430980407435,
            0.4540411558290158,
            0.43837367439876956,
            0.4224287672070032,
            0.4062974783933255,
            0.3900912638996562,
            0.37392716356023176,
            0.35791611727621336,
            0.3421564770964942,
            0.3267318628547833,
            0.31171083097504754,
            0.29714580990815226,
            0.283070548858195,
            0.2694973076686095,
            0.2564162525221604,
            0.24379933000313522,
            0.23160892167478128,
            0.2198098607181737,
            0.2083816141510089,
            0.19732744752085993,
            0.18667801540671344,
            0.17648846642831034,
            0.16682999296015144,
            0.15777791745658482,
            0.1493991636664952,
            0.14174157718367322,
            0.13482700813738271,
            0.12864862593976417,
            0.12317249691995147,
            0.11834271652544355,
            0.11408924874752749,
            0.11033760627996647,
            0.10701922731041326,
            0.10408129996393904,
            0.10149480018444769,
            0.09925923489752925,
            0.09740348057292797,
            0.09598170554141912,
            0.09506422561927753,
            0.09472432574880844,
            0.09502190316134677,
            0.09598793138701696
        ]
    },
    "CPU_time": {
        "derivatives": 0.28534722328186035,
        "buildingVn": 98.00976085662842,
        "assembling_C": 0,