{
    "geometry1": "curvedcubic",
    "geometry2": "small",
    "ope": "b2p_tang_ipp",
    "lc": 0.015,
    "dimP": 2,
    "dimQ": 2,
    "N": 75,
    "f0": 1000,
    "BSP": true,
    "frequencies": [
        80,
        100,
        120,
        140,
        160,
        180,
        200,
        220,
        240,
        260,
        280,
        300,
        320,
        340,
        360,
        380,
        400,
        420,
        440,
        460,
        480,
        500,
        520,
        540,
        560,
        580,
        600,
        620,
        640,
        660,
        680,
        700,
        720,
        740,
        760,
        780,
        800,
        820,
        840,
        860,
        880,
        900,
        920,
        940,
        960,
        980,
        1000,
        1020,
        1040,
        1060,
        1080,
        1100,
        1120,
        1140,
        1160,
        1180,
        1200,
        1220,
        1240,
        1260,
        1280,
        1300,
        1320,
        1340,
        1360,
        1380,
        1400,
        1420,
        1440,
        1460,
        1480,
        1500,
        1520,
        1540,
        1560,
        1580,
        1600,
        1620,
        1640,
        1660,
        1680,
        1700,
        1720,
        1740,
        1760,
        1780,
        1800,
        1820,
        1840,
        1860,
        1880,
        1900,
        1920,
        1940,
        1960,
        1980,
        2000
    ],
    "Z_center": {
        "real": [
            0.014962295519413788,
            0.022866322933580832,
            0.032163222212131436,
            0.04270285304864796,
            0.05431967248145111,
            0.06686047406579586,
            0.08019524569864221,
            0.09422039174101061,
            0.1088584121648268,
            0.12405563964947038,
            0.13977894470161087,
            0.15601203120672116,
            0.1727517405269739,
            0.19000461676387972,
            0.20778385973105054,
            0.22610670492832363,
            0.24499221557934114,
            0.2644594426103588,
            0.28452589662878036,
            0.3052062751547603,
            0.32651139392884754,
            0.3484472798324656,
            0.37101439280265036,
            0.39420695387818944,
            0.4180123655077674,
            0.44241071817319716,
            0.46737438404641957,
            0.4928677037847544,
            0.518846776620143,
            0.5452593665967931,
            0.5720449391456619,
            0.5991348421036243,
            0.6264526438189544,
            0.6539146381250046,
            0.6814305218225553,
            0.708904245019972,
            0.7362350284720226,
            0.763318535246817,
            0.7900481770119204,
            0.8163165284075437,
            0.842016816829816,
            0.8670444499358522,
            0.8912985397141437,
            0.9146833803504894,
            0.937109837563351,
            0.9584966096238609,
            0.9787713248042078,
            0.9978714462611342,
            1.0157449629564628,
            1.0323508536724997,
            1.0476593199557074,
            1.0616517923909354,
            1.0743207224770588,
            1.0856691791448647,
            1.095710274321426,
            1.104466445745312,
            1.1119686274153169,
            1.1182553386773704,
            1.1233717221864346,
            1.127368559031761,
            1.130301286471399,
            1.132229040238957,
            1.133213739559555,
            1.1333192290631864,
            1.1326104879378038,
            1.1311529130746476,
            1.129011679742948,
            1.1262511805692392,
            1.1229345413172196,
            1.1191232101766915,
            1.114876615952624,
            1.1102518896520905,
            1.1053036434609693,
            1.100083800911959,
            1.0946414721235225,
            1.0890228682714769,
            1.0832712498921413,
            1.0774269041548963,
            1.071527146843404,
            1.0656063454103013,
            1.0596959600835067,
            1.0538246005880385,
            1.048018096573322,
            1.042299580291738,
            1.0366895804508212,
            1.0312061264443932,
            1.0258648623600262,
            1.0206791702599918,
            1.0156603022436574,
            1.010817520728662,
            1.006158246252597,
            1.001688211898931,
            0.9974116232214933,
            0.9933313222886486,
            0.9894489542115622,
            0.9857651342892733,
            0.982279613701424
        ],
        "imag": [
            0.12839631404000668,
            0.15910697191195863,
            0.18889317258047963,
            0.21769299307084808,
            0.24548640594822072,
            0.27228359794631884,
            0.2981185471248661,
            0.3230411177957943,
            0.34710924379093683,
            0.3703823458392076,
            0.3929163418466089,
            0.4147601896690747,
            0.4359537258760231,
            0.4565265157688185,
            0.47649744455712145,
            0.49587482171761427,
            0.514656820751481,
            0.5328321245442379,
            0.5503806875601267,
            0.567274558680846,
            0.5834787328813743,
            0.5989520172147189,
            0.6136479080658359,
            0.6275154836041139,
            0.6405003188900763,
            0.65254543201827,
            0.6635922686662966,
            0.6735817299488004,
            0.6824552449265789,
            0.6901558848020243,
            0.696629511016504,
            0.7018259444253088,
            0.7057001377394926,
            0.7082133287894286,
            0.7093341481989337,
            0.7090396520583795,
            0.7073162484638139,
            0.7041604865700406,
            0.6995796782814742,
            0.6935923259400301,
            0.6862283343212573,
            0.6775289917524112,
            0.6675467128987147,
            0.6563445443339205,
            0.6439954428930371,
            0.6305813454703013,
            0.6161920568214626,
            0.6009239885612232,
            0.5848787875211611,
            0.5681618946707305,
            0.5508810767897111,
            0.5331449720419325,
            0.5150616877139211,
            0.49673748394253775,
            0.47827557163647066,
            0.45977504642599015,
            0.441329973777225,
            0.4230286337814667,
            0.40495292792944004,
            0.38717794465799626,
            0.369771675820003,
            0.3527948725631834,
            0.3363010264474976,
            0.3203364599496026,
            0.3049405097000056,
            0.2901457857702241,
            0.27597849092207616,
            0.2624587848129302,
            0.24960117957579825,
            0.23741495483509933,
            0.22590458195908264,
            0.21507014910813874,
            0.2049077803215826,
            0.19541004345646718,
            0.1865663432005082,
            0.17836329660855663,
            0.17078508964238356,
            0.16381381403477976,
            0.15742978443961878,
            0.15161183630140015,
            0.1463376051803683,
            0.141583788431239,
            0.13732639016802317,
            0.13354095038440736,
            0.13020275895206534,
            0.1272870550192288,
            0.12476921209262594,
            0.12262490883934468,
            0.12083028540034153,
            0.11936208479278897,
            0.1181977788058717,
            0.11731567768039695,
            0.11669502281137795,
            0.11631606174598565,
            0.11616010484671647,
            0.11620956317450384,
            0.11644796739332341
        ]
    },
    "CPU_time": {
        "derivatives": 0.05442523956298828,
        "buildingVn": 6.393138885498047,
        "assembling_C": 0,