{
    "geometry1": "curvedcubic",
    "geometry2": "large",
    "ope": "b2p_tang_ipp",
    "lc": 0.015,
    "dimP": 2,
    "dimQ": 2,
    "N": 79,
    "f0": 1000,
    "BSP": true,
    "frequencies": [
        80,
        100,
        120,
        140,
        160,
        180,
        200,
        220,
        240,
        260,
        280,
        300,
        320,
        340,
        360,
        380,
        400,
        420,
        440,
        460,
        480,
        500,
        520,
        540,
        560,
        580,
        600,
        620,
        640,
        660,
        680,
        700,
        720,
        740,
        760,
        780,
        800,
        820,
        840,
        860,
        880,
        900,
        920,
        940,
        960,
        980,
        1000,
        1020,
        1040,
        1060,
        1080,
        1100,
        1120,
        1140,
        1160,
        1180,
        1200,
        1220,
        1240,
        1260,
        1280,
        1300,
        1320,
        1340,
        1360,
        1380,
        1400,
        1420,
        1440,
        1460,
        1480,
        1500,
        1520,
        1540,
        1560,
        1580,
        1600,
        1620,
        1640,
        1660,
        1680,
        1700,
        1720,
        1740,
        1760,
        1780,
        1800,
        1820,
        1840,
        1860,
        1880,
        1900,
        1920,
        1940,
        1960,
        1980,
        2000
    ],
    "Z_center": {
        "real": [
            0.011447741934917719,
            0.016678282963937863,
            0.022979313461844085,
            0.030682232399209572,
            0.039948198055354364,
            0.05085279222315594,
            0.06342873654712013,
            0.07760869920467016,
            0.09323393237566586,
            0.11007015648594952,
            0.12783651704215024,
            0.14626692524086735,
            0.16513845181031195,
            0.1843217505216898,
            0.20379520773265825,
            0.22363318874573626,
            0.2439835945244825,
            0.26503047059308543,
            0.28695868739544594,
            0.30991563765529234,
            0.33398465195603133,
            0.3591643117507676,
            0.38535650453751763,
            0.41237063561123255,
            0.4399365460309768,
            0.4677353839962828,
            0.4954387175814671,
            0.5227530757840159,
            0.5494593210011429,
            0.5754405295040412,
            0.6006897298411755,
            0.6253009528204572,
            0.6494398974187744,
            0.6733063053829906,
            0.6970919796413558,
            0.720943151033573,
            0.744931892463716,
            0.7690416515909675,
            0.7931677855947029,
            0.8171328340197783,
            0.8407129953874719,
            0.863669792789794,
            0.8857812997202087,
            0.9068670250572938,
            0.9268036622238197,
            0.9455309896904074,
            0.9630491973421315,
            0.9794098242812888,
            0.9947025097236705,
            1.0090393421654127,
            1.0225380890765323,
            1.0353053824280494,
            1.0474212409310721,
            1.0589269587952728,
            1.069818865280947,
            1.0800501183643336,
            1.0895411305894722,
            1.0981967636978383,
            1.1059261424797793,
            1.1126597765928146,
            1.1183599079217605,
            1.1230224350612994,
            1.1266719999576078,
            1.1293543443173697,
            1.131128840811754,
            1.132064187165005,
            1.1322356179194089,
            1.1317222714004738,
            1.1306024772929195,
            1.128946101942234,
            1.1268062241202528,
            1.1242130505934371,
            1.1211722538750906,
            1.1176712952154613,
            1.1136885011511475,
            1.1092088591200944,
            1.1042348132277195,
            1.0987960743323242,
            1.0929503243209873,
            1.0867770744593426,
            1.0803669518122552,
            1.0738072625149153,
            1.06717173951282,
            1.06050730177405,
            1.0538369242280097,
            1.0471582378856996,
            1.0404512301502433,
            1.0336871511230257,
            1.0268414322858948,
            1.0199046419892746,
            1.0128900914765442,
            1.0058453249965484,
            0.9988482608343079,
            0.9920093256584833,
            0.9854627316616992,
            0.9793521194919048,
            0.973818740828149
        ],
        "imag": [
            0.12207051790169049,
            0.15193033005022236,
            0.18196746830358515,
            0.21208765485370215,
            0.2420970013609847,
            0.2717849087647778,
            0.30088522882709706,
            0.3291356306875557,
            0.3562972355370376,
            0.382193113157774,
            0.40675848728995456,
            0.4300287508372887,
            0.4521321356949978,
            0.4732662617226878,
            0.4936383805843557,
            0.5134284823102603,
            0.5327452105568727,
            0.5516103438915697,
            0.5699521568453949,
            0.58761446819939,
            0.6043752026649507,
            0.619974581694784,
            0.6341481191301722,
            0.6466633940843276,
            0.6573542733255325,
            0.6661487573077229,
            0.6730848083657376,
            0.6783057014323927,
            0.6820396896392351,
            0.6845618175576416,
            0.686150316930481,
            0.6870401744352879,
            0.6873905306111369,
            0.6872638656510517,
            0.6866239077985568,
            0.6853498773751333,
            0.6832636676208188,
            0.6801650235433315,
            0.6758688730405271,
            0.6702380118168352,
            0.6632060014021343,
            0.6547866136843535,
            0.6450698221127125,
            0.6342067731986196,
            0.6223881026377686,
            0.6098202706436529,
            0.5967035437497149,
            0.5832139174385148,
            0.5694899775299823,
            0.5556249186032896,
            0.5416637018449881,
            0.5276054864154291,
            0.5134116162006174,
            0.4990191216241313,
            0.48435861824604554,
            0.469373912736406,
            0.45403925845394577,
            0.43836998398927507,
            0.42242384508910014,
            0.40629300634096505,
            0.3900900552041004,
            0.3739325392319502,
            0.3579308927025217,
            0.34218168047363795,
            0.32676560111783975,
            0.3117477210146283,
            0.2971774048529397,
            0.2830862378839042,
            0.2694860465909784,
            0.2563688921801962,
            0.24371030319163733,
            0.2314791875603138,
            0.21964890758467534,
            0.20820908537016686,
            0.19717353986007008,
            0.1865816589804427,
            0.1764925004009401,
            0.16697315134237348,
            0.1580838538350271,
            0.1498667739450647,
            0.1423356427901774,
            0.13547682881115272,
            0.12925010155480027,
            0.12360213187823238,
            0.11847641424356524,
            0.11382526299228941,
            0.10962125531407682,
            0.10585861255146237,
            0.1025602365890629,
            0.09977075341854644,
            0.097549944201312,
            0.09596646005122474,
            0.09507732019737603,
            0.0949188538078361,
            0.09549713778371934,
            0.09677146282508281,
            0.09864707034210762
        ]
    },
    "CPU_time": {
        "derivatives": 0.2874307632446289,
        "buildingVn": 85.84568095207214,
        "assembling_C": 0,