{
    "geometry1": "curvedcubic",
    "geometry2": "large",
    "ope": "b2p_tang_ipp",
    "lc": 0.015,
    "dimP": 2,
    "dimQ": 2,
    "N": 31,
    "f0": 1000,
    "BSP": true,
    "frequencies": [
        80,
        100,
        120,
        140,
        160,
        180,
        200,
        220,
        240,
        260,
        280,
        300,
        320,
        340,
        360,
        380,
        400,
        420,
        440,
        460,
        480,
        500,
        520,
        540,
        560,
        580,
        600,
        620,
        640,
        660,
        680,
        700,
        720,
        740,
        760,
        780,
        800,
        820,
        840,
        860,
        880,
        900,
        920,
        940,
        960,
        980,
        1000,
        1020,
        1040,
        1060,
        1080,
        1100,
        1120,
        1140,
        1160,
        1180,
        1200,
        1220,
        1240,
        1260,
        1280,
        1300,
        1320,
        1340,
        1360,
        1380,
        1400,
        1420,
        1440,
        1460,
        1480,
        1500,
        1520,
        1540,
        1560,
        1580,
        1600,
        1620,
        1640,
        1660,
        1680,
        1700,
        1720,
        1740,
        1760,
        1780,
        1800,
        1820,
        1840,
        1860,
        1880,
        1900,
        1920,
        1940,
        1960,
        1980,
        2000
    ],
    "Z_center": {
        "real": [
            0.01716540515195658,
            0.018123236222510154,
            0.022736939691051408,
            0.029633086556368288,
            0.038777024190578144,
            0.05014712736643787,
            0.0635408632759156,
            0.07856870809223365,
            0.09475678146042661,
            0.11168292628279602,
            0.12906918105697807,
            0.1467997929093221,
            0.16488528965159774,
            0.18341019289756502,
            0.20249005399980463,
            0.22224536793822847,
            0.24278872031806442,
            0.264218122398585,
            0.28661077889408915,
            0.3100143542489071,
            0.3344356047717946,
            0.35982835037916505,
            0.3860841130962036,
            0.41302928067117056,
            0.4404321053225786,
            0.46802130724450075,
            0.49551519643482794,
            0.5226570015981852,
            0.5492494753856527,
            0.575181032140852,
            0.6004372633146163,
            0.6250950735293905,
            0.6493006898107527,
            0.6732361271692371,
            0.6970805640792057,
            0.7209734766951948,
            0.7449856935499851,
            0.7691030420761601,
            0.7932251422105252,
            0.8171791511256487,
            0.8407452655899237,
            0.8636883115578473,
            0.8857887863628179,
            0.906867691224224,
            0.9268019453810062,
            0.9455299830477316,
            0.9630491973161716,
            0.9794077145464656,
            0.9946926989642513,
            1.0090165392209787,
            1.022501492220159,
            1.0352631806767758,
            1.04739395012871,
            1.058948181233744,
            1.0699324873148481,
            1.080303561534944,
            1.0899749562551342,
            1.0988317474205327,
            1.1067497693419335,
            1.1136149720586983,
            1.1193389609082929,
            1.1238686732456746,
            1.1271904848032668,
            1.1293307564253887,
            1.1303552221466717,
            1.1303686194426894,
            1.1295142171538466,
            1.1279712165211926,
            1.1259472630431502,
            1.123663939659637,
            1.1213348396982041,
            1.1191381919968617,
            1.1171879738247732,
            1.1155090558320633,
            1.114022295550146,
            1.1125448621266076,
            1.110808847563696,
            1.1084973550422443,
            1.1052922687306355,
            1.10092330383477,
            1.0952062302435666,
            1.088060703671304,
            1.0795058249994214,
            1.0696406018436626,
            1.0586231864691475,
            1.0466626673626587,
            1.0340298612434216,
            1.0210822300353801,
            1.0082884235674467,
            0.9962352549958579,
            0.9856054531947606,
            0.977124855981689,
            0.971486640978556,
            0.9692633841875917,
            0.9708147795637447,
            0.9761935620620388,
            0.9850497137047884
        ],
        "imag": [
            0.12051879800814001,
            0.15004722990638727,
            0.18050424814643265,
            0.21145260293060195,
            0.24241336484276926,
            0.2728582837063933,
            0.3022756900924355,
            0.330296589063897,
            0.3567814770424072,
            0.3818141224984477,
            0.4056172636143705,
            0.4284487594727038,
            0.4505271426974239,
            0.47199980481636206,
            0.4929417755318185,
            0.5133672378901487,
            0.5332415755710408,
            0.5524890177380551,
            0.5709964623224184,
            0.5886164642390108,
            0.6051728931812346,
            0.6204719316941719,
            0.6343195290012082,
            0.6465444660724007,
            0.6570239739061234,
            0.6657070314416884,
            0.6726293871313687,
            0.6779151638395656,
            0.6817625024323922,
            0.6844146854293093,
            0.686121989465503,
            0.6871019488818292,
            0.6875058977374952,
            0.6873979196975829,
            0.6867494900275641,
            0.6854501088912154,
            0.6833315573127177,
            0.680201310714583,
            0.6758791041217006,
            0.6702299812078376,
            0.6631878244904407,
            0.6547655550547102,
            0.645051463561598,
            0.6341943509943173,
            0.6223821417156712,
            0.6098188463003564,
            0.5967035437480135,
            0.5832132984325736,
            0.5694904548166431,
            0.5556340486312693,
            0.5416951950589044,
            0.5276769365333079,
            0.5135395332141623,
            0.4992119392303984,
            0.48460897620266785,
            0.4696518768365051,
            0.4542883113575831,
            0.43850759725782257,
            0.42234795882326004,
            0.40589502859292187,
            0.3892733159384693,
            0.3726340065403036,
            0.3561425143673281,
            0.3399678887057751,
            0.32427419248303196,
            0.3092123684817524,
            0.29491059647300005,
            0.28146198619284374,
            0.2689102978247022,
            0.2572363185662252,
            0.2463488702744864,
            0.236084563669333,
            0.2262192090726815,
            0.2164919899994077,
            0.20664062760410237,
            0.1964431087801971,
            0.185758569546839,
            0.17455840998977137,
            0.16293926596870553,
            0.15111327065606073,
            0.1393776328448877,
            0.12807283157738183,
            0.11754315293952029,
            0.10811191880335037,
            0.10007612501152802,
            0.0937146981908016,
            0.08929634816575942,
            0.08707162010598123,
            0.08724051760729627,
            0.08989858053535599,
            0.09497443262397043,
            0.10217551289881605,
            0.1109548352403818,
            0.12050408779027626,
            0.12977262090695638,
            0.13751169548552453,
            0.14234891436139882
        ]
    },
    "CPU_time": {
        "derivatives": 0.2900071144104004,
        "buildingVn": 58.741339921951294,
        "assembling_C": 0,