{
    "geometry1": "curvedcubic",
    "geometry2": "small",
    "ope": "b2p_tang_ipp",
    "lc": 0.015,
    "dimP": 2,
    "dimQ": 2,
    "N": 88,
    "f0": 1000,
    "BSP": true,
    "frequencies": [
        80,
        100,
        120,
        140,
        160,
        180,
        200,
        220,
        240,
        260,
        280,
        300,
        320,
        340,
        360,
        380,
        400,
        420,
        440,
        460,
        480,
        500,
        520,
        540,
        560,
        580,
        600,
        620,
        640,
        660,
        680,
        700,
        720,
        740,
        760,
        780,
        800,
        820,
        840,
        860,
        880,
        900,
        920,
        940,
        960,
        980,
        1000,
        1020,
        1040,
        1060,
        1080,
        1100,
        1120,
        1140,
        1160,
        1180,
        1200,
        1220,
        1240,
        1260,
        1280,
        1300,
        1320,
        1340,
        1360,
        1380,
        1400,
        1420,
        1440,
        1460,
        1480,
        1500,
        1520,
        1540,
        1560,
        1580,
        1600,
        1620,
        1640,
        1660,
        1680,
        1700,
        1720,
        1740,
        1760,
        1780,
        1800,
        1820,
        1840,
        1860,
        1880,
        1900,
        1920,
        1940,
        1960,
        1980,
        2000
    ],
    "Z_center": {
        "real": [
            0.014654342289253108,
            0.02254617032697136,
            0.0318534802627185,
            0.042405973041421754,
            0.05403681270991277,
            0.06659386771184578,
            0.07994713738856939,
            0.09399227267779087,
            0.10865087726743829,
            0.12386857584273225,
            0.13961179841465987,
            0.15586402794911844,
            0.17262201945167754,
            0.18989228934504343,
            0.20768801789531885,
            0.22602640416421185,
            0.24492645223192286,
            0.2644071370643957,
            0.2844858877655892,
            0.3051773270573928,
            0.32649221316747545,
            0.3484365404023804,
            0.37101076544596184,
            0.3942091367313195,
            0.4180191135181722,
            0.44242086932748886,
            0.4673868810607711,
            0.49288161045762774,
            0.5188612885163116,
            0.5452738161150825,
            0.572058795321133,
            0.5991477057183928,
            0.6264642385462195,
            0.6539247985258493,
            0.6814391790539162,
            0.7089114111067916,
            0.736240779951822,
            0.76332299691852,
            0.7900515064199709,
            0.8163189015743083,
            0.8420184156216961,
            0.8670454513214583,
            0.8912991070497475,
            0.91468365671867,
            0.9371099410986135,
            0.9584966306848821,
            0.9787713248042402,
            0.9978714579360394,
            1.0157449918393326,
            1.0323508805463701,
            1.0476593040709334,
            1.0616516752539973,
            1.0743204320405098,
            1.0856686342501247,
            1.095709389265312,
            1.1044651348568004,
            1.1119668095370698,
            1.1182529414555906,
            1.1233686860723195,
            1.1273648409041985,
            1.1302968627874725,
            1.1322239096279565,
            1.133207924777803,
            1.1333127782397718,
            1.1326034750535903,
            1.1311454376343768,
            1.1290038656188235,
            1.1262431740191214,
            1.1229265082029405,
            1.1191153324343146,
            1.1148690873882208,
            1.110244911163251,
            1.1052974178024961,
            1.100078527143733,
            1.094637339892088,
            1.0890200520884354,
            1.0832699035775937,
            1.0774271556152786,
            1.0715290933502195,
            1.0656100495354206,
            1.0597014464361254,
            1.053831853476634,
            1.0480270586948404,
            1.0423101525236036,
            1.0367016227903243,
            1.0312194601076534,
            1.0258792730184199,
            1.0206944123569475,
            1.0156761042990168,
            1.0108335915056055,
            1.0061742816308241,
            1.0017039022721124,
            0.9974266612149603,
            0.9933454105770403,
            0.9894618132104241,
            0.9857765094912498,
            0.9822892824349486
        ],
        "imag": [
            0.12845071668968314,
            0.15909206329938233,
            0.18884982969774175,
            0.21764791157961857,
            0.24545254127248553,
            0.2722661261383543,
            0.2981184696989592,
            0.3230573309008236,
            0.34713975045710677,
            0.3704249209305867,
            0.39296883996211607,
            0.41482064200958607,
            0.4360203341599057,
            0.45659761292345213,
            0.47657145949541363,
            0.4959502627354578,
            0.5147322786499801,
            0.5329062902405083,
            0.5504523771161965,
            0.5673427392799253,
            0.5835425449027661,
            0.5990107893768369,
            0.613701164217419,
            0.6275629409913994,
            0.6405418785941054,
            0.6525811627964686,
            0.6636223857135612,
            0.6736065701803252,
            0.6824752403459577,
            0.6901715353851073,
            0.6966413583601625,
            0.7018345471948448,
            0.705706049723131,
            0.708217080139707,
            0.7093362302198452,
            0.7090405056951843,
            0.7073162564653401,
            0.7041599691385615,
            0.6995788918952308,
            0.6935914649375178,
            0.686227534776068,
            0.6775283371320401,
            0.6675462410059498,
            0.6563442550502716,
            0.6439953062922615,
            0.6305813099287463,
            0.6161920568214716,
            0.6009239519522086,
            0.5848786420701829,
            0.5681615737914437,
            0.5508805243885606,
            0.5331441464559123,
            0.515060564740852,
            0.4967360589818892,
            0.47827386096859026,
            0.4597730876620579,
            0.44132782551588545,
            0.4230263745117214,
            0.4049506542219172,
            0.3871757686968925,
            0.36976972233482974,
            0.35279327523304976,
            0.33629992386442714,
            0.3203359912408112,
            0.3049408099233166,
            0.2901469812086601,
            0.2759806944123833,
            0.2624620912492538,
            0.2496056617299707,
            0.23742065963206535,
            0.225911527339731,
            0.21507832159670612,
            0.20491713340071374,
            0.19542049683129825,
            0.1865777830100012,
            0.17837557661638623,
            0.17079803341192898,
            0.16382721806260356,
            0.15744342219413787,
            0.15162546308404432,
            0.14635096369959072,
            0.14159661495330605,
            0.13733842108951308,
            0.13355192904947835,
            0.1302124425272901,
            0.12729522122760195,
            0.12477566560787957,
            0.12262948714327945,
            0.12083286391637377,
            0.11936258112560207,
            0.11819615593820608,
            0.11731194600529736,
            0.1166892409148389,
            0.11630833588577598,
            0.11615058711932118,
            0.11619844839934984,
            0.11643548878608262
        ]
    },
    "CPU_time": {
        "derivatives": 0.057569026947021484,
        "buildingVn": 7.8017799854278564,
        "assembling_C": 0,