{
    "geometry1": "curvedcubic",
    "geometry2": "small",
    "ope": "b2p_tang_ipp",
    "lc": 0.015,
    "dimP": 2,
    "dimQ": 2,
    "N": 28,
    "f0": 1000,
    "BSP": true,
    "frequencies": [
        80,
        100,
        120,
        140,
        160,
        180,
        200,
        220,
        240,
        260,
        280,
        300,
        320,
        340,
        360,
        380,
        400,
        420,
        440,
        460,
        480,
        500,
        520,
        540,
        560,
        580,
        600,
        620,
        640,
        660,
        680,
        700,
        720,
        740,
        760,
        780,
        800,
        820,
        840,
        860,
        880,
        900,
        920,
        940,
        960,
        980,
        1000,
        1020,
        1040,
        1060,
        1080,
        1100,
        1120,
        1140,
        1160,
        1180,
        1200,
        1220,
        1240,
        1260,
        1280,
        1300,
        1320,
        1340,
        1360,
        1380,
        1400,
        1420,
        1440,
        1460,
        1480,
        1500,
        1520,
        1540,
        1560,
        1580,
        1600,
        1620,
        1640,
        1660,
        1680,
        1700,
        1720,
        1740,
        1760,
        1780,
        1800,
        1820,
        1840,
        1860,
        1880,
        1900,
        1920,
        1940,
        1960,
        1980,
        2000
    ],
    "Z_center": {
        "real": [
            0.016361102336529584,
            0.025744512327101857,
            0.036913356651541156,
            0.0483202535182375,
            0.060084477594031745,
            0.07244922784578561,
            0.08544172803180687,
            0.09901990078045467,
            0.11313843485260826,
            0.1277667770920178,
            0.1428915753788436,
            0.15851439939985823,
            0.1746482264891152,
            0.19131389338366403,
            0.20853692510079988,
            0.22634484788650763,
            0.2447649714273843,
            0.26382258100438943,
            0.28353947014899644,
            0.30393274922925917,
            0.3250138760072043,
            0.34678786616334467,
            0.36925265307477534,
            0.39239857593439725,
            0.41620798338342707,
            0.4406549462272105,
            0.46570507766303293,
            0.4913154629278988,
            0.5174347025331507,
            0.5440030744119085,
            0.5709528204675418,
            0.5982085622616216,
            0.6256878489837637,
            0.6533018384945987,
            0.6809561092129295,
            0.7085515970500316,
            0.7359856476361427,
            0.7631531699097209,
            0.7899478729720683,
            0.8162635641795752,
            0.8419954829999038,
            0.8670416424374016,
            0.8913041480513134,
            0.9146904639161089,
            0.9371145954220236,
            0.9584981606164126,
            0.9787713248043148,
            0.9978735772297213,
            1.0157543336546169,
            1.032373354278691,
            1.0477009724052133,
            1.0617181352443452,
            1.0744162639472647,
            1.085796945113171,
            1.0958714703752426,
            1.1046602440936695,
            1.1121920815682154,
            1.1185034215046799,
            1.1236374767730963,
            1.127643346871494,
            1.130575114096262,
            1.1324909433801575,
            1.1334522032654095,
            1.133522622708777,
            1.132767495525438,
            1.1312529414170178,
            1.1290452298086804,
            1.1262101702341327,
            1.12281257081919,
            1.11891576455809,
            1.114581201572078,
            1.1098681043792453,
            1.104833182370119,
            1.0995304011464349,
            1.0940108021041104,
            1.0883223675821545,
            1.0825099270176963,
            1.0766150997996922,
            1.0706762708593558,
            1.0647285954395702,
            1.058804029911347,
            1.052931385928147,
            1.0471364056001458,
            1.0414418557133474,
            1.0358676392961554,
            1.030430923039815,
            1.025146279200909,
            1.0200258406578826,
            1.0150794677575103,
            1.010314925483723,
            1.0057380693232507,
            1.0013530379987268,
            0.9971624510205582,
            0.9931676087812358,
            0.989368692712203,
            0.9857649628552155,
            0.9823549500939477
        ],
        "imag": [
            0.12594652453753064,
            0.154798647636079,
            0.1840584986577174,
            0.21304779871747082,
            0.2409173745844674,
            0.26762592870248947,
            0.293296906802258,
            0.3180450491858435,
            0.34196555688053626,
            0.3651384513953309,
            0.3876306056298306,
            0.4094959930513475,
            0.4307754627106067,
            0.4514966686543443,
            0.4716743415022791,
            0.49131088905727066,
            0.5103972440430379,
            0.528913870293131,
            0.5468318559795113,
            0.5641140450917108,
            0.5807161783674497,
            0.5965880297264037,
            0.6116745339738874,
            0.6259169070297991,
            0.6392537622830969,
            0.6516222268256314,
            0.6629590599996741,
            0.6732017744521376,
            0.6822897570898645,
            0.69016538425664,
            0.696775122313388,
            0.7020706017660107,
            0.7060096503144546,
            0.7085572678362554,
            0.7096865245195162,
            0.7093793622585576,
            0.7076272791525055,
            0.7044318775938024,
            0.6998052580748348,
            0.6937702434754527,
            0.6863604221943389,
            0.6776200029316504,
            0.6676034790573326,
            0.6563751060756327,
            0.6440082014520139,
            0.6305842816990906,
            0.6161920568216085,
            0.600926306704533,
            0.5848866675478349,
            0.568176358817425,
            0.5509008822838065,
            0.5331667245255315,
            0.5150800928389131,
            0.4967457119447929,
            0.47826570540693525,
            0.45973858150898633,
            0.4412583387333722,
            0.42291370120600474,
            0.4047874897605823,
            0.38695612984507777,
            0.36948929352015086,
            0.3524496694005954,
            0.33589285165112676,
            0.31986733709073534,
            0.304414618077992,
            0.2895693580977927,
            0.27535963678038256,
            0.2618072513683821,
            0.24892806231765846,
            0.23673237167350852,
            0.22522532401822032,
            0.21440732105256222,
            0.20427444218140423,
            0.19481886476315816,
            0.18602927890039683,
            0.17789129276608276,
            0.17038782544346712,
            0.16349948509918025,
            0.15720493099513982,
            0.1514812183841636,
            0.14630412572557003,
            0.1416484639179284,
            0.13748836738906334,
            0.13379756692955103,
            0.13054964412178607,
            0.12771826712926504,
            0.12527740748867486,
            0.12320153741520794,
            0.12146580700892833,
            0.12004620065914567,
            0.11891967189842265,
            0.11806425597443132,
            0.11745915949483784,
            0.117084826661811,
            0.11692298185077792,
            0.11695664859475961,
            0.11717014540286583
        ]
    },
    "CPU_time": {
        "derivatives": 0.0541841983795166,
        "buildingVn": 2.664363145828247,
        "assembling_C": 0,