{
    "geometry1": "curvedcubic",
    "geometry2": "small",
    "ope": "b2p_tang_ipp",
    "lc": 0.015,
    "dimP": 2,
    "dimQ": 2,
    "N": 82,
    "f0": 1000,
    "BSP": true,
    "frequencies": [
        80,
        100,
        120,
        140,
        160,
        180,
        200,
        220,
        240,
        260,
        280,
        300,
        320,
        340,
        360,
        380,
        400,
        420,
        440,
        460,
        480,
        500,
        520,
        540,
        560,
        580,
        600,
        620,
        640,
        660,
        680,
        700,
        720,
        740,
        760,
        780,
        800,
        820,
        840,
        860,
        880,
        900,
        920,
        940,
        960,
        980,
        1000,
        1020,
        1040,
        1060,
        1080,
        1100,
        1120,
        1140,
        1160,
        1180,
        1200,
        1220,
        1240,
        1260,
        1280,
        1300,
        1320,
        1340,
        1360,
        1380,
        1400,
        1420,
        1440,
        1460,
        1480,
        1500,
        1520,
        1540,
        1560,
        1580,
        1600,
        1620,
        1640,
        1660,
        1680,
        1700,
        1720,
        1740,
        1760,
        1780,
        1800,
        1820,
        1840,
        1860,
        1880,
        1900,
        1920,
        1940,
        1960,
        1980,
        2000
    ],
    "Z_center": {
        "real": [
            0.01484897406763451,
            0.02271846545259772,
            0.03198590307197293,
            0.042494010149243346,
            0.054083682203880816,
            0.06660719872107015,
            0.07993652294864029,
            0.09396738587499141,
            0.10862019426626497,
            0.1238386968404385,
            0.13958725663891963,
            0.15584743163499887,
            0.1726143784765583,
            0.18989341123262937,
            0.207696896735982,
            0.22604155965589112,
            0.24494620070242487,
            0.26442979216566426,
            0.2845098973678032,
            0.30520135685198946,
            0.32651518845064603,
            0.34845765679743856,
            0.3710294778442145,
            0.3942251340177867,
            0.41803228499899464,
            0.4424312673251026,
            0.4673946829427184,
            0.49288708239318146,
            0.5188647524995321,
            0.5452756212128892,
            0.5720592936529937,
            0.5991472333415117,
            0.6264631011613498,
            0.6539232617280606,
            0.6814374627128221,
            0.7089096873572381,
            0.736239174214406,
            0.7633215913315962,
            0.7900503450588847,
            0.8163179968514939,
            0.8420177553013171,
            0.8670450056430102,
            0.8912988355279099,
            0.9146835142761983,
            0.9371098832766364,
            0.9584966177711223,
            0.9787713248042264,
            0.9978714483938526,
            1.0157449605793143,
            1.0323508254610783,
            1.047659232115036,
            1.0616516008259071,
            1.0743203749405899,
            1.0856686173970562,
            1.095709436339096,
            1.1044652680131792,
            1.111967047313869,
            1.1182532969631076,
            1.123369165534357,
            1.1273654425902413,
            1.1302975763572216,
            1.1322247158889898,
            1.1332087958462242,
            1.1333136780792954,
            1.132604360364009,
            1.131146259051767,
            1.129004569189308,
            1.1262437029028727,
            1.1229268045637943,
            1.1191153394698845,
            1.1148687514525983,
            1.1102441839327304,
            1.105296258433827,
            1.1000769043717136,
            1.094635234012998,
            1.0890174567719944,
            1.0832668274530113,
            1.0774236235741903,
            1.0715251475128509,
            1.0656057498291946,
            1.0596968707400922,
            1.0538270972927417,
            1.0480222343166308,
            1.0423053876825992,
            1.0366970587749593,
            1.031215249363114,
            1.0258755762543101,
            1.0206913952033925,
            1.0156739335732567,
            1.0108324311660797,
            1.0061742885119984,
            1.0017052217085185,
            0.9974294226736303,
            0.9933497234262064,
            0.9894677627548322,
            0.9857841534049809,
            0.9822986477180153
        ],
        "imag": [
            0.1284392935695566,
            0.1590620214443643,
            0.18879991190727793,
            0.2175854263312805,
            0.2453882665203847,
            0.27220983460660675,
            0.29807675610843615,
            0.3230331751968711,
            0.3471330467349842,
            0.3704333957917089,
            0.39298900158220074,
            0.41484857486558274,
            0.43605227322332435,
            0.45663030109142255,
            0.4766023255782797,
            0.49597746750600613,
            0.5147546738487726,
            0.532923327230176,
            0.5504639923905803,
            0.5673492353888029,
            0.5835444784166454,
            0.5990088723707393,
            0.6136961821904466,
            0.6275556878117722,
            0.6405331076442187,
            0.6525715527056494,
            0.6636125186983144,
            0.6735969209069181,
            0.6824661732766476,
            0.6901633087100173,
            0.6966341327938569,
            0.7018283981146395,
            0.70570098132599,
            0.7082130404925203,
            0.7093331262672797,
            0.709038217471712,
            0.7073146499334794,
            0.7041589072385739,
            0.6995782435477585,
            0.6935911118821866,
            0.6862273762542755,
            0.6775282925339369,
            0.6675462506867714,
            0.6563442795895376,
            0.6439953245113278,
            0.6305813160031266,
            0.616192056821385,
            0.600923960127713,
            0.5848786771580129,
            0.5681616555802621,
            0.5508806707212479,
            0.5331443707968634,
            0.5150608743829291,
            0.4967364539179089,
            0.4782743334137593,
            0.45977362218060397,
            0.4413283996791892,
            0.42302696000302636,
            0.40495121829238734,
            0.38717627587709247,
            0.36977013630713035,
            0.3527935607796422,
            0.3363000488104888,
            0.3203359283240862,
            0.30494053853018527,
            0.2901464889245806,
            0.2759799783448514,
            0.26246115908554024,
            0.24960453250209777,
            0.23741936416333728,
            0.2259101083546415,
            0.21507683348109863,
            0.20491564160235579,
            0.19541907689957383,
            0.1865765192775971,
            0.17837456053241052,
            0.1707973615459986,
            0.16382698980578078,
            0.15744373719294907,
            0.15162641845241817,
            0.14635265106439624,
            0.14159911739872016,
            0.1373418100726546,
            0.13355626137002488,
            0.13021775743823222,
            0.12730153777912104,
            0.12478298031746325,
            0.12263777208329377,
            0.12084206530707736,
            0.11937261851062475,
            0.11820692200889825,
            0.11732330712519877,
            0.11670103837472198,
            0.11632038790069843,
            0.11616269155356969,
            0.11621038618170838,
            0.11644702795339243
        ]
    },
    "CPU_time": {
        "derivatives": 0.05454277992248535,
        "buildingVn": 7.138267278671265,
        "assembling_C": 0,