{
    "geometry1": "curvedcubic",
    "geometry2": "large",
    "ope": "b2p_tang_ipp",
    "lc": 0.015,
    "dimP": 2,
    "dimQ": 2,
    "N": 18,
    "f0": 1000,
    "BSP": true,
    "frequencies": [
        80,
        100,
        120,
        140,
        160,
        180,
        200,
        220,
        240,
        260,
        280,
        300,
        320,
        340,
        360,
        380,
        400,
        420,
        440,
        460,
        480,
        500,
        520,
        540,
        560,
        580,
        600,
        620,
        640,
        660,
        680,
        700,
        720,
        740,
        760,
        780,
        800,
        820,
        840,
        860,
        880,
        900,
        920,
        940,
        960,
        980,
        1000,
        1020,
        1040,
        1060,
        1080,
        1100,
        1120,
        1140,
        1160,
        1180,
        1200,
        1220,
        1240,
        1260,
        1280,
        1300,
        1320,
        1340,
        1360,
        1380,
        1400,
        1420,
        1440,
        1460,
        1480,
        1500,
        1520,
        1540,
        1560,
        1580,
        1600,
        1620,
        1640,
        1660,
        1680,
        1700,
        1720,
        1740,
        1760,
        1780,
        1800,
        1820,
        1840,
        1860,
        1880,
        1900,
        1920,
        1940,
        1960,
        1980,
        2000
    ],
    "Z_center": {
        "real": [
            0.010540085063952391,
            0.014468444082992154,
            0.019595835546717316,
            0.026288046529264725,
            0.03493748154029772,
            0.045889426605380514,
            0.05930154124263137,
            0.07500108875837691,
            0.09244615533043218,
            0.11086501455373403,
            0.12952650700081536,
            0.1479835950261234,
            0.1661591175878579,
            0.1842727905831841,
            0.2026979072661267,
            0.2218297253225905,
            0.24199874144649547,
            0.2634263551109388,
            0.28620927076016073,
            0.31032127601897236,
            0.33562613093870514,
            0.3618987126719939,
            0.3888527022668615,
            0.4161727785081323,
            0.4435484374032834,
            0.4707058638037541,
            0.4974341233838851,
            0.5236024636310802,
            0.5491666692879716,
            0.5741639980114656,
            0.5986978803135469,
            0.6229149331272646,
            0.6469776558619384,
            0.671036410299239,
            0.6952040745052503,
            0.7195363049005885,
            0.7440197467484673,
            0.768569751603292,
            0.7930380565362736,
            0.8172294172484847,
            0.8409245922052383,
            0.8639058268789102,
            0.8859805734743108,
            0.9069997786229158,
            0.926868426641159,
            0.9455476499504312,
            0.9630491973174077,
            0.9794241846047446,
            0.9947487550185375,
            1.0091094382816541,
            1.0225905311050847,
            1.0352648338829362,
            1.0471879624472693,
            1.0583957013265746,
            1.0689037289940828,
            1.0787093457955796,
            1.0877951096185567,
            1.0961341677792646,
            1.1036965819786153,
            1.1104554416638168,
            1.1163914759844673,
            1.1214953903322327,
            1.125768085316652,
            1.1292197718845982,
            1.1318691703082258,
            1.133743079232208,
            1.1348748765171532,
            1.1352991283161038,
            1.1350401283680323,
            1.1340959269279782,
            1.1324253536613096,
            1.129950446676341,
            1.1265861184335468,
            1.1222997446380225,
            1.117187055713687,
            1.1115346941853905,
            1.1058347839493166,
            1.1007291542389277,
            1.0968855517359923,
            1.0948313157995773,
            1.0947799179316977,
            1.0964825021310551,
            1.099129964105175,
            1.1013306087096104,
            1.1011938779017587,
            1.096549975349225,
            1.0853104359051275,
            1.0659171327793764,
            1.0377567684758107,
            1.00138547330344,
            0.9584599096084101,
            0.9113949055999947,
            0.8628854697290271,
            0.8154660716278215,
            0.7712245631562774,
            0.7316975574945684,
            0.6979070917247333
        ],
        "imag": [
            0.11454065316977574,
            0.14457240488709142,
            0.17536003537886757,
            0.2068332953238672,
            0.23872862467720118,
            0.27056430398041753,
            0.3016733311223637,
            0.33132892848768486,
            0.3589614972153132,
            0.38437172833635824,
            0.40779749918566344,
            0.429781830362156,
            0.4509359191834048,
            0.4717387620157847,
            0.4924442694444837,
            0.5130820209657141,
            0.5335060296535906,
            0.5534557222835504,
            0.5726124795693264,
            0.5906474588745889,
            0.6072609133389634,
            0.6222134210421084,
            0.6353484206983523,
            0.6466047862074874,
            0.6560183409590364,
            0.6637121281676064,
            0.6698766050893263,
            0.6747423466431479,
            0.6785489662080955,
            0.6815144926381022,
            0.683809238283922,
            0.6855373248627328,
            0.686727765844706,
            0.6873356645040989,
            0.6872529137869815,
            0.6863268389946197,
            0.6843844309913841,
            0.6812591020535007,
            0.6768163335405113,
            0.6709744356871075,
            0.6637172116759692,
            0.6550967041982534,
            0.6452261092404655,
            0.6342647861501618,
            0.6223985330904882,
            0.6098187156474447,
            0.5967035437588806,
            0.5832040082015744,
            0.5694358764549932,
            0.5554778596540076,
            0.5413748657568084,
            0.527144518163476,
            0.5127850881269561,
            0.4982835486114291,
            0.4836231545792226,
            0.46879031656598974,
            0.45378042086499726,
            0.4386019382545642,
            0.4232780972000428,
            0.4078458230113444,
            0.3923524250702456,
            0.37685122528591064,
            0.3613975079902478,
            0.3460456079288515,
            0.3308468280501893,
            0.31584687604915246,
            0.30108161702970265,
            0.286571830917544,
            0.27232084487112274,
            0.2583213593313309,
            0.24457672127091218,
            0.23113558552895355,
            0.21812854667997167,
            0.20578581886383054,
            0.19441350849167882,
            0.18431755036184364,
            0.17568667293493365,
            0.1684677272119389,
            0.1622751287589263,
            0.1563664968380625,
            0.14969703705873666,
            0.1410488936391806,
            0.12922479888234234,
            0.11329267966014132,
            0.09285805827408597,
            0.06831676360996132,
            0.04100870578293347,
            0.01318014756377064,
            -0.012300414199191987,
            -0.032432259686071885,
            -0.04463111318953363,
            -0.04714812763781492,
            -0.03923311192600458,
            -0.021038021955715858,
            0.006644752727570834,
            0.04268799567768291,
            0.08589035929173564
        ]
    },
    "CPU_time": {
        "derivatives": 0.2945442199707031,
        "buildingVn": 53.47572612762451,
        "assembling_C": 0,