{
    "geometry1": "curvedcubic",
    "geometry2": "small",
    "ope": "b2p_tang_ipp",
    "lc": 0.015,
    "dimP": 2,
    "dimQ": 2,
    "N": 47,
    "f0": 1000,
    "BSP": true,
    "frequencies": [
        80,
        100,
        120,
        140,
        160,
        180,
        200,
        220,
        240,
        260,
        280,
        300,
        320,
        340,
        360,
        380,
        400,
        420,
        440,
        460,
        480,
        500,
        520,
        540,
        560,
        580,
        600,
        620,
        640,
        660,
        680,
        700,
        720,
        740,
        760,
        780,
        800,
        820,
        840,
        860,
        880,
        900,
        920,
        940,
        960,
        980,
        1000,
        1020,
        1040,
        1060,
        1080,
        1100,
        1120,
        1140,
        1160,
        1180,
        1200,
        1220,
        1240,
        1260,
        1280,
        1300,
        1320,
        1340,
        1360,
        1380,
        1400,
        1420,
        1440,
        1460,
        1480,
        1500,
        1520,
        1540,
        1560,
        1580,
        1600,
        1620,
        1640,
        1660,
        1680,
        1700,
        1720,
        1740,
        1760,
        1780,
        1800,
        1820,
        1840,
        1860,
        1880,
        1900,
        1920,
        1940,
        1960,
        1980,
        2000
    ],
    "Z_center": {
        "real": [
            0.015849444043253256,
            0.022909220975182165,
            0.0319478257140048,
            0.04251638994947007,
            0.054336252522146564,
            0.06718518503332015,
            0.08087790662609703,
            0.09526485570307826,
            0.11023261793020504,
            0.12570237102969256,
            0.14162617969121366,
            0.15798191442837134,
            0.17476766265843013,
            0.19199629910612356,
            0.20969061859433855,
            0.22787920831118047,
            0.246593080324737,
            0.26586299529477825,
            0.28571736865368913,
            0.3061806431321961,
            0.32727202198373484,
            0.34900447572276416,
            0.3713839556493675,
            0.3944087666953265,
            0.4180690687575496,
            0.4423464892706887,
            0.4672138403581379,
            0.49263494177675676,
            0.5185645563303024,
            0.5449484477508102,
            0.5717235724692926,
            0.5988184164011178,
            0.626153486028191,
            0.6536419598381312,
            0.6811905017780544,
            0.7087002330324319,
            0.7360678524325711,
            0.7631868894871073,
            0.7899490677677417,
            0.8162457506004204,
            0.8419694360955858,
            0.8670152648706313,
            0.8912825016692058,
            0.9146759516820193,
            0.9371072737969004,
            0.9584961562266547,
            0.9787713248042826,
            0.9978713604200204,
            1.0157453092219437,
            1.0323530768885254,
            1.0476656060407012,
            1.0616648432706883,
            1.0743435089249038,
            1.0857046883951957,
            1.095761268022347,
            1.1045352416982628,
            1.1120569158515432,
            1.1183640407944166,
            1.1235008955454506,
            1.1275173514169023,
            1.1304679370925244,
            1.1324109248540613,
            1.133407454264739,
            1.1335207061853265,
            1.1328151366535097,
            1.1313557770339622,
            1.1292076040359604,
            1.1264349807711715,
            1.1231011680054388,
            1.1192679031554895,
            1.1149950433806783,
            1.1103402682869334,
            1.1053588372557401,
            1.1001033961899342,
            1.0946238284819294,
            1.0889671452050558,
            1.083177409869725,
            1.077295693517337,
            1.0713600564197516,
            1.0654055531690734,
            1.059464258454705,
            1.0535653113132744,
            1.047734976069705,
            1.0419967185631132,
            1.036371296548428,
            1.0308768633791416,
            1.0255290842059377,
            1.020341263970085,
            1.0153244864334003,
            1.010487763375574,
            1.0058381929196651,
            1.0013811257278855,
            0.997120337561066,
            0.9930582064367584,
            0.98919589237169,
            0.9855335174693378,
            0.9820703439427045
        ],
        "imag": [
            0.13078219757941364,
            0.16127358856354265,
            0.19106625415020034,
            0.21996480638402663,
            0.24785352709743658,
            0.274686500861965,
            0.30047049256654584,
            0.32524934723048543,
            0.3490897129428587,
            0.3720687092055087,
            0.39426412406460065,
            0.4157473198520044,
            0.4365786415814669,
            0.45680488801083824,
            0.47645832843339253,
            0.4955567811652302,
            0.5141043582509154,
            0.5320925842646455,
            0.5495016916204554,
            0.5663019705206159,
            0.5824551069684466,
            0.5979154796405982,
            0.6126314097405118,
            0.626546371030694,
            0.6396001732263803,
            0.6517301331907844,
            0.6628722465851618,
            0.6729623689446607,
            0.6819374103524721,
            0.6897365424971283,
            0.6963024113343128,
            0.7015823431291931,
            0.705529526633585,
            0.7081041498074393,
            0.7092744660911333,
            0.7090177630048478,
            0.7073212050022586,
            0.70418252317733,
            0.6996105266907693,
            0.693625414622403,
            0.686258872236463,
            0.6775539421413106,
            0.6675646681975222,
            0.6563555178706515,
            0.64400059658244,
            0.6305826750146339,
            0.6161920568215211,
            0.6009253194258879,
            0.5848839642302174,
            0.5681730144946412,
            0.5508995992735918,
            0.5331715602512598,
            0.5150961152505275,
            0.49677860790068457,
            0.4783213677574024,
            0.45982269944266146,
            0.4413760134586425,
            0.42306910555872207,
            0.40498358619572816,
            0.3871944568311493,
            0.369769825913957,
            0.35277075420689985,
            0.33625121685944875,
            0.32025816817771596,
            0.30483169433008794,
            0.2900052391780149,
            0.2758058889009285,
            0.2622547019766084,
            0.2493670722775618,
            0.23715311443191975,
            0.22561806208046217,
            0.21476267116831038,
            0.20458362186327683,
            0.1950739140619304,
            0.18622325266973253,
            0.17801841992696704,
            0.17044363296425774,
            0.16348088551745893,
            0.15711027331228522,
            0.1513103030499891,
            0.14605818520624117,
            0.14133011100069157,
            0.13710151393681935,
            0.1333473162569148,
            0.13004216053404127,
            0.12716062645158124,
            0.12467743261997392,
            0.12256762307240877,
            0.12080673788831517,
            0.11937096722854244,
            0.11823728795067533,
            0.11738358191692957,
            0.11678873512206148,
            0.11643271685719049,
            0.11629663829578869,
            0.11636279012670435,
            0.11661465916918554
        ]
    },
    "CPU_time": {
        "derivatives": 0.05497598648071289,
        "buildingVn": 3.845319986343384,
        "assembling_C": 0,