{
    "geometry1": "curvedcubic",
    "geometry2": "large",
    "ope": "b2p_tang_ipp",
    "lc": 0.015,
    "dimP": 2,
    "dimQ": 2,
    "N": 13,
    "f0": 1000,
    "BSP": true,
    "frequencies": [
        80,
        100,
        120,
        140,
        160,
        180,
        200,
        220,
        240,
        260,
        280,
        300,
        320,
        340,
        360,
        380,
        400,
        420,
        440,
        460,
        480,
        500,
        520,
        540,
        560,
        580,
        600,
        620,
        640,
        660,
        680,
        700,
        720,
        740,
        760,
        780,
        800,
        820,
        840,
        860,
        880,
        900,
        920,
        940,
        960,
        980,
        1000,
        1020,
        1040,
        1060,
        1080,
        1100,
        1120,
        1140,
        1160,
        1180,
        1200,
        1220,
        1240,
        1260,
        1280,
        1300,
        1320,
        1340,
        1360,
        1380,
        1400,
        1420,
        1440,
        1460,
        1480,
        1500,
        1520,
        1540,
        1560,
        1580,
        1600,
        1620,
        1640,
        1660,
        1680,
        1700,
        1720,
        1740,
        1760,
        1780,
        1800,
        1820,
        1840,
        1860,
        1880,
        1900,
        1920,
        1940,
        1960,
        1980,
        2000
    ],
    "Z_center": {
        "real": [
            0.0027775498330356676,
            0.004128355624692892,
            0.006211392264366955,
            0.00924892271013349,
            0.013676267940570374,
            0.020255611134577398,
            0.030186787577838964,
            0.045160029995230354,
            0.06707585514355602,
            0.09693277723327799,
            0.13283118239647773,
            0.16909872020495934,
            0.1993837624319771,
            0.22127838973510885,
            0.23682798642167738,
            0.24964022817353815,
            0.2626715364369684,
            0.27769499705663575,
            0.29552441298528187,
            0.31631878830340865,
            0.3397928655851999,
            0.365359490981641,
            0.3922562144115616,
            0.41968123649025213,
            0.4469298470908936,
            0.4735022053906142,
            0.49915535735887717,
            0.5238919086171581,
            0.5478999411197837,
            0.5714704887523764,
            0.5949172535193951,
            0.6185138563758936,
            0.6424539324254219,
            0.6668327523423729,
            0.6916461558018865,
            0.7168020356076235,
            0.742139945650714,
            0.7674548149572079,
            0.7925211155890701,
            0.817114412780764,
            0.8410282608806102,
            0.8640858163310855,
            0.8861468586521096,
            0.9071115500656529,
            0.9269219238435548,
            0.9455610772982631,
            0.9630491973174629,
            0.9794357146407068,
            0.994788248172614,
            1.0091807754025126,
            1.022684344170976,
            1.0353627499237732,
            1.0472731903002548,
            1.0584692131333309,
            1.0690017127004865,
            1.0789141060574163,
            1.0882300920051204,
            1.0969359517541832,
            1.1049633294575267,
            1.1121816312632138,
            1.118409742545708,
            1.123452389062471,
            1.1271560460050751,
            1.1294655802575602,
            1.1304536156643972,
            1.1302991792776804,
            1.1292131534119085,
            1.1273361628343008,
            1.1246533706244477,
            1.1209686158713024,
            1.1159582458587136,
            1.1092937623301955,
            1.1007955879228564,
            1.0905685506236522,
            1.0790776707019523,
            1.0671467661844818,
            1.0558909015696951,
            1.0466136382203348,
            1.040704174986201,
            1.0395597024127203,
            1.044542232633272,
            1.0569639786071057,
            1.0780839764859533,
            1.1090897039526668,
            1.1510273013240175,
            1.2046292732717236,
            1.2699696356751597,
            1.345864823509866,
            1.4289711469746942,
            1.5126845656620893,
            1.5863228794119462,
            1.635613313248771,
            1.6456760465410774,
            1.6064615345907283,
            1.517936845008958,
            1.3909927525955668,
            1.242927696518509
        ],
        "imag": [
            0.1113874715441594,
            0.14058977146455867,
            0.17101134504688878,
            0.2030415391973535,
            0.23701119700309148,
            0.2731871552193439,
            0.31161665639212244,
            0.35174889470516296,
            0.39179145971635954,
            0.4281354147603069,
            0.45607312969833713,
            0.4729435495364646,
            0.4812087210208383,
            0.4868385743090587,
            0.4947862954710658,
            0.5069524163140224,
            0.5230014626187287,
            0.5416676241738615,
            0.5615099062769031,
            0.5812115931140657,
            0.599688427700767,
            0.6161465688130363,
            0.6301258179191513,
            0.6415142750522814,
            0.6505127917735294,
            0.6575452333464809,
            0.6631351884098802,
            0.6677836268165935,
            0.6718777407146244,
            0.6756448235528146,
            0.6791481934211336,
            0.6823125576119197,
            0.6849645684099827,
            0.6868772949771781,
            0.6878113879316401,
            0.6875489281864309,
            0.6859179869004909,
            0.682807227461522,
            0.6781709798641089,
            0.6720263163676508,
            0.664444558827507,
            0.6555399558630612,
            0.6454577395758212,
            0.6343626112414662,
            0.6224275673770977,
            0.609822606088065,
            0.5967035437588349,
            0.5832024312433932,
            0.5694218158491293,
            0.5554344487763073,
            0.5412880229003024,
            0.5270122336273853,
            0.5126243242295989,
            0.49813011578100214,
            0.4835200342981353,
            0.4687627271971985,
            0.4538012645335845,
            0.4385577197464655,
            0.4229505046619962,
            0.4069247732283034,
            0.39048963338373965,
            0.3737484997768155,
            0.3569047615540218,
            0.34022939172420247,
            0.323992674376873,
            0.3083836178364894,
            0.2934550814341575,
            0.27912825579019584,
            0.2652661612144366,
            0.25179436365595703,
            0.2388243143946999,
            0.22673082610156015,
            0.21615099784379888,
            0.20790043104982217,
            0.20283201413974133,
            0.20168033781306516,
            0.204933686197984,
            0.21275799799352219,
            0.22497353906959297,
            0.2410663111346715,
            0.26020786085575787,
            0.2812579740511142,
            0.3027303530399846,
            0.3227082524463638,
            0.338705061257452,
            0.34747854635826925,
            0.3448373650707621,
            0.3255410734838588,
            0.28350556543485905,
            0.21266628995440284,
            0.1088908833204146,
            -0.027049629773444845,
            -0.1865585877253161,
            -0.3527781158600104,
            -0.5046654357661053,
            -0.6242231712777907,
            -0.7022322389555072
        ]
    },
    "CPU_time": {
        "derivatives": 0.29222917556762695,
        "buildingVn": 51.76557493209839,
        "assembling_C": 0,