{
    "geometry1": "curvedcubic",
    "geometry2": "small",
    "ope": "b2p_tang_ipp",
    "lc": 0.015,
    "dimP": 2,
    "dimQ": 2,
    "N": 41,
    "f0": 1000,
    "BSP": true,
    "frequencies": [
        80,
        100,
        120,
        140,
        160,
        180,
        200,
        220,
        240,
        260,
        280,
        300,
        320,
        340,
        360,
        380,
        400,
        420,
        440,
        460,
        480,
        500,
        520,
        540,
        560,
        580,
        600,
        620,
        640,
        660,
        680,
        700,
        720,
        740,
        760,
        780,
        800,
        820,
        840,
        860,
        880,
        900,
        920,
        940,
        960,
        980,
        1000,
        1020,
        1040,
        1060,
        1080,
        1100,
        1120,
        1140,
        1160,
        1180,
        1200,
        1220,
        1240,
        1260,
        1280,
        1300,
        1320,
        1340,
        1360,
        1380,
        1400,
        1420,
        1440,
        1460,
        1480,
        1500,
        1520,
        1540,
        1560,
        1580,
        1600,
        1620,
        1640,
        1660,
        1680,
        1700,
        1720,
        1740,
        1760,
        1780,
        1800,
        1820,
        1840,
        1860,
        1880,
        1900,
        1920,
        1940,
        1960,
        1980,
        2000
    ],
    "Z_center": {
        "real": [
            0.011631494623746364,
            0.019631346342017138,
            0.029613013060279872,
            0.04117278667569422,
            0.053904685337646426,
            0.06748286524047149,
            0.08168007600283038,
            0.0963547336595452,
            0.11142960470439663,
            0.12687224734316271,
            0.14267994927278205,
            0.1588689424953854,
            0.1754668992988866,
            0.19250773943666183,
            0.21002800649608994,
            0.22806429507319415,
            0.2466513800772538,
            0.265820816856921,
            0.2855998591428554,
            0.3060105936781727,
            0.32706922513110415,
            0.3487854686535868,
            0.3711620241980427,
            0.39419411885378275,
            0.4178691125152069,
            0.44216616901373657,
            0.4670559999747572,
            0.49250069235979727,
            0.5184536330979919,
            0.5448595454230968,
            0.571654651558023,
            0.5987669752020589,
            0.6261167949058953,
            0.6536172559054741,
            0.6811751434344102,
            0.7086918151022191,
            0.7360642838610669,
            0.763186436673527,
            0.7899503676090804,
            0.8162477981259234,
            0.8419715521379304,
            0.8670170495055753,
            0.8912837791412384,
            0.9146767122116003,
            0.937107617068565,
            0.9584962405297331,
            0.978771324804262,
            0.9978714354599977,
            1.0157455829686923,
            1.0323536281248913,
            1.0476664695327966,
            1.0616660189515075,
            1.0743449771702553,
            1.0857064289262446,
            1.0957632799470451,
            1.104537562371642,
            1.1120596365571904,
            1.1183673176790079,
            1.123504954734355,
            1.127522487749863,
            1.130474506415085,
            1.1324193302461518,
            1.1334181269625985,
            1.1335340822470605,
            1.1328316306207025,
            1.1313757539585552,
            1.129231351280322,
            1.126462680952684,
            1.123132874366389,
            1.1193035185025482,
            1.1150343035617543,
            1.110382730986368,
            1.1054038766766703,
            1.1001502039859379,
            1.094671421087989,
            1.0890143775183665,
            1.0832229950365126,
            1.0773382284046569,
            1.071398052184596,
            1.065437470191089,
            1.0594885447673486,
            1.053580443555773,
            1.047739501892714,
            1.0419892993524325,
            1.0363507492860797,
            1.0308422004464992,
            1.0254795499433123,
            1.020276366852398,
            1.0152440257960889,
            1.0103918497346656,
            1.0057272610724062,
            1.0012559399939567,
            0.996981988728262,
            0.992908100202783,
            0.9890357293193232,
            0.9853652648718547,
            0.9818961999544449
        ],
        "imag": [
            0.12918729865744003,
            0.16114207360042537,
            0.19200237156044925,
            0.22149032277167294,
            0.24953939737249758,
            0.27622103688347704,
            0.3016717030374312,
            0.3260443435651856,
            0.3494826425157032,
            0.3721099270536337,
            0.39402592837004546,
            0.4153072276529901,
            0.43600918312298,
            0.4561682820006917,
            0.47580445781163655,
            0.49492320159439235,
            0.5135174265023026,
            0.5315691004994024,
            0.549050682232141,
            0.5659264002291923,
            0.5821534143290641,
            0.5976828945652812,
            0.612461048285564,
            0.6264301216140569,
            0.6395293966491339,
            0.6516962010115108,
            0.6628669414824941,
            0.6729781684688437,
            0.6819676728911548,
            0.6897756118892326,
            0.6963456545435617,
            0.7016261337914856,
            0.7055711860549019,
            0.7081418560124852,
            0.7093071406984123,
            0.7090449449211831,
            0.7073429191049411,
            0.7041991512183478,
            0.6996226865892937,
            0.6936338530987377,
            0.6862643744149157,
            0.6775572603591624,
            0.6675664708661154,
            0.656356357921133,
            0.6440008978663755,
            0.6305827340826687,
            0.6161920568215666,
            0.6009253524761247,
            0.5848840585303544,
            0.5681731626240504,
            0.5508997845488626,
            0.5331717786162237,
            0.5150963908889326,
            0.49677900152732973,
            0.47832197729161335,
            0.4598236534476708,
            0.44137745829982583,
            0.4230711876630309,
            0.4049864310783135,
            0.3871981466866592,
            0.3697743775670843,
            0.35277609909645924,
            0.3362571845187382,
            0.32026447439328826,
            0.3048379348477618,
            0.29001088948932924,
            0.2758103103138155,
            0.2622571538679057,
            0.24936673014718558,
            0.23714909314123592,
            0.22560944346461556,
            0.21474853506221966,
            0.20456307947717128,
            0.1950461425742788,
            0.18618752988185078,
            0.17797415782744166,
            0.17039040908860362,
            0.16341847105152152,
            0.15703865697358613,
            0.15122970989033396,
            0.14596908960204563,
            0.14123324324392866,
            0.13699785999501868,
            0.13323811044321582,
            0.12992887101067138,
            0.12704493368022476,
            0.12456120106913629,
            0.12245286668900073,
            0.12069558003352433,
            0.11926559596388316,
            0.1181399077280982,
            0.11729636287582616,
            0.11671376131479612,
            0.11637193481089486,
            0.11625180736193573,
            0.11633543607082066,
            0.1166060324046536
        ]
    },
    "CPU_time": {
        "derivatives": 0.05420494079589844,
        "buildingVn": 3.4091689586639404,
        "assembling_C": 0,