{
    "geometry1": "curvedcubic",
    "geometry2": "small",
    "ope": "b2p_tang_ipp",
    "lc": 0.015,
    "dimP": 2,
    "dimQ": 2,
    "N": 55,
    "f0": 1000,
    "BSP": true,
    "frequencies": [
        80,
        100,
        120,
        140,
        160,
        180,
        200,
        220,
        240,
        260,
        280,
        300,
        320,
        340,
        360,
        380,
        400,
        420,
        440,
        460,
        480,
        500,
        520,
        540,
        560,
        580,
        600,
        620,
        640,
        660,
        680,
        700,
        720,
        740,
        760,
        780,
        800,
        820,
        840,
        860,
        880,
        900,
        920,
        940,
        960,
        980,
        1000,
        1020,
        1040,
        1060,
        1080,
        1100,
        1120,
        1140,
        1160,
        1180,
        1200,
        1220,
        1240,
        1260,
        1280,
        1300,
        1320,
        1340,
        1360,
        1380,
        1400,
        1420,
        1440,
        1460,
        1480,
        1500,
        1520,
        1540,
        1560,
        1580,
        1600,
        1620,
        1640,
        1660,
        1680,
        1700,
        1720,
        1740,
        1760,
        1780,
        1800,
        1820,
        1840,
        1860,
        1880,
        1900,
        1920,
        1940,
        1960,
        1980,
        2000
    ],
    "Z_center": {
        "real": [
            0.014610094791211826,
            0.022112791149398865,
            0.031165178472846302,
            0.041746393245943016,
            0.053673417437953105,
            0.06667504919744731,
            0.08049815032173427,
            0.0949598405933756,
            0.10994613046662928,
            0.12539357353875305,
            0.14127300202327264,
            0.15757841514315976,
            0.17431950342586133,
            0.19151629628285644,
            0.2091950964596702,
            0.2273852962994411,
            0.24611686273771566,
            0.26541835105025197,
            0.28531533660688096,
            0.30582917139102456,
            0.3269759880803883,
            0.3487658907914767,
            0.3712022874300298,
            0.3942813330045214,
            0.41799146568587936,
            0.4423130276224717,
            0.4672179705990217,
            0.492669652685612,
            0.518622736245749,
            0.5450232001798124,
            0.5718084802123435,
            0.5989077504553713,
            0.6262423575031004,
            0.6537264150303216,
            0.6812675624199322,
            0.7087678855339248,
            0.7361249916211774,
            0.7632332238406642,
            0.7899849943473037,
            0.8162722087440669,
            0.8419877493605705,
            0.8670269806696128,
            0.8912892375301602,
            0.9146792560845302,
            0.9371085081740792,
            0.9584964030489993,
            0.9787713248043031,
            0.9978714800941567,
            1.0157455378918805,
            1.0323530509319923,
            1.0476646565114858,
            1.06166206208665,
            1.074337828149914,
            1.0856949668798204,
            1.095746379775867,
            1.1045141607919569,
            1.1120287933335056,
            1.1183282699587875,
            1.1234571628619108,
            1.127465671421605,
            1.1304086705047305,
            1.1323447800631095,
            1.133335473094435,
            1.1334442354646082,
            1.1327357875916906,
            1.1312753747196338,
            1.1291281295599462,
            1.1263585085290024,
            1.1230298006826713,
            1.1192037067643066,
            1.1149399845116899,
            1.1102961554918496,
            1.1053272681951332,
            1.1000857118860803,
            1.0946210757129147,
            1.0889800477830005,
            1.08320634925722,
            1.0773406989680425,
            1.0714208045755524,
            1.0654813768172027,
            1.0595541639380681,
            1.0536680039014443,
            1.0478488924343425,
            1.04212006536493,
            1.0365020940256995,
            1.0310129927420677,
            1.0256683375765792,
            1.0204813955756324,
            1.0154632637522074,
            1.0106230169619974,
            1.005967863684266,
            1.0015033085347815,
            0.9972333201140092,
            0.9931605025648879,
            0.9892862689866964,
            0.985611014648822,
            0.9821342877898499
        ],
        "imag": [
            0.1288053867872654,
            0.15986440202145377,
            0.19008130715436322,
            0.21933691690371876,
            0.2474852418281331,
            0.2744515402740337,
            0.3002656158789756,
            0.32501949794039425,
            0.3488223117654876,
            0.3717771967349226,
            0.39397311627215276,
            0.41548274559638654,
            0.43636235296508263,
            0.45665235894593775,
            0.4763782214887673,
            0.4955515287660424,
            0.5141712188182412,
            0.5322248543427885,
            0.5496898966742401,
            0.5665349435643978,
            0.5827209149405533,
            0.5982021860225071,
            0.6129276771983284,
            0.6268419153971124,
            0.6398860833622761,
            0.6519990722100591,
            0.6631185497922892,
            0.6731820532781616,
            0.6821281094955817,
            0.6898973812585343,
            0.6964338324439696,
            0.7016858992023975,
            0.7056076496679079,
            0.7081599100982339,
            0.7093113318088429,
            0.7090393708041113,
            0.7073311508780424,
            0.7041841813415759,
            0.6996069025212439,
            0.6936190357930497,
            0.6862517200450214,
            0.6775474229202121,
            0.6675596226311915,
            0.65635226418031,
            0.6439990019792531,
            0.6305822486587292,
            0.6161920568214482,
            0.6009248661935842,
            0.5848821527623443,
            0.5681690188352405,
            0.5508927634515632,
            0.5331614712777122,
            0.5150826552041557,
            0.4967619836080886,
            0.47830211799674044,
            0.45980168086915996,
            0.4413543675165583,
            0.42304820945747074,
            0.4049649915760654,
            0.3871798200326,
            0.3697608337987424,
            0.3527690493298013,
            0.3362583254426033,
            0.3202754338909223,
            0.3048602203445301,
            0.2900458403844902,
            0.27585905560042207,
            0.26232057579417034,
            0.24944543453278464,
            0.2372433867393399,
            0.22571931855941957,
            0.21487366131725513,
            0.2047028028970737,
            0.19519949131688788,
            0.18635322655370903,
            0.1781506378113775,
            0.1705758443869314,
            0.16361079907714365,
            0.15723561368119476,
            0.15142886661122895,
            0.14616789292240998,
            0.14142905724917712,
            0.1371880101887725,
            0.13341992863828422,
            0.1300997404808242,
            0.1272023338556468,
            0.12470275105547199,
            0.12257636689239775,
            0.12079905118116958,
            0.11934731482524043,
            0.11819843886920287,
            0.11733058581442941,
            0.11672289249727509,
            0.1163555438978695,
            0.11620982739257167,
            0.11626816717679911,
            0.11651413885876331
        ]
    },
    "CPU_time": {
        "derivatives": 0.05489683151245117,
        "buildingVn": 4.4558491706848145,
        "assembling_C": 0,