{
    "geometry1": "curvedcubic",
    "geometry2": "small",
    "ope": "b2p_tang_ipp",
    "lc": 0.015,
    "dimP": 2,
    "dimQ": 2,
    "N": 27,
    "f0": 1000,
    "BSP": true,
    "frequencies": [
        80,
        100,
        120,
        140,
        160,
        180,
        200,
        220,
        240,
        260,
        280,
        300,
        320,
        340,
        360,
        380,
        400,
        420,
        440,
        460,
        480,
        500,
        520,
        540,
        560,
        580,
        600,
        620,
        640,
        660,
        680,
        700,
        720,
        740,
        760,
        780,
        800,
        820,
        840,
        860,
        880,
        900,
        920,
        940,
        960,
        980,
        1000,
        1020,
        1040,
        1060,
        1080,
        1100,
        1120,
        1140,
        1160,
        1180,
        1200,
        1220,
        1240,
        1260,
        1280,
        1300,
        1320,
        1340,
        1360,
        1380,
        1400,
        1420,
        1440,
        1460,
        1480,
        1500,
        1520,
        1540,
        1560,
        1580,
        1600,
        1620,
        1640,
        1660,
        1680,
        1700,
        1720,
        1740,
        1760,
        1780,
        1800,
        1820,
        1840,
        1860,
        1880,
        1900,
        1920,
        1940,
        1960,
        1980,
        2000
    ],
    "Z_center": {
        "real": [
            0.0181570617394228,
            0.026349577320250585,
            0.03575988116118513,
            0.046330859515975424,
            0.05805578916269187,
            0.07094320587201874,
            0.08490931040750295,
            0.09966921991427873,
            0.11480480133358101,
            0.1300108436428887,
            0.14523728319679213,
            0.16061077352983968,
            0.176300573997267,
            0.19244870976434642,
            0.2091570592734302,
            0.22649543173265468,
            0.2445116816268098,
            0.2632387708887652,
            0.2826987991688012,
            0.30290502875293035,
            0.32386276804718467,
            0.34556966214617846,
            0.36801570444646375,
            0.39118314082263095,
            0.4150463581631008,
            0.43957180626468845,
            0.4647179797309351,
            0.49043547513927505,
            0.516667133085834,
            0.5433482719499466,
            0.5704070187580026,
            0.597764741513279,
            0.6253365862832733,
            0.6530321209286722,
            0.6807560854559529,
            0.7084092465300318,
            0.7358893507066502,
            0.7630921675287718,
            0.7899126099163211,
            0.8162459154703572,
            0.8419888686410065,
            0.8670410404339558,
            0.8913060197145543,
            0.914692608442773,
            0.9371159525349115,
            0.9584985806212035,
            0.9787713248043208,
            0.99787410057537,
            1.015756527186092,
            1.0323783747985968,
            1.0477098303582593,
            1.061731580059038,
            1.074434712152832,
            1.0858204493905423,
            1.095899725284857,
            1.10469262243811,
            1.112227694222798,
            1.1185411930650495,
            1.1236762294585831,
            1.1276818856881397,
            1.1306123071889667,
            1.1325257926675196,
            1.1334839017368734,
            1.1335505960662093,
            1.1327914270879276,
            1.131272780311175,
            1.1290611833962991,
            1.1262226824618338,
            1.1228222887039916,
            1.1189234953593463,
            1.1145878633596293,
            1.1098746727159987,
            1.1048406357130751,
            1.0995396673603597,
            1.0940227082057312,
            1.0883375945121798,
            1.08252897089681,
            1.0766382407777884,
            1.0707035503287528,
            1.0647598020625895,
            1.0588386946165815,
            1.0529687857618097,
            1.0471755760805947,
            1.041481611129221,
            1.035906600210316,
            1.0304675501097158,
            1.0251789123040869,
            1.020052742211408,
            1.0150988690471532,
            1.0103250747686208,
            1.0057372804547813,
            1.001339738290964,
            0.9971352271309271,
            0.9931252494083932,
            0.9893102269904973,
            0.985689693425247,
            0.9822624799526615
        ],
        "imag": [
            0.1250604396431863,
            0.1536983657077458,
            0.18117241359867256,
            0.20753272973015216,
            0.23290360296683946,
            0.25752297628576093,
            0.2817421978703152,
            0.30589346959870817,
            0.3300747589105388,
            0.35410475903436045,
            0.37771318354655753,
            0.4007181534108455,
            0.42305405795863527,
            0.4447225337586325,
            0.465745820640459,
            0.48614217228223205,
            0.505916891400795,
            0.5250608320229881,
            0.5435517239346139,
            0.5613562806662558,
            0.578432336204062,
            0.5947307877213827,
            0.6101973162652657,
            0.6247739171097217,
            0.6384002821170695,
            0.6510150713526773,
            0.6625571024908466,
            0.6729664781447068,
            0.6821856640986413,
            0.69016052549271,
            0.6968413230432235,
            0.7021836671396183,
            0.706149423964669,
            0.7087075645751298,
            0.7098349451634814,
            0.7095170045578911,
            0.7077483635211469,
            0.704533309692304,
            0.6998861521938619,
            0.6938314310836368,
            0.6864039690025443,
            0.6776487555299482,
            0.6676206588156046,
            0.6563839638405287,
            0.6440117419395813,
            0.6305850617104664,
            0.6161920568216196,
            0.6009268711906056,
            0.5848885062349707,
            0.5681795981342838,
            0.5509051551004939,
            0.5331712854180531,
            0.515083946469129,
            0.4967477431704864,
            0.4782648013635333,
            0.45973373793102307,
            0.4412487450124786,
            0.4228988009335045,
            0.4047670156166574,
            0.3869301135560664,
            0.3694580531241597,
            0.352413777200325,
            0.33585308697767746,
            0.31982462837833775,
            0.3043699787961229,
            0.28952382086134254,
            0.2753141895223038,
            0.26176277887964583,
            0.24888529579136948,
            0.23669184819183187,
            0.225187357231692,
            0.21437198365696275,
            0.2042415602210522,
            0.19478802329401806,
            0.18599983814218435,
            0.17786241355659452,
            0.17035850257848298,
            0.16346858699042538,
            0.15717124399712398,
            0.15144349411897437,
            0.14626112976154115,
            0.14159902422618434,
            0.13743142110209716,
            0.13373220404823885,
            0.1304751469621886,
            0.12763414445624907,
            0.12518342245115163,
            0.12309772857296274,
            0.12135250192279237,
            0.11992402170060007,
            0.11878953412355936,
            0.1179273570952329,
            0.1173169621697981,
            0.11693903351112152,
            0.11677550378024235,
            0.11680956718062756,
            0.11702567024341941
        ]
    },
    "CPU_time": {
        "derivatives": 0.055223703384399414,
        "buildingVn": 2.5731561183929443,
        "assembling_C": 0,