{
    "geometry1": "curvedcubic",
    "geometry2": "small",
    "ope": "b2p_tang_ipp",
    "lc": 0.015,
    "dimP": 2,
    "dimQ": 2,
    "N": 20,
    "f0": 1000,
    "BSP": true,
    "frequencies": [
        80,
        100,
        120,
        140,
        160,
        180,
        200,
        220,
        240,
        260,
        280,
        300,
        320,
        340,
        360,
        380,
        400,
        420,
        440,
        460,
        480,
        500,
        520,
        540,
        560,
        580,
        600,
        620,
        640,
        660,
        680,
        700,
        720,
        740,
        760,
        780,
        800,
        820,
        840,
        860,
        880,
        900,
        920,
        940,
        960,
        980,
        1000,
        1020,
        1040,
        1060,
        1080,
        1100,
        1120,
        1140,
        1160,
        1180,
        1200,
        1220,
        1240,
        1260,
        1280,
        1300,
        1320,
        1340,
        1360,
        1380,
        1400,
        1420,
        1440,
        1460,
        1480,
        1500,
        1520,
        1540,
        1560,
        1580,
        1600,
        1620,
        1640,
        1660,
        1680,
        1700,
        1720,
        1740,
        1760,
        1780,
        1800,
        1820,
        1840,
        1860,
        1880,
        1900,
        1920,
        1940,
        1960,
        1980,
        2000
    ],
    "Z_center": {
        "real": [
            0.01718293031480559,
            0.026215949359213515,
            0.03673489795940192,
            0.04839326536339953,
            0.06089682403905741,
            0.07402176155413351,
            0.08761082758358814,
            0.10156542021879145,
            0.11583652700350222,
            0.13041509336461715,
            0.1453222686693032,
            0.1606001065137883,
            0.17630326614684375,
            0.19249207735690613,
            0.20922709566604378,
            0.22656507606629783,
            0.24455617029179363,
            0.2632421031668693,
            0.28265508704240505,
            0.3028172659484635,
            0.32374052427388045,
            0.3454265371284195,
            0.36786697557236675,
            0.39104380807303546,
            0.4149296603938474,
            0.4394882110298413,
            0.4646746097800359,
            0.4904359143971646,
            0.5167115454524374,
            0.5434337632509786,
            0.570528173221823,
            0.5979142678825785,
            0.6255060143055108,
            0.6532124959977452,
            0.6809386172261546,
            0.7085858760651818,
            0.7360532098526321,
            0.763237913389358,
            0.790036626258689,
            0.8163463812728144,
            0.8420657015329697,
            0.8670957292025758,
            0.8913413651512115,
            0.9147123954221686,
            0.9371245782799545,
            0.9585006646101417,
            0.9787713248043655,
            0.9978759570067185,
            1.015763354661621,
            1.0323922155313685,
            1.0477314795000883,
            1.0617604882473062,
            1.0744689659091733,
            1.0858568257985637,
            1.095933813791837,
            1.1047190038212547,
            1.1122401648142823,
            1.1185330212517224,
            1.1236404312085375,
            1.1276115063148915,
            1.130500697609124,
            1.1323668698918754,
            1.1332723851045021,
            1.1332822126396664,
            1.1324630815457755,
            1.130882686497313,
            1.1286089563324433,
            1.1257093910477418,
            1.1222504704909089,
            1.1182971356782325,
            1.113912341728769,
            1.1091566798651418,
            1.1040880647770401,
            1.0987614828523944,
            1.0932287963172205,
            1.0875385981433532,
            1.081736112634213,
            1.075863136832253,
            1.0699580182590944,
            1.0640556649515456,
            1.0581875842540431,
            1.0523819473296618,
            1.046663676827178,
            1.0410545555621424,
            1.035573354414555,
            1.0302359778990628,
            1.0250556260162311,
            1.0200429710415828,
            1.0152063478551376,
            1.010551956267363,
            1.0060840735712426,
            1.001805275262694,
            0.9977166615492304,
            0.9938180869317169,
            0.990108389829041,
            0.9865856189469325,
            0.9832472528970541
        ],
        "imag": [
            0.13258179786527985,
            0.16353448702064954,
            0.19302578520870492,
            0.22110628744616564,
            0.24786451441643698,
            0.27342257529480757,
            0.297921807519526,
            0.32150825932494387,
            0.3443207497314201,
            0.3664820123423068,
            0.38809294126699057,
            0.40922969790686253,
            0.42994319901080474,
            0.45026036043970896,
            0.47018645635345957,
            0.4897080436169688,
            0.5087960422691412,
            0.5274087073485844,
            0.5454943473844083,
            0.5629937309879094,
            0.579842177375234,
            0.5959713564783385,
            0.6113108374699004,
            0.625789427626061,
            0.6393363411827064,
            0.6518822331723962,
            0.6633601278278838,
            0.6737062657921569,
            0.6828608893651065,
            0.6907689803552192,
            0.6973809606939482,
            0.7026533617242869,
            0.70654946392896,
            0.7090399048379634,
            0.7101032490233355,
            0.7097265105855133,
            0.7079056155347567,
            0.7046457891602288,
            0.6999618520456741,
            0.6938784079916096,
            0.6864299078461376,
            0.6776605751774702,
            0.6676241828011878,
            0.6563836732905232,
            0.6440106215448129,
            0.6305845430014136,
            0.6161920568215784,
            0.600925919010099,
            0.5848839455822814,
            0.568167850243768,
            0.5508820243274266,
            0.5331322887387213,
            0.5150246482974804,
            0.49666407812579166,
            0.4781533697074171,
            0.45959206111090367,
            0.4410754718604587,
            0.4226938583346723,
            0.4045317006639634,
            0.3866671271681574,
            0.36917147767891423,
            0.352109002839056,
            0.3355366928206393,
            0.3195042259533877,
            0.30405402555335853,
            0.2892214117815616,
            0.2750348345999036,
            0.26151617375117875,
            0.2486810920739536,
            0.23653942926642946,
            0.22509562432462396,
            0.21434915619713893,
            0.2042949936235061,
            0.19492404657593174,
            0.1862236131342194,
            0.17817781693889193,
            0.17076803154822423,
            0.1639732890450621,
            0.15777067108382253,
            0.15213568123336274,
            0.14704259796132543,
            0.14246480793027155,
            0.13837511945322287,
            0.13474605600647518,
            0.13155012964491813,
            0.12876009403671038,
            0.12634917665804765,
            0.12429128949342948,
            0.12256121740001191,
            0.12113478314367546,
            0.11998898802223293,
            0.11910212697800977,
            0.11845387718342688,
            0.11802535926738014,
            0.11779917064089336,
            0.11775939077213574,
            0.11789155874201115
        ]
    },
    "CPU_time": {
        "derivatives": 0.05492520332336426,
        "buildingVn": 2.234604835510254,
        "assembling_C": 0,