{
    "geometry1": "curvedcubic",
    "geometry2": "small",
    "ope": "b2p_tang_ipp",
    "lc": 0.015,
    "dimP": 2,
    "dimQ": 2,
    "N": 23,
    "f0": 1000,
    "BSP": true,
    "frequencies": [
        80,
        100,
        120,
        140,
        160,
        180,
        200,
        220,
        240,
        260,
        280,
        300,
        320,
        340,
        360,
        380,
        400,
        420,
        440,
        460,
        480,
        500,
        520,
        540,
        560,
        580,
        600,
        620,
        640,
        660,
        680,
        700,
        720,
        740,
        760,
        780,
        800,
        820,
        840,
        860,
        880,
        900,
        920,
        940,
        960,
        980,
        1000,
        1020,
        1040,
        1060,
        1080,
        1100,
        1120,
        1140,
        1160,
        1180,
        1200,
        1220,
        1240,
        1260,
        1280,
        1300,
        1320,
        1340,
        1360,
        1380,
        1400,
        1420,
        1440,
        1460,
        1480,
        1500,
        1520,
        1540,
        1560,
        1580,
        1600,
        1620,
        1640,
        1660,
        1680,
        1700,
        1720,
        1740,
        1760,
        1780,
        1800,
        1820,
        1840,
        1860,
        1880,
        1900,
        1920,
        1940,
        1960,
        1980,
        2000
    ],
    "Z_center": {
        "real": [
            0.013516915794634751,
            0.019607880950823806,
            0.027289687420212847,
            0.037319445796660515,
            0.050381467236279925,
            0.06686485741259114,
            0.08635771903706566,
            0.10713885764471641,
            0.1267469787785317,
            0.14369128090140262,
            0.15825333897691513,
            0.17162661986279326,
            0.18490399007747402,
            0.198750712900801,
            0.2134858410832006,
            0.22923055149049945,
            0.24601074362766626,
            0.26381159097465584,
            0.28260278582134946,
            0.3023488615499688,
            0.32301261351886545,
            0.3445555843763987,
            0.3669374528651884,
            0.3901151350246037,
            0.4140419286177365,
            0.43866681762899545,
            0.46393396276649024,
            0.48978236914738277,
            0.5161457124400591,
            0.542952305157372,
            0.5701251888658849,
            0.5975823427743633,
            0.6252370031737194,
            0.6529980909831455,
            0.6807707460495135,
            0.7084569668646121,
            0.7359563531198029,
            0.7631669461911272,
            0.7899861594709283,
            0.8163117867093674,
            0.8420430725102628,
            0.8670818251702621,
            0.8913335484916368,
            0.9147085663521571,
            0.9371231119540985,
            0.9585003530124754,
            0.9787713248043785,
            0.9978757450280614,
            1.0157626877377595,
            1.0323910980746873,
            1.0477301348524,
            1.0617593339734923,
            1.074468591805798,
            1.085857973678155,
            1.0959373582416563,
            1.104725933292802,
            1.112251562559733,
            1.1185500457675293,
            1.1236642959697463,
            1.1276434586802087,
            1.1305419968500163,
            1.1324187643523804,
            1.1333360885369248,
            1.1333588797929421,
            1.1325537831133783,
            1.1309883835647019,
            1.1287304745044602,
            1.1258473944856713,
            1.1224054361460687,
            1.1184693280743718,
            1.1141017887137714,
            1.1093631498225074,
            1.1043110458521117,
            1.0990001648044794,
            1.0934820556505864,
            1.0878049871925977,
            1.0820138532804056,
            1.0761501194986098,
            1.0702518067799756,
            1.0643535078212023,
            1.058486432643908,
            1.0526784801140439,
            1.0469543326812396,
            1.0413355719944288,
            1.0358408133763228,
            1.0304858573804967,
            1.0252838568017635,
            1.02024549756414,
            1.0153791918701924,
            1.010691281872786,
            1.0061862519386537,
            1.0018669473289183,
            0.9977347968514234,
            0.9937900367636554,
            0.9900319329543653,
            0.9864589982287096,
            0.9830692013953937
        ],
        "imag": [
            0.12780595597306157,
            0.1593182646944727,
            0.1913577415883364,
            0.2237462578607188,
            0.25583216296601335,
            0.2864368988793948,
            0.31393268520245604,
            0.3370172318997405,
            0.35597521809294924,
            0.3727580189959553,
            0.38944209738277547,
            0.4070618348924737,
            0.4257127958671798,
            0.4450849010072145,
            0.4648064019145248,
            0.4845660601829041,
            0.5041292050955556,
            0.5233217513268646,
            0.5420108885456075,
            0.5600901162937009,
            0.5774692018499872,
            0.5940679173262954,
            0.6098123438709551,
            0.6246328309936271,
            0.6384629971062353,
            0.6512393774419463,
            0.6629014724784186,
            0.6733920438453146,
            0.6826575631559506,
            0.690648754885436,
            0.6973211956287441,
            0.702635944121549,
            0.7065601826868181,
            0.7090678534610356,
            0.7101402733080748,
            0.7097667107436638,
            0.707944907185175,
            0.7046815239369061,
            0.6999924959248125,
            0.6939032735819572,
            0.6864489356553608,
            0.6776741581370053,
            0.6676330280144649,
            0.6563886949816989,
            0.6440128594579546,
            0.6305851009686808,
            0.6161920568215883,
            0.6009264667166986,
            0.5848861041120089,
            0.5681726195023262,
            0.5508903239984203,
            0.5331449435260037,
            0.5150423745125566,
            0.49668747109579753,
            0.47818289176933676,
            0.4596280301649561,
            0.44111805058780273,
            0.4227430442620397,
            0.40458731729302017,
            0.38672881639556866,
            0.3692386937278195,
            0.3521810079133543,
            0.3356125546842401,
            0.3195828176348503,
            0.3041340273781575,
            0.2893013159408578,
            0.2751129524717222,
            0.26159064619351563,
            0.248749902904244,
            0.2366004221263174,
            0.22514652309641095,
            0.21438758908930342,
            0.2043185209740084,
            0.19493019233441644,
            0.18620989987863446,
            0.1781418041610892,
            0.1707073568098554,
            0.16388571146436362,
            0.15765411647036912,
            0.15198828804899178,
            0.14686276315551203,
            0.14225123158625794,
            0.1381268470921944,
            0.13446251733901324,
            0.13123117253666042,
            0.12840601247429406,
            0.12596073156624257,
            0.12386972136623635,
            0.12210824986888129,
            0.12065261681319639,
            0.1194802841534948,
            0.11856998088777514,
            0.11790178154374646,
            0.11745715782762887,
            0.11721900323894642,
            0.11717163084273707,
            0.11730074485521995
        ]
    },
    "CPU_time": {
        "derivatives": 0.05589580535888672,
        "buildingVn": 2.368745803833008,
        "assembling_C": 0,