{
    "geometry1": "curvedcubic",
    "geometry2": "large",
    "ope": "b2p_tang_ipp",
    "lc": 0.015,
    "dimP": 2,
    "dimQ": 2,
    "N": 70,
    "f0": 1000,
    "BSP": true,
    "frequencies": [
        80,
        100,
        120,
        140,
        160,
        180,
        200,
        220,
        240,
        260,
        280,
        300,
        320,
        340,
        360,
        380,
        400,
        420,
        440,
        460,
        480,
        500,
        520,
        540,
        560,
        580,
        600,
        620,
        640,
        660,
        680,
        700,
        720,
        740,
        760,
        780,
        800,
        820,
        840,
        860,
        880,
        900,
        920,
        940,
        960,
        980,
        1000,
        1020,
        1040,
        1060,
        1080,
        1100,
        1120,
        1140,
        1160,
        1180,
        1200,
        1220,
        1240,
        1260,
        1280,
        1300,
        1320,
        1340,
        1360,
        1380,
        1400,
        1420,
        1440,
        1460,
        1480,
        1500,
        1520,
        1540,
        1560,
        1580,
        1600,
        1620,
        1640,
        1660,
        1680,
        1700,
        1720,
        1740,
        1760,
        1780,
        1800,
        1820,
        1840,
        1860,
        1880,
        1900,
        1920,
        1940,
        1960,
        1980,
        2000
    ],
    "Z_center": {
        "real": [
            0.011155175842283,
            0.01661544363236624,
            0.023052340411447735,
            0.03078683638046463,
            0.040027164357111324,
            0.050897699243963694,
            0.06343314266496475,
            0.07757341875376991,
            0.09316748367312946,
            0.10998669052031952,
            0.12775764693552896,
            0.1462067802507405,
            0.16510918802628946,
            0.18432746531811217,
            0.20383029530681013,
            0.22368658296623678,
            0.244041683794943,
            0.2650813642120235,
            0.2869928836008116,
            0.30992898403485397,
            0.33397777943224566,
            0.3591414464479282,
            0.385324971411196,
            0.4123377071860624,
            0.43990903810132975,
            0.46771782374780707,
            0.4954329389042567,
            0.5227579516308352,
            0.5494717092920756,
            0.5754560384761496,
            0.6007047129459937,
            0.6253123521945587,
            0.6494462904994082,
            0.6733077145106287,
            0.6970896023484433,
            0.7209386540252501,
            0.7449269802543945,
            0.7690375623292259,
            0.7931651389569669,
            0.8171316820163098,
            0.8407129226192361,
            0.8636702718507019,
            0.885781865933082,
            0.9068674170351521,
            0.9268038327187351,
            0.9455310225579477,
            0.963049197309191,
            0.9794098213458639,
            0.994702418700853,
            1.0090389882920583,
            1.0225372931055283,
            1.0353040890695357,
            1.047419662237077,
            1.0589256862223422,
            1.069818892935492,
            1.0800527056386595,
            1.0895474643650052,
            1.0982074599939216,
            1.1059406831591283,
            1.1126761402244734,
            1.1183745004883923,
            1.123030427164799,
            1.1266681054824428,
            1.1293335506561637,
            1.1310874130593587,
            1.132000359632161,
            1.1321506301686877,
            1.131621659553777,
            1.1304974921634852,
            1.1288551437676848,
            1.126755276933486,
            1.1242338990843364,
            1.1212983589654921,
            1.1179295368113893,
            1.1140903836616582,
            1.109739016062214,
            1.1048435811713628,
            1.099395524913051,
            1.0934187675634945,
            1.0869732187435566,
            1.0801524999021737,
            1.0730765260951811,
            1.0658808581945303,
            1.0587035412001617,
            1.0516718725770855,
            1.0448883759177872,
            1.0384179339917392,
            1.0322774063560582,
            1.0264295967099601,
            1.0207852026542645,
            1.0152146785086695,
            1.0095713299508486,
            1.003722691903895,
            0.9975824568871667,
            0.9911362316017978,
            0.9844515178097044,
            0.9776704427749879
        ],
        "imag": [
            0.12208105464954917,
            0.15204658387793216,
            0.18204157360130102,
            0.21208857134779507,
            0.24204902074308188,
            0.2717053288760352,
            0.3007966661834785,
            0.3290545505287641,
            0.35623891467171076,
            0.38217382955238116,
            0.4067783724537709,
            0.4300790920766787,
            0.45220146435546027,
            0.47333654068179676,
            0.4936954670394443,
            0.5134611755718735,
            0.5327503125029842,
            0.5515908037117672,
            0.5699153818566233,
            0.5875699668830539,
            0.6043328751597586,
            0.6199423013919183,
            0.6341308087633043,
            0.6466619645133908,
            0.6573663209357783,
            0.6661697666768883,
            0.6731087072588798,
            0.6783271665144859,
            0.6820547659036,
            0.6845690594233919,
            0.6861497331271734,
            0.6870339877641601,
            0.6873814617238965,
            0.687254581458489,
            0.6866164515500707,
            0.6853452862662978,
            0.6832619681239858,
            0.6801655611538296,
            0.6758706490610569,
            0.6702400858449701,
            0.6632077017386793,
            0.6547876632785916,
            0.6450702755528406,
            0.6342068560842871,
            0.6223880579259626,
            0.6098202417664524,
            0.596703543774719,
            0.583213872873716,
            0.5694898178597121,
            0.5556246735186554,
            0.5416635718118783,
            0.5276058563623458,
            0.5134129873921577,
            0.4990219466991707,
            0.48436305108693506,
            0.4693795179504355,
            0.4540447678122535,
            0.4383732764597254,
            0.42242218791821884,
            0.40628368935570675,
            0.3900711420407546,
            0.3739037037400683,
            0.3578939554021168,
            0.342140832504575,
            0.3267274114637032,
            0.3117209871318774,
            0.29717274949016104,
            0.2831157033581311,
            0.26956172649745963,
            0.2565002042793646,
            0.24390070921022697,
            0.23172085117536975,
            0.219918245193436,
            0.208463958090483,
            0.1973538340771126,
            0.18661496090175697,
            0.17630547164025517,
            0.16650796134670973,
            0.15731792697532765,
            0.14882947294271306,
            0.14112138594244306,
            0.13424507380224554,
            0.1282161821315676,
            0.12301041479327172,
            0.11856326090263067,
            0.11477405812574473,
            0.11151452873937542,
            0.10864264122013995,
            0.10602111820104744,
            0.10353974986506481,
            0.10113806701983935,
            0.09882179951563083,
            0.0966688782413738,
            0.09481880845726276,
            0.09344678269973812,
            0.09272863078646476,
            0.09280335370225921
        ]
    },
    "CPU_time": {
        "derivatives": 0.28850221633911133,
        "buildingVn": 2274.9255228042603,
        "assembling_C": 0,