{
    "geometry1": "curvedcubic",
    "geometry2": "small",
    "ope": "b2p_tang_ipp",
    "lc": 0.015,
    "dimP": 2,
    "dimQ": 2,
    "N": 97,
    "f0": 1000,
    "BSP": true,
    "frequencies": [
        80,
        100,
        120,
        140,
        160,
        180,
        200,
        220,
        240,
        260,
        280,
        300,
        320,
        340,
        360,
        380,
        400,
        420,
        440,
        460,
        480,
        500,
        520,
        540,
        560,
        580,
        600,
        620,
        640,
        660,
        680,
        700,
        720,
        740,
        760,
        780,
        800,
        820,
        840,
        860,
        880,
        900,
        920,
        940,
        960,
        980,
        1000,
        1020,
        1040,
        1060,
        1080,
        1100,
        1120,
        1140,
        1160,
        1180,
        1200,
        1220,
        1240,
        1260,
        1280,
        1300,
        1320,
        1340,
        1360,
        1380,
        1400,
        1420,
        1440,
        1460,
        1480,
        1500,
        1520,
        1540,
        1560,
        1580,
        1600,
        1620,
        1640,
        1660,
        1680,
        1700,
        1720,
        1740,
        1760,
        1780,
        1800,
        1820,
        1840,
        1860,
        1880,
        1900,
        1920,
        1940,
        1960,
        1980,
        2000
    ],
    "Z_center": {
        "real": [
            0.014546969134804386,
            0.02251393581701891,
            0.03187752938309949,
            0.042463448953731046,
            0.05410904678919609,
            0.06666791356690391,
            0.08001522002429497,
            0.0940505758417302,
            0.1086982525218847,
            0.12390545095358917,
            0.13963938152102442,
            0.15588379571369196,
            0.1726354284483145,
            0.18990064039717794,
            0.20769241327360913,
            0.2260277539484344,
            0.2449255016338266,
            0.2644044984544358,
            0.2844820692797101,
            0.3051727546752587,
            0.32648724595640755,
            0.34843147998420165,
            0.37100586125237434,
            0.39420458864391905,
            0.41801507328585735,
            0.4424174418514702,
            0.4673841263168706,
            0.49287954652026583,
            0.518859895882971,
            0.5452730433077515,
            0.5720585655629004,
            0.5991479243573808,
            0.626464800810095,
            0.6539255971536808,
            0.68144011135151,
            0.7089123850093778,
            0.7362417187530897,
            0.7633238424210409,
            0.7900522203805845,
            0.8163194654438419,
            0.8420188287048704,
            0.8670457275951134,
            0.8912992709731402,
            0.9146837384340889,
            0.9371099714534029,
            0.9584966365039285,
            0.978771324804249,
            0.9978714596079252,
            1.0157449895342672,
            1.032350854898783,
            1.04765922278093,
            1.0616514951489173,
            1.0743201022418725,
            1.085668100198077,
            1.0957085973042928,
            1.1044640370567005,
            1.1119653684260065,
            1.1182511343586394,
            1.1233665087891862,
            1.1273623105116735,
            1.1302940194113773,
            1.1322208170944907,
            1.1332046701155398,
            1.133309470063376,
            1.132600240910902,
            1.131142420439964,
            1.1290012193322871,
            1.1262410587456837,
            1.1229250849093002,
            1.1191147574756566,
            1.1148695070405665,
            1.1102464563443444,
            1.105300199150619,
            1.100082630606129,
            1.0946428229529876,
            1.089026940744167,
            1.0832781901424353,
            1.0774367974183405,
            1.071540012358012,
            1.0656221329128963,
            1.0597145480338026,
            1.0538457962116312,
            1.0480416377707926,
            1.0423251394155504,
            1.0367167699015098,
            1.0312345059897061,
            1.0258939480312665,
            1.0207084446322092,
            1.0156892258620898,
            1.010845544404971,
            1.0061848239204683,
            1.0017128136936442,
            0.9974337484320268,
            0.9933505118237705,
            0.9894648022288283,
            0.9857772986506325,
            0.9822878249496669
        ],
        "imag": [
            0.12861482362002746,
            0.15927004654437768,
            0.18900640584128664,
            0.21776942516546538,
            0.24553761818157185,
            0.27231940766076534,
            0.29814682834795536,
            0.32306771610077484,
            0.3471381329211826,
            0.37041594044818066,
            0.3929558483286656,
            0.4148059231164436,
            0.43600536769700743,
            0.4565833132676305,
            0.47655836378385114,
            0.4959386656489797,
            0.5147223220871332,
            0.5328980191945277,
            0.5504457724657505,
            0.5673377361351569,
            0.5835390428122367,
            0.5990086586367143,
            0.61370025089368,
            0.6275630720756646,
            0.6405428678901386,
            0.6525828176000873,
            0.663624514022922,
            0.6736089880068579,
            0.6824777786306904,
            0.6901740460422239,
            0.6966437190364727,
            0.7018366644362152,
            0.7057078603635347,
            0.708218550863742,
            0.709337355383645,
            0.7090413036162384,
            0.7073167644984152,
            0.7041602379365336,
            0.6995789793049229,
            0.6935914299943001,
            0.6862274322411692,
            0.6775282129629244,
            0.667546129063001,
            0.656344175239732,
            0.6439952642225607,
            0.6305812980390665,
            0.616192056821416,
            0.6009239383193546,
            0.58487858627383,
            0.5681614488711487,
            0.5508803095004468,
            0.5331438310188807,
            0.5150601518603041,
            0.49673556789318857,
            0.47827332832320696,
            0.4597725675680841,
            0.4413273883288704,
            0.42302610445488,
            0.4049506459817359,
            0.38717612319442984,
            0.3697705419108215,
            0.3527946585037001,
            0.33630196050996186,
            0.3203387569773579,
            0.30494436188801016,
            0.29015135395623215,
            0.27598589668529006,
            0.26246810364195006,
            0.24961243532948724,
            0.23742811567388125,
            0.22591955788193513,
            0.21508679118138208,
            0.20492588163946604,
            0.19542934182871494,
            0.1865865255161368,
            0.1783840047827249,
            0.17080592801440528,
            0.16383435804499744,
            0.15744959038254344,
            0.15163045191984495,
            0.1463545808413563,
            0.1415986886026692,
            0.13733880490284409,
            0.13355050650819356,
            0.13020913065124712,
            0.12728997353072974,
            0.12476847421511128,
            0.12262038400235041,
            0.12082192106560641,
            0.11934990999534795,
            0.11818190569280371,
            0.11729630095534911,
            0.11667241705355454,
            0.11629057662921916,
            0.11613215835261316,
            0.1161796329505086,
            0.11641658046855209
        ]
    },
    "CPU_time": {
        "derivatives": 0.053803205490112305,
        "buildingVn": 8.747695207595825,
        "assembling_C": 0,