{
    "geometry1": "curvedcubic",
    "geometry2": "small",
    "ope": "b2p_tang_ipp",
    "lc": 0.015,
    "dimP": 2,
    "dimQ": 2,
    "N": 70,
    "f0": 1000,
    "BSP": true,
    "frequencies": [
        80,
        100,
        120,
        140,
        160,
        180,
        200,
        220,
        240,
        260,
        280,
        300,
        320,
        340,
        360,
        380,
        400,
        420,
        440,
        460,
        480,
        500,
        520,
        540,
        560,
        580,
        600,
        620,
        640,
        660,
        680,
        700,
        720,
        740,
        760,
        780,
        800,
        820,
        840,
        860,
        880,
        900,
        920,
        940,
        960,
        980,
        1000,
        1020,
        1040,
        1060,
        1080,
        1100,
        1120,
        1140,
        1160,
        1180,
        1200,
        1220,
        1240,
        1260,
        1280,
        1300,
        1320,
        1340,
        1360,
        1380,
        1400,
        1420,
        1440,
        1460,
        1480,
        1500,
        1520,
        1540,
        1560,
        1580,
        1600,
        1620,
        1640,
        1660,
        1680,
        1700,
        1720,
        1740,
        1760,
        1780,
        1800,
        1820,
        1840,
        1860,
        1880,
        1900,
        1920,
        1940,
        1960,
        1980,
        2000
    ],
    "Z_center": {
        "real": [
            0.014791710242837547,
            0.022721416206432414,
            0.03205264219640927,
            0.04261836049808674,
            0.054254205252105794,
            0.06681032427910946,
            0.08015863268737357,
            0.09419614737170105,
            0.10884529622464473,
            0.12405212691150803,
            0.139783264910803,
            0.15602230596359792,
            0.1727661290892599,
            0.19002143138631084,
            0.20780163984079753,
            0.22612425356067412,
            0.2450086067073622,
            0.2644740085472473,
            0.28453820323483103,
            0.3052160906261011,
            0.3265186551430507,
            0.3484520588220824,
            0.37101686493333347,
            0.3942073686467399,
            0.41801102046340577,
            0.442407936208813,
            0.46737049415534665,
            0.49286302527740167,
            0.5188416067188389,
            0.5452539712658997,
            0.5720395469486238,
            0.5991296408229578,
            0.6264477795136048,
            0.6539102162550072,
            0.6814266100315156,
            0.7089008771495983,
            0.7362322093831054,
            0.7633162460457961,
            0.7900463803282795,
            0.816315173430476,
            0.8420158438911282,
            0.8670437945107822,
            0.8912981357954998,
            0.9146831632274233,
            0.9371097460966966,
            0.9584965881479983,
            0.9787713248042685,
            0.9978714279638604,
            1.0157448969454461,
            1.0323507225914674,
            1.0476591203061676,
            1.0616515363709038,
            1.0743204397506723,
            1.0856689183857635,
            1.0957101043425537,
            1.1044664560160016,
            1.111968927772758,
            1.1182560580679732,
            1.1233730063136775,
            1.1273705668460419,
            1.1303041854986833,
            1.132233000816316,
            1.1332189281108371,
            1.133325800611448,
            1.1326185781034508,
            1.131162629852084,
            1.1290230953761051,
            1.126264323862921,
            1.1229493907223405,
            1.1191396879757456,
            1.1148945838447453,
            1.110271146002456,
            1.1053239224316405,
            1.1001047736362555,
            1.0946627500236392,
            1.0890440085524733,
            1.0832917631754992,
            1.0774462641435654,
            1.0715448018395766,
            1.0656217314388436,
            1.059708515311448,
            1.0538337806729947,
            1.0480233905258378,
            1.0423005263985188,
            1.0366857817802526,
            1.0311972654442048,
            1.0258507140600273,
            1.0206596136123618,
            1.0156353291684792,
            1.0107872424850946,
            1.0061228968227696,
            1.0016481481541353,
            0.9973673217334673,
            0.993283372750426,
            0.9893980495432302,
            0.98571205761163,
            0.982225222471635
        ],
        "imag": [
            0.12858870354488053,
            0.1592144430961265,
            0.18895216726751887,
            0.2177286442667398,
            0.2455118365632851,
            0.27230519035245565,
            0.29813890312755525,
            0.3230607013126271,
            0.3471274340104207,
            0.37039813605588107,
            0.3929287683100991,
            0.4147685538300002,
            0.43595767299840565,
            0.45652602562575156,
            0.47649277663866846,
            0.49586644331228186,
            0.5146453346459127,
            0.5328182048677178,
            0.5503650271366228,
            0.5672578283481488,
            0.5834615518169523,
            0.5989349327593902,
            0.6136313834507987,
            0.6274998921058822,
            0.6404859431271842,
            0.6525324672869517,
            0.6635808293715203,
            0.6735718583055014,
            0.6824469212033286,
            0.6901490384536245,
            0.6966240321204865,
            0.7018216949046846,
            0.705696961928357,
            0.7082110629809466,
            0.7093326289052165,
            0.7090387228114218,
            0.7073157650846469,
            0.7041603209305488,
            0.6995797206692089,
            0.6935924862046176,
            0.6862285420323969,
            0.6775291956184953,
            0.6675468796990424,
            0.6563446575851218,
            0.6439955014286729,
            0.6305813620504215,
            0.6161920568214475,
            0.6009240087261085,
            0.5848788747124305,
            0.5681621044945321,
            0.550881471972325,
            0.5331456204196079,
            0.5150626597259178,
            0.49673884955584896,
            0.4782773966854451,
            0.4597773884107207,
            0.44133287722905323,
            0.4230321253644072,
            0.40495701149393487,
            0.38718259650330317,
            0.3697768404402609,
            0.35280045915491487,
            0.3363069064452788,
            0.3203424658234069,
            0.30494643520657205,
            0.2901513877957278,
            0.27598349299105795,
            0.26246288227155884,
            0.24960404638955172,
            0.23741625187266235,
            0.22590396657241302,
            0.2150672857592432,
            0.20490235195816087,
            0.19540176329625505,
            0.18655496655543388,
            0.1783486323585916,
            0.17076701096303407,
            0.16379226798478305,
            0.15740480003347848,
            0.15158353072053798,
            0.14630618781637936,
            0.14154956250764703,
            0.13728975175027414,
            0.133502384657542,
            0.13016283372728502,
            0.12724641151287142,
            0.12472855311164889,
            0.12258498459295508,
            0.12079187724639338,
            0.11932598730546054,
            0.11816478062536885,
            0.11728654166173356,
            0.11667046603860524,
            0.11629673600060497,
            0.11614657813115116,
            0.11620230287671007,
            0.11644732564347811
        ]
    },
    "CPU_time": {
        "derivatives": 0.05428290367126465,
        "buildingVn": 5.80718994140625,
        "assembling_C": 0,