{
    "geometry1": "curvedcubic",
    "geometry2": "small",
    "ope": "b2p_tang_ipp",
    "lc": 0.015,
    "dimP": 2,
    "dimQ": 2,
    "N": 26,
    "f0": 1000,
    "BSP": true,
    "frequencies": [
        80,
        100,
        120,
        140,
        160,
        180,
        200,
        220,
        240,
        260,
        280,
        300,
        320,
        340,
        360,
        380,
        400,
        420,
        440,
        460,
        480,
        500,
        520,
        540,
        560,
        580,
        600,
        620,
        640,
        660,
        680,
        700,
        720,
        740,
        760,
        780,
        800,
        820,
        840,
        860,
        880,
        900,
        920,
        940,
        960,
        980,
        1000,
        1020,
        1040,
        1060,
        1080,
        1100,
        1120,
        1140,
        1160,
        1180,
        1200,
        1220,
        1240,
        1260,
        1280,
        1300,
        1320,
        1340,
        1360,
        1380,
        1400,
        1420,
        1440,
        1460,
        1480,
        1500,
        1520,
        1540,
        1560,
        1580,
        1600,
        1620,
        1640,
        1660,
        1680,
        1700,
        1720,
        1740,
        1760,
        1780,
        1800,
        1820,
        1840,
        1860,
        1880,
        1900,
        1920,
        1940,
        1960,
        1980,
        2000
    ],
    "Z_center": {
        "real": [
            0.02184152110723212,
            0.02951897930404095,
            0.038515135354564446,
            0.04855128823108221,
            0.05942910941562665,
            0.071040912998239,
            0.08333227451823995,
            0.09627711259752943,
            0.10986100367052165,
            0.12407085801356284,
            0.13889163254215806,
            0.15430942405211404,
            0.17031736099939737,
            0.1869197466198257,
            0.20413206774096532,
            0.22197753234606094,
            0.24048226869498338,
            0.25967096927279487,
            0.27956374950764357,
            0.3001742237123835,
            0.3215084836425186,
            0.34356464175808044,
            0.36633268861481666,
            0.3897945103368246,
            0.4139239837165639,
            0.43868711108274966,
            0.46404218212837506,
            0.48993996300024173,
            0.5163239194649205,
            0.5431304840165392,
            0.5702893780342758,
            0.5977240002909059,
            0.6253518925402922,
            0.6530852916365283,
            0.6808317756445808,
            0.7084950086636865,
            0.7359755856315144,
            0.7631719742820988,
            0.7899815468514291,
            0.8163016892735998,
            0.8420309707621434,
            0.8670703521307431,
            0.8913244072968601,
            0.9147025294373856,
            0.9371200914876066,
            0.9584995302897199,
            0.9787713248043352,
            0.9978748413983892,
            1.0157590231996418,
            1.0323829056514873,
            1.0477159464134391,
            1.0617381642673018,
            1.0744400883304999,
            1.0858225252500808,
            1.0958961578166724,
            1.1046809933037913,
            1.1122056836007665,
            1.1185067417525876,
            1.1236276808153653,
            1.1276181010451725,
            1.1305327504784148,
            1.132430582113832,
            1.1333738283717434,
            1.1334271105038052,
            1.1326565973664326,
            1.1311292246493383,
            1.1289119824234395,
            1.1260712758817693,
            1.1226723614755896,
            1.1187788583647242,
            1.1144523332307714,
            1.1097519550490842,
            1.1047342153598463,
            1.099452708889737,
            1.0939579690056047,
            1.088297352383194,
            1.0825149673926877,
            1.0766516409893128,
            1.0707449192992862,
            1.064829097567592,
            1.0589352756422152,
            1.0530914356780452,
            1.0473225392200232,
            1.0416506412541282,
            1.0360950191713194,
            1.0306723148699475,
            1.0253966884168517,
            1.020279981795484,
            1.0153318912997915,
            1.010560147087578,
            1.0059706983060746,
            1.0015679020565857,
            0.9973547142965529,
            0.9933328806040731,
            0.9895031245751781,
            0.9858653315040361,
            0.982418724934211
        ],
        "imag": [
            0.12860025739254258,
            0.1576299877301215,
            0.1853352878129694,
            0.21204500293501785,
            0.23788945825257735,
            0.2629615372704567,
            0.2873508321024185,
            0.3111466515458472,
            0.33443321388998504,
            0.35728147497110574,
            0.3797403721623691,
            0.401831338676623,
            0.4235488453002698,
            0.44486630165392227,
            0.4657439292047829,
            0.48613530472030836,
            0.5059912036096904,
            0.5252611060436689,
            0.5438933765906497,
            0.5618349875027197,
            0.5790312793650861,
            0.5954259477479925,
            0.6109612767803143,
            0.6255785745521139,
            0.6392187528334469,
            0.6518230023561272,
            0.6633335284802098,
            0.673694323909316,
            0.6828519634401801,
            0.6907564106568057,
            0.697361828667156,
            0.7026273871835427,
            0.7065180570819706,
            0.7090053815805993,
            0.7100682107886631,
            0.709693383973898,
            0.7078763418195346,
            0.7046216494858989,
            0.6999434107043545,
            0.6938655536053009,
            0.6864219706365825,
            0.677656497797924,
            0.6676227224450882,
            0.6563836139509164,
            0.6440109773073159,
            0.630584736000724,
            0.6161920568216005,
            0.600926335291819,
            0.5848860657302477,
            0.5681736242898529,
            0.5508939963283461,
            0.5331534810427626,
            0.5150584063468779,
            0.49671388554077767,
            0.47822264455954183,
            0.45968394471995716,
            0.4411926211945886,
            0.4228382522508718,
            0.4047044689151004,
            0.38686840945941436,
            0.369400318219731,
            0.35236328393700017,
            0.3358131092135385,
            0.31979829986880143,
            0.3043601609852445,
            0.28953298522344767,
            0.27534431849130653,
            0.2618152881748738,
            0.24896097977005544,
            0.23679084877445056,
            0.22530915599227358,
            0.21451541586668638,
            0.20440484898534186,
            0.19496883143075047,
            0.18619533510314065,
            0.1780693544798451,
            0.17057331646418475,
            0.16368747099402567,
            0.15739026092079836,
            0.15165867033196803,
            0.14646855098457756,
            0.1417949268559276,
            0.13761227702204246,
            0.13389479716139163,
            0.13061663997996895,
            0.12775213478362943,
            0.12527598631347625,
            0.12316345283060041,
            0.12139050331230135,
            0.11993395352499907,
            0.11877158068135671,
            0.11788221639146602,
            0.11724581768364555,
            0.11684351600806303,
            0.11665764434308998,
            0.11667174279441916,
            0.11687054340149095
        ]
    },
    "CPU_time": {
        "derivatives": 0.054001808166503906,
        "buildingVn": 2.4845640659332275,
        "assembling_C": 0,