{
    "geometry1": "curvedcubic",
    "geometry2": "large",
    "ope": "b2p_tang_ipp",
    "lc": 0.015,
    "dimP": 2,
    "dimQ": 2,
    "N": 54,
    "f0": 1000,
    "BSP": true,
    "frequencies": [
        80,
        100,
        120,
        140,
        160,
        180,
        200,
        220,
        240,
        260,
        280,
        300,
        320,
        340,
        360,
        380,
        400,
        420,
        440,
        460,
        480,
        500,
        520,
        540,
        560,
        580,
        600,
        620,
        640,
        660,
        680,
        700,
        720,
        740,
        760,
        780,
        800,
        820,
        840,
        860,
        880,
        900,
        920,
        940,
        960,
        980,
        1000,
        1020,
        1040,
        1060,
        1080,
        1100,
        1120,
        1140,
        1160,
        1180,
        1200,
        1220,
        1240,
        1260,
        1280,
        1300,
        1320,
        1340,
        1360,
        1380,
        1400,
        1420,
        1440,
        1460,
        1480,
        1500,
        1520,
        1540,
        1560,
        1580,
        1600,
        1620,
        1640,
        1660,
        1680,
        1700,
        1720,
        1740,
        1760,
        1780,
        1800,
        1820,
        1840,
        1860,
        1880,
        1900,
        1920,
        1940,
        1960,
        1980,
        2000
    ],
    "Z_center": {
        "real": [
            0.011440749698864862,
            0.016625713948538935,
            0.023037508118404364,
            0.030853853179665672,
            0.04020787894796221,
            0.05114814893867338,
            0.0636625853988459,
            0.07769926062631259,
            0.09314602634274392,
            0.10982664064987478,
            0.12751303454995863,
            0.14595267014925492,
            0.16491462468151274,
            0.18423588695323895,
            0.20384999038866658,
            0.22379728368247068,
            0.24420460384441045,
            0.2652530860327578,
            0.2871363894555652,
            0.31001983441247255,
            0.3340068872984164,
            0.3591136070392529,
            0.38525514740367456,
            0.4122467622126293,
            0.43981807124323796,
            0.46764416538747494,
            0.4953873341754071,
            0.5227433863722023,
            0.5494844325211399,
            0.5754875242120739,
            0.6007445222831005,
            0.6253506944652113,
            0.6494760526580934,
            0.6733253514155904,
            0.6970950793802948,
            0.7209346253593082,
            0.7449175027581877,
            0.7690267733522324,
            0.7931561317851137,
            0.817126011460776,
            0.8407105958418124,
            0.8636702643822516,
            0.8857828313112321,
            0.9068683214919865,
            0.9268042631794882,
            0.9455311000809047,
            0.9630491972773784,
            0.9794097576419067,
            0.9947018610722429,
            1.0090372854646006,
            1.0225341869584597,
            1.0353005267785749,
            1.047418438830774,
            1.058931575544215,
            1.0698378786291298,
            1.0800902087203526,
            1.0896055959330093,
            1.0982818158738177,
            1.1060176274345497,
            1.1127315663422817,
            1.118375457170638,
            1.1229401942089483,
            1.126454885269138,
            1.1289810692931659,
            1.1306058823003238,
            1.1314343075540605,
            1.131581627819432,
            1.13116341760901,
            1.1302831066686478,
            1.1290175343953144,
            1.1274021545124682,
            1.1254219521729731,
            1.1230093014199742,
            1.1200545056222029,
            1.1164261462242189,
            1.1119997645305628,
            1.106690371239739,
            1.1004800695494783,
            1.0934339157249708,
            1.0857036006129122,
            1.0775135633049995,
            1.0691347041346961,
            1.0608530788335202,
            1.0529371830384326,
            1.0456119178382615,
            1.0390392128681565,
            1.0333091800464134,
            1.0284339895558077,
            1.024349136026729,
            1.020916761390165,
            1.0179322158911817,
            1.015135787465996,
            1.0122265878640808,
            1.008880687517466,
            1.0047711371978005,
            0.9995984799027071,
            0.993128437730515
        ],
        "imag": [
            0.12222506071865281,
            0.1521169106359411,
            0.18218514355005247,
            0.2122700482767243,
            0.24218712441165385,
            0.27172221380292855,
            0.3006663535403682,
            0.32881444892649914,
            0.3559661649275319,
            0.3819548516225929,
            0.40667512834157726,
            0.43011281119786426,
            0.4523499732694336,
            0.4735485058873555,
            0.49391095688180087,
            0.5136292580051436,
            0.5328408258567422,
            0.5515967276773764,
            0.5698490317074171,
            0.5874570169306221,
            0.6042032493799911,
            0.6198242384902584,
            0.6340449898923401,
            0.6466192021107732,
            0.6573670250352551,
            0.6662058018674468,
            0.6731663282256878,
            0.6783910081985237,
            0.6821113581060223,
            0.6846091435124202,
            0.6861694219984932,
            0.687034546401482,
            0.6873677328001757,
            0.6872332483663645,
            0.6865940533069225,
            0.6853268407226334,
            0.6832501552926012,
            0.6801606320647623,
            0.6758710865177951,
            0.6702434701317568,
            0.6632116894464205,
            0.6547907055080903,
            0.6450718547946487,
            0.6342072805905079,
            0.6223879820663729,
            0.6098201605410861,
            0.5967035437849485,
            0.5832137515030241,
            0.5694895051756388,
            0.5556247195153821,
            0.5416653973597216,
            0.5276115098633032,
            0.5134242905766657,
            0.4990391493384139,
            0.48438327900192046,
            0.4693955247144828,
            0.45404466247510245,
            0.4383417888117553,
            0.42234398534708767,
            0.40614849430165534,
            0.38987996538757963,
            0.3736746935332786,
            0.357665850501685,
            0.34197207335500696,
            0.3266898715329929,
            0.3118879860909824,
            0.2976033391478344,
            0.28383682837702934,
            0.2705528575322235,
            0.25768269788147524,
            0.24513587235349485,
            0.23281785645515066,
            0.22065354513109045,
            0.20861106712305647,
            0.19672055928840124,
            0.1850829334701011,
            0.17386429315855662,
            0.16327646493117426,
            0.15354677608307596,
            0.14488178273546173,
            0.13743381995181886,
            0.13127762757445405,
            0.12639826217273167,
            0.12269376222169974,
            0.11998827925631177,
            0.11805155818561293,
            0.11662019112411212,
            0.11541859415137869,
            0.11417875678143993,
            0.11265949158136171,
            0.11066442265704965,
            0.1080591426096697,
            0.10478642399259389,
            0.1008790062829186,
            0.09647269536819272,
            0.0918173076844459,
            0.08728119617405111
        ]
    },
    "CPU_time": {
        "derivatives": 0.29582905769348145,
        "buildingVn": 70.35749578475952,
        "assembling_C": 0,