{
    "geometry1": "curvedcubic",
    "geometry2": "large",
    "ope": "b2p_tang_ipp",
    "lc": 0.015,
    "dimP": 2,
    "dimQ": 2,
    "N": 89,
    "f0": 1000,
    "BSP": true,
    "frequencies": [
        80,
        100,
        120,
        140,
        160,
        180,
        200,
        220,
        240,
        260,
        280,
        300,
        320,
        340,
        360,
        380,
        400,
        420,
        440,
        460,
        480,
        500,
        520,
        540,
        560,
        580,
        600,
        620,
        640,
        660,
        680,
        700,
        720,
        740,
        760,
        780,
        800,
        820,
        840,
        860,
        880,
        900,
        920,
        940,
        960,
        980,
        1000,
        1020,
        1040,
        1060,
        1080,
        1100,
        1120,
        1140,
        1160,
        1180,
        1200,
        1220,
        1240,
        1260,
        1280,
        1300,
        1320,
        1340,
        1360,
        1380,
        1400,
        1420,
        1440,
        1460,
        1480,
        1500,
        1520,
        1540,
        1560,
        1580,
        1600,
        1620,
        1640,
        1660,
        1680,
        1700,
        1720,
        1740,
        1760,
        1780,
        1800,
        1820,
        1840,
        1860,
        1880,
        1900,
        1920,
        1940,
        1960,
        1980,
        2000
    ],
    "Z_center": {
        "real": [
            0.011475083226695638,
            0.016684863458055418,
            0.023026719630645235,
            0.030723058635373817,
            0.03995608026879702,
            0.05084066080912851,
            0.06340537760028246,
            0.07758504699196268,
            0.09321923933155027,
            0.1100692433583468,
            0.12785260987480349,
            0.14629227331402075,
            0.1651661800081524,
            0.18434492736811547,
            0.20380741897001972,
            0.2236320161375846,
            0.24397045373773446,
            0.26500976476576066,
            0.2869353674940923,
            0.3098949547577919,
            0.3339708709353748,
            0.3591592365147345,
            0.38536059152877983,
            0.4123815365161369,
            0.43995125687810355,
            0.467750400653885,
            0.49545101158273336,
            0.5227606281911334,
            0.5494614596315355,
            0.5754376550782897,
            0.6006837131574281,
            0.6252935971496164,
            0.6494330014502787,
            0.6733010860416437,
            0.6970890694632913,
            0.7209424227159478,
            0.7449328140572191,
            0.7690434373283058,
            0.7931697124439054,
            0.8171344289350104,
            0.8407140136090681,
            0.8636702701354413,
            0.8857814112140139,
            0.9068669753954813,
            0.9268035998048998,
            0.9455309680058775,
            0.9630491973141703,
            0.9794098048205907,
            0.9947024572234971,
            1.0090392894996445,
            1.022538091204139,
            1.0353054626146025,
            1.0474213326012758,
            1.0589269085683417,
            1.0698184799247237,
            1.080049339332673,
            1.0895402198843902,
            1.098196493591204,
            1.1059277957576306,
            1.1126649229434664,
            1.1183698946909633,
            1.1230375809873279,
            1.1266908978257641,
            1.1293731364393222,
            1.1311413596977515,
            1.1320624620260424,
            1.132211450281011,
            1.1316693852733821,
            1.1305187291121326,
            1.1288362473164395,
            1.1266837473802407,
            1.1241006271050447,
            1.1211006560971792,
            1.1176747454822884,
            1.113798950578512,
            1.1094465319202094,
            1.1046000453058944,
            1.099261429867189,
            1.0934578581824586,
            1.0872417475932319,
            1.0806869355346216,
            1.0738807045984873,
            1.0669148212091424,
            1.0598763677662977,
            1.0528396412911558,
            1.0458619312635005,
            1.038981240831692,
            1.0322181053104482,
            1.0255802830346001,
            1.0190695244965569,
            1.0126892125219809,
            1.0064478670064083,
            1.0003627844169956,
            0.9944562297049594,
            0.9887502753776104,
            0.9832603552534416,
            0.9779903624215271
        ],
        "imag": [
            0.1220904177797965,
            0.15197059482668945,
            0.1819841270715454,
            0.21206936802809848,
            0.24207045533869948,
            0.27176224440818136,
            0.3008781493769354,
            0.3291439143163461,
            0.3563163416859625,
            0.38222040843251676,
            0.4067825920763699,
            0.430040033523593,
            0.45212929700433613,
            0.47324941554511035,
            0.4936135116502135,
            0.5134013187463428,
            0.5327227367078576,
            0.5515971827418343,
            0.5699502958291833,
            0.5876228770901069,
            0.6043910275506437,
            0.6199936954344625,
            0.6341663661754909,
            0.6466770581601624,
            0.6573611663461646,
            0.666148644084492,
            0.6730785217445981,
            0.6782956393891251,
            0.6820284552959425,
            0.6845521143656171,
            0.6861434727049687,
            0.6870371148828175,
            0.6873909221282406,
            0.68726672878703,
            0.6866280057193365,
            0.6853540281266325,
            0.683266975934755,
            0.6801670962608849,
            0.6758697229280436,
            0.6702379731573568,
            0.6632054919623463,
            0.6547860110770167,
            0.6450693627759027,
            0.6342065234506875,
            0.6223880162961711,
            0.6098202585871919,
            0.5967035438094109,
            0.5832139243375293,
            0.5694900271220088,
            0.5556250445634267,
            0.5416638914286098,
            0.5276056757156631,
            0.5134117235442544,
            0.4990191516182365,
            0.484358751421395,
            0.4693745489571309,
            0.45404096005903993,
            0.43837324076540857,
            0.42242871523167935,
            0.4062986723926987,
            0.3900945228531641,
            0.3739326943373006,
            0.3579229471965646,
            0.3421621154525686,
            0.3267325957844644,
            0.31170253152638466,
            0.29712541811356913,
            0.28303770884708424,
            0.26945552222039637,
            0.2563732084827741,
            0.243766115966125,
            0.23159823854319436,
            0.21983337792991467,
            0.2084467922629969,
            0.19743521483842652,
            0.1868205980193322,
            0.17664905859463448,
            0.16698378567308966,
            0.1578945371127501,
            0.1494468298878175,
            0.14169169457162642,
            0.13465879194482805,
            0.1283536750221874,
            0.12275849600848751,
            0.11783724570683987,
            0.11354121657652748,
            0.10981779004608262,
            0.10661806339300432,
            0.103901789668251,
            0.10164153502096274,
            0.09982107062111299,
            0.09843085074428264,
            0.09746167493792661,
            0.09689971758693183,
            0.09672190785777843,
            0.09689816152898509,
            0.09739578144076563
        ]
    },
    "CPU_time": {
        "derivatives": 0.2888319492340088,
        "buildingVn": 92.4863440990448,
        "assembling_C": 0,