{
    "geometry1": "curvedcubic",
    "geometry2": "small",
    "ope": "b2p_tang_ipp",
    "lc": 0.015,
    "dimP": 2,
    "dimQ": 2,
    "N": 2,
    "f0": 1000,
    "BSP": true,
    "frequencies": [
        80,
        100,
        120,
        140,
        160,
        180,
        200,
        220,
        240,
        260,
        280,
        300,
        320,
        340,
        360,
        380,
        400,
        420,
        440,
        460,
        480,
        500,
        520,
        540,
        560,
        580,
        600,
        620,
        640,
        660,
        680,
        700,
        720,
        740,
        760,
        780,
        800,
        820,
        840,
        860,
        880,
        900,
        920,
        940,
        960,
        980,
        1000,
        1020,
        1040,
        1060,
        1080,
        1100,
        1120,
        1140,
        1160,
        1180,
        1200,
        1220,
        1240,
        1260,
        1280,
        1300,
        1320,
        1340,
        1360,
        1380,
        1400,
        1420,
        1440,
        1460,
        1480,
        1500,
        1520,
        1540,
        1560,
        1580,
        1600,
        1620,
        1640,
        1660,
        1680,
        1700,
        1720,
        1740,
        1760,
        1780,
        1800,
        1820,
        1840,
        1860,
        1880,
        1900,
        1920,
        1940,
        1960,
        1980,
        2000
    ],
    "Z_center": {
        "real": [
            -0.0003864650903024692,
            2.0134054211572847e-05,
            0.0008293102169561155,
            0.0021957036108617963,
            0.004297139973407739,
            0.007322716023236672,
            0.011457439218884128,
            0.016866166740987735,
            0.023680191659001214,
            0.031989289152046414,
            0.041840504164612935,
            0.05324308654051056,
            0.06617753642298671,
            0.08060617196623357,
            0.09648294564282921,
            0.11376104837521095,
            0.13239772807160807,
            0.15235642958654222,
            0.1736067455336649,
            0.1961227938207867,
            0.21988060239097082,
            0.24485497367947925,
            0.27101618144609446,
            0.29832675205770853,
            0.3267385108571056,
            0.35619002981536735,
            0.3866045878655457,
            0.4178887415906472,
            0.4499315935065744,
            0.4826048318687575,
            0.5157635954854168,
            0.549248187222856,
            0.5828866206036679,
            0.6164979370314366,
            0.6498961804633417,
            0.6828948669301539,
            0.7153117440161094,
            0.7469736059297237,
            0.7777209176643696,
            0.8074120095419607,
            0.8359266312201071,
            0.8631686994650507,
            0.8890681318281993,
            0.9135817224943086,
            0.9366930801829176,
            0.9584117048126835,
            0.9787713248044193,
            0.997827647450291,
            1.0156556898251399,
            1.0323468582335442,
            1.0480059325487268,
            1.0627480912097937,
            1.0766960865619715,
            1.089977651893423,
            1.1027231936424922,
            1.1150637968138561,
            1.1271295499066527,
            1.1390481782119244,
            1.1509439612355201,
            1.1629369009177433,
            1.1751421016890444,
            1.187669320547949,
            1.2006226445859582,
            1.2141002540776895,
            1.2281942308595584,
            1.2429903738034718,
            1.2585679854368719,
            1.2749995959645046,
            1.2923505930133257,
            1.3106787273536216,
            1.3300334667412224,
            1.3504551720648157,
            1.3719740724429061,
            1.394609019164214,
            1.4183660028602383,
            1.4432364245885585,
            1.4691951202162776,
            1.4961981493097902,
            1.524180375353261,
            1.5530528841641766,
            1.5827003123015708,
            1.6129781871818871,
            1.6437104150914168,
            1.6746870910706606,
            1.705662843429263,
            1.736355961788833,
            1.7664485859298538,
            1.795588246789659,
            1.8233910431016314,
            1.8494466994787353,
            1.8733256773267124,
            1.8945883946824509,
            1.9127964555521464,
            1.9275256009088166,
            1.9383798874472136,
            1.945006399516814,
            1.9471096331413906
        ],
        "imag": [
            0.0848233064415034,
            0.10716399314287833,
            0.13015811962157406,
            0.15387095080975727,
            0.17833057839632685,
            0.20351958277690899,
            0.2293718313225838,
            0.2557759143802714,
            0.2825850264651833,
            0.30963127440192917,
            0.33674122005779816,
            0.36374942100355495,
            0.3905077198077684,
            0.41688949848859697,
            0.44278942782587183,
            0.4681200185164101,
            0.4928064747781159,
            0.5167811361484289,
            0.5399784016458556,
            0.5623306393107603,
            0.5837652832814032,
            0.6042031298414634,
            0.6235577449392893,
            0.6417358578777549,
            0.6586386108096084,
            0.6741635406439234,
            0.6882071763339549,
            0.7006681340961168,
            0.7114505842944902,
            0.720467947937689,
            0.7276466613178029,
            0.7329298287179519,
            0.7362805701735453,
            0.7376848685620817,
            0.7371537314142258,
            0.7347245097585012,
            0.7304612588876349,
            0.7244540816870393,
            0.7168174594485144,
            0.7076876416591296,
            0.6972192281628495,
            0.6855811277738306,
            0.6729521117119909,
            0.6595161951497267,
            0.6454580752603276,
            0.6309588314448101,
            0.6161920568215556,
            0.6013205446943967,
            0.5864936049767981,
            0.5718450383854,
            0.5574917545402036,
            0.5435329865142418,
            0.530050030094384,
            0.517106421082441,
            0.5047484575065413,
            0.4930059741746966,
            0.48189328286967814,
            0.47141020093413644,
            0.46154310247886365,
            0.45226593869474,
            0.44354118580922725,
            0.43532069046304755,
            0.42754639233014,
            0.4201509125276627,
            0.4130580037977268,
            0.40618286474378645,
            0.399432325805,
            0.39270491942749874,
            0.3858908513363762,
            0.3788718942182113,
            0.3715212297671448,
            0.36370327017308873,
            0.3552734959394887,
            0.34607835354778554,
            0.3359552639858701,
            0.32473280145688477,
            0.31223111044684376,
            0.29826263830222277,
            0.2826332688209647,
            0.265143949021027,
            0.24559290475195247,
            0.2237785392623943,
            0.1995030999265147,
            0.17257717945004108,
            0.14282508631219304,
            0.11009107251419965,
            0.07424634327755272,
            0.035196693076661026,
            -0.00710948242315399,
            -0.052673152861976824,
            -0.10143705622658276,
            -0.1532790870773671,
            -0.20800727965616417,
            -0.2653570095766223,
            -0.32499098875769894,
            -0.38650250549624293,
            -0.4494221636544865
        ]
    },
    "CPU_time": {
        "derivatives": 0.05972719192504883,
        "buildingVn": 1.5561060905456543,
        "assembling_C": 0,