{
    "geometry1": "curvedcubic",
    "geometry2": "large",
    "ope": "b2p_tang_ipp",
    "lc": 0.015,
    "dimP": 2,
    "dimQ": 2,
    "N": 67,
    "f0": 1000,
    "BSP": true,
    "frequencies": [
        80,
        100,
        120,
        140,
        160,
        180,
        200,
        220,
        240,
        260,
        280,
        300,
        320,
        340,
        360,
        380,
        400,
        420,
        440,
        460,
        480,
        500,
        520,
        540,
        560,
        580,
        600,
        620,
        640,
        660,
        680,
        700,
        720,
        740,
        760,
        780,
        800,
        820,
        840,
        860,
        880,
        900,
        920,
        940,
        960,
        980,
        1000,
        1020,
        1040,
        1060,
        1080,
        1100,
        1120,
        1140,
        1160,
        1180,
        1200,
        1220,
        1240,
        1260,
        1280,
        1300,
        1320,
        1340,
        1360,
        1380,
        1400,
        1420,
        1440,
        1460,
        1480,
        1500,
        1520,
        1540,
        1560,
        1580,
        1600,
        1620,
        1640,
        1660,
        1680,
        1700,
        1720,
        1740,
        1760,
        1780,
        1800,
        1820,
        1840,
        1860,
        1880,
        1900,
        1920,
        1940,
        1960,
        1980,
        2000
    ],
    "Z_center": {
        "real": [
            0.01091279608111742,
            0.016489505705056383,
            0.02297432534750267,
            0.03072661765915072,
            0.039985820013772065,
            0.05087550712267086,
            0.06342733570258692,
            0.07757771095706364,
            0.09317515453775131,
            0.1099933157001379,
            0.1277607467312861,
            0.1462073853657167,
            0.1651088908502258,
            0.1843277327001656,
            0.20383171310806814,
            0.2236891681105094,
            0.24404459925259334,
            0.26508382339912534,
            0.28699411324739366,
            0.3099285390214085,
            0.3339758675440799,
            0.3591386270258355,
            0.38532208021421066,
            0.4123355130721668,
            0.4399080414346966,
            0.46771818098939993,
            0.49543441660074866,
            0.5227600971231724,
            0.5494739386498141,
            0.5754577352278724,
            0.60070560549925,
            0.625312255012247,
            0.6494454087619955,
            0.6733063286819402,
            0.6970881748693457,
            0.7209375076778481,
            0.7449263197358643,
            0.7690374311478974,
            0.793165434916625,
            0.8171322072268541,
            0.8407134665603644,
            0.863670685933876,
            0.8857820924819321,
            0.9068674832632637,
            0.9268038223740859,
            0.945531008683331,
            0.9630491973980405,
            0.9794097900976726,
            0.9947022895847764,
            1.0090387569565777,
            1.022537100261393,
            1.0353042872880822,
            1.0474207725835987,
            1.0589282652604481,
            1.0698232837086767,
            1.0800587332799094,
            1.0895541642751054,
            1.0982128300664449,
            1.1059418427205137,
            1.1126696612738973,
            1.118357148731089,
            1.1230001882021587,
            1.1266253543223557,
            1.1292821860052726,
            1.1310355463313897,
            1.131960130610456,
            1.1321370859879991,
            1.1316504678515324,
            1.1305814515256276,
            1.1290004800217244,
            1.1269578474430049,
            1.1244765624756838,
            1.1215504295411873,
            1.118148267605199,
            1.1142257729093246,
            1.1097407123466565,
            1.104669742890574,
            1.0990218595425707,
            1.0928472157969191,
            1.0862374297167943,
            1.0793199187912361,
            1.0722448690149087,
            1.0651693239192088,
            1.0582383988596755,
            1.0515681724522055,
            1.0452301733702254,
            1.0392413073426934,
            1.0335606005147755,
            1.0280928831190077,
            1.0227016709534968,
            1.0172282826933934,
            1.01151572467028,
            1.0054337554088775,
            0.998901760915459,
            0.9919040013678251,
            0.984500492604029,
            0.9768250988364652
        ],
        "imag": [
            0.12197602313148374,
            0.15189667775753352,
            0.18196445214015203,
            0.21206615681051985,
            0.24205814913861803,
            0.2717267108902843,
            0.300818312987381,
            0.3290696569537251,
            0.3562463770903945,
            0.38217566213157883,
            0.40677742928651417,
            0.43007786457788166,
            0.4522016786914877,
            0.47333793526924683,
            0.49369721859742677,
            0.5134621019795383,
            0.5327499416611815,
            0.5515888504411549,
            0.5699122699848113,
            0.5875669299076274,
            0.6043304540206386,
            0.6199411416511704,
            0.6341312169025805,
            0.6466636709668906,
            0.6573688241284769,
            0.6661723442515683,
            0.6731106529184452,
            0.6783281081141078,
            0.6820545214965991,
            0.6845678632639796,
            0.68614799139708,
            0.6870321651593571,
            0.6873800153695893,
            0.687253785585759,
            0.6866164123917322,
            0.6853458528000088,
            0.6832628733975694,
            0.680166539418261,
            0.6758714446488222,
            0.6702405531026078,
            0.663207835548123,
            0.6547875589819812,
            0.6450700757322284,
            0.6342066822378156,
            0.6223879671956055,
            0.6098202208019168,
            0.5967035437555659,
            0.5832138711488627,
            0.5694898715178967,
            0.5556249385451258,
            0.5416642492463646,
            0.5276070680445806,
            0.5134146283952237,
            0.4990235267715199,
            0.4843636315925781,
            0.46937776105935275,
            0.4540392334636463,
            0.43836282806366267,
            0.4224066040380754,
            0.4062642379796779,
            0.39005108746701894,
            0.37388839070837676,
            0.3578904101996173,
            0.3421567676464968,
            0.3267694978926481,
            0.3117927245626425,
            0.29727233870297637,
            0.2832340710271637,
            0.26968187505973723,
            0.25659789690726986,
            0.24394724007884425,
            0.23168711306467898,
            0.21978075232227778,
            0.2082109506580309,
            0.19699079640515363,
            0.18616854608156486,
            0.17582414169369945,
            0.16605942440644153,
            0.15698240204890718,
            0.1486896372847705,
            0.14124956601605065,
            0.13468955084840026,
            0.12898887726052102,
            0.12407744919080699,
            0.11984191554806022,
            0.11613771991027277,
            0.11280614155495987,
            0.10969521436727135,
            0.10668099979858893,
            0.10368704883764442,
            0.10069850615495167,
            0.09776775938392597,
            0.09501173199043059,
            0.09259895838131701,
            0.09073059183081143,
            0.0896151025296703,
            0.08944375977752766
        ]
    },
    "CPU_time": {
        "derivatives": 0.274914026260376,
        "buildingVn": 77.5763828754425,
        "assembling_C": 0,