{
    "geometry1": "curvedcubic",
    "geometry2": "small",
    "ope": "b2p_tang_ipp",
    "lc": 0.015,
    "dimP": 2,
    "dimQ": 2,
    "N": 68,
    "f0": 1000,
    "BSP": true,
    "frequencies": [
        80,
        100,
        120,
        140,
        160,
        180,
        200,
        220,
        240,
        260,
        280,
        300,
        320,
        340,
        360,
        380,
        400,
        420,
        440,
        460,
        480,
        500,
        520,
        540,
        560,
        580,
        600,
        620,
        640,
        660,
        680,
        700,
        720,
        740,
        760,
        780,
        800,
        820,
        840,
        860,
        880,
        900,
        920,
        940,
        960,
        980,
        1000,
        1020,
        1040,
        1060,
        1080,
        1100,
        1120,
        1140,
        1160,
        1180,
        1200,
        1220,
        1240,
        1260,
        1280,
        1300,
        1320,
        1340,
        1360,
        1380,
        1400,
        1420,
        1440,
        1460,
        1480,
        1500,
        1520,
        1540,
        1560,
        1580,
        1600,
        1620,
        1640,
        1660,
        1680,
        1700,
        1720,
        1740,
        1760,
        1780,
        1800,
        1820,
        1840,
        1860,
        1880,
        1900,
        1920,
        1940,
        1960,
        1980,
        2000
    ],
    "Z_center": {
        "real": [
            0.014724576605140345,
            0.02261969402833948,
            0.0319330516247349,
            0.04249284665288112,
            0.05413048559653553,
            0.06669301175033872,
            0.08005039911875936,
            0.09409857359936226,
            0.10875935870825583,
            0.12397842119967942,
            0.13972208463405272,
            0.15597366208720514,
            0.17272975580729286,
            0.18999679835076966,
            0.20778797590270623,
            0.22612058084551037,
            0.24501378185779046,
            0.2644867678829005,
            0.284557209121585,
            0.3052399769594317,
            0.3265460703565556,
            0.34848170520954913,
            0.3710475333459049,
            0.39423796783809656,
            0.4180406005341429,
            0.4424357057648737,
            0.46739583095912,
            0.4928854803452129,
            0.5188609019989474,
            0.5452699912285129,
            0.5720523246172785,
            0.5991393389782106,
            0.6264546679881908,
            0.653914646406035,
            0.6814289876073197,
            0.7089016348499438,
            0.7362317804333421,
            0.7633150400610004,
            0.7900447626221018,
            0.816313448735547,
            0.8420142452047353,
            0.8670424774775837,
            0.891297178706763,
            0.914682572377119,
            0.9371094659124346,
            0.9584965152325691,
            0.9787713248042812,
            0.997871354038729,
            1.01574460855393,
            1.0323501033427602,
            1.04765809373645,
            1.0616500786866185,
            1.0743185888148985,
            1.0856667784879532,
            1.0957078465707968,
            1.104464314315652,
            1.1119671910200248,
            1.1182550586864708,
            1.123373106119977,
            1.1273721409103963,
            1.1303076048621943,
            1.1322386149065606,
            1.133227047661712,
            1.1333366818196222,
            1.1326324086577073,
            1.1311795173544748,
            1.1290430585517588,
            1.1262872868269174,
            1.1229751804490258,
            1.1191680349978372,
            1.1149251261054027,
            1.1103034356868609,
            1.1053574355245006,
            1.1001389218840978,
            1.0946968949250024,
            1.0890774769581761,
            1.0833238640517897,
            1.0774763060294332,
            1.071572110525047,
            1.0656456673898052,
            1.0597284903801212,
            1.0538492736529277,
            1.0480339611397078,
            1.0423058273464478,
            1.0366855685222722,
            1.031191403445266,
            1.025839183288541,
            1.0206425101510794,
            1.0156128638708715,
            1.0107597366881036,
            1.0060907752058357,
            1.0016119289149856,
            0.9973276043279587,
            0.9932408235161594,
            0.9893533855911256,
            0.9856660294264106,
            0.9821785957015404
        ],
        "imag": [
            0.12844346614783067,
            0.159095393114259,
            0.1888642840845503,
            0.2176708402529401,
            0.2454805710241932,
            0.27229638938942624,
            0.2981487733444776,
            0.32308591160933137,
            0.3471650411756302,
            0.37044546497460923,
            0.3929833289028448,
            0.4148280077074441,
            0.4360198367051285,
            0.4565888932462256,
            0.4765545484546564,
            0.4959255523319044,
            0.5147004668060783,
            0.532868311216593,
            0.5504093276832256,
            0.5672958079599252,
            0.5834929488670707,
            0.59895972137283,
            0.6136497502734336,
            0.6275122085751202,
            0.6404927342638258,
            0.652534378074436,
            0.6635785898235707,
            0.6735662483494577,
            0.6824387365132878,
            0.6901390583459414,
            0.6966129905713405,
            0.7018102556533651,
            0.7056856984907893,
            0.7082004442156181,
            0.7093230105437578,
            0.7090303451059109,
            0.7073087564370223,
            0.7041547070740017,
            0.6995754386856805,
            0.6935894024082612,
            0.6862264725415789,
            0.6775279283004904,
            0.6675461961103683,
            0.6563443535605227,
            0.6439954050854848,
            0.6305813481685422,
            0.6161920568214923,
            0.6009240157726191,
            0.5848789437978662,
            0.5681623476845403,
            0.5508820492924493,
            0.5331467271157483,
            0.5150645108216538,
            0.4967416627490765,
            0.4782813746722477,
            0.459782701701428,
            0.4413396484320292,
            0.4230404157780033,
            0.404966810674112,
            0.3871938152787063,
            0.36978930764670287,
            0.35281392216550844,
            0.33632103539036856,
            0.32035686123952345,
            0.3049606387227049,
            0.29016489536574913,
            0.2759957701123583,
            0.2624733805889958,
            0.24961222106810538,
            0.23742157913229903,
            0.22590596080198444,
            0.21506551567189244,
            0.20489645530068823,
            0.195391459690055,
            0.1865400681125422,
            0.17832905178979214,
            0.17074276696925444,
            0.16376348779725708,
            0.1573717190432143,
            0.15154648921078065,
            0.1462656248840592,
            0.14150600732768331,
            0.13724381240094896,
            0.13345473478808667,
            0.13011419740134217,
            0.12719754661109692,
            0.12468023371685237,
            0.12253798281216607,
            0.12074694494531034,
            0.11928383823952525,
            0.11812607344837815,
            0.1172518642756614,
            0.11664032171803097,
            0.11627153168155448,
            0.11612661519575547,
            0.11618777069846724,
            0.11643829807772799
        ]
    },
    "CPU_time": {
        "derivatives": 0.054698944091796875,
        "buildingVn": 5.581690073013306,
        "assembling_C": 0,