{
    "geometry1": "curvedcubic",
    "geometry2": "large",
    "ope": "b2p_tang_ipp",
    "lc": 0.015,
    "dimP": 2,
    "dimQ": 2,
    "N": 75,
    "f0": 1000,
    "BSP": true,
    "frequencies": [
        80,
        100,
        120,
        140,
        160,
        180,
        200,
        220,
        240,
        260,
        280,
        300,
        320,
        340,
        360,
        380,
        400,
        420,
        440,
        460,
        480,
        500,
        520,
        540,
        560,
        580,
        600,
        620,
        640,
        660,
        680,
        700,
        720,
        740,
        760,
        780,
        800,
        820,
        840,
        860,
        880,
        900,
        920,
        940,
        960,
        980,
        1000,
        1020,
        1040,
        1060,
        1080,
        1100,
        1120,
        1140,
        1160,
        1180,
        1200,
        1220,
        1240,
        1260,
        1280,
        1300,
        1320,
        1340,
        1360,
        1380,
        1400,
        1420,
        1440,
        1460,
        1480,
        1500,
        1520,
        1540,
        1560,
        1580,
        1600,
        1620,
        1640,
        1660,
        1680,
        1700,
        1720,
        1740,
        1760,
        1780,
        1800,
        1820,
        1840,
        1860,
        1880,
        1900,
        1920,
        1940,
        1960,
        1980,
        2000
    ],
    "Z_center": {
        "real": [
            0.01130986170643875,
            0.016516818897230348,
            0.022897396969829852,
            0.030645824838348653,
            0.03993182551432538,
            0.05085747330667383,
            0.06344545176712894,
            0.07762855060804381,
            0.0932486800639959,
            0.11007472201619817,
            0.12783364929427987,
            0.1462546870292952,
            0.1651251771891518,
            0.18431131543258122,
            0.20378976991103565,
            0.22363348984621864,
            0.24398842950574043,
            0.26503831092721303,
            0.2869666226918639,
            0.30992167469238247,
            0.33398797125161656,
            0.35916433239530904,
            0.3853541689393366,
            0.41236667251479286,
            0.4399322114314111,
            0.4677317996358541,
            0.4954366675946451,
            0.5227527183312717,
            0.5494603773253899,
            0.575442193782064,
            0.6006916899708942,
            0.6253025598509615,
            0.6494408694004311,
            0.6733065697218247,
            0.697091731154156,
            0.7209426003233399,
            0.7449313053874652,
            0.769041184699788,
            0.7931675046841006,
            0.817132754262315,
            0.840713023458428,
            0.8636698668078572,
            0.8857813656526098,
            0.9068670627778191,
            0.9268036763125884,
            0.9455309919100457,
            0.9630491972843669,
            0.9794098241700583,
            0.9947025054803127,
            1.0090393249041842,
            1.0225380419109933,
            1.0353052777906937,
            1.0474210487010371,
            1.0589266552071113,
            1.069818457153651,
            1.0800496698001272,
            1.0895407686400103,
            1.0981966746464482,
            1.105926569170084,
            1.1126611032212959,
            1.1183626613915054,
            1.123027286074809,
            1.1266796662631409,
            1.1293650008376768,
            1.131141622806878,
            1.132076226792333,
            1.1322417249844576,
            1.1317151705791273,
            1.1305742280103983,
            1.1288906174230025,
            1.1267224800560307,
            1.1241081163657818,
            1.1210636865197663,
            1.117585895962607,
            1.1136603811597625,
            1.1092722258618486,
            1.1044161254564075,
            1.0991038205643766,
            1.0933668013504163,
            1.0872538868815302,
            1.0808270902727772,
            1.0741539945373588,
            1.0673034923692566,
            1.060338717002277,
            1.0533156297663546,
            1.0462803171017303,
            1.039268639097682,
            1.0323060001481101,
            1.0254141531411889,
            1.0186135225683002,
            1.0119337502215568,
            1.0054204343977082,
            0.9991360631506075,
            0.9931554910667237,
            0.9875528744701442,
            0.9823817988166303,
            0.9776534042212229
        ],
        "imag": [
            0.12182909334703955,
            0.1518769480026717,
            0.18198464580814444,
            0.21212024067454988,
            0.24213418798937966,
            0.27181394198239933,
            0.30090274702892833,
            0.3291378230290424,
            0.3562856692197728,
            0.3821787045826605,
            0.4067451922568692,
            0.4300214429388872,
            0.452130440097907,
            0.47327115935336067,
            0.49364767086078076,
            0.5134382559365406,
            0.5327528634464398,
            0.5516142784150636,
            0.569951922498003,
            0.5876107200013216,
            0.604369446248439,
            0.6199684610332085,
            0.634143283213492,
            0.646660683094107,
            0.6573538516081809,
            0.6661504979828738,
            0.6730876366049852,
            0.6783087684413963,
            0.6820421403847681,
            0.6845634327989649,
            0.6861506242866403,
            0.6870396165641531,
            0.6873894796613403,
            0.6872627079597227,
            0.686622977131128,
            0.6853493460486036,
            0.6832635069351581,
            0.6801651343224095,
            0.675869104588883,
            0.6702382568166106,
            0.6632061778138667,
            0.6547867043258815,
            0.6450698511397013,
            0.634206770999213,
            0.6223880950580325,
            0.6098202677827269,
            0.5967035437680422,
            0.5832139141009227,
            0.5694899646773863,
            0.555624891049246,
            0.5416636582580594,
            0.5276054358449644,
            0.5134115908225189,
            0.4990191820888422,
            0.48435885743844714,
            0.4693744397263054,
            0.45404017236115324,
            0.4383713557208108,
            0.42242570232726256,
            0.4062953331411155,
            0.39009265250480596,
            0.37393488759864235,
            0.35793184051864174,
            0.34217924129251337,
            0.3267570428538831,
            0.31173021348614705,
            0.2971490840331747,
            0.2830481300158286,
            0.26944347410151126,
            0.2563323424147494,
            0.24369531847961443,
            0.23150341086441645,
            0.21972819402805155,
            0.20835198413790046,
            0.19737551757762842,
            0.18682100415737946,
            0.1767287058039119,
            0.16715033760938106,
            0.15813915599515685,
            0.1497420499347961,
            0.1419935413901438,
            0.1349122605127198,
            0.128502066909122,
            0.12275340381405338,
            0.11764721624823803,
            0.11315805183819093,
            0.10925903433902065,
            0.10592686610802952,
            0.10314488570420707,
            0.10090675244370124,
            0.09921355127628287,
            0.09806867500865016,
            0.09746334897881506,
            0.09736711495822077,
            0.09771452403826646,
            0.09840493589073072,
            0.09931349423846912
        ]
    },
    "CPU_time": {
        "derivatives": 0.29527711868286133,
        "buildingVn": 84.37988805770874,
        "assembling_C": 0,