{
    "geometry1": "curvedcubic",
    "geometry2": "large",
    "ope": "b2p_tang_ipp",
    "lc": 0.015,
    "dimP": 2,
    "dimQ": 2,
    "N": 72,
    "f0": 1000,
    "BSP": true,
    "frequencies": [
        80,
        100,
        120,
        140,
        160,
        180,
        200,
        220,
        240,
        260,
        280,
        300,
        320,
        340,
        360,
        380,
        400,
        420,
        440,
        460,
        480,
        500,
        520,
        540,
        560,
        580,
        600,
        620,
        640,
        660,
        680,
        700,
        720,
        740,
        760,
        780,
        800,
        820,
        840,
        860,
        880,
        900,
        920,
        940,
        960,
        980,
        1000,
        1020,
        1040,
        1060,
        1080,
        1100,
        1120,
        1140,
        1160,
        1180,
        1200,
        1220,
        1240,
        1260,
        1280,
        1300,
        1320,
        1340,
        1360,
        1380,
        1400,
        1420,
        1440,
        1460,
        1480,
        1500,
        1520,
        1540,
        1560,
        1580,
        1600,
        1620,
        1640,
        1660,
        1680,
        1700,
        1720,
        1740,
        1760,
        1780,
        1800,
        1820,
        1840,
        1860,
        1880,
        1900,
        1920,
        1940,
        1960,
        1980,
        2000
    ],
    "Z_center": {
        "real": [
            0.0113676407289251,
            0.016614185356538688,
            0.023015044969925676,
            0.030757449137810436,
            0.040014611088948916,
            0.05090040133862152,
            0.06344913266609709,
            0.07759999306140561,
            0.09320032298060957,
            0.11002175015907074,
            0.12778803312737094,
            0.14622723035073262,
            0.16511605802351856,
            0.18432016480083507,
            0.20381104976926087,
            0.2236606092982694,
            0.24401453719720162,
            0.2650582884632289,
            0.2869777496244888,
            0.30992354599328936,
            0.3339817837449086,
            0.3591528676882467,
            0.38534055604363204,
            0.41235403613800925,
            0.43992286354347243,
            0.46772694822346533,
            0.4954363983835915,
            0.5227561114561363,
            0.5494659222991208,
            0.5754482266146238,
            0.6006968363194539,
            0.6253059313894488,
            0.6494422766063567,
            0.6733062607426282,
            0.6970903075523954,
            0.7209407437901146,
            0.7449295947148783,
            0.7690399770624158,
            0.7931668987709116,
            0.8171326454500077,
            0.8407132087746952,
            0.8636701386823117,
            0.8857815865171511,
            0.9068671832258286,
            0.9268037154788415,
            0.9455309958174929,
            0.9630491972925702,
            0.9794098143206368,
            0.9947024443617318,
            1.0090391599577273,
            1.0225377489449234,
            1.035304912093708,
            1.0474207917335574,
            1.0589268486313097,
            1.0698195839598759,
            1.0800522510698223,
            1.0895451584337568,
            1.0982027740052949,
            1.105933516453405,
            1.1126670759976225,
            1.1183649703858918,
            1.1230227320965882,
            1.1266652675410225,
            1.129338929275087,
            1.1311040841713567,
            1.132030257033739,
            1.1321935498453644,
            1.13167428256878,
            1.1305526211023667,
            1.1289016301459187,
            1.1267787612311226,
            1.1242187263612713,
            1.1212305388867438,
            1.1178005034801561,
            1.113900900096974,
            1.1095025932353424,
            1.1045882751046725,
            1.0991635897038683,
            1.0932633884052179,
            1.08695202156827,
            1.0803179043720168,
            1.0734638625757618,
            1.0664952255384705,
            1.0595084879601138,
            1.0525820858150103,
            1.0457708024823125,
            1.039104117842273,
            1.0325879323302392,
            1.0262089829216616,
            1.019941254360226,
            1.0137526305348885,
            1.007612171704748,
            1.001496691993007,
            0.9953972675939959,
            0.9893246535663884,
            0.9833131146512452,
            0.977420850915193
        ],
        "imag": [
            0.1220123561239325,
            0.15199817726551088,
            0.18204076693772056,
            0.21211474349080567,
            0.24208572990629085,
            0.2717424993237825,
            0.30082921626135645,
            0.32907806395705413,
            0.3562499959579582,
            0.38217141050890774,
            0.4067620844411312,
            0.43005221561275225,
            0.4521691219901866,
            0.4733056431203819,
            0.49367184690140825,
            0.5134487931994387,
            0.5327503155839061,
            0.5516016290732643,
            0.5699337978572975,
            0.5875915552021349,
            0.6043531600792152,
            0.6199577037114472,
            0.634139170352221,
            0.6466627654740126,
            0.6573605326749494,
            0.666159572581011,
            0.6730967805280164,
            0.6783161114446724,
            0.6820465368015183,
            0.6845646896939563,
            0.6861492529383025,
            0.6870366060109512,
            0.6873859134238561,
            0.6872595120683631,
            0.6866207526836348,
            0.685348271826064,
            0.6832634318341219,
            0.6801657035162002,
            0.6758699193035435,
            0.6702390002678649,
            0.6632066785161341,
            0.6547869413122825,
            0.6450698983706538,
            0.6342067343064182,
            0.6223880548596549,
            0.6098202540825538,
            0.5967035437776347,
            0.583213901943672,
            0.5694899365336954,
            0.5556248936003662,
            0.5416637999275157,
            0.5276058737051309,
            0.5134124860312962,
            0.49902061650997004,
            0.48436071424662697,
            0.46937626616262895,
            0.4540410918800097,
            0.43837011597428993,
            0.4224208742642821,
            0.40628576601977995,
            0.39007805084101704,
            0.37391636015513263,
            0.3579122763652083,
            0.3421632948854148,
            0.3267507331373579,
            0.311740033575156,
            0.29718084351829976,
            0.28310540145201146,
            0.26952626164963595,
            0.2564353285899632,
            0.24380686307656038,
            0.23160510435324835,
            0.21979551338596212,
            0.20835688435196606,
            0.19729092978299917,
            0.18662685963653639,
            0.17641948143543118,
            0.16674139826600198,
            0.15767116919148405,
            0.14928008349234784,
            0.14162023014167163,
            0.13471662327659115,
            0.1285639761907174,
            0.12312891650051054,
            0.11835595062535618,
            0.1141764226511744,
            0.11051789596615968,
            0.1073130762051862,
            0.10450699793104859,
            0.10206180047794018,
            0.09995919526702475,
            0.09820083546770562,
            0.09680671354102297,
            0.09581167200346456,
            0.095259691007591,
            0.09519588060064191,
            0.09565597631597617
        ]
    },
    "CPU_time": {
        "derivatives": 0.5652098655700684,
        "buildingVn": 1082.5249030590057,
        "assembling_C": 0,