{
    "geometry1": "curvedcubic",
    "geometry2": "large",
    "ope": "b2p_tang_ipp",
    "lc": 0.015,
    "dimP": 2,
    "dimQ": 2,
    "N": 51,
    "f0": 1000,
    "BSP": true,
    "frequencies": [
        80,
        100,
        120,
        140,
        160,
        180,
        200,
        220,
        240,
        260,
        280,
        300,
        320,
        340,
        360,
        380,
        400,
        420,
        440,
        460,
        480,
        500,
        520,
        540,
        560,
        580,
        600,
        620,
        640,
        660,
        680,
        700,
        720,
        740,
        760,
        780,
        800,
        820,
        840,
        860,
        880,
        900,
        920,
        940,
        960,
        980,
        1000,
        1020,
        1040,
        1060,
        1080,
        1100,
        1120,
        1140,
        1160,
        1180,
        1200,
        1220,
        1240,
        1260,
        1280,
        1300,
        1320,
        1340,
        1360,
        1380,
        1400,
        1420,
        1440,
        1460,
        1480,
        1500,
        1520,
        1540,
        1560,
        1580,
        1600,
        1620,
        1640,
        1660,
        1680,
        1700,
        1720,
        1740,
        1760,
        1780,
        1800,
        1820,
        1840,
        1860,
        1880,
        1900,
        1920,
        1940,
        1960,
        1980,
        2000
    ],
    "Z_center": {
        "real": [
            0.011370937045098112,
            0.016666831676056582,
            0.02315065779935596,
            0.031000842635936377,
            0.04034169694456704,
            0.05123646040953723,
            0.06369703570911817,
            0.07768415837830651,
            0.0930959559191118,
            0.10976135823368559,
            0.12745101060169772,
            0.14590728984309093,
            0.16489211919042296,
            0.1842349413785316,
            0.20386537975751592,
            0.22382105817392486,
            0.2442300152399612,
            0.2652749845162784,
            0.28715172596843463,
            0.31002789610917375,
            0.33400828057205006,
            0.3591098144721352,
            0.38524809156505085,
            0.4122382028144623,
            0.4398094766660195,
            0.4676366506193881,
            0.49538150835224243,
            0.5227396427700028,
            0.5494826892801952,
            0.5754876486317111,
            0.6007461973136135,
            0.6253535904887269,
            0.6494797274286683,
            0.6733292891688248,
            0.697098763187678,
            0.7209375765163372,
            0.7449193655834325,
            0.7690273774349924,
            0.7931555887758446,
            0.8171246524667541,
            0.8407089069555118,
            0.8636687137592756,
            0.8857817446765672,
            0.9068677778864672,
            0.9268041129822407,
            0.9455311001273023,
            0.963049197254453,
            0.9794098542326137,
            0.9947024100666934,
            1.0090387212338638,
            1.0225366715568334,
            1.0353035101966093,
            1.0474203252011223,
            1.0589296337192051,
            1.0698286229547211,
            1.0800702796520787,
            1.0895732160382205,
            1.098238548087604,
            1.1059697015306307,
            1.1126907565588524,
            1.1183581949514443,
            1.122965178486302,
            1.1265387376394163,
            1.129133247534747,
            1.1308232238204674,
            1.131697102307195,
            1.1318517409590314,
            1.1313858925522102,
            1.1303918036337455,
            1.1289447400730408,
            1.127091533956632,
            1.1248438355084096,
            1.1221762775055528,
            1.1190330359386007,
            1.1153410485889321,
            1.1110285541067608,
            1.1060436702940455,
            1.1003689383316921,
            1.0940301644742316,
            1.0870972088839193,
            1.0796784007738145,
            1.0719115913228476,
            1.0639538856446056,
            1.0559741704145227,
            1.0481461897341071,
            1.0406420099771891,
            1.0336215973426102,
            1.0272207850151112,
            1.0215351654061424,
            1.0166057527346375,
            1.01240605888431,
            1.0088328879553978,
            1.0057014682994632,
            1.0027489114748567,
            0.9996482466172908,
            0.9960440522218287,
            0.9916087557645488
        ],
        "imag": [
            0.12231846715781516,
            0.1522553527819822,
            0.18228490543180415,
            0.21230460441322307,
            0.242150741063154,
            0.2716378334096772,
            0.3005647169538625,
            0.32872141318342596,
            0.35590124030811976,
            0.3819255833528321,
            0.4066801556979828,
            0.43014219759586714,
            0.4523908514712154,
            0.47358897818198664,
            0.49394240271553985,
            0.5136477156426841,
            0.5328462438099124,
            0.5515915173779788,
            0.5698373073903071,
            0.5874422433020592,
            0.6041887810370691,
            0.6198120119858519,
            0.6340363795999996,
            0.6466143779013621,
            0.6573658173141834,
            0.6662074424151627,
            0.6731700334624895,
            0.6783959242809923,
            0.6821166780994886,
            0.6846142740807428,
            0.6861739148182209,
            0.6870379594429946,
            0.6873698323623532,
            0.6872338907945893,
            0.6865932785752393,
            0.6853248825070504,
            0.6832474175861415,
            0.6801576699539589,
            0.6758684281234771,
            0.6702415338108632,
            0.6632106718200393,
            0.6547905106878342,
            0.6450721856548589,
            0.6342077599382253,
            0.6223883147782848,
            0.6098202633761792,
            0.5967035436976521,
            0.5832138373230499,
            0.5694896783696772,
            0.555624564839914,
            0.5416639860181113,
            0.5276075496836001,
            0.5134165952957517,
            0.4990273551756737,
            0.4843686703496495,
            0.46938175500902674,
            0.45403795272659647,
            0.4383503615810782,
            0.42237636122608657,
            0.4062108914449857,
            0.3899731354927013,
            0.37379099146849015,
            0.3577874051765178,
            0.34207114375690595,
            0.3267316543385508,
            0.3118362669021704,
            0.2974279264187654,
            0.28352258069978425,
            0.27010795968629703,
            0.2571451828868909,
            0.24457668644243236,
            0.23233804006121778,
            0.22037461871833217,
            0.20865763478572213,
            0.19719629407808686,
            0.1860430708698539,
            0.17528998315832134,
            0.1650574518047897,
            0.1554785898794705,
            0.1466821319056688,
            0.1387778574572725,
            0.1318473893863772,
            0.12593853817127587,
            0.12106381213779509,
            0.11719801590487039,
            0.11427503857700665,
            0.11218575486433421,
            0.11077608819775338,
            0.10985166233890785,
            0.10918714903171328,
            0.10854169517438561,
            0.10767900036691926,
            0.10639195085389608,
            0.10453346835780485,
            0.10205274031555303,
            0.09902818195568917,
            0.09569102053755237
        ]
    },
    "CPU_time": {
        "derivatives": 0.2945849895477295,
        "buildingVn": 68.6798448562622,
        "assembling_C": 0,