{
    "geometry1": "curvedcubic",
    "geometry2": "small",
    "ope": "b2p_tang_ipp",
    "lc": 0.015,
    "dimP": 2,
    "dimQ": 2,
    "N": 42,
    "f0": 1000,
    "BSP": true,
    "frequencies": [
        80,
        100,
        120,
        140,
        160,
        180,
        200,
        220,
        240,
        260,
        280,
        300,
        320,
        340,
        360,
        380,
        400,
        420,
        440,
        460,
        480,
        500,
        520,
        540,
        560,
        580,
        600,
        620,
        640,
        660,
        680,
        700,
        720,
        740,
        760,
        780,
        800,
        820,
        840,
        860,
        880,
        900,
        920,
        940,
        960,
        980,
        1000,
        1020,
        1040,
        1060,
        1080,
        1100,
        1120,
        1140,
        1160,
        1180,
        1200,
        1220,
        1240,
        1260,
        1280,
        1300,
        1320,
        1340,
        1360,
        1380,
        1400,
        1420,
        1440,
        1460,
        1480,
        1500,
        1520,
        1540,
        1560,
        1580,
        1600,
        1620,
        1640,
        1660,
        1680,
        1700,
        1720,
        1740,
        1760,
        1780,
        1800,
        1820,
        1840,
        1860,
        1880,
        1900,
        1920,
        1940,
        1960,
        1980,
        2000
    ],
    "Z_center": {
        "real": [
            0.014841495245561399,
            0.022579593704378495,
            0.03180863535541835,
            0.04254717908849346,
            0.05458225744135922,
            0.06764656822702086,
            0.08151098734257824,
            0.09600554288870396,
            0.11101584638708759,
            0.126473130742657,
            0.14234373765537933,
            0.1586198265416661,
            0.17531170414315686,
            0.19244170206974948,
            0.21003938116667584,
            0.22813781520741372,
            0.24677072564986285,
            0.2659702733871388,
            0.28576534989627456,
            0.3061802439090153,
            0.32723358898649063,
            0.3489375219362117,
            0.3712970022170795,
            0.39430925887260504,
            0.41796334468455476,
            0.442239787627525,
            0.46711033773882715,
            0.4925378134986536,
            0.5184760559677681,
            0.5448700014184653,
            0.5716558841190359,
            0.5987615803966723,
            0.6261071031939456,
            0.6536052531582822,
            0.6811624280226746,
            0.7086795868442046,
            0.7360533598297854,
            0.7631772883168454,
            0.7899431733464124,
            0.8162425055651822,
            0.8419679443080501,
            0.8670148100092973,
            0.8912825518684236,
            0.9146761521701355,
            0.9371074299238897,
            0.9584962095267522,
            0.9787713248042389,
            0.9978714347877862,
            1.0157456345786577,
            1.0323538522078126,
            1.0476670300805306,
            1.0616670969626274,
            1.0743467431322067,
            1.0857090169761305,
            1.0957667657345709,
            1.104541946168388,
            1.1120648326252047,
            1.11837315037523,
            1.1235111613217128,
            1.127528727443601,
            1.1304803748350714,
            1.1324243781812866,
            1.1334218821900761,
            1.1335360730748933,
            1.1328314098357264,
            1.1313729219415778,
            1.1292255771885098,
            1.1264537210408976,
            1.1231205867199192,
            1.1192878736599914,
            1.1150153907197395,
            1.1103607596672258,
            1.105379173929816,
            1.1001232073479459,
            1.0946426676658352,
            1.0889844896703076,
            1.0831926632117233,
            1.0773081917644924,
            1.0713690776689921,
            1.065410330709976,
            1.0594639971976954,
            1.0535592072059647,
            1.0477222380618942,
            1.0419765925653892,
            1.0363430907238762,
            1.0308399740212508,
            1.0254830213881165,
            1.0202856761066594,
            1.0152591828743471,
            1.0104127341684235,
            1.0057536249144725,
            1.0012874142737518,
            0.997018093149206,
            0.9929482557799361,
            0.9890792735699133,
            0.9854114690972591,
            0.9819442880916078
        ],
        "imag": [
            0.1276912360216344,
            0.1597101255408438,
            0.19059642729053922,
            0.22013827820747509,
            0.2483389649958913,
            0.2752586438589858,
            0.30098839157768853,
            0.32563704179090364,
            0.34931797095943795,
            0.3721388206177341,
            0.3941949433810037,
            0.4155659041098042,
            0.4363141103686429,
            0.45648479901108474,
            0.47610682399415416,
            0.4951938752501893,
            0.5137458941922128,
            0.5317505453028851,
            0.549184665957807,
            0.5660156573561237,
            0.582202805051846,
            0.5976985329229092,
            0.6124496028364647,
            0.6263982759867973,
            0.6394834524267609,
            0.6516418037031065,
            0.6628089104149848,
            0.6729204124394061,
            0.6819131748407448,
            0.6897264673951915,
            0.696303150448402,
            0.7015908547353067,
            0.7055431380561896,
            0.7081205975817728,
            0.7092919132947064,
            0.7090347959109058,
            0.707336811761343,
            0.7041960577158174,
            0.6996216613687756,
            0.6936340853836627,
            0.6862652199844359,
            0.6775582538853869,
            0.667567321140212,
            0.656356929081315,
            0.6440011802623188,
            0.6305828086529693,
            0.6161920568215645,
            0.6009254261006217,
            0.584884335469279,
            0.5681737269228917,
            0.5509006553862104,
            0.5331728998203389,
            0.5150976292602286,
            0.49678015335668735,
            0.4783227819185042,
            0.459823812299316,
            0.4413766576094603,
            0.4230691229787969,
            0.4049828317230362,
            0.3871927984971822,
            0.3697671424969827,
            0.3527669305775533,
            0.3362461378209516,
            0.3202517115673332,
            0.3048237241633182,
            0.2899955995761639,
            0.27579439945901285,
            0.26224115512371937,
            0.24935123304420356,
            0.2371347228929425,
            0.22559683859499435,
            0.21473832438503898,
            0.2045558593224179,
            0.19504245509115245,
            0.1861878431596383,
            0.17797884847204207,
            0.17039974777846859,
            0.16343261147402455,
            0.15705762842187254,
            0.15125341367751516,
            0.14599729933294733,
            0.14126560887140338,
            0.13703391548398777,
            0.13327728476961617,
            0.1299705021371143,
            0.12708828507565895,
            0.12460548027693952,
            0.1224972453994629,
            0.12073921508117562,
            0.11930765064880083,
            0.11817957285665329,
            0.11733287692674928,
            0.11674642916342001,
            0.11640014448868964,
            0.11627504438652747,
            0.11635329495558995,
            0.1166182250422804
        ]
    },
    "CPU_time": {
        "derivatives": 0.05395007133483887,
        "buildingVn": 3.495349168777466,
        "assembling_C": 0,