{
    "geometry1": "new_broken_cubic",
    "geometry2": "large",
    "ope": "b2p_tang_ipp",
    "lc": 0.015,
    "dimP": 2,
    "dimQ": 2,
    "N": 86,
    "f0": 1000,
    "BSP": true,
    "frequencies": [
        80,
        100,
        120,
        140,
        160,
        180,
        200,
        220,
        240,
        260,
        280,
        300,
        320,
        340,
        360,
        380,
        400,
        420,
        440,
        460,
        480,
        500,
        520,
        540,
        560,
        580,
        600,
        620,
        640,
        660,
        680,
        700,
        720,
        740,
        760,
        780,
        800,
        820,
        840,
        860,
        880,
        900,
        920,
        940,
        960,
        980,
        1000,
        1020,
        1040,
        1060,
        1080,
        1100,
        1120,
        1140,
        1160,
        1180,
        1200,
        1220,
        1240,
        1260,
        1280,
        1300,
        1320,
        1340,
        1360,
        1380,
        1400,
        1420,
        1440,
        1460,
        1480,
        1500,
        1520,
        1540,
        1560,
        1580,
        1600,
        1620,
        1640,
        1660,
        1680,
        1700,
        1720,
        1740,
        1760,
        1780,
        1800,
        1820,
        1840,
        1860,
        1880,
        1900,
        1920,
        1940,
        1960,
        1980,
        2000
    ],
    "Z_center": {
        "real": [
            0.009406154878208397,
            0.016563378822846815,
            0.02194829571550738,
            0.02807138819957401,
            0.03575006740878648,
            0.04535944570816933,
            0.057042855413591644,
            0.07085356246719114,
            0.08673930530918694,
            0.10453717041366965,
            0.12397598047814744,
            0.14470482090647663,
            0.16633536326440007,
            0.1884922370395131,
            0.2108624787540777,
            0.23322944960125364,
            0.25548878756852783,
            0.27763939518471875,
            0.29975977901584994,
            0.32197749793259045,
            0.34443579250152334,
            0.36726625663869517,
            0.3905686186590292,
            0.4143981231972335,
            0.43876033329551356,
            0.46361294588109503,
            0.48887433922230816,
            0.5144356230387281,
            0.5401765411827775,
            0.565980073939887,
            0.591746832863449,
            0.6174036941222549,
            0.6429061495572931,
            0.6682364527930739,
            0.6933951358190814,
            0.7183899116670873,
            0.7432231512262543,
            0.7678800681454454,
            0.7923199685714032,
            0.8164707786178818,
            0.8402285387387808,
            0.8634616557729663,
            0.8860195102435893,
            0.9077444238721766,
            0.9284855437406435,
            0.9481128388871536,
            0.9665292349011677,
            0.9836790809013108,
            0.9995515820389266,
            1.0141786276188167,
            1.0276274147880118,
            1.0399891762723352,
            1.0513659681332157,
            1.0618576868856788,
            1.0715511947537437,
            1.080512951852025,
            1.088785688152688,
            1.096388961402229,
            1.1033228431899935,
            1.1095733639049283,
            1.1151185643111732,
            1.119933983217129,
            1.1239969702355903,
            1.1272896994740174,
            1.129801051666008,
            1.131527653984311,
            1.1324740728880907,
            1.1326526152653393,
            1.132082363831903,
            1.1307878817981196,
            1.12879773071032,
            1.1261433301704553,
            1.1228584614046278,
            1.1189794325686864,
            1.1145459302457446,
            1.109601993061155,
            1.1041966802751804,
            1.0983843327165403,
            1.0922237239918795,
            1.0857764510208652,
            1.0791053978023277,
            1.072272042535284,
            1.065334826153511,
            1.058347369196614,
            1.0513578967191077,
            1.044408542621534,
            1.0375352854795177,
            1.0307694339134925,
            1.0241375177400707,
            1.0176628264902186,
            1.0113651296272852,
            1.0052612285392988,
            0.9993655154025227,
            0.9936891346057711,
            0.9882397890196855,
            0.9830220971264795,
            0.9780384895523818
        ],
        "imag": [
            0.12189915470656768,
            0.15029994130822724,
            0.17895758919212781,
            0.2089631531845744,
            0.2395982683823024,
            0.2704742041082633,
            0.30123600912505916,
            0.3314723649582966,
            0.36079982909145525,
            0.388844183220991,
            0.4153010503417043,
            0.439965164023037,
            0.46275510642904494,
            0.48371833500425926,
            0.5030156226225834,
            0.5208808069167855,
            0.5375739097670684,
            0.5533380908267027,
            0.5683632063001347,
            0.5827699107266721,
            0.5966028362608164,
            0.6098386078170178,
            0.6224015706064442,
            0.6341811678594206,
            0.6450526969353,
            0.6548961641260886,
            0.6636117535158933,
            0.6711310904216844,
            0.6774235800659316,
            0.6824944751799423,
            0.68637867345932,
            0.6891286110528421,
            0.6908013330662904,
            0.6914448749303248,
            0.691087947612193,
            0.6897340516534923,
            0.6873605347170461,
            0.6839229611982081,
            0.6793636101952373,
            0.6736226142364198,
            0.6666509848467089,
            0.6584226726155276,
            0.6489448662771665,
            0.6382644681802045,
            0.6264700446081893,
            0.6136885481887154,
            0.6000770935388173,
            0.5858107160383689,
            0.5710677859476428,
            0.5560152390525637,
            0.5407958540083979,
            0.525519448645253,
            0.5102590412148384,
            0.49505218712870025,
            0.47990664663017135,
            0.4648090717082607,
            0.44973490332603727,
            0.43465785754720687,
            0.4195575865164465,
            0.4044247162898307,
            0.38926322205246483,
            0.3740904583919684,
            0.3589356194392736,
            0.34383746445281216,
            0.3288417524315445,
            0.3139987401026615,
            0.2993609141304934,
            0.2849807338650459,
            0.27090897065089686,
            0.2571934606839054,
            0.24387881540253734,
            0.231006674527542,
            0.21861642643842022,
            0.20674599719463327,
            0.19543199814850593,
            0.18470933354433913,
            0.17461007662222594,
            0.16516154041109724,
            0.15638469667715726,
            0.14829275140350845,
            0.14089018664959896,
            0.13417281546740603,
            0.12812877226787947,
            0.12273935038563594,
            0.11798067382025981,
            0.11382597493659957,
            0.11024626847067324,
            0.10721216930615303,
            0.10469430333105072,
            0.10266388870150589,
            0.10109248899222602,
            0.09995191502293899,
            0.09921450755938303,
            0.09885321475346336,
            0.0988416378416989,
            0.09915725670564582,
            0.09977864271586719
        ]
    },
    "CPU_time": {
        "derivatives": 0.20648789405822754,
        "buildingVn": 55.43986201286316,
        "assembling_C": 0,