{
    "geometry1": "new_broken_cubic",
    "geometry2": "large",
    "ope": "b2p_tang_ipp",
    "lc": 0.015,
    "dimP": 2,
    "dimQ": 2,
    "N": 77,
    "f0": 1000,
    "BSP": true,
    "frequencies": [
        80,
        100,
        120,
        140,
        160,
        180,
        200,
        220,
        240,
        260,
        280,
        300,
        320,
        340,
        360,
        380,
        400,
        420,
        440,
        460,
        480,
        500,
        520,
        540,
        560,
        580,
        600,
        620,
        640,
        660,
        680,
        700,
        720,
        740,
        760,
        780,
        800,
        820,
        840,
        860,
        880,
        900,
        920,
        940,
        960,
        980,
        1000,
        1020,
        1040,
        1060,
        1080,
        1100,
        1120,
        1140,
        1160,
        1180,
        1200,
        1220,
        1240,
        1260,
        1280,
        1300,
        1320,
        1340,
        1360,
        1380,
        1400,
        1420,
        1440,
        1460,
        1480,
        1500,
        1520,
        1540,
        1560,
        1580,
        1600,
        1620,
        1640,
        1660,
        1680,
        1700,
        1720,
        1740,
        1760,
        1780,
        1800,
        1820,
        1840,
        1860,
        1880,
        1900,
        1920,
        1940,
        1960,
        1980,
        2000
    ],
    "Z_center": {
        "real": [
            0.011420844813246681,
            0.01660627462840936,
            0.02156122460170351,
            0.027732590594817953,
            0.035457173431167124,
            0.04502888542128254,
            0.05667369860111278,
            0.07049513375396815,
            0.08647169239605472,
            0.10443356020229548,
            0.12407256953688739,
            0.1449872257487596,
            0.16674267712107885,
            0.18893719020132244,
            0.2112580118819026,
            0.2335075883990449,
            0.25561559646434495,
            0.27761517525411505,
            0.2996125798924166,
            0.32175071965938457,
            0.34417797068121936,
            0.3670215121040577,
            0.39037036957303933,
            0.4142656044050893,
            0.4386989183845542,
            0.4636162935218199,
            0.488927449844202,
            0.5145195269654104,
            0.5402715517966992,
            0.5660698636403989,
            0.5918199234110879,
            0.6174540909912482,
            0.6429334211279469,
            0.6682439817645857,
            0.693388573607875,
            0.7183754227846953,
            0.743206151871782,
            0.7678645618565836,
            0.7923080977697151,
            0.8164630935345775,
            0.8402244953422714,
            0.8634601407077686,
            0.8860193539919389,
            0.9077447160324954,
            0.9284857902176185,
            0.9481129137995152,
            0.9665292349581425,
            0.983679139418215,
            0.999551730108296,
            1.0141787515311111,
            1.0276273218379768,
            1.039988739414598,
            1.0513652923943122,
            1.0618572002158855,
            1.0715516369954736,
            1.0805152027399865,
            1.088790515130583,
            1.0963966688768645,
            1.1033330282345577,
            1.10958475462972,
            1.1151290204821467,
            1.1199407294705381,
            1.1239969502419542,
            1.1272800846253814,
            1.129779663423341,
            1.131493346784571,
            1.1324271263144101,
            1.1325949125475272,
            1.1320174604523685,
            1.1307210945989026,
            1.128736086258654,
            1.1260952586804427,
            1.1228332491085442,
            1.1189867722780282,
            1.1145945938584778,
            1.1096986049580986,
            1.10434450703008,
            1.0985818200779431,
            1.092463188585045,
            1.086043606232882,
            1.0793786556744556,
            1.07252350487287,
            1.0655317692023865,
            1.0584548978324084,
            1.0513426664145895,
            1.0442425569162541,
            1.0372013464899692,
            1.0302646782899636,
            1.0234769054760875,
            1.0168806815607732,
            1.0105147898546187,
            1.0044133120686907,
            0.9986020461107796,
            0.9930991834227206,
            0.9879113454822134,
            0.9830308835362697,
            0.9784457743620278
        ],
        "imag": [
            0.11972762549666487,
            0.14893008633402094,
            0.17846746102392091,
            0.2087193205339043,
            0.23944725123316254,
            0.27040353971663755,
            0.30127073605512633,
            0.3316646314235088,
            0.36114244152609043,
            0.38928604806845346,
            0.4157558979755712,
            0.44033635879119926,
            0.4629659035456216,
            0.4837373597338999,
            0.5028543510141971,
            0.5205877858089546,
            0.5372175059966591,
            0.5529875483691205,
            0.5680749499620558,
            0.5825784428284252,
            0.5965203942682771,
            0.6098575180529036,
            0.6224996960621166,
            0.6343289195970604,
            0.645218870688466,
            0.6550533091090838,
            0.6637394320548,
            0.6712182627275494,
            0.6774676723020712,
            0.6825003545610814,
            0.6863558517718478,
            0.6890887568664983,
            0.6907555640756956,
            0.6914019406690218,
            0.6910534820696105,
            0.6897103716352238,
            0.6873473329441476,
            0.6839181594318601,
            0.6793642790364509,
            0.6736260039516411,
            0.6666549289445413,
            0.6584259027164283,
            0.6489469150609208,
            0.638265456404698,
            0.6264703638355688,
            0.6136885926922077,
            0.6000770934907868,
            0.5858107008911266,
            0.5710676641234111,
            0.5560149375814135,
            0.5407954481101299,
            0.5255192059964562,
            0.5102593668217519,
            0.4950534409148005,
            0.4799089405401446,
            0.46481202470887273,
            0.4497376044332561,
            0.43465886134298715,
            0.4195551501932281,
            0.4044172100607616,
            0.38924946485152034,
            0.37407016049477526,
            0.3589096260166991,
            0.34380787346055053,
            0.3288118437872221,
            0.31397272268742293,
            0.2993435696184487,
            0.2849770523983522,
            0.27092366308854554,
            0.25723049234264517,
            0.2439407376653097,
            0.23109410215878087,
            0.21872744325074295,
            0.20687527417255974,
            0.19557084613735964,
            0.18484541694023057,
            0.17472774912824693,
            0.16524284786302917,
            0.15641067718660576,
            0.1482453626117704,
            0.14075489665812296,
            0.13394114257707368,
            0.1278006747496201,
            0.122325631998559,
            0.11750488824513032,
            0.1133236438023734,
            0.10976438961626203,
            0.10680480506650926,
            0.10442112532041466,
            0.10257986434533943,
            0.10124470372694978,
            0.1003719855205543,
            0.09991382895274152,
            0.09981718522952553,
            0.10002984034805222,
            0.10050014976755167,
            0.10118233889869101
        ]
    },
    "CPU_time": {
        "derivatives": 0.195753812789917,
        "buildingVn": 51.396130084991455,
        "assembling_C": 0,