{
    "geometry1": "new_broken_cubic",
    "geometry2": "small",
    "ope": "b2p_tang_ipp",
    "lc": 0.015,
    "dimP": 2,
    "dimQ": 2,
    "N": 85,
    "f0": 1000,
    "BSP": true,
    "frequencies": [
        80,
        100,
        120,
        140,
        160,
        180,
        200,
        220,
        240,
        260,
        280,
        300,
        320,
        340,
        360,
        380,
        400,
        420,
        440,
        460,
        480,
        500,
        520,
        540,
        560,
        580,
        600,
        620,
        640,
        660,
        680,
        700,
        720,
        740,
        760,
        780,
        800,
        820,
        840,
        860,
        880,
        900,
        920,
        940,
        960,
        980,
        1000,
        1020,
        1040,
        1060,
        1080,
        1100,
        1120,
        1140,
        1160,
        1180,
        1200,
        1220,
        1240,
        1260,
        1280,
        1300,
        1320,
        1340,
        1360,
        1380,
        1400,
        1420,
        1440,
        1460,
        1480,
        1500,
        1520,
        1540,
        1560,
        1580,
        1600,
        1620,
        1640,
        1660,
        1680,
        1700,
        1720,
        1740,
        1760,
        1780,
        1800,
        1820,
        1840,
        1860,
        1880,
        1900,
        1920,
        1940,
        1960,
        1980,
        2000
    ],
    "Z_center": {
        "real": [
            0.013240865043886954,
            0.02028629842109248,
            0.028659720499569722,
            0.038500096361189354,
            0.04944245351783268,
            0.061017928889131906,
            0.07313933108779781,
            0.08577580831306884,
            0.09888906316717229,
            0.11244598549050717,
            0.12642528122717067,
            0.14081828318549405,
            0.15562747194449242,
            0.17086429575413611,
            0.18654693274828582,
            0.2026982494548453,
            0.2193440400513274,
            0.23651155273677782,
            0.2542282741101729,
            0.2725209286683723,
            0.29141464818022134,
            0.31093226919233674,
            0.3310937230944387,
            0.35191549024956187,
            0.3734100966990213,
            0.3955856384318307,
            0.418445323979891,
            0.44198703113833576,
            0.4662028779592247,
            0.49107881189397384,
            0.5165942241165054,
            0.5427215986846257,
            0.5694262083004821,
            0.5966658699961002,
            0.6243907750557629,
            0.6525434078495063,
            0.6810585679315245,
            0.7098635087003542,
            0.7388782041016894,
            0.7680157522606662,
            0.7971829215963296,
            0.8262808409713527,
            0.855205830881618,
            0.8838503677756997,
            0.9121041685196665,
            0.9398553770463894,
            0.9669918306220597,
            0.9934023791935844,
            1.0189782282173045,
            1.04361427341002,
            1.0672103951809746,
            1.0896726811648503,
            1.1109145472872883,
            1.130857731058862,
            1.1494331351471494,
            1.166581504468618,
            1.1822539258020606,
            1.1964121449189213,
            1.2090287021552453,
            1.220086892905793,
            1.2295805644656856,
            1.2375137647658045,
            1.2439002617294903,
            1.2487629541499738,
            1.2521331961495876,
            1.2540500575027516,
            1.2545595414755297,
            1.2537137805019147,
            1.251570228133004,
            1.2481908634133592,
            1.2436414213277558,
            1.237990660348043,
            1.2313096755284787,
            1.223671263137956,
            1.2151493405634681,
            1.2058184232104272,
            1.1957531584070016,
            1.1850279148883702,
            1.1737164252995629,
            1.1618914782953305,
            1.149624656202796,
            1.1369861138307251,
            1.124044393816011,
            1.110866273868438,
            1.0975166413784896,
            1.084058391056667,
            1.0705523415577174,
            1.0570571673808211,
            1.0436293427139312,
            1.0303230942848483,
            1.0171903606880224,
            1.0042807560560423,
            0.9916415363386066,
            0.9793175668272981,
            0.967351289919778,
            0.9557826924508327,
            0.9446492722228551
        ],
        "imag": [
            0.12360244365755142,
            0.152994027662372,
            0.18128600665773717,
            0.20852198538295907,
            0.23512352380368476,
            0.2609814840809835,
            0.28598230549775816,
            0.3101558574759988,
            0.3335695558594213,
            0.3562941145924485,
            0.37839534687989734,
            0.39993137544888374,
            0.4209512855013901,
            0.4414944811867964,
            0.46159052543551715,
            0.48125932188965276,
            0.5005115208698636,
            0.5193490541643125,
            0.5377657281638544,
            0.5557478279716375,
            0.5732747043763236,
            0.5903193304016108,
            0.6068488248220155,
            0.622824947258941,
            0.638204574009644,
            0.6529401662875871,
            0.6669802436208637,
            0.6802698751592784,
            0.6927512008718133,
            0.7043639932537791,
            0.7150462683237102,
            0.7247349524467254,
            0.7333666089251791,
            0.7408782253834734,
            0.7472080597956205,
            0.7522965396190062,
            0.7560872049979999,
            0.7585276834885784,
            0.7595706803762258,
            0.7591749655675489,
            0.7573063354057954,
            0.7539385257776585,
            0.7490540517028142,
            0.7426449483939673,
            0.7347133896338305,
            0.7252721613142736,
            0.7143449710990509,
            0.7019665793335548,
            0.6881827413828608,
            0.6730499573093587,
            0.6566350309301948,
            0.639014446512997,
            0.6202735773414199,
            0.6005057457985191,
            0.5798111591843904,
            0.5582957489805759,
            0.5360699435378383,
            0.513247405120714,
            0.48994376190384303,
            0.46627536396530106,
            0.4423580897240115,
            0.4183062258197009,
            0.39423143938524235,
            0.3702418572531081,
            0.34644126212200704,
            0.3229284113056078,
            0.29979647957972777,
            0.2771326239861117,
            0.2550176653373912,
            0.23352587866101965,
            0.2127248829309074,
            0.1926756191529936,
            0.1734324051451024,
            0.15504305512234084,
            0.1375490523912754,
            0.12098576398544579,
            0.10538268686490485,
            0.09076371627558687,
            0.07714742794984164,
            0.06454736697264933,
            0.05297233728615497,
            0.04242668691888057,
            0.032910585080634505,
            0.02442028823197635,
            0.016948393112410642,
            0.010484075482256225,
            0.005013313999496145,
            0.0005190992177825539,
            -0.0030183718421419405,
            -0.005621514719387773,
            -0.007315189018594697,
            -0.008126541057298407,
            -0.008084856169339424,
            -0.007221419087700455,
            -0.00556938079434296,
            -0.0031636302291297193,
            -4.0669300823783553e-05
        ]
    },
    "CPU_time": {
        "derivatives": 0.06839299201965332,
        "buildingVn": 9.674463987350464,