{
    "geometry1": "new_broken_cubic",
    "geometry2": "large",
    "ope": "b2p_tang_ipp",
    "lc": 0.015,
    "dimP": 2,
    "dimQ": 2,
    "N": 3,
    "f0": 1000,
    "BSP": true,
    "frequencies": [
        80,
        100,
        120,
        140,
        160,
        180,
        200,
        220,
        240,
        260,
        280,
        300,
        320,
        340,
        360,
        380,
        400,
        420,
        440,
        460,
        480,
        500,
        520,
        540,
        560,
        580,
        600,
        620,
        640,
        660,
        680,
        700,
        720,
        740,
        760,
        780,
        800,
        820,
        840,
        860,
        880,
        900,
        920,
        940,
        960,
        980,
        1000,
        1020,
        1040,
        1060,
        1080,
        1100,
        1120,
        1140,
        1160,
        1180,
        1200,
        1220,
        1240,
        1260,
        1280,
        1300,
        1320,
        1340,
        1360,
        1380,
        1400,
        1420,
        1440,
        1460,
        1480,
        1500,
        1520,
        1540,
        1560,
        1580,
        1600,
        1620,
        1640,
        1660,
        1680,
        1700,
        1720,
        1740,
        1760,
        1780,
        1800,
        1820,
        1840,
        1860,
        1880,
        1900,
        1920,
        1940,
        1960,
        1980,
        2000
    ],
    "Z_center": {
        "real": [
            0.03426009733047558,
            -0.11463568940326596,
            -0.0760681714842681,
            -0.044325054311948754,
            -0.031913317352664644,
            -0.025091444820773454,
            -0.020486406620836776,
            -0.016903573794901195,
            -0.01380260360008063,
            -0.010888709205615152,
            -0.0079716740511927,
            -0.004907376721033717,
            -0.0015693297979280467,
            0.0021676968456190407,
            0.0064390662341766046,
            0.011399891200136016,
            0.01723454721086936,
            0.024167069757250276,
            0.03247305239517074,
            0.04249332627144267,
            0.054649197437167826,
            0.06945810265385209,
            0.0875468859529605,
            0.10965707151006346,
            0.13663212337878852,
            0.1693708350262303,
            0.20872532465822724,
            0.2553216201802786,
            0.3092954220989021,
            0.3699777354041103,
            0.4356363467850795,
            0.5034459643382244,
            0.5698438251413487,
            0.6312631882828083,
            0.6849872898449374,
            0.7297382670671891,
            0.7657566483288369,
            0.7944255985948452,
            0.8176973159338089,
            0.8375727731007765,
            0.8557572593428081,
            0.8734942310341302,
            0.8915251656952988,
            0.9101209900430347,
            0.9291502306542152,
            0.9481689654427962,
            0.9665292349435135,
            0.9835045258967994,
            0.9984255350253889,
            1.0108110636385588,
            1.0204731518475083,
            1.027577080078807,
            1.0326466870244742,
            1.0365199086399477,
            1.040272146573593,
            1.04513086009968,
            1.0524025390229022,
            1.0634257139319792,
            1.079555065325974,
            1.1021751364904153,
            1.132738737455929,
            1.1728242912670874,
            1.2242067526297344,
            1.2889367411675838,
            1.369420457032536,
            1.4684865271639016,
            1.5894116085040157,
            1.7358485685280907,
            1.9115510181898618,
            2.119707848547159,
            2.3615972948910495,
            2.634203312380931,
            2.926610304482226,
            3.2158292719573676,
            3.4646116342392173,
            3.6259584244083287,
            3.6577825221944433,
            3.542784484466381,
            3.299089592367592,
            2.971597053747601,
            2.611348739940366,
            2.258642472345865,
            1.9373162738198773,
            1.6572274457630356,
            1.419333779616028,
            1.2200787854997672,
            1.054212935835318,
            0.916303677011826,
            0.8014139716030999,
            0.7053294530769559,
            0.6245692110344583,
            0.5563077161185318,
            0.4982707793890854,
            0.44863361334463464,
            0.4059316474132433,
            0.3689866413012077,
            0.3368472127711718
        ],
        "imag": [
            0.015215053136242425,
            -0.045610373867560304,
            0.11515041081282354,
            0.13638097696302873,
            0.15270384319452526,
            0.16950119108040843,
            0.18706037351290947,
            0.20536314688157506,
            0.22439970783237598,
            0.24418918635647754,
            0.26477411131484857,
            0.28621499273395995,
            0.3085869542545873,
            0.3319777262095199,
            0.3564862401275631,
            0.3822211821752397,
            0.4092988683633541,
            0.4378396722191837,
            0.46796195943102453,
            0.49977204764074845,
            0.5333481001463276,
            0.568715107177918,
            0.6058073549647222,
            0.6444144523679216,
            0.6841080292659357,
            0.7241504385123809,
            0.7633969109700256,
            0.8002212685596742,
            0.8325213400371199,
            0.8578813463776364,
            0.873954865063119,
            0.8790471340358443,
            0.8727229154704377,
            0.8561431199572191,
            0.8318904200086585,
            0.8033104483783606,
            0.7736746520881894,
            0.7455268139312503,
            0.7203969694644314,
            0.6988449095354071,
            0.680686436396905,
            0.6652664610865767,
            0.6517034651316779,
            0.6390828790109387,
            0.6266041366007388,
            0.6136919811022702,
            0.6000770935646521,
            0.5858428410714489,
            0.5714299088021206,
            0.5575923027160452,
            0.5453069763512429,
            0.5356516175762295,
            0.5296748436471743,
            0.5282849112520241,
            0.5321758961017573,
            0.5417976997004298,
            0.5573638891991054,
            0.5788835681032967,
            0.6062012974568959,
            0.6390309468616566,
            0.6769726690320325,
            0.7195047802306046,
            0.7659429251704479,
            0.8153569994586372,
            0.8664318030659118,
            0.9172505124059002,
            0.9649717559459249,
            1.0053646930224693,
            1.0321715758207315,
            1.036307364911428,
            1.0050307414273116,
            0.9215128136869584,
            0.7657597261211483,
            0.5184601026630881,
            0.1691797404362666,
            -0.2723059535918392,
            -0.7683490471920097,
            -1.2593528591719152,
            -1.684862307010033,
            -2.0061469101233875,
            -2.214432172212083,
            -2.323506364947024,
            -2.3569110464555973,
            -2.338275804379007,
            -2.286837851215326,
            -2.2165588377975878,
            -2.136866455912885,
            -2.0538073907974304,
            -1.9710914106653992,
            -1.890884740474358,
            -1.8143645022745996,
            -1.7420889031070432,
            -1.6742378763890096,
            -1.610766869212718,
            -1.551503899363808,
            -1.4962101024998313,
            -1.4446169877697588
        ]
    },
    "CPU_time": {
        "derivatives": 0.19638299942016602,
        "buildingVn": 25.326246976852417,
        "assembling_C": 0,