{
    "geometry1": "new_broken_cubic",
    "geometry2": "small",
    "ope": "b2p_tang_ipp",
    "lc": 0.015,
    "dimP": 2,
    "dimQ": 2,
    "N": 48,
    "f0": 1000,
    "BSP": true,
    "frequencies": [
        80,
        100,
        120,
        140,
        160,
        180,
        200,
        220,
        240,
        260,
        280,
        300,
        320,
        340,
        360,
        380,
        400,
        420,
        440,
        460,
        480,
        500,
        520,
        540,
        560,
        580,
        600,
        620,
        640,
        660,
        680,
        700,
        720,
        740,
        760,
        780,
        800,
        820,
        840,
        860,
        880,
        900,
        920,
        940,
        960,
        980,
        1000,
        1020,
        1040,
        1060,
        1080,
        1100,
        1120,
        1140,
        1160,
        1180,
        1200,
        1220,
        1240,
        1260,
        1280,
        1300,
        1320,
        1340,
        1360,
        1380,
        1400,
        1420,
        1440,
        1460,
        1480,
        1500,
        1520,
        1540,
        1560,
        1580,
        1600,
        1620,
        1640,
        1660,
        1680,
        1700,
        1720,
        1740,
        1760,
        1780,
        1800,
        1820,
        1840,
        1860,
        1880,
        1900,
        1920,
        1940,
        1960,
        1980,
        2000
    ],
    "Z_center": {
        "real": [
            0.015265372257898958,
            0.022217523890944765,
            0.030386189692489005,
            0.03968492281630356,
            0.04999279615227717,
            0.061179852133709106,
            0.07312184556705148,
            0.08570915932419772,
            0.09885190562327528,
            0.11248210647424553,
            0.12655357350389024,
            0.14104010748252166,
            0.15593264946717303,
            0.17123595497225913,
            0.18696523739661802,
            0.20314307608979285,
            0.21979674441925565,
            0.23695600492963725,
            0.25465134764846836,
            0.27291260934479417,
            0.29176789745835197,
            0.311242743681671,
            0.33135942165373466,
            0.35213637602010023,
            0.37358772325412193,
            0.39572279659102966,
            0.4185457176031885,
            0.44205498525075065,
            0.46624307986733143,
            0.4910960847307545,
            0.5165933318954965,
            0.5427070820275789,
            0.5694022502343403,
            0.5966361914120304,
            0.6243585594855416,
            0.652511255083142,
            0.6810284756728515,
            0.7098368809532049,
            0.7388558843296604,
            0.7679980786325914,
            0.7971698008726169,
            0.8262718368743389,
            0.8552002621937798,
            0.8838474109824924,
            0.9121029596146177,
            0.9398551071800315,
            0.9669918306220905,
            0.9934021886120996,
            1.0189776454407784,
            1.0436133844612066,
            1.0672095800744834,
            1.089672597983084,
            1.1109160954249568,
            1.1308619962666173,
            1.1494413200049702,
            1.166594848679158,
            1.182273621166086,
            1.196439250021032,
            1.209064061647025,
            1.2201310658548172,
            1.2296337655762928,
            1.2375758214365613,
            1.2439705889516985,
            1.248840548237915,
            1.2522166472961944,
            1.254137580222881,
            1.2546490211866448,
            1.2538028338286364,
            1.2516562740281627,
            1.2482712018761666,
            1.2437133163602583,
            1.2380514238183666,
            1.231356748777972,
            1.2237022934607311,
            1.215162250068137,
            1.2058114680243825,
            1.1957249766703146,
            1.1849775624885572,
            1.173643398795011,
            1.1617957249468367,
            1.1495065714667212,
            1.1368465270499601,
            1.1238845431697497,
            1.1106877719054802,
            1.097321432655441,
            1.083848703536078,
            1.070330633491902,
            1.0568260714185405,
            1.0433916089239275,
            1.0300815336997742,
            1.0169477908382543,
            1.0040399497959793,
            0.9914051750719877,
            0.9790881990229177,
            0.967131295582377,
            0.9555742539790965,
            0.9444543518579974
        ],
        "imag": [
            0.12319780381390025,
            0.15239889265690104,
            0.18088733218971473,
            0.20857107427088184,
            0.23539751661062658,
            0.2613490775955505,
            0.286437023662837,
            0.3106952151430816,
            0.33417358194239816,
            0.35693155163068757,
            0.3790319409727202,
            0.4005357916425233,
            0.4214984289877587,
            0.4419667911862491,
            0.4619778973567707,
            0.48155822465141657,
            0.5007237380393327,
            0.5194803390263432,
            0.5378245465295314,
            0.5557442760617254,
            0.573219631319012,
            0.5902236604084552,
            0.6067230565254289,
            0.6226788011772292,
            0.6380467590893338,
            0.6527782397583979,
            0.6668205429168303,
            0.6801175052137189,
            0.692610064064394,
            0.7042368524346452,
            0.7149348356356997,
            0.7246399982092558,
            0.7332880857645204,
            0.740815403261205,
            0.7471596677390795,
            0.7522609099400815,
            0.7560624157039283,
            0.7585116945451671,
            0.7595614595476503,
            0.7591705997829936,
            0.7573051240256039,
            0.7539390527595803,
            0.7490552344954859,
            0.7426460623785942,
            0.7347140680530874,
            0.7252723718032885,
            0.7143449710990091,
            0.701966853745141,
            0.6881839267301343,
            0.6730527573674681,
            0.656640129171259,
            0.6390224208112347,
            0.6202848221414262,
            0.6005204064049492,
            0.5798290820165096,
            0.5583164506079018,
            0.5360926001465501,
            0.5132708628373785,
            0.48996656719975956,
            0.4662958122650137,
            0.44237428939975715,
            0.41831617402873167,
            0.3942331057194056,
            0.3702332709381695,
            0.3464205985172806,
            0.32289407369196194,
            0.29974717265185274,
            0.277067416040889,
            0.25493603682967436,
            0.23342775553257106,
            0.21261065386707334,
            0.19254613664360454,
            0.1732889708920564,
            0.15488739091958817,
            0.13738325808803703,
            0.12081226452020682,
            0.10520417062325688,
            0.09058306717976662,
            0.07696765374170929,
            0.06437152611052609,
            0.05280346675396137,
            0.042267733056568606,
            0.03276433929987161,
            0.024289329197534078,
            0.016835036656779784,
            0.010390333195877332,
            0.004940861109241913,
            0.00046925204455615187,
            -0.0030446688618413703,
            -0.005623692744800675,
            -0.007293049797363516,
            -0.008080243964448867,
            -0.00801489823449498,
            -0.007128609088628187,
            -0.005454808586850362,
            -0.0030286325345725094,
            0.00011320682043525031
        ]
    },
    "CPU_time": {
        "derivatives": 0.07272672653198242,
        "buildingVn": 5.970371246337891,