{
    "geometry1": "new_broken_cubic",
    "geometry2": "small",
    "ope": "b2p_tang_ipp",
    "lc": 0.015,
    "dimP": 2,
    "dimQ": 2,
    "N": 29,
    "f0": 1000,
    "BSP": true,
    "frequencies": [
        80,
        100,
        120,
        140,
        160,
        180,
        200,
        220,
        240,
        260,
        280,
        300,
        320,
        340,
        360,
        380,
        400,
        420,
        440,
        460,
        480,
        500,
        520,
        540,
        560,
        580,
        600,
        620,
        640,
        660,
        680,
        700,
        720,
        740,
        760,
        780,
        800,
        820,
        840,
        860,
        880,
        900,
        920,
        940,
        960,
        980,
        1000,
        1020,
        1040,
        1060,
        1080,
        1100,
        1120,
        1140,
        1160,
        1180,
        1200,
        1220,
        1240,
        1260,
        1280,
        1300,
        1320,
        1340,
        1360,
        1380,
        1400,
        1420,
        1440,
        1460,
        1480,
        1500,
        1520,
        1540,
        1560,
        1580,
        1600,
        1620,
        1640,
        1660,
        1680,
        1700,
        1720,
        1740,
        1760,
        1780,
        1800,
        1820,
        1840,
        1860,
        1880,
        1900,
        1920,
        1940,
        1960,
        1980,
        2000
    ],
    "Z_center": {
        "real": [
            0.015262562930128403,
            0.022305979175835978,
            0.030362582831021463,
            0.039366397107315855,
            0.04927432617509845,
            0.06004693395474005,
            0.07163859383442252,
            0.08399406285590157,
            0.09704853574789211,
            0.11073117887739957,
            0.12497172619404945,
            0.13970799092509328,
            0.15489192721591308,
            0.17049295793237035,
            0.18649848424619564,
            0.20291221346448338,
            0.2197511654891812,
            0.23704213229649035,
            0.2548181509177211,
            0.2731153251135815,
            0.2919701492135444,
            0.31141736389765257,
            0.33148830181183714,
            0.3522096473523084,
            0.37360252618864875,
            0.395681845400251,
            0.418455817115344,
            0.4419256127307926,
            0.46608510865137354,
            0.4909206968358077,
            0.516411143849531,
            0.5425274905829771,
            0.5692329914562327,
            0.5964830970096274,
            0.6242254874695808,
            0.6524001673446034,
            0.6809396324667965,
            0.70976912123513,
            0.7388069612052255,
            0.7679650206598685,
            0.7971492724552409,
            0.8262604743468559,
            0.8551949662763829,
            0.8838455808865002,
            0.9121026590137975,
            0.9398551573020498,
            0.9669918306221097,
            0.9934024679306543,
            1.0189791567953168,
            1.0436175492845274,
            1.0672181004477737,
            1.089687250325864,
            1.1109385213838041,
            1.13089350543422,
            1.1494827174145088,
            1.1666462976294696,
            1.1823345490403168,
            1.1965083016027782,
            1.2091391012395718,
            1.220209226485986,
            1.2297115409078905,
            1.2376491938298533,
            1.2440351855594898,
            1.248891816036689,
            1.252250037628337,
            1.2541487336403674,
            1.2546339440899186,
            1.2537580594781021,
            1.251579001855983,
            1.2481594105335236,
            1.2435658474935352,
            1.2378680350854137,
            1.2311381360213074,
            1.2234500831894506,
            1.2148789644318714,
            1.205500465270019,
            1.1953903706512636,
            1.1846241251581524,
            1.1732764497754584,
            1.1614210122490363,
            1.149130147272421,
            1.1364746221851336,
            1.1235234435276171,
            1.110343699646651,
            1.0970004345473607,
            1.083556548317363,
            1.070072719677433,
            1.0566073465157317,
            1.043216500621057,
            1.0299538932226466,
            1.0168708483588287,
            1.0040162815184461,
            0.9914366814202045,
            0.9791760932059009,
            0.9672761017192851,
            0.9557758139170298,
            0.9447118398090492
        ],
        "imag": [
            0.1203594263734674,
            0.14885601870618456,
            0.17674354510485898,
            0.20407632397149258,
            0.23087275135256347,
            0.2571063999887747,
            0.28271977636320433,
            0.3076490019909814,
            0.3318455192351415,
            0.35528756072126416,
            0.3779817337281451,
            0.39995827718517857,
            0.421263407541791,
            0.4419511150090437,
            0.4620758282675679,
            0.4816866586511968,
            0.5008234246466977,
            0.5195143253827683,
            0.5377749579695408,
            0.555608321352046,
            0.5730054740158408,
            0.589946574888393,
            0.6064021084195548,
            0.6223341603999539,
            0.6376976639285441,
            0.6524415739113608,
            0.6665099551553558,
            0.6798429860605877,
            0.692377889672481,
            0.7040498085790429,
            0.7147926414748752,
            0.7245398583364225,
            0.7332253088662778,
            0.7407840357008983,
            0.7471531001854604,
            0.7522724245336305,
            0.7560856500832481,
            0.7585410072651853,
            0.7595921889574314,
            0.7591992152304802,
            0.7573292742498572,
            0.75395752142924,
            0.7490678169744969,
            0.7426533808590987,
            0.7347173441346431,
            0.7252731763844353,
            0.7143449710989735,
            0.7019675737569148,
            0.6881865413412369,
            0.673057926747999,
            0.6566478868394818,
            0.6390321184912059,
            0.6202951325945585,
            0.6005293813004484,
            0.5798342585393881,
            0.5583149977766607,
            0.5360814938598236,
            0.5132470775579115,
            0.4899272719235424,
            0.4662385589519806,
            0.4422971832582957,
            0.4182180167985195,
            0.39411350522276856,
            0.3700927124903919,
            0.34626047613685396,
            0.32271668128210235,
            0.29955565731603156,
            0.2768656973587696,
            0.2547286972018829,
            0.2332199075820922,
            0.2124077913673806,
            0.19235397555976952,
            0.1731132869158294,
            0.15473385941325135,
            0.13725730168224567,
            0.12071891280553376,
            0.10514793548876412,
            0.09056783643950532,
            0.0769966047946366,
            0.064447060537917,
            0.05292716599666694,
            0.04244033465164721,
            0.03298573260254641,
            0.02455856907447038,
            0.01715037331031952,
            0.010749256058011624,
            0.005340154623809985,
            0.0009050611223561228,
            -0.0025767658880663995,
            -0.005128605734313854,
            -0.006776094900189306,
            -0.007547059932186473,
            -0.007471362459030444,
            -0.006580754662345892,
            -0.00490874345462725,
            -0.0024904615946401082,
            0.000637456007771937
        ]
    },
    "CPU_time": {
        "derivatives": 0.07260274887084961,
        "buildingVn": 4.209707975387573,
        "assembling_C": 0,