{
    "geometry1": "new_broken_cubic",
    "geometry2": "large",
    "ope": "b2p_tang_ipp",
    "lc": 0.015,
    "dimP": 2,
    "dimQ": 2,
    "N": 33,
    "f0": 1000,
    "BSP": true,
    "frequencies": [
        80,
        100,
        120,
        140,
        160,
        180,
        200,
        220,
        240,
        260,
        280,
        300,
        320,
        340,
        360,
        380,
        400,
        420,
        440,
        460,
        480,
        500,
        520,
        540,
        560,
        580,
        600,
        620,
        640,
        660,
        680,
        700,
        720,
        740,
        760,
        780,
        800,
        820,
        840,
        860,
        880,
        900,
        920,
        940,
        960,
        980,
        1000,
        1020,
        1040,
        1060,
        1080,
        1100,
        1120,
        1140,
        1160,
        1180,
        1200,
        1220,
        1240,
        1260,
        1280,
        1300,
        1320,
        1340,
        1360,
        1380,
        1400,
        1420,
        1440,
        1460,
        1480,
        1500,
        1520,
        1540,
        1560,
        1580,
        1600,
        1620,
        1640,
        1660,
        1680,
        1700,
        1720,
        1740,
        1760,
        1780,
        1800,
        1820,
        1840,
        1860,
        1880,
        1900,
        1920,
        1940,
        1960,
        1980,
        2000
    ],
    "Z_center": {
        "real": [
            0.00028923566991706214,
            0.00941914622586303,
            0.01942480865497676,
            0.02801393979218104,
            0.03692171384556015,
            0.04779216636134456,
            0.06061009760512446,
            0.07497568678173405,
            0.0906491421192816,
            0.10756340507936688,
            0.12572133245670652,
            0.14510434469060257,
            0.1656171029104006,
            0.18707083682864786,
            0.20920349075914493,
            0.23172835154702331,
            0.2543941403203697,
            0.2770353164067989,
            0.2995961842261581,
            0.32212418546214866,
            0.3447395149292278,
            0.367594090192769,
            0.3908320706639591,
            0.41455956997109544,
            0.4388264792668865,
            0.46362031326437225,
            0.488870743084838,
            0.5144630259468786,
            0.5402579107201828,
            0.5661145086727862,
            0.5919116163601147,
            0.6175629501487975,
            0.6430231605984673,
            0.6682839477759631,
            0.6933621062015793,
            0.7182829671219313,
            0.7430631157631019,
            0.7676956683949431,
            0.7921403010800644,
            0.816319080052833,
            0.8401181990777545,
            0.8633950369612888,
            0.8859894567086264,
            0.907737895935921,
            0.9284884915262088,
            0.9481152520479854,
            0.9665292349433622,
            0.9836849459621259,
            0.9995808515819806,
            1.014253924676788,
            1.0277692944423913,
            1.0402070189768444,
            1.051648478701831,
            1.0621648075001486,
            1.0718092225549327,
            1.0806142746025023,
            1.0885941181276788,
            1.0957510465229001,
            1.1020848445822344,
            1.1076030444326208,
            1.1123299911348992,
            1.1163127849349106,
            1.1196226846120656,
            1.1223513691038032,
            1.1246024104624803,
            1.1264792025529589,
            1.1280712241049415,
            1.1294407806227922,
            1.1306122628537283,
            1.1315655573441368,
            1.1322346558688914,
            1.1325118314250269,
            1.1322570477501763,
            1.1313116011312339,
            1.1295144247740745,
            1.126719112427755,
            1.1228096394879812,
            1.1177130150145422,
            1.1114075971041535,
            1.103926343032847,
            1.0953546623261097,
            1.085822810952332,
            1.075493161657948,
            1.0645435012119833,
            1.0531487523779393,
            1.041464774520963,
            1.0296184857613793,
            1.0177079265369953,
            1.005813928239058,
            0.9940221050402961,
            0.9824506433304,
            0.9712767294175767,
            0.9607534016043989,
            0.9512098581098448,
            0.9430318197085485,
            0.936623470680666,
            0.9323570866823127
        ],
        "imag": [
            0.12002728374007432,
            0.1554736277998926,
            0.1856839214693418,
            0.21447313370579618,
            0.24430670327139087,
            0.27447490198553176,
            0.3040079342812489,
            0.33259104899543435,
            0.36021787896169666,
            0.3869075076818446,
            0.41260064527916845,
            0.43715573828583737,
            0.4603908106230218,
            0.4821424537424861,
            0.5023216400958209,
            0.5209482425112413,
            0.5381522604729831,
            0.5541418509615611,
            0.5691509726713673,
            0.5833855773421962,
            0.5969842520465547,
            0.6100005832244572,
            0.6224060377589066,
            0.6341074054525192,
            0.6449719908644796,
            0.6548550065914209,
            0.6636251478044454,
            0.6711852066757544,
            0.6774849810575262,
            0.6825244130529659,
            0.6863464618821906,
            0.6890215145511753,
            0.6906272764276137,
            0.6912290714583773,
            0.6908649224007236,
            0.6895380667985054,
            0.6872175085669102,
            0.6838455212816532,
            0.6793500295184842,
            0.6736594573197404,
            0.6667177313199107,
            0.6584974403708728,
            0.6490095433617215,
            0.6383084340364412,
            0.6264916413408258,
            0.6136940287409448,
            0.6000770935648047,
            0.5858147969072658,
            0.5710780861238266,
            0.5560206478738637,
            0.540768259590167,
            0.5254133856757461,
            0.5100155862505943,
            0.49460717066508825,
            0.47920260735769016,
            0.4638096519814505,
            0.4484400075653299,
            0.4331175349770446,
            0.41788251619368627,
            0.40279116734564885,
            0.38791042950979204,
            0.37330892926653636,
            0.35904575286550433,
            0.3451591540433612,
            0.33165739152105966,
            0.3185135396898639,
            0.3056654230388273,
            0.29302096162649094,
            0.28046836633494143,
            0.26788992806276485,
            0.2551776742068682,
            0.24224893349269355,
            0.22905984920834171,
            0.21561510726141425,
            0.20197259975126508,
            0.18824240201728318,
            0.17458021049859174,
            0.16117610455525477,
            0.14823998186711662,
            0.13598521053670107,
            0.12461206790770572,
            0.1142926314018574,
            0.10515906277240528,
            0.09729747822951544,
            0.09074935878101162,
            0.08552133369432739,
            0.0816021860054999,
            0.07898359417536648,
            0.07767921646266988,
            0.07773597642475094,
            0.07923229618641142,
            0.0822606517239539,
            0.0868957903704998,
            0.09315425432321958,
            0.10095405953645857,
            0.11008418661366755,
            0.12019152355518652
        ]
    },
    "CPU_time": {
        "derivatives": 0.19733905792236328,
        "buildingVn": 32.87435007095337,
        "assembling_C": 0,