{
    "geometry1": "new_broken_cubic",
    "geometry2": "small",
    "ope": "b2p_tang_ipp",
    "lc": 0.015,
    "dimP": 2,
    "dimQ": 2,
    "N": 25,
    "f0": 1000,
    "BSP": true,
    "frequencies": [
        80,
        100,
        120,
        140,
        160,
        180,
        200,
        220,
        240,
        260,
        280,
        300,
        320,
        340,
        360,
        380,
        400,
        420,
        440,
        460,
        480,
        500,
        520,
        540,
        560,
        580,
        600,
        620,
        640,
        660,
        680,
        700,
        720,
        740,
        760,
        780,
        800,
        820,
        840,
        860,
        880,
        900,
        920,
        940,
        960,
        980,
        1000,
        1020,
        1040,
        1060,
        1080,
        1100,
        1120,
        1140,
        1160,
        1180,
        1200,
        1220,
        1240,
        1260,
        1280,
        1300,
        1320,
        1340,
        1360,
        1380,
        1400,
        1420,
        1440,
        1460,
        1480,
        1500,
        1520,
        1540,
        1560,
        1580,
        1600,
        1620,
        1640,
        1660,
        1680,
        1700,
        1720,
        1740,
        1760,
        1780,
        1800,
        1820,
        1840,
        1860,
        1880,
        1900,
        1920,
        1940,
        1960,
        1980,
        2000
    ],
    "Z_center": {
        "real": [
            0.013106702532097168,
            0.020163751377498304,
            0.028552770331533747,
            0.03812822011116637,
            0.0487346104334099,
            0.0602143452304536,
            0.07241871825076061,
            0.08521922659402466,
            0.09851553965034232,
            0.11223848972142778,
            0.12634849964918154,
            0.1408310006556506,
            0.15569058079564552,
            0.1709452057682632,
            0.18662127765060374,
            0.20274980443823834,
            0.21936363743000933,
            0.2364955819735896,
            0.25417714783542983,
            0.2724377266888873,
            0.2913040292171756,
            0.31079966214634946,
            0.3309447666081843,
            0.3517556707620159,
            0.3732445320635352,
            0.3954189596968359,
            0.4182816174203946,
            0.4418298131029676,
            0.4660550848364416,
            0.4909427956256549,
            0.5164717498729494,
            0.5426138455620729,
            0.5693337763938792,
            0.5965887982057648,
            0.6243285738150921,
            0.6524951099138337,
            0.6810227987335618,
            0.7098385758262336,
            0.7388622034022888,
            0.7680066861996061,
            0.7971788238222597,
            0.8262798999257286,
            0.8552065046233591,
            0.8838514821731441,
            0.9121049915520018,
            0.9398556631372098,
            0.966991830622086,
            0.993402813727387,
            1.018980224454135,
            1.043619267750338,
            1.067220006680468,
            1.0896885625800612,
            1.1109382222625264,
            1.130890427067817,
            1.1494756222714808,
            1.1666339499210496,
            1.182315773294182,
            1.1964820266134442,
            1.2091043891287734,
            1.2201652879238003,
            1.2296577385786804,
            1.237585036936649,
            1.2439603185322496,
            1.2488060046634066,
            1.2521531556028398,
            1.2540407520717491,
            1.2545149259148884,
            1.2536281600234573,
            1.2514384760820052,
            1.2480086268046853,
            1.2434053071162636,
            1.2376983963574169,
            1.2309602411709248,
            1.2232649863556468,
            1.2146879587412809,
            1.2053051070966894,
            1.195192499279776,
            1.1844258762893667,
            1.1730802615961369,
            1.161229623106739,
            1.1489465843369486,
            1.1363021808169054,
            1.1233656573987516,
            1.1102043019578793,
            1.096883310946507,
            1.0834656823477866,
            1.0700121317633338,
            1.0565810276286063,
            1.0432283418667179,
            1.0300076126473174,
            1.0169699162985617,
            1.0041638458142428,
            0.991635493796664,
            0.9794284380691192,
            0.9675837285739985,
            0.9561398745380041,
            0.9451328312296328
        ],
        "imag": [
            0.12249072953602166,
            0.15184236227567774,
            0.18047645605703275,
            0.20829300468805328,
            0.23521885620188823,
            0.2612201404534426,
            0.28630389958832286,
            0.3105120530114259,
            0.3339107971908371,
            0.35657862083374414,
            0.37859557046447884,
            0.40003527386981913,
            0.4209600689852719,
            0.4414187975280082,
            0.46144649005875527,
            0.4810651712446604,
            0.5002851821084955,
            0.5191066221319705,
            0.5375206908335232,
            0.5555108341556344,
            0.5730536785352358,
            0.5901197767616352,
            0.6066742071749621,
            0.6226770713544787,
            0.6380839319730226,
            0.6528462261018444,
            0.6669116822304165,
            0.6802247627196848,
            0.6927271477380776,
            0.704358271966529,
            0.7150559213591261,
            0.7247568938036896,
            0.7333977244423874,
            0.7409154735202192,
            0.7472485718124235,
            0.75233771587858,
            0.7561268025891164,
            0.7585638896086782,
            0.759602165878383,
            0.7592009137290311,
            0.7573264422161989,
            0.7539529697445492,
            0.7490634331889523,
            0.7426502006569423,
            0.7347156658718271,
            0.7252727039493372,
            0.7143449710989581,
            0.7019670344518296,
            0.688184322685047,
            0.6730528931997072,
            0.656639017097554,
            0.6390185888194766,
            0.6202763727827734,
            0.6005051044019201,
            0.5798044672395598,
            0.5582799715002631,
            0.5360417614852733,
            0.5132033808839743,
            0.4898805248669528,
            0.4661898069174187,
            0.4422475663053739,
            0.4181687392374421,
            0.39406581320248607,
            0.37004788009651784,
            0.34621979957020055,
            0.3226814799039224,
            0.2995272797611451,
            0.2768455305509424,
            0.25471817595483665,
            0.2332205225166544,
            0.2124210930907668,
            0.19238157339954215,
            0.1731568409373593,
            0.15479506493540127,
            0.13733786600448455,
            0.12082052433782471,
            0.10527222590826377,
            0.09071633686691422,
            0.07717069727590588,
            0.06464792632856485,
            0.05315573227649017,
            0.04269722135168908,
            0.033271201011016174,
            0.024872473814257723,
            0.017492119158980503,
            0.011117760922734126,
            0.005733819800168723,
            0.001321749766737743,
            -0.002139741346976977,
            -0.004674486724020583,
            -0.006308670048023293,
            -0.007070648485011222,
            -0.006990787811379164,
            -0.006101308181677557,
            -0.004436138933418674,
            -0.002030780785464795,
            0.0010778262046352279
        ]
    },
    "CPU_time": {
        "derivatives": 0.06864094734191895,
        "buildingVn": 3.5850298404693604,