{
    "geometry1": "new_broken_cubic",
    "geometry2": "large",
    "ope": "b2p_tang_ipp",
    "lc": 0.015,
    "dimP": 2,
    "dimQ": 2,
    "N": 84,
    "f0": 1000,
    "BSP": true,
    "frequencies": [
        80,
        100,
        120,
        140,
        160,
        180,
        200,
        220,
        240,
        260,
        280,
        300,
        320,
        340,
        360,
        380,
        400,
        420,
        440,
        460,
        480,
        500,
        520,
        540,
        560,
        580,
        600,
        620,
        640,
        660,
        680,
        700,
        720,
        740,
        760,
        780,
        800,
        820,
        840,
        860,
        880,
        900,
        920,
        940,
        960,
        980,
        1000,
        1020,
        1040,
        1060,
        1080,
        1100,
        1120,
        1140,
        1160,
        1180,
        1200,
        1220,
        1240,
        1260,
        1280,
        1300,
        1320,
        1340,
        1360,
        1380,
        1400,
        1420,
        1440,
        1460,
        1480,
        1500,
        1520,
        1540,
        1560,
        1580,
        1600,
        1620,
        1640,
        1660,
        1680,
        1700,
        1720,
        1740,
        1760,
        1780,
        1800,
        1820,
        1840,
        1860,
        1880,
        1900,
        1920,
        1940,
        1960,
        1980,
        2000
    ],
    "Z_center": {
        "real": [
            0.012848295696800472,
            0.017872964979264886,
            0.022204220203866205,
            0.02808474854059353,
            0.035782747762347744,
            0.04542073959737096,
            0.05711794333026243,
            0.07091561646985722,
            0.0867653542367901,
            0.1045258904043237,
            0.1239355794584368,
            0.14465504218773279,
            0.1662942753512554,
            0.18846996989072726,
            0.21086443983290984,
            0.23325248497158493,
            0.25552266372424365,
            0.27767437300148784,
            0.299788342266047,
            0.32199424860500675,
            0.3444397777400472,
            0.36725886542669683,
            0.3905537110317686,
            0.4143797178268201,
            0.43874214921321436,
            0.4635980876757755,
            0.4888644219466906,
            0.5144311500583462,
            0.540176780619709,
            0.5659838230176318,
            0.5917526330909851,
            0.6174098743502009,
            0.6429117074237408,
            0.6682407170584949,
            0.6933978430262833,
            0.7183911333372952,
            0.7432231882299624,
            0.7678794070917271,
            0.792319010551571,
            0.8164698278163994,
            0.840227786796256,
            0.8634611758019631,
            0.8860192712512246,
            0.9077443441257004,
            0.9284855357514376,
            0.9481128434968601,
            0.9665292349094585,
            0.9836790947322774,
            0.9995516423157762,
            1.014178753553395,
            1.0276275825785535,
            1.0399893094844908,
            1.0513659424599866,
            1.0618573470514705,
            1.0715504130366742,
            1.080511674635251,
            1.0887839771461674,
            1.096387080912742,
            1.1033212520411164,
            1.1095726730640074,
            1.1151195384324077,
            1.1199373530823897,
            1.12400331629322,
            1.1272992844376433,
            1.129813591822417,
            1.131542176405083,
            1.1324887108418356,
            1.1326647354672785,
            1.132088472925502,
            1.130783992505167,
            1.128779841582108,
            1.1261081929409809,
            1.1228043583188636,
            1.118907406257423,
            1.1144602968414896,
            1.1095112341972766,
            1.104113344544393,
            1.0983243276910013,
            1.0922044439726286,
            1.0858147811157735,
            1.0792142376546374,
            1.072457194022198,
            1.0655922122670491,
            1.058661741913644,
            1.0517015531536382,
            1.044743560948961,
            1.0378166919482477,
            1.030950148848769,
            1.0241743525361395,
            1.0175218786574476,
            1.0110272521899792,
            1.0047269452269927,
            0.9986565755564943,
            0.9928492231528832,
            0.9873326365111054,
            0.9821294503529022,
            0.9772533522810086
        ],
        "imag": [
            0.1232952650593195,
            0.14957181350158918,
            0.1786203173856779,
            0.20884567765859205,
            0.23959101848806014,
            0.27048538656250465,
            0.30122211835649015,
            0.33143058470875136,
            0.3607354875182337,
            0.388782837349258,
            0.4152623608012087,
            0.4399571798575284,
            0.4627759774692555,
            0.4837577950533145,
            0.5030571282087893,
            0.5209144172091056,
            0.5375912009055788,
            0.5533370472296493,
            0.5683475656703674,
            0.5827455746786796,
            0.5965756047018038,
            0.6098144552560909,
            0.6223844452946129,
            0.6341724528584666,
            0.6450524331511645,
            0.6549022929289501,
            0.6636218611762054,
            0.6711425623876864,
            0.6774343812227802,
            0.6825028926047721,
            0.6863840253974615,
            0.6891310066363387,
            0.6908012630913012,
            0.6914430954200189,
            0.6910852998743114,
            0.6897312317716052,
            0.687358092416052,
            0.6839212024849544,
            0.6793625316635284,
            0.6736221452916799,
            0.6666509168728026,
            0.6584228194496023,
            0.6489450581772797,
            0.6382646127606731,
            0.626470114849298,
            0.6136885644787012,
            0.6000770936246889,
            0.5858107235501697,
            0.5710677912421506,
            0.5560151954582716,
            0.5407956962435375,
            0.5255191161593565,
            0.5102585233189293,
            0.49505154726690725,
            0.4799060546334993,
            0.46480878816781496,
            0.44973524531862064,
            0.4346591735296706,
            0.41956010952419526,
            0.4044285186532081,
            0.38926808485525705,
            0.37409581434716654,
            0.35894047838075965,
            0.34384048400590567,
            0.3288412894193557,
            0.31399308840573753,
            0.299348478563817,
            0.284960470677989,
            0.27088078255571635,
            0.25715858251693885,
            0.2438402946759757,
            0.23096955853240855,
            0.2185875914653344,
            0.20673375031947222,
            0.1954454257355335,
            0.18475650803602342,
            0.17469649191773287,
            0.16528811085445114,
            0.1565462044319133,
            0.1484764927600537,
            0.1410761015891459,
            0.13433463493902922,
            0.1282363376336306,
            0.1227627499513375,
            0.11789483394609332,
            0.11361459862043054,
            0.10990711760239903,
            0.10675842341725449,
            0.10415642042240576,
            0.10208788632308996,
            0.10053629792473026,
            0.09948133076801428,
            0.09889660365973542,
            0.09874916174436091,
            0.09900072474291688,
            0.09960875018112578,
            0.10052768096418663
        ]
    },
    "CPU_time": {
        "derivatives": 0.20705485343933105,
        "buildingVn": 54.88304901123047,
        "assembling_C": 0,