{
    "geometry1": "new_broken_cubic",
    "geometry2": "small",
    "ope": "b2p_tang_ipp",
    "lc": 0.015,
    "dimP": 2,
    "dimQ": 2,
    "N": 36,
    "f0": 1000,
    "BSP": true,
    "frequencies": [
        80,
        100,
        120,
        140,
        160,
        180,
        200,
        220,
        240,
        260,
        280,
        300,
        320,
        340,
        360,
        380,
        400,
        420,
        440,
        460,
        480,
        500,
        520,
        540,
        560,
        580,
        600,
        620,
        640,
        660,
        680,
        700,
        720,
        740,
        760,
        780,
        800,
        820,
        840,
        860,
        880,
        900,
        920,
        940,
        960,
        980,
        1000,
        1020,
        1040,
        1060,
        1080,
        1100,
        1120,
        1140,
        1160,
        1180,
        1200,
        1220,
        1240,
        1260,
        1280,
        1300,
        1320,
        1340,
        1360,
        1380,
        1400,
        1420,
        1440,
        1460,
        1480,
        1500,
        1520,
        1540,
        1560,
        1580,
        1600,
        1620,
        1640,
        1660,
        1680,
        1700,
        1720,
        1740,
        1760,
        1780,
        1800,
        1820,
        1840,
        1860,
        1880,
        1900,
        1920,
        1940,
        1960,
        1980,
        2000
    ],
    "Z_center": {
        "real": [
            0.009744585994651087,
            0.016698783977271404,
            0.02580084765836535,
            0.03633760027321187,
            0.04790349634133941,
            0.06029192037929051,
            0.07335477771317082,
            0.08696147130618077,
            0.10099691627432025,
            0.11536785575872736,
            0.13000812913007975,
            0.144880677845869,
            0.15997632772372578,
            0.1753101477484222,
            0.19091638429452476,
            0.20684289125541833,
            0.22314576119523402,
            0.23988460690871466,
            0.2571187104864175,
            0.27490408033397146,
            0.2932913427106659,
            0.3123243351009423,
            0.33203924964653925,
            0.35246418119664685,
            0.37361895429757686,
            0.39551512826260016,
            0.4181561042493459,
            0.4415372803851482,
            0.4656462194172108,
            0.49046280805523,
            0.5159593985130732,
            0.5421009313024141,
            0.5688450446352548,
            0.5961421803239375,
            0.6239356991816762,
            0.6521620208849028,
            0.6807508042148717,
            0.709625183660059,
            0.738702077580461,
            0.7678925815543264,
            0.7971024581743169,
            0.826232731492422,
            0.8551803905985299,
            0.8838392025782008,
            0.9121006304761191,
            0.9398548470861019,
            0.9669918306220466,
            0.9934025238364933,
            1.0189800342023954,
            1.0436208495973684,
            1.06722604173951,
            1.089702428585965,
            1.1109636671143162,
            1.1309312493877985,
            1.1495353775036539,
            1.1667156967990855,
            1.1824218713422947,
            1.1966139910069313,
            1.2092628050254481,
            1.2203497825407998,
            1.2298670060344794,
            1.2378169083455228,
            1.2442118681025562,
            1.2490736816193304,
            1.2524329315718148,
            1.2543282740617447,
            1.2548056660194058,
            1.2539175543933005,
            1.251722047342787,
            1.2482820858379216,
            1.243664631837407,
            1.2379398867157603,
            1.2311805509899476,
            1.2234611337816281,
            1.2148573179478184,
            1.205445384501643,
            1.1953016978850755,
            1.184502251876154,
            1.1731222744379246,
            1.1612358886348502,
            1.148915825849712,
            1.1362331869003148,
            1.1232572462569093,
            1.1100552943643638,
            1.0966925130453329,
            1.0832318790712343,
            1.0697340912069435,
            1.0562575163359504,
            1.04285815063322,
            1.0295895921524234,
            1.0165030216173303,
            1.0036471886406944,
            0.9910684010264887,
            0.9788105152378,
            0.9669149265228291,
            0.9554205575846766,
            0.9443638450508408
        ],
        "imag": [
            0.12343759890464315,
            0.15462810922499937,
            0.18465652094730495,
            0.21327529744518228,
            0.2405982803439138,
            0.2667362122124374,
            0.291764371727997,
            0.31575161319515543,
            0.33877713000688414,
            0.3609336393749349,
            0.3823232273359372,
            0.4030502520944023,
            0.4232139382500512,
            0.44290213262500494,
            0.4621868921642616,
            0.4811220215728289,
            0.49974233393156947,
            0.5180642384955869,
            0.5360872217725188,
            0.5537958319051798,
            0.5711618595665477,
            0.5881465003239825,
            0.6047023657369731,
            0.6207752754606969,
            0.6363058090935998,
            0.6512306267038954,
            0.6654835844776171,
            0.6789966803736041,
            0.6917008670875313,
            0.703526768323123,
            0.7144053309355781,
            0.7242684409812867,
            0.7330495267004278,
            0.740684166312163,
            0.7471107133941249,
            0.75227094762633,
            0.7561107538479613,
            0.7585808277372033,
            0.7596374020342876,
            0.7592429831535886,
            0.7573670843755462,
            0.7539869386889508,
            0.749088171906096,
            0.7426654150253827,
            0.7347228340968908,
            0.7252745561474327,
            0.7143449710989956,
            0.7019688920707174,
            0.6881915599311583,
            0.6730684823376173,
            0.656665102579978,
            0.6390562990911801,
            0.6203257222147842,
            0.6005649804270629,
            0.5798726933911981,
            0.5583534336932224,
            0.5361165826382686,
            0.5132751278933138,
            0.4899444319544897,
            0.4662410003671069,
            0.4422812773975715,
            0.4181804945733182,
            0.39405159435157944,
            0.3700042473762718,
            0.34614397756697607,
            0.32257140490375863,
            0.2993816114431745,
            0.27666363202558075,
            0.25450006746210563,
            0.23296681483938056,
            0.21213290701736762,
            0.19206045144782363,
            0.17280465710247042,
            0.15441393752861057,
            0.13693007779120114,
            0.1203884532349876,
            0.10481828853386625,
            0.09024294629954503,
            0.07668023552240717,
            0.06414273124370264,
            0.05263809804390086,
            0.04216941112943772,
            0.032735469965477555,
            0.024331100504603676,
            0.016947443079794254,
            0.01057222394930478,
            0.005190009294573462,
            0.0007824411777598759,
            -0.0026715444348093162,
            -0.005195516978784035,
            -0.006815366918932141,
            -0.00755913637199535,
            -0.007456863161382341,
            -0.006540436572432949,
            -0.004843462973111881,
            -0.002401139417103139,
            0.0007498666514270251
        ]
    },
    "CPU_time": {
        "derivatives": 0.07434892654418945,
        "buildingVn": 4.753857612609863,