{
    "geometry1": "new_broken_cubic",
    "geometry2": "large",
    "ope": "b2p_tang_ipp",
    "lc": 0.015,
    "dimP": 2,
    "dimQ": 2,
    "N": 28,
    "f0": 1000,
    "BSP": true,
    "frequencies": [
        80,
        100,
        120,
        140,
        160,
        180,
        200,
        220,
        240,
        260,
        280,
        300,
        320,
        340,
        360,
        380,
        400,
        420,
        440,
        460,
        480,
        500,
        520,
        540,
        560,
        580,
        600,
        620,
        640,
        660,
        680,
        700,
        720,
        740,
        760,
        780,
        800,
        820,
        840,
        860,
        880,
        900,
        920,
        940,
        960,
        980,
        1000,
        1020,
        1040,
        1060,
        1080,
        1100,
        1120,
        1140,
        1160,
        1180,
        1200,
        1220,
        1240,
        1260,
        1280,
        1300,
        1320,
        1340,
        1360,
        1380,
        1400,
        1420,
        1440,
        1460,
        1480,
        1500,
        1520,
        1540,
        1560,
        1580,
        1600,
        1620,
        1640,
        1660,
        1680,
        1700,
        1720,
        1740,
        1760,
        1780,
        1800,
        1820,
        1840,
        1860,
        1880,
        1900,
        1920,
        1940,
        1960,
        1980,
        2000
    ],
    "Z_center": {
        "real": [
            0.004642047417884723,
            0.013946685048296478,
            0.03754913175254665,
            0.03500933774756231,
            0.03877733910959441,
            0.047248011180318676,
            0.05835780443181778,
            0.07142444137910678,
            0.08636858692555366,
            0.10329079604110208,
            0.12219639938648452,
            0.14289200659368836,
            0.1649843405067303,
            0.18794195224296945,
            0.21120303671341145,
            0.23429885721164997,
            0.2569488268949325,
            0.2790944536477376,
            0.30086926684655,
            0.3225279903297195,
            0.3443658722930417,
            0.3666508993368361,
            0.3895786984271404,
            0.4132503962306798,
            0.4376694695237594,
            0.46275295385414694,
            0.48835295324681893,
            0.5142847043381862,
            0.5403570625093157,
            0.5664006449061251,
            0.5922888590354081,
            0.6179483033861343,
            0.6433574295478528,
            0.6685350606677032,
            0.6935223629606284,
            0.7183626032937146,
            0.7430825785705621,
            0.7676784665380955,
            0.7921075620917125,
            0.8162862745292719,
            0.8400939836071903,
            0.8633818434155962,
            0.8859852791663466,
            0.9077386474751772,
            0.9284902870018426,
            0.948116022899716,
            0.9665292349436947,
            0.9836859936361315,
            0.9995845466263383,
            1.014259460661278,
            1.0277717154802153,
            1.0401967219827921,
            1.0516124401188844,
            1.0620895195787667,
            1.0716848218730688,
            1.080438982418351,
            1.0883779734143175,
            1.0955180099016475,
            1.1018726404180796,
            1.1074605133548152,
            1.1123121588777396,
            1.116474228869083,
            1.120010021690021,
            1.1229957505516082,
            1.1255127869747237,
            1.127636871626588,
            1.1294258880393295,
            1.1309081489515274,
            1.132073227929929,
            1.1328672038584877,
            1.1331937971966444,
            1.1329222525875517,
            1.1319019124799137,
            1.129982200284144,
            1.1270352949701756,
            1.1229774984997474,
            1.1177848051865682,
            1.1114991177917242,
            1.1042240568416415,
            1.0961125748920753,
            1.087351017797166,
            1.0781444046774444,
            1.0687053469165932,
            1.0592456432636923,
            1.0499673012079702,
            1.0410498381690667,
            1.0326328952452837,
            1.0247960424541065,
            1.0175398053289362,
            1.010772820667536,
            1.0043097727759642,
            0.9978837025369339,
            0.9911745245814941,
            0.9838529938905133,
            0.975635901612515,
            0.9663444839204228,
            0.9559551785945685
        ],
        "imag": [
            0.1304981992412643,
            0.1656716775006877,
            0.18626916172411126,
            0.20598893705790106,
            0.23709068246241444,
            0.26850153074719035,
            0.2992106003294445,
            0.3292386390124487,
            0.35862801936223454,
            0.3871820377573995,
            0.414513118485915,
            0.44018207799324355,
            0.4638285058152154,
            0.4852731262565188,
            0.5045729159246871,
            0.5220080828496889,
            0.5380029782434309,
            0.5530127447932701,
            0.5674189456699807,
            0.5814645370489938,
            0.5952353008837653,
            0.6086775187846141,
            0.6216359686239564,
            0.6338987441964613,
            0.6452402855049535,
            0.6554579000848868,
            0.6643990917323465,
            0.6719778149938085,
            0.6781784114632404,
            0.6830472708983583,
            0.6866742992689807,
            0.6891683933372107,
            0.6906323265912244,
            0.6911421400108269,
            0.6907344775241911,
            0.6894030719351613,
            0.6871035970497957,
            0.6837648320285464,
            0.6793035836980386,
            0.6736408671356241,
            0.6667171829191355,
            0.6585051501343175,
            0.649018164155273,
            0.6383141495264167,
            0.6264939367479826,
            0.6136943831961945,
            0.6000770935646615,
            0.5858143596646544,
            0.5710745078556021,
            0.5560089855153038,
            0.5407431384849437,
            0.5253718287259802,
            0.5099600590902744,
            0.49454787416837365,
            0.4791581701818408,
            0.4638057297353451,
            0.448505768219481,
            0.43328047712841633,
            0.4181624262236583,
            0.403194210111341,
            0.38842436058270513,
            0.37390022702348136,
            0.35965914366050145,
            0.3457196234075666,
            0.33207443777303475,
            0.3186872247511556,
            0.30549375993034705,
            0.29240833649710263,
            0.2793349426451001,
            0.2661821827625472,
            0.2528802020763993,
            0.23939727118587564,
            0.2257532407899895,
            0.21202696303178137,
            0.198355269788296,
            0.1849224536472911,
            0.17194138947831847,
            0.15962989784193993,
            0.1481875921977076,
            0.1377781672192139,
            0.12851962100643097,
            0.12048137729929607,
            0.11368469180577093,
            0.10810262936779964,
            0.10365820700327542,
            0.10022241249114655,
            0.0976158529304631,
            0.0956178519156724,
            0.0939852225613045,
            0.09248062103077474,
            0.09090808304836165,
            0.08915134431813694,
            0.08720887588021015,
            0.08521842054708667,
            0.08346378070678913,
            0.08235847227454095,
            0.0824050352264854
        ]
    },
    "CPU_time": {
        "derivatives": 0.1941978931427002,
        "buildingVn": 31.14853811264038,
        "assembling_C": 0,