{
    "geometry1": "new_broken_cubic",
    "geometry2": "large",
    "ope": "b2p_tang_ipp",
    "lc": 0.015,
    "dimP": 2,
    "dimQ": 2,
    "N": 87,
    "f0": 1000,
    "BSP": true,
    "frequencies": [
        80,
        100,
        120,
        140,
        160,
        180,
        200,
        220,
        240,
        260,
        280,
        300,
        320,
        340,
        360,
        380,
        400,
        420,
        440,
        460,
        480,
        500,
        520,
        540,
        560,
        580,
        600,
        620,
        640,
        660,
        680,
        700,
        720,
        740,
        760,
        780,
        800,
        820,
        840,
        860,
        880,
        900,
        920,
        940,
        960,
        980,
        1000,
        1020,
        1040,
        1060,
        1080,
        1100,
        1120,
        1140,
        1160,
        1180,
        1200,
        1220,
        1240,
        1260,
        1280,
        1300,
        1320,
        1340,
        1360,
        1380,
        1400,
        1420,
        1440,
        1460,
        1480,
        1500,
        1520,
        1540,
        1560,
        1580,
        1600,
        1620,
        1640,
        1660,
        1680,
        1700,
        1720,
        1740,
        1760,
        1780,
        1800,
        1820,
        1840,
        1860,
        1880,
        1900,
        1920,
        1940,
        1960,
        1980,
        2000
    ],
    "Z_center": {
        "real": [
            0.009888232514830089,
            0.016743747825205744,
            0.022271678152894984,
            0.028363659988174694,
            0.03601769061871317,
            0.045530178625935794,
            0.057089053191469036,
            0.07077837992901667,
            0.08658152850673678,
            0.1043523461847874,
            0.12381378787227831,
            0.1445979508076197,
            0.16629973007731205,
            0.18852024418789493,
            0.21093198778969682,
            0.23331521923434453,
            0.25556771617628343,
            0.2776958524354667,
            0.2997876643830851,
            0.32197909632321453,
            0.34441761035295365,
            0.36723706374556137,
            0.390537346944211,
            0.4143709548701939,
            0.43874111459377585,
            0.4636031151502939,
            0.4888730200737555,
            0.5144407856865866,
            0.5401852162881827,
            0.5659897884962751,
            0.5917556531830402,
            0.6174101386267411,
            0.6429099246872196,
            0.6682377955854198,
            0.6933946556715944,
            0.7183883582200659,
            0.7432211865846526,
            0.7678782799811251,
            0.7923186297107874,
            0.8164699505602839,
            0.8402281447525605,
            0.863461551414668,
            0.8860195463317101,
            0.9077444890596371,
            0.92848558545275,
            0.9481128503246143,
            0.9665292349716427,
            0.9836790894435774,
            0.9995516051730429,
            1.0141786562550132,
            1.027627430311572,
            1.0399891612616672,
            1.051365921205493,
            1.061857618403213,
            1.0715511206762534,
            1.0805128710041614,
            1.0887855686802468,
            1.0963887462402087,
            1.1033224246521416,
            1.1095726364198848,
            1.1151174543786175,
            1.1199324644898667,
            1.1239951842302742,
            1.1272879184293643,
            1.1297997280936694,
            1.1315273032323545,
            1.1324751529848922,
            1.1326555477731126,
            1.1320870960655731,
            1.1307943265246938,
            1.1288051798152392,
            1.126150622070461,
            1.122864446846924,
            1.1189826851183973,
            1.114545780883682,
            1.1095972734283686,
            1.1041873884266893,
            1.0983714614681608,
            1.0922089844806633,
            1.0857621675563356,
            1.0790925754351974,
            1.0722638499960055,
            1.0653316668771244,
            1.0583484854619087,
            1.051363103245656,
            1.0444154840073328,
            1.0375421128091706,
            1.0307759263609362,
            1.0241443706919675,
            1.0176724031008835,
            1.0113790826695543,
            1.0052851206160711,
            0.9994011576188584,
            0.9937338537426038,
            0.9882911109799752,
            0.983074181147725,
            0.9780811569918384
        ],
        "imag": [
            0.12073213219879984,
            0.1501239506103892,
            0.17906409665807735,
            0.20894514014591015,
            0.2394356581540733,
            0.2702676770310163,
            0.3009906540338743,
            0.33126673238787596,
            0.36066606188556805,
            0.3888013867412607,
            0.41534694576527004,
            0.44007405435153824,
            0.4628848853337293,
            0.48383564835602916,
            0.5030941398577491,
            0.5209121537950551,
            0.5375634397623295,
            0.5532984072347709,
            0.5683110137246099,
            0.5827190072530626,
            0.5965629815970703,
            0.6098143831380454,
            0.6223933549559392,
            0.6341863405192837,
            0.6450667160260961,
            0.6549140099583547,
            0.663628943968369,
            0.6711449179927087,
            0.6774324075899234,
            0.6824982566360456,
            0.6863781842665974,
            0.6891253396411021,
            0.6907967613906206,
            0.6914402394655963,
            0.691084112513722,
            0.6897313866831659,
            0.6873590980424412,
            0.6839225498457037,
            0.6793638189817477,
            0.6736231273788633,
            0.6666515178281003,
            0.6584230881011308,
            0.6489451148440686,
            0.6382645810762455,
            0.6264700774485106,
            0.6136885517060363,
            0.6000770936308876,
            0.585810712261698,
            0.5710677633421529,
            0.5560151827293968,
            0.540795763382212,
            0.5255193308062062,
            0.5102589155886922,
            0.49505205800580143,
            0.47990651004590595,
            0.4648088943087522,
            0.4497346536455815,
            0.43465750719195134,
            0.41955714488544055,
            0.4044242669737017,
            0.38926293322196936,
            0.37409058576071835,
            0.35893640928242126,
            0.3438391387107003,
            0.32884443991390555,
            0.31400230359172543,
            0.2993650463038827,
            0.28498482859490926,
            0.2709122156859797,
            0.25719495601625536,
            0.24387765041358375,
            0.23100258537999882,
            0.21860936648352222,
            0.20673618038091093,
            0.19542065613516177,
            0.18469818248649078,
            0.17460068746446952,
            0.1651557828565206,
            0.15638338809266475,
            0.14829742704892684,
            0.14090016549244863,
            0.13418608328771026,
            0.1281436089736121,
            0.12275385843255784,
            0.11799316583525168,
            0.1138363496615918,
            0.11025425960419505,
            0.10721897871070835,
            0.10470371437082274,
            0.10267510228591853,
            0.1011060681395095,
            0.09996591956694471,
            0.099222510208584,
            0.09885042822855823,
            0.09882234327389687,
            0.09911379700386096,
            0.0997100215685784
        ]
    },
    "CPU_time": {
        "derivatives": 0.20447111129760742,
        "buildingVn": 56.05844497680664,
        "assembling_C": 0,