{
    "geometry1": "new_broken_cubic",
    "geometry2": "large",
    "ope": "b2p_tang_ipp",
    "lc": 0.015,
    "dimP": 2,
    "dimQ": 2,
    "N": 71,
    "f0": 1000,
    "BSP": true,
    "frequencies": [
        80,
        100,
        120,
        140,
        160,
        180,
        200,
        220,
        240,
        260,
        280,
        300,
        320,
        340,
        360,
        380,
        400,
        420,
        440,
        460,
        480,
        500,
        520,
        540,
        560,
        580,
        600,
        620,
        640,
        660,
        680,
        700,
        720,
        740,
        760,
        780,
        800,
        820,
        840,
        860,
        880,
        900,
        920,
        940,
        960,
        980,
        1000,
        1020,
        1040,
        1060,
        1080,
        1100,
        1120,
        1140,
        1160,
        1180,
        1200,
        1220,
        1240,
        1260,
        1280,
        1300,
        1320,
        1340,
        1360,
        1380,
        1400,
        1420,
        1440,
        1460,
        1480,
        1500,
        1520,
        1540,
        1560,
        1580,
        1600,
        1620,
        1640,
        1660,
        1680,
        1700,
        1720,
        1740,
        1760,
        1780,
        1800,
        1820,
        1840,
        1860,
        1880,
        1900,
        1920,
        1940,
        1960,
        1980,
        2000
    ],
    "Z_center": {
        "real": [
            0.0007087664140927831,
            0.01375267978792292,
            0.019488964659576714,
            0.025868891165095706,
            0.034028426949207026,
            0.044131374552717074,
            0.056327213134913526,
            0.07059737134341791,
            0.08686316049734519,
            0.10493081742335231,
            0.12452325543061948,
            0.14530004434461344,
            0.166884541694861,
            0.1889268924371444,
            0.21114341545780244,
            0.23334712776462235,
            0.2554560045151301,
            0.2774862368753732,
            0.29952377885971415,
            0.32170170966382616,
            0.3441610012659913,
            0.36702627488710254,
            0.3903867602611422,
            0.4142865926015058,
            0.4387195224206147,
            0.4636340163023924,
            0.4889417411649297,
            0.5145298196881251,
            0.5402786041969136,
            0.5660740727905053,
            0.5918221119272172,
            0.6174550060569162,
            0.6429336179337949,
            0.6682441700439177,
            0.6933888982713456,
            0.7183766037692475,
            0.7432078232252172,
            0.767866519794295,
            0.7923099646947483,
            0.8164646026566913,
            0.8402254461378503,
            0.8634605392808793,
            0.8860193393313839,
            0.9077445048201013,
            0.9284856044603285,
            0.9481128428610385,
            0.966529235023113,
            0.9836790355504992,
            0.999551296502369,
            1.0141778512625286,
            1.0276260541538547,
            1.0399875853620812,
            1.0513651818602663,
            1.061859634988463,
            1.0715583330797378,
            1.0805278781821956,
            1.0888103250845897,
            1.0964237817820395,
            1.1033657532379773,
            1.109619375665601,
            1.115159633611583,
            1.1199600620291066,
            1.123995620556934,
            1.1272497652749847,
            1.1297134353845437,
            1.1313879734599568,
            1.1322847206923066,
            1.1324232515410417,
            1.1318323249320275,
            1.1305444860782632,
            1.1285976370550486,
            1.1260247599777284,
            1.1228769276501138,
            1.119143032339502,
            1.1148890959728948,
            1.110128704562436,
            1.104883190136203,
            1.0991816761831388,
            1.0930549350835506,
            1.086545156233405,
            1.0797021517525207,
            1.0725889716481785,
            1.0652799434239273,
            1.0578590084442308,
            1.0504188968375443,
            1.0430500775051006,
            1.0358446479008492,
            1.0288739972549799,
            1.0222186455235052,
            1.0159067292641406,
            1.009969365006053,
            1.0044032296873397,
            0.9991862798874488,
            0.9942746492512008,
            0.9896210229990955,
            0.9851598944544656,
            0.9808392758674347
        ],
        "imag": [
            0.10733891400254582,
            0.14352683542997446,
            0.17620955070313066,
            0.2079640393304457,
            0.23965023330652288,
            0.271062054497507,
            0.30209528122784657,
            0.3323963008539568,
            0.3616273409061628,
            0.38947899246118056,
            0.41568956993157624,
            0.4400989357384025,
            0.46266205058822574,
            0.4834536920051254,
            0.5026441868427134,
            0.5204690660578386,
            0.5371827751272905,
            0.5530135621900096,
            0.5681336041745576,
            0.5826481374366335,
            0.5965855461572945,
            0.6099098341194616,
            0.6225374094134902,
            0.63435271507692,
            0.6452318073285406,
            0.6550584379497298,
            0.6637391574474716,
            0.6712158336358074,
            0.6774639795617327,
            0.6824966502141427,
            0.6863526378573035,
            0.6890865483582419,
            0.6907544761517818,
            0.6914017842333801,
            0.6910538336275833,
            0.6897110199522755,
            0.6873477546634291,
            0.6839180824514892,
            0.6793636128635258,
            0.6736248570329788,
            0.6666535637443368,
            0.6584246199427757,
            0.648945927811059,
            0.6382648628559736,
            0.6264701166649878,
            0.6136885433614869,
            0.6000770937001471,
            0.5858107024714045,
            0.5710678048875407,
            0.5560155884232559,
            0.5407971799679149,
            0.5255226431957585,
            0.5102650407250109,
            0.49506135721192945,
            0.47991844853183563,
            0.4648215236425536,
            0.4497442887466811,
            0.4346591078274742,
            0.4195448506211322,
            0.40439209771895884,
            0.38920676184137704,
            0.37400899997887377,
            0.35883288781062744,
            0.3437215098494808,
            0.3287260788526152,
            0.3139016132797922,
            0.29930351166543095,
            0.2849848865956786,
            0.27099461332127983,
            0.2573757012855078,
            0.2441624343381126,
            0.231385192388782,
            0.21906829657711135,
            0.20722595075207698,
            0.19588807326723257,
            0.1850755144140283,
            0.17481485150302817,
            0.16513987099893576,
            0.15608508937820068,
            0.14769187564885883,
            0.13999786454436058,
            0.13303999946955322,
            0.1268449657055523,
            0.1214307606556976,
            0.1167923010341155,
            0.11291410068892577,
            0.10975292947444427,
            0.10725679025693872,
            0.10533980640717955,
            0.10392949703110999,
            0.10292684624969752,
            0.10224404507677667,
            0.10180530125374603,
            0.10153604764541,
            0.10139691599899507,
            0.10135558454694824,
            0.10140477139954641
        ]
    },
    "CPU_time": {
        "derivatives": 0.19710993766784668,
        "buildingVn": 47.86804485321045,
        "assembling_C": 0,