{
    "geometry1": "new_broken_cubic",
    "geometry2": "large",
    "ope": "b2p_tang_ipp",
    "lc": 0.015,
    "dimP": 2,
    "dimQ": 2,
    "N": 25,
    "f0": 1000,
    "BSP": true,
    "frequencies": [
        80,
        100,
        120,
        140,
        160,
        180,
        200,
        220,
        240,
        260,
        280,
        300,
        320,
        340,
        360,
        380,
        400,
        420,
        440,
        460,
        480,
        500,
        520,
        540,
        560,
        580,
        600,
        620,
        640,
        660,
        680,
        700,
        720,
        740,
        760,
        780,
        800,
        820,
        840,
        860,
        880,
        900,
        920,
        940,
        960,
        980,
        1000,
        1020,
        1040,
        1060,
        1080,
        1100,
        1120,
        1140,
        1160,
        1180,
        1200,
        1220,
        1240,
        1260,
        1280,
        1300,
        1320,
        1340,
        1360,
        1380,
        1400,
        1420,
        1440,
        1460,
        1480,
        1500,
        1520,
        1540,
        1560,
        1580,
        1600,
        1620,
        1640,
        1660,
        1680,
        1700,
        1720,
        1740,
        1760,
        1780,
        1800,
        1820,
        1840,
        1860,
        1880,
        1900,
        1920,
        1940,
        1960,
        1980,
        2000
    ],
    "Z_center": {
        "real": [
            0.009839008806668863,
            0.012848497365753622,
            0.018520964808168776,
            0.02633853178128883,
            0.03449091687358539,
            0.043966307073083424,
            0.05546189526360167,
            0.06920786098784194,
            0.08520161410008618,
            0.10327483941106022,
            0.12311977249577052,
            0.144324690650789,
            0.16642372734241354,
            0.18895613846598325,
            0.21152780393606474,
            0.23386421714259278,
            0.2558423693893248,
            0.27749298779987286,
            0.29897356686439835,
            0.3205212611106497,
            0.3423985116145486,
            0.3648428266363058,
            0.3880280008355018,
            0.4120400155628409,
            0.43686821368279116,
            0.46241094465274096,
            0.48849395306612686,
            0.5148986522225154,
            0.5413959129876199,
            0.5677795817805928,
            0.5938934987477172,
            0.6196469937681712,
            0.6450165750022028,
            0.6700348298184154,
            0.6947702059784887,
            0.7193025637940076,
            0.7436991828651985,
            0.767994812853355,
            0.7921780272176216,
            0.8161850003255972,
            0.8399009928251356,
            0.8631691741612383,
            0.8858057336671464,
            0.9076194146139802,
            0.92843273050258,
            0.9481014882681066,
            0.9665292349435689,
            0.9836740942293396,
            0.999547040932369,
            1.014202494956394,
            1.0277236077911496,
            1.0402053577962513,
            1.0517385095169598,
            1.0623968582805126,
            1.0722293028348597,
            1.081257416931102,
            1.0894784295642768,
            1.096872864555336,
            1.1034154988745268,
            1.1090877936337222,
            1.1138896290400075,
            1.1178481713490505,
            1.1210221085617176,
            1.1235002838106205,
            1.1253947623835368,
            1.1268293373659422,
            1.1279251749490742,
            1.1287855986737623,
            1.1294819377659153,
            1.1300420715479202,
            1.1304429966100962,
            1.1306085759785314,
            1.130413568617975,
            1.1296947917241258,
            1.128269362362209,
            1.1259580696808698,
            1.122609360977317,
            1.118117433073754,
            1.1124282457477979,
            1.1055309238901876,
            1.0974380744187966,
            1.0881642142115584,
            1.0777136655679553,
            1.066086428992464,
            1.0533036746730766,
            1.0394464488092112,
            1.0246952842901913,
            1.009357062030161,
            0.9938692537060675,
            0.9787789760582959,
            0.9647019748793538,
            0.9522716299377381,
            0.9420887980823444,
            0.9346803631975485,
            0.9304696917216414,
            0.9297578590325754,
            0.9327117667989022
        ],
        "imag": [
            0.10870090138722527,
            0.1412303620202998,
            0.17464813904194612,
            0.20618221788072294,
            0.23710000401606462,
            0.2683628238444554,
            0.2996606710579743,
            0.33050682723503183,
            0.36042092545056814,
            0.38895924963182543,
            0.4157544365507238,
            0.44055793132877435,
            0.46327040584246254,
            0.48395285553308315,
            0.5028138481556959,
            0.5201712316630236,
            0.5363933329241553,
            0.551832394915413,
            0.566766114650169,
            0.581359494700596,
            0.5956516349581776,
            0.6095650994284145,
            0.622931706855094,
            0.635527878670956,
            0.6471135104566701,
            0.6574693322969183,
            0.666428323623006,
            0.6738971573111443,
            0.6798644905856449,
            0.6843947438945251,
            0.6876087809691335,
            0.6896558230262153,
            0.6906828235439403,
            0.6908076083914012,
            0.6901004488387912,
            0.6885762260732805,
            0.6861969655280381,
            0.6828828975761088,
            0.6785294413527093,
            0.6730273532577306,
            0.6662833829153644,
            0.6582389047334175,
            0.6488841160566551,
            0.6382656731976747,
            0.626486307792014,
            0.613696155410771,
            0.6000770935646418,
            0.5858228916205339,
            0.5711188781312477,
            0.5561247822105333,
            0.5409634503262247,
            0.5257166744555809,
            0.5104278990481126,
            0.49511047073048897,
            0.47975947630155924,
            0.4643650040213436,
            0.4489247145424075,
            0.4334538190470607,
            0.4179909184707229,
            0.4025987009859738,
            0.3873592492706741,
            0.37236461094775025,
            0.35770416507440506,
            0.34345094998264686,
            0.3296493211034078,
            0.3163060295647243,
            0.3033861575034732,
            0.29081452776523264,
            0.278482455227845,
            0.26625917818624717,
            0.25400701058686376,
            0.24159903802162716,
            0.22893779226992664,
            0.21597260191824946,
            0.20271237381272486,
            0.18923005533207565,
            0.17565593675618016,
            0.16215991349852454,
            0.14892726584849947,
            0.13613637564962555,
            0.12394752421025439,
            0.11250821742135664,
            0.10197352067194272,
            0.09253276507756529,
            0.08443002077868156,
            0.07796677806852725,
            0.07348102073855826,
            0.07130507401879321,
            0.07171198332339859,
            0.0748637769286577,
            0.08077354203950504,
            0.08928786990750395,
            0.10008959393820586,
            0.11271561038290095,
            0.12658242468425746,
            0.14101281547236064,
            0.15525956619497003
        ]
    },
    "CPU_time": {
        "derivatives": 0.20156002044677734,
        "buildingVn": 30.67900800704956,
        "assembling_C": 0,