{
    "geometry1": "new_broken_cubic",
    "geometry2": "large",
    "ope": "b2p_tang_ipp",
    "lc": 0.015,
    "dimP": 2,
    "dimQ": 2,
    "N": 44,
    "f0": 1000,
    "BSP": true,
    "frequencies": [
        80,
        100,
        120,
        140,
        160,
        180,
        200,
        220,
        240,
        260,
        280,
        300,
        320,
        340,
        360,
        380,
        400,
        420,
        440,
        460,
        480,
        500,
        520,
        540,
        560,
        580,
        600,
        620,
        640,
        660,
        680,
        700,
        720,
        740,
        760,
        780,
        800,
        820,
        840,
        860,
        880,
        900,
        920,
        940,
        960,
        980,
        1000,
        1020,
        1040,
        1060,
        1080,
        1100,
        1120,
        1140,
        1160,
        1180,
        1200,
        1220,
        1240,
        1260,
        1280,
        1300,
        1320,
        1340,
        1360,
        1380,
        1400,
        1420,
        1440,
        1460,
        1480,
        1500,
        1520,
        1540,
        1560,
        1580,
        1600,
        1620,
        1640,
        1660,
        1680,
        1700,
        1720,
        1740,
        1760,
        1780,
        1800,
        1820,
        1840,
        1860,
        1880,
        1900,
        1920,
        1940,
        1960,
        1980,
        2000
    ],
    "Z_center": {
        "real": [
            0.010290416923040545,
            0.015034262858785084,
            0.01999038760550704,
            0.02638833907250368,
            0.03490554990415061,
            0.04555571776004457,
            0.05822090640480546,
            0.07274210397540737,
            0.08894013212046614,
            0.10662774683812624,
            0.12561108247661637,
            0.14568354209509266,
            0.1666216800056458,
            0.188191504965442,
            0.2101672832782662,
            0.23235775740010645,
            0.25463052401367875,
            0.27692593641302293,
            0.29925626891385065,
            0.3216912402943438,
            0.3443347783847874,
            0.36729904248997786,
            0.39068077585895394,
            0.41454332526712645,
            0.4389059736994529,
            0.4637410911603292,
            0.4889787435083205,
            0.5145176162264243,
            0.5402402432903602,
            0.5660297374721529,
            0.5917848276944679,
            0.6174303310103115,
            0.6429212370454589,
            0.6682400620045561,
            0.6933885449937518,
            0.7183757335545147,
            0.7432048747597161,
            0.7678613956160187,
            0.7923038064874764,
            0.816458773462095,
            0.8402209770815108,
            0.8634577583141932,
            0.8860179771633404,
            0.9077440157781825,
            0.9284854697815794,
            0.9481128141515834,
            0.9665292349423603,
            0.9836789472957551,
            0.9995507352743461,
            1.0141761494139274,
            1.0276226697812783,
            1.0399829780948993,
            1.0513620673052309,
            1.0618641243154905,
            1.071580952792255,
            1.0805832611644215,
            1.088915566387319,
            1.0965948814287694,
            1.1036128534012537,
            1.1099406559638845,
            1.1155357455577093,
            1.1203495641927272,
            1.1243353661277522,
            1.127455489614942,
            1.129687517274837,
            1.1310288416653012,
            1.131499232022711,
            1.131141131591983,
            1.130017653768285,
            1.1282085321720596,
            1.1258045536158092,
            1.1229011595755174,
            1.1195919168814537,
            1.1159624750048807,
            1.1120854844295387,
            1.1080168202940623,
            1.103793318065096,
            1.0994320967644613,
            1.094931356331047,
            1.090272350565158,
            1.0854220793348686,
            1.0803362294372487,
            1.074962100482918,
            1.0692416294239528,
            1.0631150403716718,
            1.0565258485599611,
            1.0494276558855926,
            1.0417924378815138,
            1.0336189093403503,
            1.0249386959963829,
            1.0158179628764847,
            1.00635320095274,
            0.9966619105868431,
            0.9868710856388282,
            0.9771078011378194,
            0.9674958989408428,
            0.9581610016487571
        ],
        "imag": [
            0.1202552681156284,
            0.14983062117872678,
            0.17972267053878363,
            0.21068635561930293,
            0.24198378808567192,
            0.2730340723472016,
            0.30345811456752236,
            0.3329787216368972,
            0.36138732511008365,
            0.38852472875406685,
            0.414266543099462,
            0.4385188013314211,
            0.4612256278925919,
            0.48238319734743296,
            0.5020502033596008,
            0.5203463367809357,
            0.5374359417727146,
            0.5535004663317201,
            0.5687074974148512,
            0.5831844489237421,
            0.5970022719024902,
            0.610170848642693,
            0.6226448305816289,
            0.6343371367209667,
            0.6451369534528277,
            0.6549291971991057,
            0.6636126534730804,
            0.6711142343429968,
            0.6773972694367176,
            0.6824625990980872,
            0.6863425608371606,
            0.6890894133895379,
            0.6907608852170548,
            0.6914059789490878,
            0.69105380468556,
            0.6897073011286339,
            0.6873425736576113,
            0.6839135721711868,
            0.6793610769797732,
            0.6736244935626681,
            0.666654722342272,
            0.6584263330566641,
            0.6489474139720942,
            0.638265758237437,
            0.6264704716005892,
            0.6136886123488234,
            0.60007709356173,
            0.5858107538756877,
            0.5710681412363733,
            0.556016997120797,
            0.5408015203708815,
            0.5255331652715842,
            0.510286062766141,
            0.4950973308820177,
            0.47997176756233895,
            0.4648898477466574,
            0.44981764023520643,
            0.4347172091408087,
            0.41955622326674763,
            0.4043157988318384,
            0.3889959755862214,
            0.37361858871160913,
            0.3582275852671779,
            0.34288700657900106,
            0.3276769574687357,
            0.3126879601227822,
            0.298014212129633,
            0.28374641026530534,
            0.2699649049161429,
            0.2567339335282618,
            0.24409753030133732,
            0.2320774366216637,
            0.22067306837069012,
            0.2098633591603761,
            0.19961016233647563,
            0.18986280367980776,
            0.18056333035531077,
            0.1716519607255474,
            0.16307222426109852,
            0.1547753946561646,
            0.14672399105809042,
            0.13889443939836574,
            0.13127924489843573,
            0.12388912870583617,
            0.11675534316758243,
            0.10993184010480246,
            0.10349631833018605,
            0.09754871756100833,
            0.09220595754646332,
            0.08759270113133283,
            0.08382949589056654,
            0.0810211990489019,
            0.07924914372372548,
            0.07856971253993951,
            0.07901978592579778,
            0.08062680825817341,
            0.08341904833438554
        ]
    },
    "CPU_time": {
        "derivatives": 0.19822287559509277,
        "buildingVn": 36.467933893203735,
        "assembling_C": 0,