{
    "geometry1": "new_broken_cubic",
    "geometry2": "large",
    "ope": "b2p_tang_ipp",
    "lc": 0.015,
    "dimP": 2,
    "dimQ": 2,
    "N": 52,
    "f0": 1000,
    "BSP": true,
    "frequencies": [
        80,
        100,
        120,
        140,
        160,
        180,
        200,
        220,
        240,
        260,
        280,
        300,
        320,
        340,
        360,
        380,
        400,
        420,
        440,
        460,
        480,
        500,
        520,
        540,
        560,
        580,
        600,
        620,
        640,
        660,
        680,
        700,
        720,
        740,
        760,
        780,
        800,
        820,
        840,
        860,
        880,
        900,
        920,
        940,
        960,
        980,
        1000,
        1020,
        1040,
        1060,
        1080,
        1100,
        1120,
        1140,
        1160,
        1180,
        1200,
        1220,
        1240,
        1260,
        1280,
        1300,
        1320,
        1340,
        1360,
        1380,
        1400,
        1420,
        1440,
        1460,
        1480,
        1500,
        1520,
        1540,
        1560,
        1580,
        1600,
        1620,
        1640,
        1660,
        1680,
        1700,
        1720,
        1740,
        1760,
        1780,
        1800,
        1820,
        1840,
        1860,
        1880,
        1900,
        1920,
        1940,
        1960,
        1980,
        2000
    ],
    "Z_center": {
        "real": [
            0.010665194314804064,
            0.014720274289126875,
            0.019948094256568422,
            0.02678154505398151,
            0.03530113676593562,
            0.04557407893091467,
            0.05770474064577158,
            0.07175744635545854,
            0.08770917088633798,
            0.10543356867127238,
            0.12470647256096491,
            0.14522559725981132,
            0.16664458369214566,
            0.18861699807108706,
            0.2108427208761768,
            0.23310574770740017,
            0.2552941252462109,
            0.2773984080015577,
            0.2994918987005745,
            0.32169982223610305,
            0.3441659465768389,
            0.3670228592261334,
            0.39036962629520294,
            0.41425807802814574,
            0.43868779948955894,
            0.4636088949598626,
            0.48893133898370333,
            0.514539145258124,
            0.5403070444133738,
            0.5661169387948872,
            0.5918713689986007,
            0.6175017742162163,
            0.6429704232134483,
            0.6682661394075547,
            0.6933950925178333,
            0.7183686654968827,
            0.7431905949160386,
            0.7678454590974653,
            0.79229015293008,
            0.8164494795384419,
            0.8402164155286567,
            0.8634570318129857,
            0.8860194999499836,
            0.9077461273974118,
            0.9284869696016677,
            0.9481133136300726,
            0.9665292349526569,
            0.9836795758774172,
            0.9995531292316217,
            1.0141805320721995,
            1.0276272607892596,
            1.0399829577327393,
            1.0513488927823307,
            1.0618255356345367,
            1.0715019888441106,
            1.0804485112697473,
            1.0887126833241147,
            1.0963191122609666,
            1.1032720046074773,
            1.1095596255071407,
            1.1151595631737035,
            1.120043907598607,
            1.1241837721356966,
            1.1275529444163472,
            1.1301306825582682,
            1.1319037685096962,
            1.1328679068886969,
            1.133028430308823,
            1.1324003722340799,
            1.1310079158168196,
            1.1288834120733606,
            1.1260661598190085,
            1.1226011879264048,
            1.1185381521928623,
            1.1139304642796026,
            1.1088345852335895,
            1.1033094920279332,
            1.0974162201307607,
            1.091217389304611,
            1.0847766419316305,
            1.0781577964646296,
            1.071423755841173,
            1.0646350119479637,
            1.0578478860296945,
            1.051112513432818,
            1.044470724419189,
            1.0379540760508688,
            1.0315823314621582,
            1.0253629028877882,
            1.019291695350343,
            1.013355611741877,
            1.0075364668931126,
            1.0018155651847047,
            0.9961778274385862,
            0.990614692226492,
            0.985125403253607,
            0.979717419945003
        ],
        "imag": [
            0.11939249996315889,
            0.14914386250846798,
            0.17957618874718795,
            0.21036509444089696,
            0.24120964238624623,
            0.2719418002690549,
            0.30235947238076955,
            0.33218722495152614,
            0.36110781813958825,
            0.3888052014152172,
            0.4150055222924229,
            0.4395135887110868,
            0.4622394722165807,
            0.4832097197842131,
            0.5025579705610284,
            0.5204954658451824,
            0.5372683758100273,
            0.5531127400971322,
            0.5682176540703583,
            0.5827028311467932,
            0.5966117940963015,
            0.6099180664601207,
            0.622540391134654,
            0.6343627745200942,
            0.6452560004580233,
            0.6550978423671434,
            0.6637897574370101,
            0.6712682366598655,
            0.6775094921187668,
            0.6825271827565655,
            0.6863638736957178,
            0.6890781772422417,
            0.6907302136640656,
            0.6913681878721412,
            0.6910183992996544,
            0.6896801458067418,
            0.6873260061037,
            0.6839071160563812,
            0.6793624323960923,
            0.6736305522307457,
            0.6666624367113885,
            0.6584333422947897,
            0.6489523824754799,
            0.6382684184063337,
            0.626471388864236,
            0.6136887219378004,
            0.6000770935674447,
            0.5858104803255165,
            0.5710660855857763,
            0.5560101445365037,
            0.5407856773144545,
            0.5255038964116379,
            0.510240267379964,
            0.49503535334936294,
            0.4798997707040527,
            0.46482200249595074,
            0.4497775393129569,
            0.43473785454059244,
            0.41967801694042517,
            0.4045822102490391,
            0.3894469607737445,
            0.37428233475685624,
            0.3591115873549819,
            0.3439698589699691,
            0.32890229596798304,
            0.31396185989759273,
            0.29920695473574993,
            0.2846989549517404,
            0.270499813546951,
            0.25666993500231233,
            0.2432664718216957,
            0.23034213502371575,
            0.21794445647552715,
            0.206115440623961,
            0.19489136645566735,
            0.18430271723694275,
            0.17437403815427002,
            0.16512375546149854,
            0.15656380524512847,
            0.14869918574409216,
            0.14152738164955908,
            0.13503786160007328,
            0.12921173122290622,
            0.12402174736885123,
            0.11943282127592944,
            0.11540316764139529,
            0.11188624906773262,
            0.10883362265823196,
            0.10619848872876234,
            0.1039397368236498,
            0.102025535096714,
            0.10043574391363692,
            0.09916253390912093,
            0.09820901842666413,
            0.0975867099022389,
            0.09731272066751256,
            0.09740765993139651
        ]
    },
    "CPU_time": {
        "derivatives": 0.19489312171936035,
        "buildingVn": 39.7063570022583,
        "assembling_C": 0,