{
    "geometry1": "new_broken_cubic",
    "geometry2": "large",
    "ope": "b2p_tang_ipp",
    "lc": 0.015,
    "dimP": 2,
    "dimQ": 2,
    "N": 49,
    "f0": 1000,
    "BSP": true,
    "frequencies": [
        80,
        100,
        120,
        140,
        160,
        180,
        200,
        220,
        240,
        260,
        280,
        300,
        320,
        340,
        360,
        380,
        400,
        420,
        440,
        460,
        480,
        500,
        520,
        540,
        560,
        580,
        600,
        620,
        640,
        660,
        680,
        700,
        720,
        740,
        760,
        780,
        800,
        820,
        840,
        860,
        880,
        900,
        920,
        940,
        960,
        980,
        1000,
        1020,
        1040,
        1060,
        1080,
        1100,
        1120,
        1140,
        1160,
        1180,
        1200,
        1220,
        1240,
        1260,
        1280,
        1300,
        1320,
        1340,
        1360,
        1380,
        1400,
        1420,
        1440,
        1460,
        1480,
        1500,
        1520,
        1540,
        1560,
        1580,
        1600,
        1620,
        1640,
        1660,
        1680,
        1700,
        1720,
        1740,
        1760,
        1780,
        1800,
        1820,
        1840,
        1860,
        1880,
        1900,
        1920,
        1940,
        1960,
        1980,
        2000
    ],
    "Z_center": {
        "real": [
            0.010171341047169668,
            0.013980415008970293,
            0.01884508677336992,
            0.025489410790685105,
            0.03418016667809266,
            0.04492011563362502,
            0.05762336494436875,
            0.072175218824134,
            0.0884385706533082,
            0.1062465540688374,
            0.1253988201021581,
            0.14566178910926997,
            0.16677686977262493,
            0.18847873357932066,
            0.21052214336685648,
            0.23271165841412764,
            0.2549247646758938,
            0.2771214232683434,
            0.2993375035945139,
            0.3216649367331858,
            0.34422452175667784,
            0.36713794045539067,
            0.39050385280913347,
            0.4143810685491771,
            0.438779962764801,
            0.4636621173112147,
            0.48894732305917044,
            0.5145263352574274,
            0.540277096702505,
            0.5660814743606141,
            0.5918396036215166,
            0.6174792903411354,
            0.6429590482843194,
            0.668264681339117,
            0.6934005534864508,
            0.7183775120471094,
            0.7431997742688768,
            0.7678529768929355,
            0.7922951914513665,
            0.8164521599818398,
            0.8402173839142748,
            0.8634570518418254,
            0.8860191777453694,
            0.9077458108318823,
            0.9284867849535718,
            0.9481132568695583,
            0.9665292349448491,
            0.9836794828900925,
            0.9995526345207133,
            1.014179073335241,
            1.0276239992633516,
            1.039976918614248,
            1.0513393359074357,
            1.0618125676095829,
            1.0714873436014263,
            1.080436326519999,
            1.0887100232924258,
            1.0963359460824784,
            1.103320404496483,
            1.1096520700332753,
            1.1153064272220037,
            1.120250419912049,
            1.124446891500011,
            1.127858681627685,
            1.1304524037786714,
            1.1322019365796798,
            1.1330915571328604,
            1.1331185745193284,
            1.132295263822021,
            1.130649965380202,
            1.1282272978529082,
            1.1250874673761913,
            1.1213047033073402,
            1.116964761724611,
            1.112161515114408,
            1.106992653597787,
            1.1015546350533958,
            1.095937191431073,
            1.0902177837095184,
            1.0844565103588173,
            1.0786919766351648,
            1.0729387049210777,
            1.0671866107335028,
            1.0614029898658597,
            1.0555373333591491,
            1.0495289386196016,
            1.0433167846946367,
            1.036850568816966,
            1.0301012710474835,
            1.0230694082732696,
            1.0157895125417076,
            1.0083300811493454,
            1.0007894962710908,
            0.9932891142435071,
            0.9859648483728989,
            0.9789581545946202,
            0.9724064827637744
        ],
        "imag": [
            0.11693335089495194,
            0.14753384131195602,
            0.1786088106287955,
            0.21011707284137748,
            0.2416559736773658,
            0.2728449964455301,
            0.30339031351177986,
            0.333050820214385,
            0.36161392233510653,
            0.3888909230726966,
            0.41472306155260225,
            0.43899358476510025,
            0.46164295797137506,
            0.4826820413232091,
            0.5021966062337196,
            0.5203376418722648,
            0.5372972201072493,
            0.5532755683650057,
            0.5684477531946275,
            0.5829380331403604,
            0.5968062379534524,
            0.6100467808893871,
            0.622598107637838,
            0.6343592640219626,
            0.6452098644458973,
            0.6550304833980278,
            0.6637204957546927,
            0.6712111405845023,
            0.6774720922379927,
            0.6825107919718604,
            0.6863650936278894,
            0.689090975202621,
            0.6907479967709406,
            0.6913854184866628,
            0.6910315142115504,
            0.6896877442611078,
            0.6873284621927204,
            0.6839058741423071,
            0.6793592581004628,
            0.6736269524884917,
            0.6666593633195056,
            0.6584311704630228,
            0.6489510753406738,
            0.6382677492668359,
            0.626471114378841,
            0.6136886555282888,
            0.6000770935688855,
            0.5858104129698871,
            0.5710658369347065,
            0.5560097368782566,
            0.5407855028059638,
            0.5255050256875238,
            0.5102447326041791,
            0.4950462608824092,
            0.47992108229864555,
            0.4648578546429273,
            0.44983106140650553,
            0.4348095836957405,
            0.41976416093638846,
            0.4046731418603152,
            0.3895263773474454,
            0.3743274577667162,
            0.3590946692278122,
            0.3438610199951989,
            0.3286735425221785,
            0.3135919403129382,
            0.29868651943461166,
            0.2840354614196603,
            0.26972150175695936,
            0.25582821261758154,
            0.24243610021721873,
            0.2296186904879631,
            0.21743875775612928,
            0.2059448515599821,
            0.1951683274005771,
            0.18512117491360364,
            0.17579493966989787,
            0.1671610608973803,
            0.15917281820803994,
            0.15176896638813128,
            0.14487899539347435,
            0.1384298137544355,
            0.1323534249337406,
            0.12659498412636078,
            0.1211203768032947,
            0.11592218804875895,
            0.11102291185590206,
            0.10647440855510817,
            0.102353100749492,
            0.09875131531733031,
            0.09576604225611544,
            0.0934870135810285,
            0.09198600156093019,
            0.09130854776975503,
            0.09146840164049219,
            0.09244422395165657,
            0.09417815840561435
        ]
    },
    "CPU_time": {
        "derivatives": 0.1979529857635498,
        "buildingVn": 38.45862078666687,
        "assembling_C": 0,