{
    "geometry1": "new_broken_cubic",
    "geometry2": "small",
    "ope": "b2p_tang_ipp",
    "lc": 0.015,
    "dimP": 2,
    "dimQ": 2,
    "N": 94,
    "f0": 1000,
    "BSP": true,
    "frequencies": [
        80,
        100,
        120,
        140,
        160,
        180,
        200,
        220,
        240,
        260,
        280,
        300,
        320,
        340,
        360,
        380,
        400,
        420,
        440,
        460,
        480,
        500,
        520,
        540,
        560,
        580,
        600,
        620,
        640,
        660,
        680,
        700,
        720,
        740,
        760,
        780,
        800,
        820,
        840,
        860,
        880,
        900,
        920,
        940,
        960,
        980,
        1000,
        1020,
        1040,
        1060,
        1080,
        1100,
        1120,
        1140,
        1160,
        1180,
        1200,
        1220,
        1240,
        1260,
        1280,
        1300,
        1320,
        1340,
        1360,
        1380,
        1400,
        1420,
        1440,
        1460,
        1480,
        1500,
        1520,
        1540,
        1560,
        1580,
        1600,
        1620,
        1640,
        1660,
        1680,
        1700,
        1720,
        1740,
        1760,
        1780,
        1800,
        1820,
        1840,
        1860,
        1880,
        1900,
        1920,
        1940,
        1960,
        1980,
        2000
    ],
    "Z_center": {
        "real": [
            0.01244959854969684,
            0.020537104690485582,
            0.029072962455311126,
            0.03862882741226814,
            0.04917152810841972,
            0.06055390287926934,
            0.07264221847704422,
            0.0853286035943426,
            0.09853155304080409,
            0.11219404934820378,
            0.12628066394622645,
            0.14077417011580812,
            0.1556720514203271,
            0.17098317979585584,
            0.1867248297158676,
            0.202920104008702,
            0.2195957809941737,
            0.2367805511649149,
            0.2545035900042942,
            0.2727934059819819,
            0.29167690414788805,
            0.31117861211109854,
            0.33132002379206643,
            0.35211902549231533,
            0.37358937756611305,
            0.395740232855767,
            0.4185756799178243,
            0.4420943049283247,
            0.46628877111418143,
            0.49114541870794765,
            0.516643891872296,
            0.5427568018483836,
            0.5694494377900912,
            0.5966795383549173,
            0.6243971381171298,
            0.6525445032059839,
            0.681056170219028,
            0.709859101364777,
            0.7388729669376389,
            0.7680105636148586,
            0.797178373729649,
            0.826277266696306,
            0.8552033392635351,
            0.8838488864310272,
            0.912103489886948,
            0.9398552059628534,
            0.9669918306220353,
            0.9934022151590304,
            1.01897760333983,
            1.04361295886211,
            1.0672082514044576,
            1.089669670239911,
            1.1109107364101005,
            1.1308532876860438,
            1.1494283148347948,
            1.16657663280738,
            1.182249376109601,
            1.196408313487222,
            1.2090259828572942,
            1.220085652861389,
            1.2295811222540383,
            1.2375163723909106,
            1.2439050912055163,
            1.2487700892161018,
            1.2521426292681113,
            1.2540616919633394,
            1.254573198144348,
            1.2537292085270286,
            1.251587118753531,
            1.2482088659255435,
            1.2436601602279131,
            1.2380097526999512,
            1.2313287476766803,
            1.223689966003335,
            1.2151673628960977,
            1.205835502333167,
            1.1957690881438323,
            1.185042550531195,
            1.1737296856161652,
            1.161903344711712,
            1.149635169406795,
            1.1369953681307496,
            1.1240525296556845,
            1.1108734689379225,
            1.0975231007823691,
            1.0840643369971947,
            1.070558002970902,
            1.057062769928993,
            1.043635099489253,
            1.0303291975229076,
            1.0171969747262521,
            1.0042880117069872,
            0.991649526780613,
            0.9793263450503735,
            0.9673608677048419,
            0.9557930408048007,
            0.9446603231451923
        ],
        "imag": [
            0.12406331442326991,
            0.15340291302936643,
            0.18164746061427825,
            0.20923751574910068,
            0.2359868683820338,
            0.2618495180454112,
            0.2868415663488974,
            0.3110081292913083,
            0.3344085578569506,
            0.35710756991046694,
            0.3791692044118916,
            0.4006526720833882,
            0.4216096631898199,
            0.4420827830419396,
            0.4621048264140701,
            0.4816986413603671,
            0.5008773789740419,
            0.5196449734392459,
            0.5379967407504207,
            0.5559200215396459,
            0.5733948225552532,
            0.5903944329183477,
            0.6068860064729396,
            0.6228311116865912,
            0.63818625688418,
            0.652903402179356,
            0.6669304710822498,
            0.6802118750200549,
            0.6926890632991078,
            0.7043011096338061,
            0.714985344440153,
            0.7246780397435539,
            0.7333151508490392,
            0.740833115926504,
            0.747169711416375,
            0.7522649577476337,
            0.7560620663434755,
            0.758508415402104,
            0.7595565386005549,
            0.7591651078422986,
            0.757299888616392,
            0.7539346446364332,
            0.7490519673420023,
            0.7426440057094869,
            0.7347130727463645,
            0.7252721070703305,
            0.7143449710990887,
            0.7019665715105384,
            0.688182792630742,
            0.6730502390415795,
            0.6566357897171587,
            0.6390159720770654,
            0.6202761701805677,
            0.600509686562946,
            0.5798166816610204,
            0.5583030181738761,
            0.5360790398949282,
            0.5132583154782764,
            0.48995637725852825,
            0.4662894837292776,
            0.4423734317435772,
            0.4183224411336578,
            0.39424813049076385,
            0.37025859853579496,
            0.3464576210911723,
            0.3229439693455608,
            0.2998108510701712,
            0.27714547283891655,
            0.2550287182298422,
            0.23353493449216023,
            0.21273181827643214,
            0.19268038972643853,
            0.1734350434804099,
            0.15504366486536525,
            0.13754779972051612,
            0.12098286677462938,
            0.10537840225172002,
            0.09075832731342001,
            0.07714123000078356,
            0.0645406544515419,
            0.05296539129436825,
            0.04241976422174905,
            0.03290390878329776,
            0.02441404040852674,
            0.01694270954006405,
            0.010479042534646705,
            0.005008967663301781,
            0.000515426116570234,
            -0.003021431601069844,
            -0.005624063113429199,
            -0.007317364372186321,
            -0.008128511303553061,
            -0.008086811427987367,
            -0.0072235638769561,
            -0.0055719261811571314,
            -0.003166786200965855,
            -4.4637610226647594e-05
        ]
    },
    "CPU_time": {
        "derivatives": 0.09225797653198242,
        "buildingVn": 14.905739068984985,
        "assembling_C": 0,