{
    "geometry1": "new_broken_cubic",
    "geometry2": "small",
    "ope": "b2p_tang_ipp",
    "lc": 0.015,
    "dimP": 2,
    "dimQ": 2,
    "N": 98,
    "f0": 1000,
    "BSP": true,
    "frequencies": [
        80,
        100,
        120,
        140,
        160,
        180,
        200,
        220,
        240,
        260,
        280,
        300,
        320,
        340,
        360,
        380,
        400,
        420,
        440,
        460,
        480,
        500,
        520,
        540,
        560,
        580,
        600,
        620,
        640,
        660,
        680,
        700,
        720,
        740,
        760,
        780,
        800,
        820,
        840,
        860,
        880,
        900,
        920,
        940,
        960,
        980,
        1000,
        1020,
        1040,
        1060,
        1080,
        1100,
        1120,
        1140,
        1160,
        1180,
        1200,
        1220,
        1240,
        1260,
        1280,
        1300,
        1320,
        1340,
        1360,
        1380,
        1400,
        1420,
        1440,
        1460,
        1480,
        1500,
        1520,
        1540,
        1560,
        1580,
        1600,
        1620,
        1640,
        1660,
        1680,
        1700,
        1720,
        1740,
        1760,
        1780,
        1800,
        1820,
        1840,
        1860,
        1880,
        1900,
        1920,
        1940,
        1960,
        1980,
        2000
    ],
    "Z_center": {
        "real": [
            0.013120861285343222,
            0.020368610857054895,
            0.02889231064547497,
            0.038520216109520625,
            0.04910054827823892,
            0.06049565148098102,
            0.07258502724096777,
            0.08526899813468876,
            0.09847039228269057,
            0.1121341253502923,
            0.12622527532947217,
            0.14072630773305664,
            0.1556339763580579,
            0.1709562578031799,
            0.18670953162734685,
            0.20291610781810268,
            0.21960212854442795,
            0.23679582556535966,
            0.2545260905059501,
            0.2728213055801455,
            0.2917083817989535,
            0.3112119563008817,
            0.33135370752644827,
            0.3521517548903997,
            0.3736201174127405,
            0.39576821298807474,
            0.4186003863920141,
            0.44211545971416266,
            0.46630630371099074,
            0.49115943265655937,
            0.5166546287016436,
            0.5427646045750866,
            0.5694547156976073,
            0.5966827344234766,
            0.6243987001526339,
            0.65254485942236,
            0.6810557097614497,
            0.7098581600124353,
            0.7388718179965983,
            0.7680094138005348,
            0.7971773636478826,
            0.8262764753642982,
            0.8552027919723785,
            0.8838485651458559,
            0.9121033453131923,
            0.9398551703820855,
            0.9669918306220711,
            0.9934021834445469,
            1.0189774889193985,
            1.0436127350459161,
            1.0672079212156607,
            1.0896692690280572,
            1.110910331641105,
            1.1308529760656587,
            1.1494282170804528,
            1.1665768865176003,
            1.1822501272722372,
            1.1964097072233728,
            1.2090281540110719,
            1.2200887170163557,
            1.229585167699814,
            1.2375214534704277,
            1.243911223369615,
            1.2487772459913162,
            1.252150741224411,
            1.2540706476549395,
            1.2545828468947349,
            1.2537393648446058,
            1.2515975680996312,
            1.2482193715133938,
            1.243670470508465,
            1.2380196091875382,
            1.2313378927817393,
            1.223698150567604,
            1.2151743531640502,
            1.2058410861406152,
            1.1957730801536057,
            1.1850447963985176,
            1.1737300650153788,
            1.161901773204346,
            1.1496315991718538,
            1.1369897876163408,
            1.1240449622399493,
            1.1108639707121528,
            1.0975117575865616,
            1.0840512608484374,
            1.0705433280323733,
            1.0570466481660927,
            1.0436176961569756,
            1.030310686620158,
            1.0171775345424214,
            1.0042678205735867,
            0.9916287591255275,
            0.9793051678376492,
            0.9673394373255312,
            0.955771500468936,
            0.9446388008088075
        ],
        "imag": [
            0.1239667364356774,
            0.1532157537249376,
            0.18169793851806826,
            0.20932433720494423,
            0.23606001204616556,
            0.2619052113776428,
            0.28688677652459427,
            0.31105051762412705,
            0.33445377670831655,
            0.35715883227373846,
            0.37922758183717903,
            0.4007176055471127,
            0.42167949762887325,
            0.44215524886261726,
            0.46217743605748296,
            0.4817689909105709,
            0.5009433574664334,
            0.5197048900515231,
            0.5380493839508487,
            0.5559646654873819,
            0.5734311954404415,
            0.5904226602286864,
            0.6069065399736621,
            0.6228446525900384,
            0.6381936795361113,
            0.6529056827214982,
            0.6669286240089412,
            0.6802068993367987,
            0.6926818990621831,
            0.7042926049675684,
            0.7149762326363422,
            0.7246689257058988,
            0.7333065059131336,
            0.7408252799350784,
            0.74716290084235,
            0.752259278609635,
            0.7560575306520801,
            0.7585049598961979,
            0.7595540445844379,
            0.7591634210118064,
            0.7572988378701943,
            0.753934059002218,
            0.7490516903048161,
            0.7426439064129963,
            0.7347130537325384,
            0.7252721084282963,
            0.714344971099088,
            0.7019665839901736,
            0.6881828615717993,
            0.6730504309160609,
            0.6566361842797633,
            0.6390166523375885,
            0.6202772122968536,
            0.6005111503566529,
            0.579818602378484,
            0.5583053999979566,
            0.5360818515750481,
            0.5132614882896183,
            0.4899598053448825,
            0.4662930267340477,
            0.44237691950013647,
            0.41832568007990223,
            0.39425091139205665,
            0.37026070505498493,
            0.34645883872746325,
            0.32294409427865933,
            0.299809698482764,
            0.2771428843508938,
            0.2550245681469824,
            0.23352913465537015,
            0.2127243213778263,
            0.1926711910405788,
            0.1734241810329076,
            0.15503121812544096,
            0.13753388695909036,
            0.12096764126984333,
            0.10536204755260153,
            0.09074105179023984,
            0.07712326091523437,
            0.06452223177641518,
            0.052946761500379316,
            0.04240117422959905,
            0.03288560025634216,
            0.02439624453414245,
            0.016925642419387796,
            0.010462901270467418,
            0.0049939272075577865,
            0.0005016369108758067,
            -0.0030338451832027775,
            -0.005635003538602123,
            -0.007326760967677129,
            -0.00813631957951497,
            -0.008093011767500546,
            -0.007228159671835611,
            -0.005574941498200991,
            -0.0031682630701781235,
            -4.463302693107248e-05
        ]
    },
    "CPU_time": {
        "derivatives": 0.09763622283935547,
        "buildingVn": 16.03169584274292,