{
    "geometry1": "new_broken_cubic",
    "geometry2": "large",
    "ope": "b2p_tang_ipp",
    "lc": 0.015,
    "dimP": 2,
    "dimQ": 2,
    "N": 46,
    "f0": 1000,
    "BSP": true,
    "frequencies": [
        80,
        100,
        120,
        140,
        160,
        180,
        200,
        220,
        240,
        260,
        280,
        300,
        320,
        340,
        360,
        380,
        400,
        420,
        440,
        460,
        480,
        500,
        520,
        540,
        560,
        580,
        600,
        620,
        640,
        660,
        680,
        700,
        720,
        740,
        760,
        780,
        800,
        820,
        840,
        860,
        880,
        900,
        920,
        940,
        960,
        980,
        1000,
        1020,
        1040,
        1060,
        1080,
        1100,
        1120,
        1140,
        1160,
        1180,
        1200,
        1220,
        1240,
        1260,
        1280,
        1300,
        1320,
        1340,
        1360,
        1380,
        1400,
        1420,
        1440,
        1460,
        1480,
        1500,
        1520,
        1540,
        1560,
        1580,
        1600,
        1620,
        1640,
        1660,
        1680,
        1700,
        1720,
        1740,
        1760,
        1780,
        1800,
        1820,
        1840,
        1860,
        1880,
        1900,
        1920,
        1940,
        1960,
        1980,
        2000
    ],
    "Z_center": {
        "real": [
            0.009431387725791584,
            0.014292288590928185,
            0.02034034232227064,
            0.027498567203491316,
            0.03618131991081238,
            0.046617012236922065,
            0.058872213870612165,
            0.07293029934572184,
            0.08872120749344976,
            0.10612797957025395,
            0.12498521784144792,
            0.14507763155632833,
            0.16614630469002323,
            0.18790795668408886,
            0.21008644585514488,
            0.23244935622758764,
            0.25483863900692444,
            0.2771860820930212,
            0.29950993865846626,
            0.3218954865140635,
            0.3444661680078945,
            0.3673528275054201,
            0.3906668074962517,
            0.414480364001242,
            0.4388159072580815,
            0.46364412601534954,
            0.4888902690509464,
            0.5144469204395776,
            0.540190841896679,
            0.5660007718663314,
            0.5917728620158751,
            0.6174309801522371,
            0.6429303021216523,
            0.6682541066749794,
            0.6934050281286318,
            0.7183928894349221,
            0.7432215094121098,
            0.7678766992951054,
            0.7923172240029278,
            0.8164699349838348,
            0.8402296786241541,
            0.8634639759308034,
            0.8860218961818824,
            0.9077460469771053,
            0.9284862134317778,
            0.9481129353250335,
            0.9665292349473003,
            0.9836788560875729,
            0.9995497944782751,
            1.0141725847348848,
            1.0276136511333889,
            1.0399648362784246,
            1.0513307910835459,
            1.0618161208839383,
            1.071514028524386,
            1.0804977690743838,
            1.0888156560513222,
            1.0964897617779168,
            1.1035179200096774,
            1.1098782503627092,
            1.1155352212350678,
            1.1204462812599396,
            1.1245682661453902,
            1.1278630650899297,
            1.1303022696951777,
            1.1318706807576038,
            1.1325686230676186,
            1.1324130202147786,
            1.1314372700930333,
            1.1296900134941092,
            1.1272330303181552,
            1.1241385024853918,
            1.1204858842073422,
            1.1163585363495776,
            1.1118402253647184,
            1.1070115649678796,
            1.1019465336322316,
            1.0967092056148184,
            1.0913508453198442,
            1.0859074557829935,
            1.0803978947474235,
            1.0748227760760813,
            1.0691645763945123,
            1.0633895150665127,
            1.0574516931746982,
            1.0512996021466157,
            1.0448845077057287,
            1.0381696564287672,
            1.031138976101965,
            1.0238040409518945,
            1.0162084107959213,
            1.008428719128357,
            1.0005719716883623,
            0.9927685234655901,
            0.9851606783086644,
            0.977887741535213,
            0.9710698309157512
        ],
        "imag": [
            0.1206476564597632,
            0.15104910161651836,
            0.18120911912105667,
            0.21156447638965725,
            0.24210831006320313,
            0.27256236518878335,
            0.30263190600588524,
            0.3320475143966762,
            0.36056168733818617,
            0.38794598865261687,
            0.413995615920054,
            0.43854282739538714,
            0.4614771394781104,
            0.48276550097092547,
            0.5024628818633103,
            0.5207058607872025,
            0.5376881710180655,
            0.5536241625893803,
            0.5687102533855769,
            0.5830939265321355,
            0.596855854266853,
            0.6100062536524399,
            0.6224932062447792,
            0.6342192459210145,
            0.6450622976583029,
            0.6548974863824598,
            0.6636167310798748,
            0.6711434884147952,
            0.6774406810111586,
            0.6825108557968991,
            0.6863890590966,
            0.6891303032462993,
            0.690794527205029,
            0.6914321924093968,
            0.6910731926992154,
            0.6897207810424045,
            0.6873511196405799,
            0.6839181141507511,
            0.6793624860227518,
            0.6736236015182225,
            0.6666523429066834,
            0.6584232624610542,
            0.648944394690883,
            0.6382633950685767,
            0.6264691068504696,
            0.6136881934767487,
            0.6000770935616608,
            0.5858102158626379,
            0.5710659016866527,
            0.5560120990904046,
            0.5407937738957486,
            0.5255237677053259,
            0.5102781717766187,
            0.4950964864810067,
            0.4799860765822133,
            0.4649298545764323,
            0.4498958054597719,
            0.43484690516523694,
            0.4197501470478424,
            0.40458373087257643,
            0.38934190426387033,
            0.37403737760258,
            0.3587015814036927,
            0.3433831936079842,
            0.3281454032414528,
            0.3130622809401614,
            0.2982145979617032,
            0.28368537615390604,
            0.26955549780930443,
            0.2558996824472788,
            0.24278307362433524,
            0.23025856404354908,
            0.21836489288448874,
            0.20712546661375197,
            0.1965479011350089,
            0.18662428772175657,
            0.17733222909370824,
            0.16863663644940458,
            0.16049225082561264,
            0.15284685151862587,
            0.14564517310483416,
            0.1388336033224101,
            0.13236566506062733,
            0.12620798706415112,
            0.12034607414875281,
            0.11478882239587408,
            0.10957066718839308,
            0.10475056682008736,
            0.10040761705213495,
            0.09663369067971292,
            0.09352381933737214,
            0.09116516333817362,
            0.08962546095187494,
            0.08894221492965017,
            0.08911445727460302,
            0.09009928086585256,
            0.09181499491118099
        ]
    },
    "CPU_time": {
        "derivatives": 0.19358110427856445,
        "buildingVn": 37.20751190185547,
        "assembling_C": 0,