{
    "geometry1": "new_broken_cubic",
    "geometry2": "small",
    "ope": "b2p_tang_ipp",
    "lc": 0.015,
    "dimP": 2,
    "dimQ": 2,
    "N": 56,
    "f0": 1000,
    "BSP": true,
    "frequencies": [
        80,
        100,
        120,
        140,
        160,
        180,
        200,
        220,
        240,
        260,
        280,
        300,
        320,
        340,
        360,
        380,
        400,
        420,
        440,
        460,
        480,
        500,
        520,
        540,
        560,
        580,
        600,
        620,
        640,
        660,
        680,
        700,
        720,
        740,
        760,
        780,
        800,
        820,
        840,
        860,
        880,
        900,
        920,
        940,
        960,
        980,
        1000,
        1020,
        1040,
        1060,
        1080,
        1100,
        1120,
        1140,
        1160,
        1180,
        1200,
        1220,
        1240,
        1260,
        1280,
        1300,
        1320,
        1340,
        1360,
        1380,
        1400,
        1420,
        1440,
        1460,
        1480,
        1500,
        1520,
        1540,
        1560,
        1580,
        1600,
        1620,
        1640,
        1660,
        1680,
        1700,
        1720,
        1740,
        1760,
        1780,
        1800,
        1820,
        1840,
        1860,
        1880,
        1900,
        1920,
        1940,
        1960,
        1980,
        2000
    ],
    "Z_center": {
        "real": [
            0.013857863149324912,
            0.020771099109242713,
            0.028988471675274824,
            0.0383899733039116,
            0.04883566027050515,
            0.0601793175537982,
            0.07228101906603246,
            0.0850176461726312,
            0.09828997246946376,
            0.11202566744373173,
            0.12617864254358238,
            0.14072587573180537,
            0.15566299860181376,
            0.17099967571067456,
            0.18675540985609554,
            0.2029560536583813,
            0.2196310690750962,
            0.2368114495296797,
            0.25452817180447795,
            0.2728110428551609,
            0.2916878254892105,
            0.3111835517789087,
            0.3313199568903238,
            0.3521149859883188,
            0.3735823425515272,
            0.39573105834636074,
            0.41856507425502204,
            0.4420828279032827,
            0.4662768491974115,
            0.49113336890188,
            0.5166319485747746,
            0.5427451426877579,
            0.56943820569562,
            0.5966688582037929,
            0.624387127186292,
            0.6525352753972676,
            0.6810478346298244,
            0.7098517562635549,
            0.7388666905674798,
            0.7680054034882315,
            0.7971743361838263,
            0.8262743084462293,
            0.8552013625183079,
            0.8838477388352668,
            0.9121029701297835,
            0.9398550753893408,
            0.9669918306220903,
            0.993402089538692,
            1.0189771243498909,
            1.043611955112815,
            1.0672066355736705,
            1.0896674643246407,
            1.1109080922849304,
            1.1308505009363714,
            1.1494258301995584,
            1.166575040083386,
            1.1822493959848364,
            1.1964107734446987,
            1.2090317839665612,
            1.220095728901524,
            1.2295963931448588,
            1.2375376943076282,
            1.2439332059991177,
            1.2488055758346248,
            1.252185859785174,
            1.2541127945756425,
            1.254632029126367,
            1.2537953346573114,
            1.2516598111875972,
            1.2482871059212428,
            1.2437426565632315,
            1.2380949700913997,
            1.2314149450339142,
            1.2237752429625104,
            1.2152497127723436,
            1.205912869430385,
            1.1958394272570227,
            1.1851038864715426,
            1.173780170671141,
            1.1619413121147855,
            1.149659181117077,
            1.137004255501214,
            1.1240454258806885,
            1.110849832507637,
            1.0974827295130334,
            1.0840073725427013,
            1.0704849260420572,
            1.0569743867380497,
            1.0435325201955457,
            1.0302138076695877,
            1.0170704008280855,
            1.0041520822679866,
            0.9915062300901688,
            0.9791777851268623,
            0.9672092197280729,
            0.9556405073078307,
            0.9445090921265442
        ],
        "imag": [
            0.12240377175482513,
            0.15185360423888805,
            0.18055288586228427,
            0.2084191768833326,
            0.23539698548686042,
            0.2614626827055018,
            0.2866250738921208,
            0.31092122571454983,
            0.33440880505236226,
            0.35715699527527617,
            0.37923795472402905,
            0.4007200694752202,
            0.42166341920737,
            0.4421172663274409,
            0.4621190875343723,
            0.48169462250557044,
            0.5008585009867891,
            0.5196151362348352,
            0.5379596894303983,
            0.5558789979664384,
            0.573352419571985,
            0.5903525800713586,
            0.606846032352341,
            0.6227938437543591,
            0.6381521327847061,
            0.652872576510118,
            0.6669029087336978,
            0.6801874270283885,
            0.692667524280203,
            0.7042822577899953,
            0.7149689662426822,
            0.7246639419684013,
            0.7333031628795879,
            0.740823085244197,
            0.7471614950631679,
            0.7522584122896829,
            0.7560570385323375,
            0.7585047353161137,
            0.7595540165822475,
            0.7591635360267953,
            0.7572990473069189,
            0.7539343132378495,
            0.749051939050996,
            0.7426441047118086,
            0.7347131723190102,
            0.725272146763383,
            0.7143449710990153,
            0.70196664237881,
            0.6881831388642319,
            0.6730511553085081,
            0.6566376491453482,
            0.6390192065808505,
            0.6202812434513841,
            0.6005170609693766,
            0.5798267808520542,
            0.5583161876056719,
            0.5360955077773751,
            0.5132781567297886,
            0.4899794829696827,
            0.4663155383657217,
            0.4424018998971927,
            0.4183525650869485,
            0.3942789392353757,
            0.3702889282303965,
            0.34648614629825,
            0.32296924379604397,
            0.29983135619933887,
            0.2771596719508554,
            0.2550351138857263,
            0.23353212659847167,
            0.21271856036073378,
            0.19265564102573743,
            0.17339801471216199,
            0.1549938558833031,
            0.13748502765363702,
            0.12090728368385127,
            0.10529050179131257,
            0.0906589403329173,
            0.07703150944668942,
            0.0644220503129761,
            0.052839616668904764,
            0.04228875384859027,
            0.032769771595646986,
            0.024279007791426305,
            0.01680908104657324,
            0.010349130812729205,
            0.004885044284276872,
            0.0003996698799455419,
            -0.0031269824745614612,
            -0.0057175536905192245,
            -0.0073971596371415265,
            -0.008193225978603435,
            -0.008135332512295887,
            -0.007255065691398708,
            -0.005585877956078267,
            -0.0031629524804288357,
            -2.30719546811188e-05
        ]
    },
    "CPU_time": {
        "derivatives": 0.06864118576049805,
        "buildingVn": 6.168092966079712,
        "assembling_C": 0,