{
    "geometry1": "new_broken_cubic",
    "geometry2": "small",
    "ope": "b2p_tang_ipp",
    "lc": 0.015,
    "dimP": 2,
    "dimQ": 2,
    "N": 32,
    "f0": 1000,
    "BSP": true,
    "frequencies": [
        80,
        100,
        120,
        140,
        160,
        180,
        200,
        220,
        240,
        260,
        280,
        300,
        320,
        340,
        360,
        380,
        400,
        420,
        440,
        460,
        480,
        500,
        520,
        540,
        560,
        580,
        600,
        620,
        640,
        660,
        680,
        700,
        720,
        740,
        760,
        780,
        800,
        820,
        840,
        860,
        880,
        900,
        920,
        940,
        960,
        980,
        1000,
        1020,
        1040,
        1060,
        1080,
        1100,
        1120,
        1140,
        1160,
        1180,
        1200,
        1220,
        1240,
        1260,
        1280,
        1300,
        1320,
        1340,
        1360,
        1380,
        1400,
        1420,
        1440,
        1460,
        1480,
        1500,
        1520,
        1540,
        1560,
        1580,
        1600,
        1620,
        1640,
        1660,
        1680,
        1700,
        1720,
        1740,
        1760,
        1780,
        1800,
        1820,
        1840,
        1860,
        1880,
        1900,
        1920,
        1940,
        1960,
        1980,
        2000
    ],
    "Z_center": {
        "real": [
            0.014834441070272427,
            0.020083388440634474,
            0.02753391316930745,
            0.036545030114889104,
            0.046859176103836546,
            0.05828347685787823,
            0.07063548529358175,
            0.08374143599553849,
            0.09744656217766959,
            0.11162538249392491,
            0.1261875592708477,
            0.1410785134203827,
            0.15627585824698847,
            0.17178338994727818,
            0.1876242622553862,
            0.20383449882510157,
            0.22045747191937665,
            0.23753956107040367,
            0.25512694360199095,
            0.27326333939107694,
            0.2919884931188502,
            0.31133718915674535,
            0.3313386287509329,
            0.3520160391448165,
            0.3733864210284131,
            0.39546037087431196,
            0.4182419378785095,
            0.44172849223314553,
            0.46591059361692677,
            0.49077185733569795,
            0.5162888215201026,
            0.5424308229577515,
            0.5691598920412139,
            0.596430679289156,
            0.6241904271454005,
            0.6523790013686444,
            0.6809289963219441,
            0.7097659278419087,
            0.7388085260838426,
            0.7679691387803405,
            0.7971542527111279,
            0.8262651378924366,
            0.8551986151253751,
            0.8838479432107835,
            0.9121038175049602,
            0.9398554667623857,
            0.9669918306220918,
            0.9934027958987548,
            1.0189804662930653,
            1.0436204374715914,
            1.067223047882234,
            1.089694575302129,
            1.1109483500306334,
            1.1309057578207533,
            1.1494971089979962,
            1.1666623545659978,
            1.1823516352149581,
            1.1965256547449215,
            1.209155875191469,
            1.2202245365915294,
            1.229724509574107,
            1.2376589935644307,
            1.2440410771713715,
            1.2488931801688332,
            1.2522463983293768,
            1.2541397732379762,
            1.2546195091676484,
            1.2537381582480411,
            1.2515537936411263,
            1.2481291884098613,
            1.243531015385068,
            1.237829080756716,
            1.2310956014741494,
            1.223404533955597,
            1.214830959171489,
            1.2054505269523133,
            1.1953389604228999,
            1.1845716198093252,
            1.1732231235077057,
            1.1613670232406068,
            1.1490755293373274,
            1.136419281635174,
            1.1234671611789864,
            1.110286137764076,
            1.0969411483929952,
            1.0834950018659786,
            1.0700083049735698,
            1.0565394060819966,
            1.0431443522745463,
            1.0298768566200556,
            1.0167882725655233,
            1.003927572883516,
            0.9913413310352891,
            0.9790737032317852,
            0.9671664098797635,
            0.9556587154854326,
            0.9445874064498629
        ],
        "imag": [
            0.11812652887865462,
            0.1482976235570407,
            0.17776312973585742,
            0.2063893118483953,
            0.23410813089694274,
            0.26085632440286227,
            0.28659741058393173,
            0.3113333762552925,
            0.335104912974578,
            0.35798358352307763,
            0.38005990032062914,
            0.401430893173552,
            0.4221896087816413,
            0.44241766479413236,
            0.4621809298018477,
            0.4815277906741274,
            0.5004892521118184,
            0.5190801504119839,
            0.5373009178977044,
            0.5551395130548544,
            0.5725732860281042,
            0.5895706635488127,
            0.6060926127928296,
            0.6220938882649937,
            0.6375240888887901,
            0.652328561904413,
            0.6664491916857322,
            0.6798251089609089,
            0.6923933514522723,
            0.7040895019062613,
            0.7148483244817336,
            0.7246044157411669,
            0.7332928820856469,
            0.7408500513309387,
            0.7472142221687773,
            0.752326451420958,
            0.7561313752490921,
            0.7585780568323295,
            0.7596208495200482,
            0.7592202611984441,
            0.757343802693917,
            0.7539668006217627,
            0.7490731533238361,
            0.7426560075731429,
            0.73471833368764,
            0.7252733776777329,
            0.7143449710989687,
            0.7019676823766856,
            0.6881867974238476,
            0.6730581222425702,
            0.6566476056597611,
            0.6390307861425387,
            0.6202920724594729,
            0.6005238734969716,
            0.5798255975000091,
            0.55830254511872,
            0.5360647236986555,
            0.5132256121082438,
            0.48990090599466696,
            0.46620727271671586,
            0.44226114341707684,
            0.41817756692518626,
            0.3940691466333256,
            0.37004507739892595,
            0.3462102951400149,
            0.3226647473459186,
            0.2995027884353769,
            0.27681269993610635,
            0.2546763319716544,
            0.2331688596149213,
            0.21235864534979906,
            0.1923071971866644,
            0.1730692108746315,
            0.15469268410060147,
            0.1372190904897292,
            0.12068360155005771,
            0.10511534535122048,
            0.09053769161497183,
            0.07696855394595838,
            0.06442070108081162,
            0.05290207022018821,
            0.04241607669053505,
            0.032961915317899555,
            0.02453484996222899,
            0.017126488635880534,
            0.01072504250599039,
            0.005315567849293438,
            0.000880190690757942,
            -0.0026016855823246293,
            -0.005153188878419807,
            -0.006799802209290873,
            -0.007569201237887777,
            -0.0074911039475071195,
            -0.006597130671462562,
            -0.0049206726419099445,
            -0.002496767191257761,
            0.0006380222375907739
        ]
    },
    "CPU_time": {
        "derivatives": 0.06882190704345703,
        "buildingVn": 4.0277979373931885,