{
    "geometry1": "new_broken_cubic",
    "geometry2": "large",
    "ope": "b2p_tang_ipp",
    "lc": 0.015,
    "dimP": 2,
    "dimQ": 2,
    "N": 34,
    "f0": 1000,
    "BSP": true,
    "frequencies": [
        80,
        100,
        120,
        140,
        160,
        180,
        200,
        220,
        240,
        260,
        280,
        300,
        320,
        340,
        360,
        380,
        400,
        420,
        440,
        460,
        480,
        500,
        520,
        540,
        560,
        580,
        600,
        620,
        640,
        660,
        680,
        700,
        720,
        740,
        760,
        780,
        800,
        820,
        840,
        860,
        880,
        900,
        920,
        940,
        960,
        980,
        1000,
        1020,
        1040,
        1060,
        1080,
        1100,
        1120,
        1140,
        1160,
        1180,
        1200,
        1220,
        1240,
        1260,
        1280,
        1300,
        1320,
        1340,
        1360,
        1380,
        1400,
        1420,
        1440,
        1460,
        1480,
        1500,
        1520,
        1540,
        1560,
        1580,
        1600,
        1620,
        1640,
        1660,
        1680,
        1700,
        1720,
        1740,
        1760,
        1780,
        1800,
        1820,
        1840,
        1860,
        1880,
        1900,
        1920,
        1940,
        1960,
        1980,
        2000
    ],
    "Z_center": {
        "real": [
            -0.001629194980118311,
            0.009035656131017727,
            0.019127092370536714,
            0.029866835890489555,
            0.03762291101727632,
            0.04698125288813775,
            0.05918922201363684,
            0.0735048730642577,
            0.08942320762567386,
            0.10671168069813047,
            0.125260217068781,
            0.14497751574906673,
            0.16572956929717308,
            0.18731652651845712,
            0.20948619508050043,
            0.23197575886612729,
            0.2545645009008083,
            0.27711690374030173,
            0.29960100444714205,
            0.32207845247068934,
            0.34467360727528223,
            0.367534105327404,
            0.3907941994226633,
            0.41454775387579235,
            0.43883328438357483,
            0.46363052849117736,
            0.4888667626977246,
            0.5144306473924003,
            0.5401909791724472,
            0.5660170941989117,
            0.5917971497821174,
            0.6174507197136929,
            0.6429333731608089,
            0.6682328658810875,
            0.6933585359748516,
            0.7183267914162063,
            0.74314592952569,
            0.7678030904745404,
            0.7922552813955845,
            0.8164254573255777,
            0.8402038155379431,
            0.8634538226655882,
            0.8860220419193268,
            0.9077505216274494,
            0.9284903033299983,
            0.9481144835173373,
            0.9665292349436084,
            0.983681322908291,
            0.999561008137331,
            1.0141998249762216,
            1.0276634804486235,
            1.040040880225328,
            1.051430889055588,
            1.0619287720133004,
            1.0716143124026414,
            1.0805433820743076,
            1.0887442734849997,
            1.0962194038433795,
            1.1029521057622924,
            1.1089172347876675,
            1.1140934577713133,
            1.118474597843626,
            1.1220775122306998,
            1.1249447132606123,
            1.1271411371707978,
            1.1287457809229806,
            1.1298399960298098,
            1.1304947961889698,
            1.130759536392951,
            1.1306538597913305,
            1.1301640804864972,
            1.1292443759230093,
            1.1278224486458575,
            1.1258087589088597,
            1.123108045378258,
            1.1196316421067434,
            1.1153090877722551,
            1.1100977442424453,
            1.1039895746815147,
            1.097014720451327,
            1.089241796306766,
            1.0807747189833354,
            1.0717455426588143,
            1.062302704189934,
            1.0525948410414376,
            1.042752064984023,
            1.0328686899928927,
            1.0229928789584126,
            1.013128516084786,
            1.003252404463894,
            0.9933459261005907,
            0.9834355276055428,
            0.9736322626659293,
            0.9641588013663679,
            0.9553540552057799,
            0.9476508434443945,
            0.9415291190957619
        ],
        "imag": [
            0.11406177550422504,
            0.1530696034934925,
            0.1857091538599364,
            0.2137767039516422,
            0.24184504548907426,
            0.27236067256716656,
            0.30279095031689723,
            0.33218150408462316,
            0.3603934504703927,
            0.38742827629526105,
            0.4132540768996088,
            0.4377799640730449,
            0.4608828854364895,
            0.48245610088521745,
            0.5024579676863303,
            0.5209418654167272,
            0.538055253360869,
            0.5540084038153131,
            0.5690254695680655,
            0.5832957440507227,
            0.5969395448275443,
            0.6099948397206425,
            0.6224228901424006,
            0.6341269119312205,
            0.6449770751055303,
            0.6548364497960752,
            0.6635841122571902,
            0.6711327298602664,
            0.6774386131522946,
            0.6825030023842995,
            0.6863646789951156,
            0.689085747107425,
            0.6907339857711842,
            0.6913658350205297,
            0.6910135777444487,
            0.6896789049807235,
            0.6873334023156386,
            0.6839251062466383,
            0.6793894140567083,
            0.6736622856940989,
            0.6666937102757647,
            0.6584596652474254,
            0.6489711565096234,
            0.6382793266622995,
            0.6264760334417463,
            0.6136897444170619,
            0.6000770935647299,
            0.5858109983979798,
            0.5710667744427147,
            0.5560080775506091,
            0.5407746216622813,
            0.5254733979368321,
            0.5101746005836119,
            0.4949127584854157,
            0.47969280539738895,
            0.46450008978802193,
            0.4493126941676537,
            0.43411397528045526,
            0.41890305661359944,
            0.40370122469484054,
            0.38855286963521646,
            0.37352070399356135,
            0.35867626026612337,
            0.3440877607161611,
            0.32980804611765924,
            0.31586517251618784,
            0.3022575943221938,
            0.28895479206372615,
            0.27590308891046084,
            0.2630354954164652,
            0.25028386993085605,
            0.2375915013051477,
            0.22492434451929572,
            0.21227947085278057,
            0.19968974930512692,
            0.18722430608003746,
            0.1749848766531104,
            0.16309869219148906,
            0.15170888798728868,
            0.14096345728413406,
            0.13100353655991134,
            0.12195158597549063,
            0.11390021901708239,
            0.10690320281041985,
            0.10097113846357851,
            0.09607474600064556,
            0.09215776638278823,
            0.08915908022569102,
            0.08704032739897626,
            0.08581221589302857,
            0.0855510500407576,
            0.08639773326510315,
            0.08853498750764391,
            0.0921442497377868,
            0.09735001739065914,
            0.10416394409423316,
            0.11244173134251352
        ]
    },
    "CPU_time": {
        "derivatives": 0.20250701904296875,
        "buildingVn": 33.12003993988037,
        "assembling_C": 0,