{
    "geometry1": "new_broken_cubic",
    "geometry2": "large",
    "ope": "b2p_tang_ipp",
    "lc": 0.015,
    "dimP": 2,
    "dimQ": 2,
    "N": 31,
    "f0": 1000,
    "BSP": true,
    "frequencies": [
        80,
        100,
        120,
        140,
        160,
        180,
        200,
        220,
        240,
        260,
        280,
        300,
        320,
        340,
        360,
        380,
        400,
        420,
        440,
        460,
        480,
        500,
        520,
        540,
        560,
        580,
        600,
        620,
        640,
        660,
        680,
        700,
        720,
        740,
        760,
        780,
        800,
        820,
        840,
        860,
        880,
        900,
        920,
        940,
        960,
        980,
        1000,
        1020,
        1040,
        1060,
        1080,
        1100,
        1120,
        1140,
        1160,
        1180,
        1200,
        1220,
        1240,
        1260,
        1280,
        1300,
        1320,
        1340,
        1360,
        1380,
        1400,
        1420,
        1440,
        1460,
        1480,
        1500,
        1520,
        1540,
        1560,
        1580,
        1600,
        1620,
        1640,
        1660,
        1680,
        1700,
        1720,
        1740,
        1760,
        1780,
        1800,
        1820,
        1840,
        1860,
        1880,
        1900,
        1920,
        1940,
        1960,
        1980,
        2000
    ],
    "Z_center": {
        "real": [
            0.0006249706840873174,
            -0.0022225653017234346,
            0.0014455277890400586,
            0.018151914232319457,
            0.03203737752647954,
            0.045934081457326456,
            0.06013984107851873,
            0.0749094002248515,
            0.09059229059016098,
            0.10747112714607561,
            0.12568605819957304,
            0.14522330619976898,
            0.16593010413922268,
            0.1875473675548266,
            0.2097606125186021,
            0.23226305585454407,
            0.2548156617244409,
            0.27728682036440017,
            0.299661667399283,
            0.3220227904912966,
            0.3445130137895181,
            0.36729335946553326,
            0.3905063051204188,
            0.4142495632878466,
            0.4385616388987526,
            0.4634183813840626,
            0.48873917297892594,
            0.51440121131201,
            0.5402596993821057,
            0.5661705599185373,
            0.5920112444478267,
            0.6176952389989516,
            0.6431773651337255,
            0.6684494395483037,
            0.6935282590004486,
            0.7184393463235369,
            0.7432001537862987,
            0.767805758264475,
            0.7922190137644325,
            0.8163660826234465,
            0.840137462861535,
            0.8633940855791746,
            0.8859776789527649,
            0.9077242591219982,
            0.9284792307729529,
            0.9481121860548561,
            0.9665292349437303,
            0.983680808551667,
            0.9995635021037489,
            1.0142156096027246,
            1.0277072606618978,
            1.040127113710753,
            1.0515680917773613,
            1.0621145852960328,
            1.0718330147918453,
            1.0807668683741853,
            1.0889365106720115,
            1.096343326428368,
            1.1029771627941116,
            1.108825587551897,
            1.1138832176782354,
            1.118159351605043,
            1.1216824151124285,
            1.1245003080423654,
            1.1266765299883699,
            1.1282827979644443,
            1.1293895486273242,
            1.1300560839072966,
            1.130322103524912,
            1.1302020013909175,
            1.1296826939835023,
            1.1287250559439177,
            1.1272684417869707,
            1.1252374335421795,
            1.122549941755425,
            1.1191260026228402,
            1.114896790569164,
            1.109813227583196,
            1.103853099085456,
            1.0970251664458976,
            1.0893689907127844,
            1.0809503613174796,
            1.0718540011403401,
            1.0621766778764874,
            1.0520240803419396,
            1.0415135017755213,
            1.0307819736883002,
            1.0199969803089397,
            1.0093652469017043,
            0.9991349463420068,
            0.9895880392592953,
            0.9810218388793495,
            0.9737214489595978,
            0.9679266871885326,
            0.9637980676771633,
            0.9613864436076032,
            0.9606104083780342
        ],
        "imag": [
            0.1167671109574773,
            0.15403309212418465,
            0.18005172654989374,
            0.213453197435513,
            0.24637261206042643,
            0.2767448646477491,
            0.30555150009228266,
            0.3334734954755242,
            0.36076975966032093,
            0.3873921993732119,
            0.4131287044133356,
            0.43770973231128185,
            0.4608846940309422,
            0.48248048435130153,
            0.5024410228115881,
            0.5208389661785088,
            0.5378547261579492,
            0.5537291226761701,
            0.5687056669057465,
            0.5829802242728307,
            0.5966697838215337,
            0.6098032034196975,
            0.6223300616931979,
            0.634141036551428,
            0.6450936538765291,
            0.6550388837099697,
            0.6638453896658959,
            0.6714187453630054,
            0.6777130477247585,
            0.6827329394860132,
            0.6865256470950775,
            0.68916495981554,
            0.6907311412102828,
            0.6912916019957897,
            0.6908864714261572,
            0.6895214563148289,
            0.6871683998170798,
            0.6837724134052424,
            0.6792636162459178,
            0.6735712892619906,
            0.666638393479802,
            0.6584346804381663,
            0.6489668964303684,
            0.63828482818645,
            0.6264822344814098,
            0.6136921872539042,
            0.6000770935647683,
            0.585814621744648,
            0.5710816628531055,
            0.556038985830097,
            0.540819150745993,
            0.5255195274293721,
            0.510201163841706,
            0.494893103784277,
            0.4796008534731173,
            0.4643171767519024,
            0.4490332506324571,
            0.433748353645856,
            0.4184766054724989,
            0.40324977825523045,
            0.3881158313292466,
            0.3731335380286426,
            0.3583642807532665,
            0.3438626442192222,
            0.3296676888189902,
            0.315796649948194,
            0.30224230545224756,
            0.28897450640694283,
            0.27594555943607424,
            0.2630984654027294,
            0.2503766003646862,
            0.2377333441349573,
            0.22514040951950542,
            0.2125940895771229,
            0.20011911438896463,
            0.18777006758575315,
            0.17563026657533568,
            0.16380783989842376,
            0.15242883933768805,
            0.14162791244200526,
            0.13153818540685572,
            0.12228289830121682,
            0.11397121227711264,
            0.10669917893330919,
            0.10055461972340479,
            0.09562263492421662,
            0.09198762124037554,
            0.0897284555386275,
            0.08890564042803531,
            0.0895419289815217,
            0.091600298866701,
            0.09496437258847282,
            0.09942619209971905,
            0.10468490372764694,
            0.11035800675908297,
            0.11600500543121763,
            0.12116193505658773
        ]
    },
    "CPU_time": {
        "derivatives": 0.22607994079589844,
        "buildingVn": 32.32715702056885,
        "assembling_C": 0,