{
    "geometry1": "new_broken_cubic",
    "geometry2": "large",
    "ope": "b2p_tang_ipp",
    "lc": 0.015,
    "dimP": 2,
    "dimQ": 2,
    "N": 20,
    "f0": 1000,
    "BSP": true,
    "frequencies": [
        80,
        100,
        120,
        140,
        160,
        180,
        200,
        220,
        240,
        260,
        280,
        300,
        320,
        340,
        360,
        380,
        400,
        420,
        440,
        460,
        480,
        500,
        520,
        540,
        560,
        580,
        600,
        620,
        640,
        660,
        680,
        700,
        720,
        740,
        760,
        780,
        800,
        820,
        840,
        860,
        880,
        900,
        920,
        940,
        960,
        980,
        1000,
        1020,
        1040,
        1060,
        1080,
        1100,
        1120,
        1140,
        1160,
        1180,
        1200,
        1220,
        1240,
        1260,
        1280,
        1300,
        1320,
        1340,
        1360,
        1380,
        1400,
        1420,
        1440,
        1460,
        1480,
        1500,
        1520,
        1540,
        1560,
        1580,
        1600,
        1620,
        1640,
        1660,
        1680,
        1700,
        1720,
        1740,
        1760,
        1780,
        1800,
        1820,
        1840,
        1860,
        1880,
        1900,
        1920,
        1940,
        1960,
        1980,
        2000
    ],
    "Z_center": {
        "real": [
            0.007537518846451158,
            0.009539154420722664,
            0.012740397664207743,
            0.01730142666605045,
            0.023703982218420357,
            0.033118733989955365,
            0.047296644662074956,
            0.06725956359766411,
            0.0914497710185563,
            0.11639219828262488,
            0.13957000270533457,
            0.160485019273679,
            0.17972944705890187,
            0.1980808714171403,
            0.2161672330506285,
            0.2344290029446088,
            0.2531605957174058,
            0.2725556880762865,
            0.2927415607108252,
            0.3138028699631389,
            0.33579662710152747,
            0.3587589365472787,
            0.3827033384965974,
            0.407611188688855,
            0.4334165213236708,
            0.45999087163674157,
            0.4871362308244911,
            0.5145943497880581,
            0.5420759800227806,
            0.5693049899561704,
            0.5960640821444699,
            0.6222266898863069,
            0.64776540776355,
            0.6727371497606974,
            0.6972530440318103,
            0.7214434860583,
            0.7454265708757709,
            0.7692841700301268,
            0.7930466172731367,
            0.8166852852333041,
            0.8401120865653515,
            0.863185398708922,
            0.8857223076681021,
            0.907516833285566,
            0.9283627890749742,
            0.9480784795113083,
            0.9665292349435066,
            0.9836435298743176,
            0.9994194446740262,
            1.0139202555497513,
            1.0272602743569128,
            1.0395839474390092,
            1.0510421942349677,
            1.0617699791214061,
            1.071868429714005,
            1.0813937884540645,
            1.0903543549200407,
            1.0987154266324144,
            1.1064110691591322,
            1.113360384102624,
            1.1194849998892804,
            1.1247241386558304,
            1.1290441351833578,
            1.1324407256386608,
            1.1349343644085168,
            1.1365605459271457,
            1.1373579796025985,
            1.1373573310910698,
            1.136572477778181,
            1.1349954590241886,
            1.1325959926550462,
            1.1293265754492756,
            1.125134303529219,
            1.1199799366717393,
            1.1138629152069233,
            1.1068482272686282,
            1.099088287980357,
            1.0908318975833897,
            1.0824140540083216,
            1.0742247474531414,
            1.0666602300653265,
            1.0600644529770125,
            1.0546700279712904,
            1.0505473790454622,
            1.047569015359559,
            1.0453944270787883,
            1.0434803870429519,
            1.0411206165531277,
            1.0375162723691158,
            1.0318732689605614,
            1.0235143856342184,
            1.0119861060011959,
            0.9971365589660492,
            0.979145352588812,
            0.9584983904162151,
            0.9359162369033497,
            0.9122564820268081
        ],
        "imag": [
            0.11647293825386879,
            0.1457405326832703,
            0.1760146722491658,
            0.20778356460042138,
            0.2414340028567398,
            0.2770049999592684,
            0.31349248048088485,
            0.3481830422347122,
            0.3779131052481326,
            0.40181636548004085,
            0.4215993730581304,
            0.4394396572253669,
            0.4567179649061817,
            0.474030108109151,
            0.4915292917655246,
            0.5091697113926994,
            0.5268283518886552,
            0.54435834216476,
            0.5616100728222012,
            0.5784369276613022,
            0.594692846404203,
            0.6102255804492956,
            0.6248691327685552,
            0.6384395859013765,
            0.6507389986727525,
            0.6615710323090356,
            0.670768434876316,
            0.6782266731072193,
            0.6839323192500519,
            0.6879734167331407,
            0.6905246264771008,
            0.6918103548651953,
            0.6920580546181518,
            0.6914562125012448,
            0.6901270670330091,
            0.6881169208791067,
            0.6854012865374399,
            0.6818997770615084,
            0.6774960120178578,
            0.6720593368012738,
            0.6654665614347539,
            0.6576225503232552,
            0.6484782828598775,
            0.6380443602323449,
            0.6263975023000283,
            0.6136779510744097,
            0.6000770935646653,
            0.5858167129650079,
            0.5711233271842274,
            0.5562022893897531,
            0.5412162844211414,
            0.526271675095611,
            0.5114143487194602,
            0.49663488330478706,
            0.4818814039284667,
            0.4670775631353715,
            0.45214258929683127,
            0.4370101986558098,
            0.4216433454550431,
            0.4060423894370702,
            0.3902454024532017,
            0.3743209589710849,
            0.358355503464561,
            0.3424386725382229,
            0.326650242360638,
            0.31105155142663904,
            0.2956827280722172,
            0.28056554800488115,
            0.26571084029085595,
            0.25112916181239986,
            0.23684359456813678,
            0.22290340628080021,
            0.2093965672043712,
            0.1964578656787265,
            0.18426833858557687,
            0.17304198188412573,
            0.16299799666945647,
            0.15432095323367898,
            0.1471157993519282,
            0.14136756313464174,
            0.13691547624352854,
            0.13344820610987285,
            0.13052250938148613,
            0.12760378236942838,
            0.12412465899231023,
            0.1195566316201895,
            0.11348846269665931,
            0.10570290548926452,
            0.09624005072738333,
            0.08543307558767306,
            0.07390297411449867,
            0.06250522776944428,
            0.05223306995800563,
            0.044095169467589006,
            0.038994192463293074,
            0.03763223296026679,
            0.040459603420391024
        ]
    },
    "CPU_time": {
        "derivatives": 0.19516897201538086,
        "buildingVn": 29.360543966293335,
        "assembling_C": 0,