{
    "geometry1": "new_broken_cubic",
    "geometry2": "small",
    "ope": "b2p_tang_ipp",
    "lc": 0.015,
    "dimP": 2,
    "dimQ": 2,
    "N": 73,
    "f0": 1000,
    "BSP": true,
    "frequencies": [
        80,
        100,
        120,
        140,
        160,
        180,
        200,
        220,
        240,
        260,
        280,
        300,
        320,
        340,
        360,
        380,
        400,
        420,
        440,
        460,
        480,
        500,
        520,
        540,
        560,
        580,
        600,
        620,
        640,
        660,
        680,
        700,
        720,
        740,
        760,
        780,
        800,
        820,
        840,
        860,
        880,
        900,
        920,
        940,
        960,
        980,
        1000,
        1020,
        1040,
        1060,
        1080,
        1100,
        1120,
        1140,
        1160,
        1180,
        1200,
        1220,
        1240,
        1260,
        1280,
        1300,
        1320,
        1340,
        1360,
        1380,
        1400,
        1420,
        1440,
        1460,
        1480,
        1500,
        1520,
        1540,
        1560,
        1580,
        1600,
        1620,
        1640,
        1660,
        1680,
        1700,
        1720,
        1740,
        1760,
        1780,
        1800,
        1820,
        1840,
        1860,
        1880,
        1900,
        1920,
        1940,
        1960,
        1980,
        2000
    ],
    "Z_center": {
        "real": [
            0.013922806997151274,
            0.021178704771548325,
            0.029732345596244453,
            0.03939250835973177,
            0.04998713111698491,
            0.06136790311465635,
            0.07341177528197299,
            0.08602220602216103,
            0.09912845257199158,
            0.11268318101157251,
            0.12665914834737113,
            0.14104558101296844,
            0.15584465867011613,
            0.17106833197760007,
            0.18673557430302676,
            0.2028700837987237,
            0.21949840341797563,
            0.23664840216001623,
            0.25434805269390437,
            0.27262444206318937,
            0.2915029589189683,
            0.31100660967066684,
            0.33115542534418246,
            0.35196592979760655,
            0.3734506478794203,
            0.3956176389812522,
            0.4184700472962936,
            0.44200566507203715,
            0.46621650936618303,
            0.491088416402953,
            0.5166006606602296,
            0.5427256083536892,
            0.5694284170268304,
            0.5966667944898044,
            0.6243908313402465,
            0.6525429216762454,
            0.6810577863268695,
            0.7098626119122251,
            0.7388773172745323,
            0.7680149562669182,
            0.7971822625923575,
            0.8262803384046508,
            0.8552054838502251,
            0.883850159806007,
            0.9121040709770436,
            0.9398553515094471,
            0.9669918306221635,
            0.993402351747754,
            1.018978115554451,
            1.0436140152189086,
            1.0672099315961312,
            1.0896719565717023,
            1.1109135148780267,
            1.1308563579288378,
            1.1494314075970393,
            1.1665794330901407,
            1.1822515498741406,
            1.1964095356435647,
            1.2090259643065364,
            1.220084164556868,
            1.229578014579823,
            1.2375115885841748,
            1.2438986740447944,
            1.2487621807048095,
            1.2521334635376993,
            1.2540515820592948,
            1.2545625177219604,
            1.2537183697508594,
            1.2515765478589562,
            1.2481989779608238,
            1.243651334459256,
            1.2380023100396444,
            1.2313229313050733,
            1.2236859261150677,
            1.2151651462293505,
            1.2058350468568961,
            1.195770222997198,
            1.1850450010470575,
            1.1737330830274566,
            1.161907239944558,
            1.1496390502122376,
            1.136998678702375,
            1.1240546918192336,
            1.1108739039870348,
            1.0975212510588208,
            1.0840596863773515,
            1.0705500955133733,
            1.057051226054541,
            1.0436196291987294,
            1.0303096103032865,
            1.0171731859439832,
            1.0042600454338406,
            0.9916175151375315,
            0.9792905242810795,
            0.9673215713013178,
            0.9557506900982653,
            0.9446154158449027
        ],
        "imag": [
            0.12412543612438104,
            0.15350936819014774,
            0.18200732714583828,
            0.20956952584560096,
            0.23619354778012053,
            0.26190520296491965,
            0.2867508493370622,
            0.3107903310257976,
            0.334090020012309,
            0.3567169309831136,
            0.37873429671463604,
            0.40019856031949724,
            0.42115755472800165,
            0.44164959034775597,
            0.46170318806927974,
            0.48133723836399134,
            0.5005614178278407,
            0.5193767419279847,
            0.5377761724787581,
            0.5557452293949785,
            0.573262579159871,
            0.5903005885169298,
            0.6068258426743337,
            0.6227996341447335,
            0.638178432370257,
            0.652914346344586,
            0.6669555931563049,
            0.6802469851560025,
            0.6927304475453094,
            0.7043455767885605,
            0.7150302484138449,
            0.7247212805779648,
            0.7333551572374055,
            0.7408688119201821,
            0.7472004699814743,
            0.7522905438895809,
            0.7560825726268455,
            0.7585241927954268,
            0.7595681256427311,
            0.7591731611088063,
            0.7573051173461722,
            0.7539377521336745,
            0.749053601387982,
            0.7426447197216364,
            0.7347132988125843,
            0.7252721413114805,
            0.7143449710990739,
            0.7019665648628565,
            0.6881826950184301,
            0.6730498797510323,
            0.6566349421167262,
            0.6390143864007007,
            0.6202736059534776,
            0.6005059421908842,
            0.5798116190570524,
            0.5582965807819482,
            0.5360712630519401,
            0.5132493286793675,
            0.48994639850954963,
            0.4662788067386814,
            0.44236240718038433,
            0.41831145353646965,
            0.39423757263028975,
            0.3702488451105723,
            0.3464490035791842,
            0.32293675365579566,
            0.29980521936492394,
            0.27714151055667446,
            0.2550264069577879,
            0.23353415094759802,
            0.21273233928095175,
            0.19268190271946506,
            0.17343716183501423,
            0.15504594705003766,
            0.13754977120094694,
            0.12098404347273203,
            0.10537831436764074,
            0.09075654236780346,
            0.0771373740579744,
            0.06453443062742878,
            0.05295659482999579,
            0.042408293595925,
            0.03288977254233813,
            0.02439735959102342,
            0.01692371576790645,
            0.010458072014908682,
            0.004986451497873086,
            0.000491877440458405,
            -0.003045433036549506,
            -0.0056478882333553,
            -0.007340353235014518,
            -0.008149992009184157,
            -0.008106118789283507,
            -0.007240057219379584,
            -0.0055850057071485755,
            -0.0031759074473992747,
            -4.932362934131416e-05
        ]
    },
    "CPU_time": {
        "derivatives": 0.0731198787689209,
        "buildingVn": 8.946611881256104,