{
    "geometry1": "new_broken_cubic",
    "geometry2": "small",
    "ope": "b2p_tang_ipp",
    "lc": 0.015,
    "dimP": 2,
    "dimQ": 2,
    "N": 46,
    "f0": 1000,
    "BSP": true,
    "frequencies": [
        80,
        100,
        120,
        140,
        160,
        180,
        200,
        220,
        240,
        260,
        280,
        300,
        320,
        340,
        360,
        380,
        400,
        420,
        440,
        460,
        480,
        500,
        520,
        540,
        560,
        580,
        600,
        620,
        640,
        660,
        680,
        700,
        720,
        740,
        760,
        780,
        800,
        820,
        840,
        860,
        880,
        900,
        920,
        940,
        960,
        980,
        1000,
        1020,
        1040,
        1060,
        1080,
        1100,
        1120,
        1140,
        1160,
        1180,
        1200,
        1220,
        1240,
        1260,
        1280,
        1300,
        1320,
        1340,
        1360,
        1380,
        1400,
        1420,
        1440,
        1460,
        1480,
        1500,
        1520,
        1540,
        1560,
        1580,
        1600,
        1620,
        1640,
        1660,
        1680,
        1700,
        1720,
        1740,
        1760,
        1780,
        1800,
        1820,
        1840,
        1860,
        1880,
        1900,
        1920,
        1940,
        1960,
        1980,
        2000
    ],
    "Z_center": {
        "real": [
            0.013235233666242142,
            0.020449226748368684,
            0.02900123694755097,
            0.03872038226676168,
            0.0494257293227479,
            0.06094683794146397,
            0.07313835200156354,
            0.08588664892088185,
            0.09911026386838341,
            0.11275673999804933,
            0.12679794770556485,
            0.1412250776036698,
            0.15604393068170608,
            0.17127079849041793,
            0.18692903924072432,
            0.20304634372343122,
            0.2196526189699751,
            0.2367783850054992,
            0.2544535718418711,
            0.27270661143055464,
            0.29156373516373635,
            0.31104840617078106,
            0.33118083366946766,
            0.3519775323068878,
            0.3734509022153182,
            0.39560881553398386,
            0.4184542028371087,
            0.44198463875128335,
            0.4661919305060859,
            0.4910617165948352,
            0.5165730853960053,
            0.5426982256772894,
            0.5694021224597092,
            0.5966423127821158,
            0.6243687164586885,
            0.6525235569113753,
            0.6810413865365131,
            0.7098492297688149,
            0.7388668550041501,
            0.7680071838196975,
            0.7971768425214376,
            0.8262768570185447,
            0.8552034874991548,
            0.8838491945299292,
            0.9121037232337696,
            0.9398552873609624,
            0.9669918306221154,
            0.9934023388591761,
            1.01897817373667,
            1.0436143968371014,
            1.0672110524913865,
            1.0896743784306455,
            1.1109179154021567,
            1.1308634901507362,
            1.149442050463315,
            1.1665943360647224,
            1.182271374766646,
            1.196434799098649,
            1.209056984395415,
            1.2201210146895287,
            1.229620487533135,
            1.2375591728526798,
            1.2439505440126455,
            1.2488172013654357,
            1.2521902097003141,
            1.2541083712329844,
            1.2546174551977327,
            1.2537694038460165,
            1.2516215328677607,
            1.2482357420837222,
            1.243677749860998,
            1.2380163622090468,
            1.2313227850402644,
            1.223669985718767,
            1.2151321078472952,
            1.2057839413034064,
            1.19570044786102,
            1.1849563413362127,
            1.1736257200711735,
            1.161781748706441,
            1.1494963855671483,
            1.1368401515769917,
            1.1238819363875654,
            1.1106888373367452,
            1.097326026906266,
            1.0838566445036022,
            1.0703417086243276,
            1.0568400457403164,
            1.0434082325848946,
            1.030100548857067,
            1.0169689377296753,
            1.0040629719115004,
            0.9914298233757839,
            0.9791142352193309,
            0.9671584944546525,
            0.9556024048602788,
            0.9444832593175597
        ],
        "imag": [
            0.12335824594896516,
            0.15291285741878616,
            0.18163441087466842,
            0.20942649578418013,
            0.23624567259408713,
            0.26209776185297273,
            0.28702616140809223,
            0.31109774355824266,
            0.33439032317732575,
            0.3569832084514641,
            0.3789507991570244,
            0.40035865219661754,
            0.4212613825330696,
            0.441701857869167,
            0.46171125056995516,
            0.4813096071957009,
            0.5005066843429644,
            0.5193028778031065,
            0.5376901371237475,
            0.5556528075653001,
            0.5731683766331493,
            0.5902081250612643,
            0.6067376952936671,
            0.6227175970369009,
            0.6381036717074783,
            0.6528475373117995,
            0.6668970336191291,
            0.6801966851377602,
            0.6926881967497422,
            0.7043109940918204,
            0.7150028179309896,
            0.7247003788770026,
            0.7333400757638076,
            0.7408587778956458,
            0.7471946680894059,
            0.7522881400633283,
            0.7560827402984015,
            0.7585261411071236,
            0.7595711284127472,
            0.7591765848247903,
            0.7573084461476639,
            0.7539406076587089,
            0.7490557554955692,
            0.7426460984474607,
            0.7347139764440743,
            0.7252723241306736,
            0.714344971099008,
            0.7019667645176857,
            0.6881835049272089,
            0.6730516916119302,
            0.6566380799647648,
            0.639019059318706,
            0.6202798655118144,
            0.6005136476803073,
            0.5798204131641667,
            0.5583058777457492,
            0.5360802505830736,
            0.5132569840758932,
            0.4899515185313362,
            0.4662800499643916,
            0.4423583468313606,
            0.4183006381508327,
            0.39421859154735617,
            0.3702203954969214,
            0.3464099556953758,
            0.3228862112197458,
            0.2997425721897966,
            0.2770664770963794,
            0.2549390649472808,
            0.23343495493758437,
            0.2126221245009456,
            0.19256187532338961,
            0.17330887615966015,
            0.15491127102515673,
            0.1374108414740206,
            0.12084321213613382,
            0.10523808940168207,
            0.09061952403646217,
            0.07700618951829949,
            0.06441166895417505,
            0.052844744513778366,
            0.042309684369731856,
            0.03280652313374499,
            0.024331332703266137,
            0.01687648127426248,
            0.010430879022944834,
            0.004980209611766764,
            0.0005071472350325454,
            -0.0030084406096371535,
            -0.005589304050366796,
            -0.007260634585410134,
            -0.00804990051633632,
            -0.007986692762930922,
            -0.007102579629778291,
            -0.005430969019245084,
            -0.0030069765553844747,
            0.00013270190823156763
        ]
    },
    "CPU_time": {
        "derivatives": 0.07464289665222168,
        "buildingVn": 5.7124879360198975,