{
    "geometry1": "new_broken_cubic",
    "geometry2": "large",
    "ope": "b2p_tang_ipp",
    "lc": 0.015,
    "dimP": 2,
    "dimQ": 2,
    "N": 42,
    "f0": 1000,
    "BSP": true,
    "frequencies": [
        80,
        100,
        120,
        140,
        160,
        180,
        200,
        220,
        240,
        260,
        280,
        300,
        320,
        340,
        360,
        380,
        400,
        420,
        440,
        460,
        480,
        500,
        520,
        540,
        560,
        580,
        600,
        620,
        640,
        660,
        680,
        700,
        720,
        740,
        760,
        780,
        800,
        820,
        840,
        860,
        880,
        900,
        920,
        940,
        960,
        980,
        1000,
        1020,
        1040,
        1060,
        1080,
        1100,
        1120,
        1140,
        1160,
        1180,
        1200,
        1220,
        1240,
        1260,
        1280,
        1300,
        1320,
        1340,
        1360,
        1380,
        1400,
        1420,
        1440,
        1460,
        1480,
        1500,
        1520,
        1540,
        1560,
        1580,
        1600,
        1620,
        1640,
        1660,
        1680,
        1700,
        1720,
        1740,
        1760,
        1780,
        1800,
        1820,
        1840,
        1860,
        1880,
        1900,
        1920,
        1940,
        1960,
        1980,
        2000
    ],
    "Z_center": {
        "real": [
            0.01070200437743628,
            0.014359541357451603,
            0.019388070901566433,
            0.026148279733173237,
            0.03483940619960639,
            0.04553574128520851,
            0.058201622776111725,
            0.07271923000692992,
            0.08892325841962533,
            0.10662687835725476,
            0.1256315001166204,
            0.14572494758740726,
            0.16667923560881376,
            0.18825757137830504,
            0.2102332889043197,
            0.23241589142685642,
            0.2546750344532474,
            0.27695387001349325,
            0.29926758187311464,
            0.32168834069546026,
            0.344321663283721,
            0.3672802517166125,
            0.3906604087566632,
            0.4145243085446823,
            0.4388897193774009,
            0.4637275714447049,
            0.48896690789843567,
            0.5145059869601274,
            0.5402274925539755,
            0.5660150821028214,
            0.5917681720885033,
            0.6174121912750381,
            0.6429025477047662,
            0.668221967806704,
            0.6933722360803022,
            0.7183623210994905,
            0.7431952717391418,
            0.7678561737455054,
            0.792303040538194,
            0.8164619282483192,
            0.8402269130555626,
            0.8634649094237012,
            0.886024695743031,
            0.9077490044278186,
            0.9284881649822095,
            0.9481135756808674,
            0.966529234942686,
            0.9836797252532358,
            0.9995534617651003,
            1.0141807004702599,
            1.0276266514584453,
            1.039980869959577,
            1.0513446897087582,
            1.0618186789999533,
            1.0714919181194857,
            1.080434399576249,
            1.0886931749487765,
            1.0962921601725977,
            1.1032348995040626,
            1.1095091961387806,
            1.11509242448803,
            1.1199565542846535,
            1.124072342825715,
            1.1274126185447144,
            1.12995489979162,
            1.1316836781791508,
            1.1325925736848657,
            1.1326863658598476,
            1.1319827404528144,
            1.130513517667492,
            1.1283251212438228,
            1.1254780555451014,
            1.1220451735328612,
            1.1181085803626876,
            1.1137551703645123,
            1.109071031256298,
            1.1041351789614156,
            1.0990132080948245,
            1.0937514305557092,
            1.0883720181271077,
            1.082869710376157,
            1.0772108358626533,
            1.07133556459083,
            1.06516416200449,
            1.0586073596189183,
            1.0515798786900274,
            1.0440150753412754,
            1.0358782012596377,
            1.0271761979464085,
            1.0179631674924767,
            1.0083420504374203,
            0.9984638706537977,
            0.9885257115077899,
            0.9787675071523575,
            0.9694664335445381,
            0.96092696342784,
            0.9534650097835213
        ],
        "imag": [
            0.1197091501308237,
            0.14935281866515582,
            0.17991326903486796,
            0.21098334286827078,
            0.242185989716784,
            0.2731502383255348,
            0.3035327680801384,
            0.33304392817247175,
            0.3614567760289251,
            0.38859880022265003,
            0.41433866059030916,
            0.43858041798521546,
            0.4612694183368211,
            0.4824048147295385,
            0.502048923558795,
            0.5203248626989514,
            0.5373995677383014,
            0.5534558546354377,
            0.5686613458805473,
            0.5831423315966584,
            0.5969678573948142,
            0.6101456109762765,
            0.6226282442316375,
            0.6343272592071817,
            0.645131215280671,
            0.6549251932948812,
            0.6636087331201229,
            0.6711097703092241,
            0.6773925849006994,
            0.682458648738484,
            0.6863405209382443,
            0.6890903285283153,
            0.6907654530572599,
            0.6914144689059383,
            0.6910660567888929,
            0.6897227461530002,
            0.6873602557553394,
            0.6839321971114712,
            0.6793791319487017,
            0.6736404657356091,
            0.6666673936496385,
            0.65843507226773,
            0.6489523533793398,
            0.6382677553123793,
            0.6264708148295831,
            0.6136885147844405,
            0.600077093562777,
            0.5858101832864678,
            0.5710648196639946,
            0.5560072800875323,
            0.5407807894739466,
            0.5254968115377895,
            0.5102309732561513,
            0.4950238211608317,
            0.479885786897163,
            0.4648051165949441,
            0.44975719107909123,
            0.43471366013135176,
            0.41965010707832684,
            0.40455147421989057,
            0.3894150873059762,
            0.374251649292616,
            0.35908487879047685,
            0.34395047397513606,
            0.3288948458982079,
            0.31397374394562205,
            0.29925065214628543,
            0.28479475713854313,
            0.27067834705158006,
            0.2569736184934709,
            0.24374897084910177,
            0.2310649505558132,
            0.2189701065953998,
            0.20749714842903663,
            0.19665991417219422,
            0.18645168839008458,
            0.17684528746283487,
            0.16779511809792322,
            0.15924122034896382,
            0.15111521758560997,
            0.14334808075784816,
            0.13587948924436258,
            0.12866816910300732,
            0.12170194646003193,
            0.11500567143770547,
            0.10864506905780134,
            0.10272523785423925,
            0.09738378817670403,
            0.09277999159726757,
            0.08908207897705417,
            0.08645462383242174,
            0.08504686932308293,
            0.08498157203285066,
            0.08634322254489879,
            0.08916483626589831,
            0.09341376362842704,
            0.0989784728822636
        ]
    },
    "CPU_time": {
        "derivatives": 0.19646286964416504,
        "buildingVn": 35.800604820251465,
        "assembling_C": 0,