{
    "geometry1": "new_broken_cubic",
    "geometry2": "large",
    "ope": "b2p_tang_ipp",
    "lc": 0.015,
    "dimP": 2,
    "dimQ": 2,
    "N": 55,
    "f0": 1000,
    "BSP": true,
    "frequencies": [
        80,
        100,
        120,
        140,
        160,
        180,
        200,
        220,
        240,
        260,
        280,
        300,
        320,
        340,
        360,
        380,
        400,
        420,
        440,
        460,
        480,
        500,
        520,
        540,
        560,
        580,
        600,
        620,
        640,
        660,
        680,
        700,
        720,
        740,
        760,
        780,
        800,
        820,
        840,
        860,
        880,
        900,
        920,
        940,
        960,
        980,
        1000,
        1020,
        1040,
        1060,
        1080,
        1100,
        1120,
        1140,
        1160,
        1180,
        1200,
        1220,
        1240,
        1260,
        1280,
        1300,
        1320,
        1340,
        1360,
        1380,
        1400,
        1420,
        1440,
        1460,
        1480,
        1500,
        1520,
        1540,
        1560,
        1580,
        1600,
        1620,
        1640,
        1660,
        1680,
        1700,
        1720,
        1740,
        1760,
        1780,
        1800,
        1820,
        1840,
        1860,
        1880,
        1900,
        1920,
        1940,
        1960,
        1980,
        2000
    ],
    "Z_center": {
        "real": [
            0.011761341117240332,
            0.015602943992433298,
            0.02061768193350419,
            0.026995965876162258,
            0.03502611829658305,
            0.04496236624584875,
            0.05696936733421839,
            0.0710922672154114,
            0.08724479119589683,
            0.10522177147205666,
            0.12472533240563527,
            0.14540325919307537,
            0.16688906267062506,
            0.18884508136306227,
            0.21099851936827455,
            0.23316703901153218,
            0.2552682525303841,
            0.2773118701646217,
            0.29937850775430214,
            0.3215909550249666,
            0.34408441802784523,
            0.36698046571095916,
            0.39036759754203054,
            0.4142894425055772,
            0.4387405911930152,
            0.46366947957461113,
            0.4889872995954207,
            0.5145813280463329,
            0.540330632265048,
            0.5661215215959158,
            0.5918601628322117,
            0.6174802956011032,
            0.6429449345865781,
            0.6682422553756863,
            0.6933767881599291,
            0.7183578344823761,
            0.7431871426047248,
            0.7678478068156395,
            0.7922959572089732,
            0.8164563588146447,
            0.8402225154937147,
            0.8634613301420093,
            0.8860218268382127,
            0.9077469493020881,
            0.9284870284941036,
            0.9481132376526197,
            0.9665292349454487,
            0.9836793215573064,
            0.9995518618440182,
            1.0141774179193779,
            1.027621928092783,
            1.0399761007268122,
            1.0513427827918433,
            1.0618242699313316,
            1.0715113189964496,
            1.0804751679674292,
            1.0887631684933616,
            1.0963980536510796,
            1.103380262051237,
            1.109692436154525,
            1.115305105351344,
            1.1201826829708783,
            1.1242891867084572,
            1.1275933175326278,
            1.1300727506002908,
            1.1317174220089545,
            1.1325316206284364,
            1.1325346477649745,
            1.1317598865404657,
            1.1302523782468026,
            1.12806530741051,
            1.1252559354451788,
            1.1218816885354523,
            1.1179970245573805,
            1.113651571825472,
            1.108889516051973,
            1.103750292873937,
            1.0982702992410347,
            1.0924846139446827,
            1.0864287693093282,
            1.0801395999143892,
            1.0736551782068688,
            1.0670138072147222,
            1.0602524723659545,
            1.0534052789140216,
            1.0465024280392,
            1.0395701754844848,
            1.0326318189857748,
            1.0257097490886498,
            1.0188277073732899,
            1.0120129766664494,
            1.005297644660234,
            0.9987188509347935,
            0.9923180363327287,
            0.9861394606161629,
            0.9802285118890679,
            0.9746297160837173
        ],
        "imag": [
            0.11813289095028505,
            0.14821520700773055,
            0.17849926255181803,
            0.2091739232988104,
            0.24016041087906317,
            0.27123093020532363,
            0.30205555265990225,
            0.33224728489046634,
            0.3614157397561911,
            0.3892174334734151,
            0.41539062076385536,
            0.4397819485114269,
            0.4623549359574263,
            0.48318475461409743,
            0.5024372180114812,
            0.5203352558091283,
            0.5371193836981497,
            0.5530093680111934,
            0.5681746004314449,
            0.5827174719733338,
            0.5966695636582119,
            0.6099987290505322,
            0.6226235452090968,
            0.6344318644629042,
            0.6453005873000549,
            0.655114193487618,
            0.6637801523710242,
            0.6712393264791363,
            0.6774702178836923,
            0.6824866470494996,
            0.6863295722755051,
            0.689054869172914,
            0.6907195459014086,
            0.6913690148067263,
            0.6910276238085399,
            0.6896937880326299,
            0.6873402422023444,
            0.6839190493434435,
            0.679370492355699,
            0.6736344968827674,
            0.666663049096304,
            0.6584319476743651,
            0.6489503431118535,
            0.6382667332583555,
            0.6264704880114702,
            0.6136884883778075,
            0.6000770935816692,
            0.5858103341529579,
            0.5710658734827351,
            0.5560107212995481,
            0.5407887708045379,
            0.5255118976180853,
            0.5102556773959397,
            0.49505993067610665,
            0.4799335020625761,
            0.4648620810660959,
            0.4498175947439457,
            0.43476766502052633,
            0.419683934255038,
            0.4045484409377926,
            0.3893577403948816,
            0.3741248504370344,
            0.3588793638692878,
            0.343666081982263,
            0.3285424878972585,
            0.3135752311956377,
            0.2988358784727759,
            0.2843962657507989,
            0.2703239285629197,
            0.25667825721026033,
            0.24350782853874747,
            0.2308493388321563,
            0.21872815730597875,
            0.2071601370113414,
            0.19615435657941793,
            0.1857159794594241,
            0.17584881071522593,
            0.16655692859871465,
            0.1578452197905061,
            0.14971884396170732,
            0.14218196206211905,
            0.13523627525653492,
            0.12887983286255952,
            0.12310682818527112,
            0.11790821438707874,
            0.11327321942759928,
            0.10919138104735061,
            0.1056543580117064,
            0.10265707839029715,
            0.10019772835911515,
            0.09827654010550323,
            0.09689375131843782,
            0.09604714342108976,
            0.09572988389144103,
            0.09592875458622625,
            0.09662316820076533,
            0.09778432168999057
        ]
    },
    "CPU_time": {
        "derivatives": 0.1931760311126709,
        "buildingVn": 40.816752910614014,
        "assembling_C": 0,