{
    "geometry1": "new_broken_cubic",
    "geometry2": "small",
    "ope": "b2p_tang_ipp",
    "lc": 0.015,
    "dimP": 2,
    "dimQ": 2,
    "N": 51,
    "f0": 1000,
    "BSP": true,
    "frequencies": [
        80,
        100,
        120,
        140,
        160,
        180,
        200,
        220,
        240,
        260,
        280,
        300,
        320,
        340,
        360,
        380,
        400,
        420,
        440,
        460,
        480,
        500,
        520,
        540,
        560,
        580,
        600,
        620,
        640,
        660,
        680,
        700,
        720,
        740,
        760,
        780,
        800,
        820,
        840,
        860,
        880,
        900,
        920,
        940,
        960,
        980,
        1000,
        1020,
        1040,
        1060,
        1080,
        1100,
        1120,
        1140,
        1160,
        1180,
        1200,
        1220,
        1240,
        1260,
        1280,
        1300,
        1320,
        1340,
        1360,
        1380,
        1400,
        1420,
        1440,
        1460,
        1480,
        1500,
        1520,
        1540,
        1560,
        1580,
        1600,
        1620,
        1640,
        1660,
        1680,
        1700,
        1720,
        1740,
        1760,
        1780,
        1800,
        1820,
        1840,
        1860,
        1880,
        1900,
        1920,
        1940,
        1960,
        1980,
        2000
    ],
    "Z_center": {
        "real": [
            0.013814094766560557,
            0.020585066118947663,
            0.02873610326101703,
            0.03815001085718095,
            0.04865766781907622,
            0.060075318016209446,
            0.07223385427788054,
            0.08499654275941007,
            0.09826480792941035,
            0.11197553581590107,
            0.12609443189617836,
            0.14060876506399766,
            0.15552111948134728,
            0.17084457685932866,
            0.1865991850786716,
            0.2028094063170316,
            0.21950225453680489,
            0.23670590020917984,
            0.2544485866337951,
            0.27275775274470027,
            0.29165929217410164,
            0.3111769016381192,
            0.33133148728959316,
            0.3521406083611147,
            0.37361794503671725,
            0.39577278315786923,
            0.418609512804343,
            0.4421271413918169,
            0.46631882496544425,
            0.49117142397098085,
            0.5166650920294501,
            0.5427729081357358,
            0.569460564231304,
            0.5966861212108936,
            0.6243998470559896,
            0.6525441508599373,
            0.6810536259647618,
            0.7098552141973669,
            0.7388685012457357,
            0.7680061505468022,
            0.7971744796983462,
            0.8262741794464407,
            0.8552011708527693,
            0.8838475914996636,
            0.9121028967473856,
            0.9398550573704008,
            0.9669918306221074,
            0.9934020781683077,
            1.01897710162075,
            1.0436119647890052,
            1.0672067713779052,
            1.0896678677545628,
            1.1109089425669483,
            1.1308519983216117,
            1.149428174341559,
            1.1665784055947352,
            1.182253907435326,
            1.1964164820349168,
            1.2090386479057078,
            1.2201035991646139,
            1.2296050058251204,
            1.2375466702549838,
            1.2439420578933496,
            1.2488137223244555,
            1.2521926458659245,
            1.2541175170077992,
            1.2546339654314134,
            1.2537937740745477,
            1.2516540859331147,
            1.2482766211521588,
            1.243726917598332,
            1.2380736056580022,
            1.2313877255779904,
            1.223742093354534,
            1.2152107190465484,
            1.2058682794899063,
            1.1957896457527635,
            1.1850494643002087,
            1.173721789737667,
            1.161879766154886,
            1.1495953534805465,
            1.1369390948532319,
            1.1239799207903398,
            1.1107849858664127,
            1.0974195336622627,
            1.0839467858998189,
            1.0704278519007138,
            1.0569216547900067,
            1.0434848711829747,
            1.030171881435765,
            1.0170347278940302,
            1.0041230789303721,
            0.9914841969132319,
            0.9791629085938782,
            0.9672015767259574,
            0.955640072047417,
            0.9445157450484778
        ],
        "imag": [
            0.12204675638515218,
            0.15148407863381283,
            0.18027618379829358,
            0.20825644272489954,
            0.2353174217244214,
            0.26141808771446023,
            0.2865751356243885,
            0.3108451952022101,
            0.33430548653085884,
            0.35703832339552416,
            0.37912120761942775,
            0.40062171700423377,
            0.4215955594605108,
            0.4420863628911252,
            0.46212626160069015,
            0.48173676269079563,
            0.5009296461906692,
            0.5197077994316933,
            0.5380659571632574,
            0.5559913499160727,
            0.5734642750703095,
            0.5904586086845152,
            0.606942276369729,
            0.6228777004993603,
            0.6382222396764375,
            0.6529286349330878,
            0.6669454756763321,
            0.6802176968976903,
            0.6926871175814094,
            0.7042930285176149,
            0.7149728357997517,
            0.7246627641208955,
            0.7332986215534628,
            0.7408166248046143,
            0.7471542810046893,
            0.7522513189611679,
            0.7560506595849307,
            0.7584994119657074,
            0.7595498784970867,
            0.7591605496666617,
            0.757297066820846,
            0.7539331295503044,
            0.7490513234831363,
            0.7426438443557696,
            0.7347130953461775,
            0.7252721368472242,
            0.7143449710990029,
            0.7019666483092667,
            0.6881831858997554,
            0.6730512981149741,
            0.6566379391428129,
            0.6390196688298966,
            0.6202818557148192,
            0.6005177371619194,
            0.5798273605909472,
            0.5583164329657017,
            0.5360951076909056,
            0.5132767388151729,
            0.4899766319678267,
            0.4663108198662614,
            0.44239488766391505,
            0.418342870075688,
            0.3942662383311035,
            0.3702729908122125,
            0.34646685694895923,
            0.3229466197798733,
            0.2998055587089587,
            0.2771310105367056,
            0.25500404390099796,
            0.2334992398872987,
            0.2126845697706311,
            0.1926213596153167,
            0.1733643307447276,
            0.15496170483998492,
            0.1374553625678421,
            0.12088104509596123,
            0.10526858855766953,
            0.09064218240626333,
            0.07702064358771213,
            0.06441769950648402,
            0.05284227381611886,
            0.042298770097596965,
            0.032787349467755675,
            0.024304199067474875,
            0.016841789202542475,
            0.01038911764239301,
            0.0049319402222583126,
            0.0004529874420981506,
            -0.0030678327819124783,
            -0.005653245678565934,
            -0.0073284326544689835,
            -0.008120865720777453,
            -0.008060152059799973,
            -0.007177887353513892,
            -0.005507516424622986,
            -0.00308419970697848,
            5.5315929429734125e-05
        ]
    },
    "CPU_time": {
        "derivatives": 0.06878519058227539,
        "buildingVn": 5.685128927230835,