{
    "geometry1": "new_broken_cubic",
    "geometry2": "large",
    "ope": "b2p_tang_ipp",
    "lc": 0.015,
    "dimP": 2,
    "dimQ": 2,
    "N": 41,
    "f0": 1000,
    "BSP": true,
    "frequencies": [
        80,
        100,
        120,
        140,
        160,
        180,
        200,
        220,
        240,
        260,
        280,
        300,
        320,
        340,
        360,
        380,
        400,
        420,
        440,
        460,
        480,
        500,
        520,
        540,
        560,
        580,
        600,
        620,
        640,
        660,
        680,
        700,
        720,
        740,
        760,
        780,
        800,
        820,
        840,
        860,
        880,
        900,
        920,
        940,
        960,
        980,
        1000,
        1020,
        1040,
        1060,
        1080,
        1100,
        1120,
        1140,
        1160,
        1180,
        1200,
        1220,
        1240,
        1260,
        1280,
        1300,
        1320,
        1340,
        1360,
        1380,
        1400,
        1420,
        1440,
        1460,
        1480,
        1500,
        1520,
        1540,
        1560,
        1580,
        1600,
        1620,
        1640,
        1660,
        1680,
        1700,
        1720,
        1740,
        1760,
        1780,
        1800,
        1820,
        1840,
        1860,
        1880,
        1900,
        1920,
        1940,
        1960,
        1980,
        2000
    ],
    "Z_center": {
        "real": [
            0.010307259053605442,
            0.014409254209168188,
            0.019541392241920422,
            0.026389034392911726,
            0.03513510935755822,
            0.04585357745596985,
            0.05851037350745175,
            0.07298769947661403,
            0.08912267633577807,
            0.10673671520651867,
            0.1256450290399574,
            0.14565151976926694,
            0.16654223491782638,
            0.18808882908518085,
            0.21006582971866222,
            0.23227715648204325,
            0.2545823040414888,
            0.27691270199326196,
            0.299273073595277,
            0.3217283061341805,
            0.3443805722910291,
            0.3673429280142171,
            0.3907148240894318,
            0.4145631642650286,
            0.43891078664647576,
            0.46373296123299435,
            0.4889615865909552,
            0.5144959510137955,
            0.5402180456568934,
            0.5660096017265056,
            0.5917675986492361,
            0.6174152639506697,
            0.6429066072329717,
            0.6682240172744314,
            0.6933699278471412,
            0.7183546127944052,
            0.7431826249429685,
            0.7678403086144294,
            0.7922863708426265,
            0.8164468652600212,
            0.8402152385062993,
            0.8634573822595119,
            0.8860209864737693,
            0.9077479616241286,
            0.9284883313192137,
            0.9481138053301873,
            0.9665292349418831,
            0.9836803577397787,
            0.9995566990770852,
            1.0141892079263044,
            1.0276430608962752,
            1.040006875254526,
            1.0513801232949307,
            1.0618607096857022,
            1.0715344566922245,
            1.0804677362553796,
            1.0887038350590614,
            1.0962629783470825,
            1.1031453871246875,
            1.1093363895991049,
            1.1148125011389014,
            1.1195475183592638,
            1.123517959106324,
            1.1267074919800526,
            1.1291102181496517,
            1.1307327513831231,
            1.1315950379775361,
            1.131729857471953,
            1.1311810132113536,
            1.13000035973893,
            1.128243961861373,
            1.125967779942602,
            1.1232232981624148,
            1.1200534813360514,
            1.1164893994556808,
            1.1125478344920083,
            1.1082301740004843,
            1.1035228822530971,
            1.098399763745647,
            1.0928260761032038,
            1.0867642664870762,
            1.0801807407800348,
            1.073052711443658,
            1.0653740051166891,
            1.0571589207214567,
            1.048443869465789,
            1.039287395185346,
            1.0297698420523445,
            1.0199939807552514,
            1.0100871738268622,
            1.0002044092874185,
            0.9905303407726064,
            0.9812779050993419,
            0.972681474563767,
            0.9649837048584412,
            0.9584168168001531,
            0.9531804399807621
        ],
        "imag": [
            0.12052642185708369,
            0.1497315028244132,
            0.18022431885000043,
            0.21122956751114663,
            0.24234588739181784,
            0.2732137236309036,
            0.30349821095491236,
            0.33291856967028655,
            0.3612592864153925,
            0.3883591709364791,
            0.41409375749903976,
            0.43836661954522615,
            0.4611150419951668,
            0.48232476743130615,
            0.5020429674513662,
            0.5203796130048973,
            0.5374932144186603,
            0.5535639690314337,
            0.5687621441069521,
            0.5832202806575943,
            0.5970152207321708,
            0.6101621183733581,
            0.6226194081463433,
            0.6343019626998571,
            0.6450991627360854,
            0.6548947131197824,
            0.6635852917824938,
            0.6710953907636966,
            0.677386168147221,
            0.6824569979604599,
            0.6863397148862882,
            0.6890870376882406,
            0.6907578571968449,
            0.6914025913237895,
            0.6910515192184142,
            0.6897081041849408,
            0.6873481599512743,
            0.683924630157981,
            0.6793769153038125,
            0.6736431353664011,
            0.6666734404126413,
            0.6584424505795123,
            0.6489590994680661,
            0.6382725349557401,
            0.6264732430131222,
            0.6136891500394056,
            0.6000770935638479,
            0.5858106961790971,
            0.5710662560282792,
            0.5560086449473545,
            0.5407792421279751,
            0.5254875669780968,
            0.5102075807068449,
            0.49497878044433674,
            0.47981141888282886,
            0.46469460572825955,
            0.44960576279798187,
            0.4345199189101142,
            0.4194176002418698,
            0.40429051815134587,
            0.38914476736585735,
            0.37400169604932154,
            0.35889688775061457,
            0.3438777693598152,
            0.32900028459374386,
            0.3143249615162637,
            0.2999126526506833,
            0.2858202598152439,
            0.27209682254282685,
            0.25878037056719405,
            0.24589588011202432,
            0.23345454295294382,
            0.221454409904952,
            0.2098823562851911,
            0.19871724344499456,
            0.18793409985539702,
            0.1775090781458235,
            0.16742483707010042,
            0.15767585344749951,
            0.14827302018719,
            0.13924679782311647,
            0.1306482505099368,
            0.12254759802805082,
            0.11503045994779576,
            0.10819260761475483,
            0.10213447129659466,
            0.09695657195523495,
            0.09275634773794403,
            0.08962578877297186,
            0.08764838838462179,
            0.08689369421193183,
            0.08740841872842783,
            0.08920442363689805,
            0.09224538930263938,
            0.09643501161851355,
            0.1016097482685018,
            0.10753846899047917
        ]
    },
    "CPU_time": {
        "derivatives": 0.19729304313659668,
        "buildingVn": 35.46267509460449,
        "assembling_C": 0,