{
    "geometry1": "new_broken_cubic",
    "geometry2": "small",
    "ope": "b2p_tang_ipp",
    "lc": 0.015,
    "dimP": 2,
    "dimQ": 2,
    "N": 66,
    "f0": 1000,
    "BSP": true,
    "frequencies": [
        80,
        100,
        120,
        140,
        160,
        180,
        200,
        220,
        240,
        260,
        280,
        300,
        320,
        340,
        360,
        380,
        400,
        420,
        440,
        460,
        480,
        500,
        520,
        540,
        560,
        580,
        600,
        620,
        640,
        660,
        680,
        700,
        720,
        740,
        760,
        780,
        800,
        820,
        840,
        860,
        880,
        900,
        920,
        940,
        960,
        980,
        1000,
        1020,
        1040,
        1060,
        1080,
        1100,
        1120,
        1140,
        1160,
        1180,
        1200,
        1220,
        1240,
        1260,
        1280,
        1300,
        1320,
        1340,
        1360,
        1380,
        1400,
        1420,
        1440,
        1460,
        1480,
        1500,
        1520,
        1540,
        1560,
        1580,
        1600,
        1620,
        1640,
        1660,
        1680,
        1700,
        1720,
        1740,
        1760,
        1780,
        1800,
        1820,
        1840,
        1860,
        1880,
        1900,
        1920,
        1940,
        1960,
        1980,
        2000
    ],
    "Z_center": {
        "real": [
            0.012019691675870029,
            0.01922662753786378,
            0.02795357103879039,
            0.037945937261100605,
            0.04893280814186867,
            0.06069761352823535,
            0.07308323993883697,
            0.0859786312555345,
            0.09930854675168452,
            0.1130269066482701,
            0.1271113890211101,
            0.1415584003184879,
            0.1563784263743965,
            0.17159195471953484,
            0.1872260803572221,
            0.2033117961328326,
            0.2198818946843176,
            0.23696937591554457,
            0.25460624900859014,
            0.272822628199143,
            0.29164603792823207,
            0.3111008604669961,
            0.3312078751867165,
            0.35198385240928615,
            0.3734411760724508,
            0.3955874785711714,
            0.418425278432053,
            0.44195161734061283,
            0.4661576977789487,
            0.49102852640002714,
            0.5165425714324418,
            0.5426714449805461,
            0.5693796231201168,
            0.5966242181797424,
            0.6243548185266888,
            0.6525134114911623,
            0.6810344047018903,
            0.7098447600228482,
            0.7388642524300107,
            0.76800586353802,
            0.7971763161084973,
            0.826276751808539,
            0.8552035498688191,
            0.8838492792825302,
            0.9121037720096775,
            0.9398552995625068,
            0.9669918306221608,
            0.9934023432577961,
            1.0189781621461416,
            1.0436142891452114,
            1.0672106948237134,
            1.0896735391647232,
            1.1109162916558895,
            1.1308607242484792,
            1.1494377550430857,
            1.1665881257987945,
            1.1822629021645799,
            1.1964237915816747,
            1.2090432797765946,
            1.2201045923630056,
            1.2296014930312724,
            1.2375379339398964,
            1.2439275770957612,
            1.2487932076611605,
            1.2521660612603498,
            1.2540850875414524,
            1.2545961715850984,
            1.2537513333820822,
            1.2516079236882198,
            1.2482278322630842,
            1.243676721973763,
            1.2380232996324532,
            1.231338631862448,
            1.2236955118473298,
            1.2151678805874937,
            1.2058303043144594,
            1.1957575080282792,
            1.185023963729275,
            1.1737035308173471,
            1.1618691453023298,
            1.1495925538915044,
            1.1369440886601905,
            1.123992477840731,
            1.1108046882484635,
            1.0974457949733203,
            1.0839788741713046,
            1.0704649150677281,
            1.0569627476119698,
            1.0435289825823875,
            1.0302179613149323,
            1.0170817126104597,
            1.004169914750035,
            0.991529860912145,
            0.9792064266344468,
            0.967242038289364,
            0.9556766418506045,
            0.9445476715098639
        ],
        "imag": [
            0.1233469956883416,
            0.15320323981688655,
            0.18220846285392936,
            0.21017476501713278,
            0.23705316222053088,
            0.2628841942305054,
            0.2877450318163913,
            0.3117249632239194,
            0.3349153904358745,
            0.3574040666077644,
            0.3792709120732915,
            0.4005851715112882,
            0.4214038657197433,
            0.44177131063489594,
            0.4617193887808701,
            0.4812682768991035,
            0.5004273997052878,
            0.5191964525582087,
            0.5375663971732122,
            0.5555203797801961,
            0.5730345517979155,
            0.590078792444445,
            0.6066173440681811,
            0.6226093769970846,
            0.6380095033230866,
            0.6527682595538775,
            0.6668325773274979,
            0.6801462598920506,
            0.692650480106524,
            0.7042843134517497,
            0.7149853170270428,
            0.7246901627729178,
            0.7333353301849096,
            0.740857860601102,
            0.7471961717461327,
            0.7522909276576903,
            0.7560859554703125,
            0.7585291968766978,
            0.7595736785866858,
            0.7591784828760624,
            0.7573096965731076,
            0.7539413147277584,
            0.7490560739314528,
            0.7426461899569916,
            0.7347139751798826,
            0.725272313190102,
            0.7143449710990678,
            0.7019667342113923,
            0.6881833528223358,
            0.6730512966786917,
            0.6566373188431212,
            0.6390178369955517,
            0.6202781462620407,
            0.6005114831506851,
            0.579817964811304,
            0.5583034313771683,
            0.536078221441174,
            0.5132559116870203,
            0.4899520513467803,
            0.46628292058527854,
            0.4423643392797393,
            0.41831054917774363,
            0.3942331883309456,
            0.37024037226326195,
            0.34643589179435225,
            0.3229185330257226,
            0.29978152089174526,
            0.27711208403558707,
            0.25499113567954057,
            0.23349306268506698,
            0.21268561314691822,
            0.19262987162061593,
            0.17338031039723975,
            0.1549849050437551,
            0.1374853026470862,
            0.12091703175264404,
            0.10530974379166637,
            0.09068747676706668,
            0.07706893305328867,
            0.0644677642947677,
            0.052892857518918555,
            0.04234861767001878,
            0.032835242795337005,
            0.024348989055082988,
            0.01688242356734185,
            0.010424663840054827,
            0.004961603176062693,
            0.00047612197393653215,
            -0.003051714713573617,
            -0.005644472646335637,
            -0.007327175897638038,
            -0.00812714519320847,
            -0.008073845749521654,
            -0.00719874318473937,
            -0.005535166032863065,
            -0.0031181733916050705,
            1.5573732802664207e-05
        ]
    },
    "CPU_time": {
        "derivatives": 0.07639503479003906,
        "buildingVn": 8.009313106536865,