{
    "geometry1": "new_broken_cubic",
    "geometry2": "small",
    "ope": "b2p_tang_ipp",
    "lc": 0.015,
    "dimP": 2,
    "dimQ": 2,
    "N": 64,
    "f0": 1000,
    "BSP": true,
    "frequencies": [
        80,
        100,
        120,
        140,
        160,
        180,
        200,
        220,
        240,
        260,
        280,
        300,
        320,
        340,
        360,
        380,
        400,
        420,
        440,
        460,
        480,
        500,
        520,
        540,
        560,
        580,
        600,
        620,
        640,
        660,
        680,
        700,
        720,
        740,
        760,
        780,
        800,
        820,
        840,
        860,
        880,
        900,
        920,
        940,
        960,
        980,
        1000,
        1020,
        1040,
        1060,
        1080,
        1100,
        1120,
        1140,
        1160,
        1180,
        1200,
        1220,
        1240,
        1260,
        1280,
        1300,
        1320,
        1340,
        1360,
        1380,
        1400,
        1420,
        1440,
        1460,
        1480,
        1500,
        1520,
        1540,
        1560,
        1580,
        1600,
        1620,
        1640,
        1660,
        1680,
        1700,
        1720,
        1740,
        1760,
        1780,
        1800,
        1820,
        1840,
        1860,
        1880,
        1900,
        1920,
        1940,
        1960,
        1980,
        2000
    ],
    "Z_center": {
        "real": [
            0.011776854987034837,
            0.019476701872958187,
            0.028241706138716675,
            0.038121362352855175,
            0.04898270330064963,
            0.06066464514231322,
            0.07301573870791866,
            0.08591106971831827,
            0.09925898158216354,
            0.11300092455217271,
            0.12710718169277924,
            0.14157085049975893,
            0.15640172995725163,
            0.17162098994114283,
            0.18725692277619796,
            0.20334174465190333,
            0.219909271119711,
            0.236993258866381,
            0.25462622608813995,
            0.2728386011441351,
            0.2916580869261432,
            0.3111091602386038,
            0.3312126502490148,
            0.3519853585302428,
            0.37343969675804745,
            0.39558332804192575,
            0.4184188051962337,
            0.44194320479531995,
            0.4661477601395428,
            0.4910174996564818,
            0.5165309000024928,
            0.5426595653446158,
            0.5693679460396016,
            0.5966131111888627,
            0.6243445902976875,
            0.6525042994528812,
            0.6810265669758974,
            0.7098382723716438,
            0.7388591105049909,
            0.7680019903106825,
            0.7971735739816612,
            0.8262749585621336,
            0.8552024973166887,
            0.8838487533191214,
            0.9121035726206267,
            0.9398552593682382,
            0.9669918306221338,
            0.9934023246333284,
            1.0189781332539016,
            1.043614327170141,
            1.0672109419315283,
            1.0896741933789975,
            1.1109175930507937,
            1.130862937363633,
            1.1494411486833362,
            1.1665929515430515,
            1.1822693729815041,
            1.1964320619218385,
            1.2090534283955734,
            1.2201166089329254,
            1.229615269342607,
            1.2375532602009178,
            1.2439441435237515,
            1.2488106112527544,
            1.2521838173458926,
            1.254102645485647,
            1.254612933804944,
            1.2537666767221014,
            1.2516212221206777,
            1.2482384798687136,
            1.243684155199996,
            1.2380270179125867,
            1.231338215803208,
            1.2236906383423314,
            1.215158334380326,
            1.205815985708429,
            1.1957384366105699,
            1.185000278140762,
            1.1736754847450273,
            1.1618371000008678,
            1.149556967644822,
            1.1369055036769906,
            1.1239515051344693,
            1.1107619910863524,
            1.0974020714891188,
            1.0839348397268995,
            1.070421284918957,
            1.0569202203896588,
            1.0434882250408604,
            1.0301795947318182,
            1.0170463011447355,
            1.004137955984817,
            0.9915017787252618,
            0.9791825664573268,
            0.9672226647353478,
            0.9556619386191851,
            0.9445377434060048
        ],
        "imag": [
            0.12352341136006915,
            0.15327843939957247,
            0.18210085658951655,
            0.20997675870509894,
            0.2368606466012225,
            0.2627477482983055,
            0.2876744589234682,
            0.3117078266078675,
            0.3349321414876875,
            0.3574365735609727,
            0.3793058546486644,
            0.400614429409092,
            0.42142354620644784,
            0.44178041709321564,
            0.4617186245001986,
            0.4812591581627784,
            0.5004116844970361,
            0.5191758223580452,
            0.5375423144029863,
            0.5554940528517409,
            0.5730069568072634,
            0.5900507174356362,
            0.6065894354591432,
            0.6225821776573264,
            0.6379834783694005,
            0.6527438099385312,
            0.6668100434541626,
            0.6801259184218122,
            0.692632537246715,
            0.7042688976855056,
            0.714972473660965,
            0.7246798519878804,
            0.7333274295830472,
            0.7408521725877176,
            0.7471924355186397,
            0.7522888351046604,
            0.7560851699261691,
            0.7585293734391854,
            0.7595744845737644,
            0.759179616989737,
            0.7573109054266952,
            0.7539424055806323,
            0.7490569227409997,
            0.742646744187472,
            0.7347142511740518,
            0.7252723882940315,
            0.7143449710990187,
            0.7019668169774961,
            0.6881836893198205,
            0.6730520506995238,
            0.6566386268992926,
            0.6390197898063098,
            0.6202807731519071,
            0.600514740474144,
            0.5798217292360311,
            0.5583074985282866,
            0.536082310048332,
            0.5132596730162123,
            0.4899550833660725,
            0.4662847860295799,
            0.44236458655812594,
            0.4183087349278819,
            0.39422890036182956,
            0.3702332516470808,
            0.3464256529617599,
            0.32290498086709546,
            0.29976456406989355,
            0.2770917439403996,
            0.25496755070030575,
            0.23346648771574802,
            0.21265641446859299,
            0.19259851750685675,
            0.1733473579575891,
            0.1549509839527358,
            0.13745109649827053,
            0.12088325782971127,
            0.10527713206114706,
            0.09065674887953265,
            0.07704078208850385,
            0.06444283591353499,
            0.05287173309002386,
            0.042331799835925825,
            0.03282314382523352,
            0.02434192221653673,
            0.016880597632294207,
            0.010428180729094108,
            0.004970458642776125,
            0.0004902091382704197,
            -0.0030325992526019823,
            -0.0056206204538786,
            -0.00729895648780899,
            -0.008094994375669122,
            -0.008038252977477574,
            -0.0071602383483880825,
            -0.005494306132726621,
            -0.0030755295033927676,
            5.942882528828169e-05
        ]
    },
    "CPU_time": {
        "derivatives": 0.07332205772399902,
        "buildingVn": 7.667657136917114,