{
    "geometry1": "new_broken_cubic",
    "geometry2": "large",
    "ope": "b2p_tang_ipp",
    "lc": 0.015,
    "dimP": 2,
    "dimQ": 2,
    "N": 45,
    "f0": 1000,
    "BSP": true,
    "frequencies": [
        80,
        100,
        120,
        140,
        160,
        180,
        200,
        220,
        240,
        260,
        280,
        300,
        320,
        340,
        360,
        380,
        400,
        420,
        440,
        460,
        480,
        500,
        520,
        540,
        560,
        580,
        600,
        620,
        640,
        660,
        680,
        700,
        720,
        740,
        760,
        780,
        800,
        820,
        840,
        860,
        880,
        900,
        920,
        940,
        960,
        980,
        1000,
        1020,
        1040,
        1060,
        1080,
        1100,
        1120,
        1140,
        1160,
        1180,
        1200,
        1220,
        1240,
        1260,
        1280,
        1300,
        1320,
        1340,
        1360,
        1380,
        1400,
        1420,
        1440,
        1460,
        1480,
        1500,
        1520,
        1540,
        1560,
        1580,
        1600,
        1620,
        1640,
        1660,
        1680,
        1700,
        1720,
        1740,
        1760,
        1780,
        1800,
        1820,
        1840,
        1860,
        1880,
        1900,
        1920,
        1940,
        1960,
        1980,
        2000
    ],
    "Z_center": {
        "real": [
            0.009148728437476428,
            0.014038341978352051,
            0.019165884388917687,
            0.025971274653802976,
            0.034867439009032164,
            0.04579507450044884,
            0.05861631739864839,
            0.07318018210223559,
            0.08933240101715467,
            0.10691669990318665,
            0.12576974277724776,
            0.14571198430788393,
            0.16654157912432838,
            0.18803877778373634,
            0.2099834074068079,
            0.23218123577290317,
            0.2544903275563935,
            0.2768381787591914,
            0.2992242720809759,
            0.3217081532832332,
            0.3443874248684304,
            0.36737177404448884,
            0.3907585614075632,
            0.4146137716702583,
            0.4389603543231897,
            0.46377461080642884,
            0.4889902896205967,
            0.5145091799379516,
            0.5402161215121049,
            0.5659955898833519,
            0.5917466802453595,
            0.6173936503634737,
            0.6428902177390938,
            0.668217231669887,
            0.6933747235676561,
            0.7183702940309014,
            0.7432061938147116,
            0.7678673601209197,
            0.7923122638584427,
            0.8164678577021092,
            0.8402292923662141,
            0.8634644389397622,
            0.8860226617591935,
            0.9077467722875222,
            0.9284866936759736,
            0.9481131038483136,
            0.9665292349432009,
            0.9836791463649293,
            0.9995512149298312,
            1.0141762942778811,
            1.0276208719221267,
            1.039976389769788,
            1.0513464787594664,
            1.0618340628314158,
            1.0715301100812433,
            1.0805053483782847,
            1.0888056570555358,
            1.0964512236195951,
            1.1034390115903134,
            1.1097476943103655,
            1.1153440187676,
            1.1201895861296993,
            1.124247231496783,
            1.1274864684910635,
            1.1298877292942096,
            1.131445306410284,
            1.1321689867894509,
            1.1320844015883316,
            1.1312321471211189,
            1.1296657739873281,
            1.1274487955646242,
            1.1246508959496093,
            1.1213435691310742,
            1.1175954892389015,
            1.1134680391495588,
            1.109011563389534,
            1.1042629337859378,
            1.0992449064887087,
            1.0939674073298187,
            1.088430510265431,
            1.0826285041934751,
            1.0765542911575432,
            1.0702033714199533,
            1.063576872599865,
            1.0566834066141866,
            1.0495399183149021,
            1.0421720183328016,
            1.0346143819240994,
            1.0269114842458842,
            1.0191182214296775,
            1.0112992153865208,
            1.0035253459965394,
            0.9958668902781838,
            0.9883844585271514,
            0.9811209497548162,
            0.9740987221905691,
            0.9673253104130687
        ],
        "imag": [
            0.12049274566555426,
            0.1500178859406847,
            0.18028432281828066,
            0.21143518457965702,
            0.24270609027547038,
            0.27359963449449176,
            0.3038053267163876,
            0.33310263021107367,
            0.3613222511802896,
            0.3883267243285492,
            0.4139993701031152,
            0.4382432770238583,
            0.4609913637605713,
            0.48222281368259334,
            0.5019768044182359,
            0.5203548236505731,
            0.5375076649690724,
            0.5536097158736581,
            0.5688279425563009,
            0.5832940434434291,
            0.5970859467967958,
            0.6102211290390936,
            0.6226609620051584,
            0.6343234338839985,
            0.6451009364324582,
            0.6548798695149998,
            0.6635590610573117,
            0.6710643436628287,
            0.6773571570550732,
            0.6824359715597738,
            0.6863306315524663,
            0.6890911447435328,
            0.6907735440200481,
            0.6914258796218339,
            0.6910770792786991,
            0.6897305405742853,
            0.687363241942909,
            0.6839301655995828,
            0.6793730663853441,
            0.6736321242654553,
            0.666658753409171,
            0.6584277807720111,
            0.6489473349538137,
            0.6382650804279384,
            0.6264698636501944,
            0.6136883789524857,
            0.6000770935617161,
            0.5858103537434838,
            0.5710662314461201,
            0.5560121079729702,
            0.5407920745651359,
            0.5255178966322764,
            0.5102646129247042,
            0.4950710059421012,
            0.47994439180257753,
            0.4648685921969193,
            0.4498136367602156,
            0.43474570263466034,
            0.4196359885448613,
            0.404467583260583,
            0.3892398435022296,
            0.37397024572530685,
            0.3586940228750317,
            0.3434620778626693,
            0.3283376901705731,
            0.31339245806730703,
            0.2987018340934761,
            0.2843405608262185,
            0.2703782944854231,
            0.2568756932661277,
            0.24388121738813895,
            0.23142887297856585,
            0.21953710148203837,
            0.2082090301038975,
            0.19743422358278676,
            0.18719193306649456,
            0.1774555576196982,
            0.16819773610219174,
            0.15939527533961378,
            0.15103312934619537,
            0.1431068442673241,
            0.13562325895270516,
            0.12859960988493713,
            0.12206151116372463,
            0.11604043919775485,
            0.1105713372536511,
            0.10569067983044467,
            0.10143486180926573,
            0.09783828958929594,
            0.09493040437909635,
            0.09273138515501098,
            0.09124744594220438,
            0.0904679286188116,
            0.09036686360869843,
            0.09091063605041694,
            0.09207096078818827,
            0.09383953611665576
        ]
    },
    "CPU_time": {
        "derivatives": 0.1954193115234375,
        "buildingVn": 36.86702799797058,
        "assembling_C": 0,