{
    "geometry1": "new_broken_cubic",
    "geometry2": "large",
    "ope": "b2p_tang_ipp",
    "lc": 0.015,
    "dimP": 2,
    "dimQ": 2,
    "N": 69,
    "f0": 1000,
    "BSP": true,
    "frequencies": [
        80,
        100,
        120,
        140,
        160,
        180,
        200,
        220,
        240,
        260,
        280,
        300,
        320,
        340,
        360,
        380,
        400,
        420,
        440,
        460,
        480,
        500,
        520,
        540,
        560,
        580,
        600,
        620,
        640,
        660,
        680,
        700,
        720,
        740,
        760,
        780,
        800,
        820,
        840,
        860,
        880,
        900,
        920,
        940,
        960,
        980,
        1000,
        1020,
        1040,
        1060,
        1080,
        1100,
        1120,
        1140,
        1160,
        1180,
        1200,
        1220,
        1240,
        1260,
        1280,
        1300,
        1320,
        1340,
        1360,
        1380,
        1400,
        1420,
        1440,
        1460,
        1480,
        1500,
        1520,
        1540,
        1560,
        1580,
        1600,
        1620,
        1640,
        1660,
        1680,
        1700,
        1720,
        1740,
        1760,
        1780,
        1800,
        1820,
        1840,
        1860,
        1880,
        1900,
        1920,
        1940,
        1960,
        1980,
        2000
    ],
    "Z_center": {
        "real": [
            0.003976437609689871,
            0.015861739817472274,
            0.02001441106921688,
            0.026255797062804672,
            0.03442638604437503,
            0.044535550474479886,
            0.05665321380086656,
            0.07087424177714209,
            0.0870592697926656,
            0.10506708647359271,
            0.12460863403258746,
            0.14533767518801516,
            0.16687939963216233,
            0.18888610428061442,
            0.21107420526693532,
            0.23325963440528039,
            0.25536210361244355,
            0.27739614442512617,
            0.2994501944669584,
            0.3216497103408976,
            0.34413496299165613,
            0.3670239064323308,
            0.3904043525400964,
            0.41431946319045904,
            0.4387587016409735,
            0.4636737341444454,
            0.4889764981813706,
            0.5145560490977125,
            0.5402940250774159,
            0.5660792005961672,
            0.5918184637024403,
            0.6174450804296455,
            0.6429211209177706,
            0.6682316255734841,
            0.6933786554839563,
            0.7183692837875207,
            0.7432040477357322,
            0.7678657634205948,
            0.7923112493001926,
            0.8164668618406806,
            0.8402277569448073,
            0.8634623248640583,
            0.8860204038388055,
            0.9077449573578427,
            0.9284856933758419,
            0.9481128332968398,
            0.9665292349903596,
            0.9836789673012533,
            0.9995509599245359,
            1.0141770822283476,
            1.0276249075647899,
            1.0399864753731574,
            1.0513649456387206,
            1.0618612231920732,
            1.0715627543993087,
            1.0805354580900293,
            1.0888207099108913,
            1.0964351622278063,
            1.1033753249708127,
            1.1096236727757203,
            1.1151552147151227,
            1.1199444732557642,
            1.1239694855454385,
            1.1272160792751291,
            1.1296788671951994,
            1.13136145636122,
            1.1322766668572537,
            1.1324428327015725,
            1.1318862539496843,
            1.1306310150425558,
            1.1287082600476435,
            1.1261417712790691,
            1.1229592095981267,
            1.119186986229314,
            1.114851913665165,
            1.109986751628954,
            1.1046308575242931,
            1.098829639656434,
            1.0926377523494215,
            1.0861163446732407,
            1.0793305457588975,
            1.0723530568696407,
            1.0652515421020432,
            1.0580908726605767,
            1.0509432298134098,
            1.0438576696120918,
            1.0368828811982287,
            1.0300639867454389,
            1.0234332075343309,
            1.0170190748012837,
            1.010835609068404,
            1.004898639014529,
            0.9992127403058597,
            0.9937773128895294,
            0.988578424223369,
            0.9836050080367279,
            0.9788429057706448
        ],
        "imag": [
            0.11249203842604419,
            0.14597803153416852,
            0.17724705055119738,
            0.20856899891509917,
            0.23996369307392443,
            0.271203590895041,
            0.3021180838921903,
            0.3323474253129774,
            0.36152894591463447,
            0.3893350443857341,
            0.41554509247609134,
            0.43995565081609456,
            0.46252880587755557,
            0.4833382544723,
            0.5025550184621036,
            0.5204131844512041,
            0.5371609357030876,
            0.5530230602933632,
            0.5681702325673431,
            0.5827032813598165,
            0.5966484375992882,
            0.6099715149410451,
            0.6225904263702494,
            0.6343927273571821,
            0.6452540570766632,
            0.6550645778161561,
            0.66373158295572,
            0.6711979373081923,
            0.6774412006908064,
            0.6824730200973608,
            0.6863319797443236,
            0.6890713674349888,
            0.6907456783755911,
            0.6913991267739891,
            0.6910560262839717,
            0.6897160482469987,
            0.6873539320455249,
            0.6839238996419462,
            0.679367990406182,
            0.6736274931723755,
            0.6666546635851821,
            0.6584246323933072,
            0.6489454517536517,
            0.6382643674882008,
            0.6264698256041717,
            0.6136884638768608,
            0.600077093643644,
            0.5858106552893778,
            0.5710677451578068,
            0.5560157774895864,
            0.5407980585347768,
            0.5255246872492401,
            0.5102684420803749,
            0.49506587813056313,
            0.4799231968678177,
            0.46482463535567603,
            0.449744012001888,
            0.4346534723516934,
            0.4195328338658795,
            0.4043743628529662,
            0.38918587565466184,
            0.3739894030080421,
            0.3588202705324533,
            0.34372202517506595,
            0.3287445803961091,
            0.31393934498174,
            0.29935735514131906,
            0.2850470231619972,
            0.2710499826922265,
            0.2574085756282943,
            0.24415259053168284,
            0.23131886166378443,
            0.21893742328748952,
            0.20704143040575454,
            0.19566632989969118,
            0.1848505439500298,
            0.174632102028649,
            0.16504903429854464,
            0.15613374593002655,
            0.1479122397325361,
            0.14040619277778038,
            0.13362081626713462,
            0.1275533012073489,
            0.1221881486231567,
            0.11750650328290065,
            0.11347316151203404,
            0.1100561435264897,
            0.10721260322256301,
            0.10490269199107934,
            0.10306635736900266,
            0.10167792586455172,
            0.10068691961615882,
            0.10005258973919083,
            0.09973393718440009,
            0.09970205595669147,
            0.09992399449233125,
            0.10038183282470955
        ]
    },
    "CPU_time": {
        "derivatives": 0.19843506813049316,
        "buildingVn": 46.73100185394287,
        "assembling_C": 0,