{
    "geometry1": "new_broken_cubic",
    "geometry2": "large",
    "ope": "b2p_tang_ipp",
    "lc": 0.015,
    "dimP": 2,
    "dimQ": 2,
    "N": 8,
    "f0": 1000,
    "BSP": true,
    "frequencies": [
        80,
        100,
        120,
        140,
        160,
        180,
        200,
        220,
        240,
        260,
        280,
        300,
        320,
        340,
        360,
        380,
        400,
        420,
        440,
        460,
        480,
        500,
        520,
        540,
        560,
        580,
        600,
        620,
        640,
        660,
        680,
        700,
        720,
        740,
        760,
        780,
        800,
        820,
        840,
        860,
        880,
        900,
        920,
        940,
        960,
        980,
        1000,
        1020,
        1040,
        1060,
        1080,
        1100,
        1120,
        1140,
        1160,
        1180,
        1200,
        1220,
        1240,
        1260,
        1280,
        1300,
        1320,
        1340,
        1360,
        1380,
        1400,
        1420,
        1440,
        1460,
        1480,
        1500,
        1520,
        1540,
        1560,
        1580,
        1600,
        1620,
        1640,
        1660,
        1680,
        1700,
        1720,
        1740,
        1760,
        1780,
        1800,
        1820,
        1840,
        1860,
        1880,
        1900,
        1920,
        1940,
        1960,
        1980,
        2000
    ],
    "Z_center": {
        "real": [
            0.004192099915779383,
            0.0046528524054841765,
            0.004923052083576297,
            0.005386501793006675,
            0.006313648022563078,
            0.007786521812245647,
            0.00988370232044586,
            0.012768969910253367,
            0.01669631357528945,
            0.02201410390252137,
            0.029186942748487276,
            0.038830669031031884,
            0.05175274664582187,
            0.06898494787826727,
            0.09178096291505242,
            0.12152594832124246,
            0.15947438510186077,
            0.2062301031776864,
            0.26098703330985745,
            0.32084029169269573,
            0.38082442870850686,
            0.43521252939467947,
            0.47963811430927666,
            0.5126322357604187,
            0.5355767991168159,
            0.5514633563701791,
            0.5635293244808315,
            0.5744280105933319,
            0.5859634464472665,
            0.5991572017869459,
            0.6144380914305411,
            0.631841613718373,
            0.6511748613941782,
            0.6721360057685437,
            0.694391033834733,
            0.7176158570948848,
            0.7415137391434017,
            0.765817488734044,
            0.7902839208659218,
            0.8146858110978968,
            0.8388048108273962,
            0.8624277120593838,
            0.885347599673259,
            0.9073702630540842,
            0.9283246602373577,
            0.9480747375637871,
            0.9665292349435238,
            0.9836466268907798,
            0.9994337963264741,
            1.0139387260005932,
            1.027238800595135,
            1.039427008762146,
            1.0505985423025972,
            1.0608402330227251,
            1.0702250383226375,
            1.0788132848013272,
            1.08666142131075,
            1.0938375330467358,
            1.1004409913013096,
            1.106621811894047,
            1.1125941790061316,
            1.118638652918591,
            1.1250889036839378,
            1.1323009569392772,
            1.1406051283575787,
            1.1502423940523392,
            1.1612878024624251,
            1.1735643965318268,
            1.186553405050963,
            1.1993118255969646,
            1.2104178799132754,
            1.2179767503659658,
            1.2197276140484181,
            1.21328694536382,
            1.1965295165164647,
            1.1680453123831898,
            1.1275414748557895,
            1.0760324461195925,
            1.0157191319996635,
            0.9495838403773501,
            0.880846620219008,
            0.81246543044587,
            0.7468071276095026,
            0.6855213627950251,
            0.629575395651284,
            0.5793795715915712,
            0.5349411438610798,
            0.49600691092996774,
            0.4621769598152939,
            0.4329863666735936,
            0.4079590233595946,
            0.3866401574829736,
            0.3686139209395773,
            0.3535112128319006,
            0.34101152211176716,
            0.33084138253433815,
            0.3227711256129812
        ],
        "imag": [
            0.09844859460728017,
            0.12433588643658633,
            0.15121916490438553,
            0.17912781367401026,
            0.20787123595851179,
            0.23736798706000428,
            0.2677389665387491,
            0.2992123221791751,
            0.3320485077681527,
            0.3665065852361426,
            0.40282186971039974,
            0.44117378794974,
            0.4816283270979735,
            0.5240388444844707,
            0.5678889784269151,
            0.6120726027265606,
            0.6546471512847328,
            0.6926903464851978,
            0.7225220527226931,
            0.7405850359039838,
            0.7449411575148868,
            0.7366061353703415,
            0.7195751917852128,
            0.6992606559387985,
            0.6804446767220871,
            0.6660577579798407,
            0.6571020082024663,
            0.653220812214172,
            0.6533593458535389,
            0.6562528994778327,
            0.6607095006819087,
            0.6657388965084401,
            0.6705863567913215,
            0.6747145387404797,
            0.6777621651009301,
            0.6794977989577212,
            0.6797791673856388,
            0.6785225747485901,
            0.675683059157515,
            0.671243996576393,
            0.665214181486942,
            0.6576301264872888,
            0.648560900478378,
            0.6381123886641139,
            0.6264279570561434,
            0.6136835526880074,
            0.6000770935646477,
            0.5858138822670661,
            0.571090946132329,
            0.5560833403768466,
            0.5409347673855379,
            0.5257538387311173,
            0.5106162983985066,
            0.495572627498622,
            0.48065957213609967,
            0.46591320651372603,
            0.45138026783929003,
            0.43712398264098223,
            0.42322083277933964,
            0.4097459431517595,
            0.3967469356846362,
            0.384208697665918,
            0.37201381084089663,
            0.3599047355045459,
            0.3474540726769984,
            0.3340487939993802,
            0.3188941025097838,
            0.3010433462181785,
            0.2794622229151855,
            0.2531371739616168,
            0.2212364444475871,
            0.18332330037360683,
            0.13959999770246476,
            0.09112859459892134,
            0.039942135137670524,
            -0.01104743615525178,
            -0.058392627895142234,
            -0.09865392415262607,
            -0.1289874968671565,
            -0.14758351928318048,
            -0.15382603492278007,
            -0.14817037864511673,
            -0.1318380540394599,
            -0.10646090385929284,
            -0.07377484054027349,
            -0.035408572184020666,
            0.007231893251368272,
            0.0530050132234051,
            0.10102872011565926,
            0.15065117583819562,
            0.2014125952086998,
            0.25300704432979243,
            0.30524855535775625,
            0.3580430987996017,
            0.411366447616556,
            0.46524727934678983,
            0.5197546380159411
        ]
    },
    "CPU_time": {
        "derivatives": 0.2036731243133545,
        "buildingVn": 26.617990970611572,
        "assembling_C": 0,