{
    "geometry1": "new_broken_cubic",
    "geometry2": "large",
    "ope": "b2p_tang_ipp",
    "lc": 0.015,
    "dimP": 2,
    "dimQ": 2,
    "N": 57,
    "f0": 1000,
    "BSP": true,
    "frequencies": [
        80,
        100,
        120,
        140,
        160,
        180,
        200,
        220,
        240,
        260,
        280,
        300,
        320,
        340,
        360,
        380,
        400,
        420,
        440,
        460,
        480,
        500,
        520,
        540,
        560,
        580,
        600,
        620,
        640,
        660,
        680,
        700,
        720,
        740,
        760,
        780,
        800,
        820,
        840,
        860,
        880,
        900,
        920,
        940,
        960,
        980,
        1000,
        1020,
        1040,
        1060,
        1080,
        1100,
        1120,
        1140,
        1160,
        1180,
        1200,
        1220,
        1240,
        1260,
        1280,
        1300,
        1320,
        1340,
        1360,
        1380,
        1400,
        1420,
        1440,
        1460,
        1480,
        1500,
        1520,
        1540,
        1560,
        1580,
        1600,
        1620,
        1640,
        1660,
        1680,
        1700,
        1720,
        1740,
        1760,
        1780,
        1800,
        1820,
        1840,
        1860,
        1880,
        1900,
        1920,
        1940,
        1960,
        1980,
        2000
    ],
    "Z_center": {
        "real": [
            0.011285303760874436,
            0.015450954480750104,
            0.020784794692443,
            0.02744093042682338,
            0.035632469595387524,
            0.04560035047163724,
            0.057523068893591996,
            0.07148502559626371,
            0.08744490549286787,
            0.10523859712080405,
            0.12460148144205765,
            0.14519724178128873,
            0.16665848233603697,
            0.18863717178303938,
            0.21084089159551905,
            0.2330701825468693,
            0.25522828451903384,
            0.27731638878205583,
            0.2994120058136016,
            0.3216383785542264,
            0.34413369781359376,
            0.3670236792905397,
            0.39040035983027377,
            0.4143105524424312,
            0.43875091005635797,
            0.4636712265485987,
            0.488983145393477,
            0.5145739245786808,
            0.5403222471441264,
            0.5661138522601645,
            0.5918542976279081,
            0.617476764425948,
            0.6429437975945697,
            0.6682432317559671,
            0.6933793738841151,
            0.7183614041760888,
            0.7431910348692985,
            0.7678514215331962,
            0.7922988174203855,
            0.8164581976391885,
            0.8402233095126164,
            0.8634612818647347,
            0.8860212949759383,
            0.9077463264081094,
            0.9284866059844011,
            0.9481131004357017,
            0.9665292349235212,
            0.9836791580937019,
            0.9995512669569051,
            1.0141764088206646,
            1.027621059124149,
            1.0399766345381707,
            1.0513467002742567,
            1.0618340711681133,
            1.071529616540306,
            1.0805040653708513,
            1.0888035605112536,
            1.0964488642073351,
            1.1034377934797759,
            1.109749887426531,
            1.115352387702915,
            1.1202066297016589,
            1.1242742010821745,
            1.1275227251091746,
            1.1299306562789821,
            1.1314914010311985,
            1.132215753497236,
            1.132132792902488,
            1.1312887904283577,
            1.1297438143981335,
            1.1275668109685182,
            1.1248296770753572,
            1.121600762567621,
            1.1179397169027152,
            1.1138926603628734,
            1.1094902703309995,
            1.1047472939965615,
            1.0996643742228858,
            1.0942320814492168,
            1.0884364820543293,
            1.0822658184841825,
            1.0757176093611418,
            1.0688047246020889,
            1.061560011665551,
            1.054038050477216,
            1.046313352130796,
            1.0384761318372318,
            1.0306252923365586,
            1.0228603681705941,
            1.0152743627517313,
            1.0079480746359595,
            1.0009472461642537,
            0.9943224567451311,
            0.988110789230367,
            0.9823390658038955,
            0.9770267445486072,
            0.9721885305334002
        ],
        "imag": [
            0.11922075513395772,
            0.14917966183636744,
            0.17936970449220296,
            0.20984164535461136,
            0.240548966463464,
            0.27132866838282066,
            0.301902712667768,
            0.3319228708689144,
            0.36101389997754024,
            0.38882563050116475,
            0.4150750726163899,
            0.4395770546759989,
            0.462265247922914,
            0.48319224152620416,
            0.5025109983952502,
            0.5204427518284896,
            0.5372321625550983,
            0.5531075741715143,
            0.5682477963780936,
            0.5827629317459844,
            0.5966899212652632,
            0.6099996115944477,
            0.6226115561869049,
            0.634413318062168,
            0.6452805381732077,
            0.6550962138802158,
            0.6637663116711608,
            0.6712303904097735,
            0.6774660355473516,
            0.6824864403738589,
            0.6863322061170946,
            0.6890591564530851,
            0.690724390744618,
            0.6913735041532927,
            0.6910311055908538,
            0.6896958850421553,
            0.6873408241294127,
            0.6839182506121266,
            0.6793686478417011,
            0.6736320871303046,
            0.6666605887180743,
            0.6584298713644496,
            0.648948908421932,
            0.6382659697020562,
            0.6264702231193262,
            0.6136884553785366,
            0.6000770935654163,
            0.5858104041829347,
            0.5710663963662824,
            0.5560124185614277,
            0.5407925430987085,
            0.5255185167091535,
            0.5102653778690077,
            0.49507196719732666,
            0.4799457861721465,
            0.464870983756866,
            0.4498179956420419,
            0.4347532992526215,
            0.4196480321595622,
            0.40448467554143314,
            0.38926142570198263,
            0.37399428436538357,
            0.3587172971552273,
            0.3434811409495282,
            0.32835026197884354,
            0.3133988303852962,
            0.2987055569995528,
            0.2843479480107411,
            0.27039609445319435,
            0.2569077777974762,
            0.24392427528890803,
            0.2314689456447626,
            0.2195474556826593,
            0.20815074521004073,
            0.19725923996607106,
            0.18684872537541747,
            0.17689637278014977,
            0.16738678147726935,
            0.15831690919434688,
            0.14969960822503764,
            0.14156475268970117,
            0.13395809246611132,
            0.1269369140237523,
            0.12056411079694776,
            0.11490016055876887,
            0.10999501626030599,
            0.10588145827876522,
            0.10257054489576661,
            0.10005034045417381,
            0.09828800255712454,
            0.09723420100347394,
            0.09682896273788107,
            0.0970072625744556,
            0.09770369944911868,
            0.09885493147664759,
            0.10040068808359247,
            0.10228336671343731
        ]
    },
    "CPU_time": {
        "derivatives": 0.19723105430603027,
        "buildingVn": 41.51296377182007,
        "assembling_C": 0,