{
    "geometry1": "new_broken_cubic",
    "geometry2": "small",
    "ope": "b2p_tang_ipp",
    "lc": 0.015,
    "dimP": 2,
    "dimQ": 2,
    "N": 49,
    "f0": 1000,
    "BSP": true,
    "frequencies": [
        80,
        100,
        120,
        140,
        160,
        180,
        200,
        220,
        240,
        260,
        280,
        300,
        320,
        340,
        360,
        380,
        400,
        420,
        440,
        460,
        480,
        500,
        520,
        540,
        560,
        580,
        600,
        620,
        640,
        660,
        680,
        700,
        720,
        740,
        760,
        780,
        800,
        820,
        840,
        860,
        880,
        900,
        920,
        940,
        960,
        980,
        1000,
        1020,
        1040,
        1060,
        1080,
        1100,
        1120,
        1140,
        1160,
        1180,
        1200,
        1220,
        1240,
        1260,
        1280,
        1300,
        1320,
        1340,
        1360,
        1380,
        1400,
        1420,
        1440,
        1460,
        1480,
        1500,
        1520,
        1540,
        1560,
        1580,
        1600,
        1620,
        1640,
        1660,
        1680,
        1700,
        1720,
        1740,
        1760,
        1780,
        1800,
        1820,
        1840,
        1860,
        1880,
        1900,
        1920,
        1940,
        1960,
        1980,
        2000
    ],
    "Z_center": {
        "real": [
            0.01493154562310772,
            0.021859063869822257,
            0.029991114638958243,
            0.039246318407722254,
            0.04951850479203913,
            0.06068655256624371,
            0.07262707786426263,
            0.08522649839995662,
            0.09838978264323821,
            0.11204488191857506,
            0.12614330536218438,
            0.14065802422441015,
            0.15557996528322623,
            0.17091407734545924,
            0.18667559009781545,
            0.20288677178654205,
            0.21957427694589793,
            0.23676705187810937,
            0.25449470931521545,
            0.27278626912237763,
            0.29166916926797853,
            0.31116846774171275,
            0.33130617438602095,
            0.352100668281199,
            0.37356617014767696,
            0.3957122501429453,
            0.418543359836982,
            0.44205838358969507,
            0.46625020951732127,
            0.49110532410953567,
            0.5166034376143779,
            0.5427171497165154,
            0.5694116668755063,
            0.5966445840032413,
            0.6243657439150018,
            0.6525171881631389,
            0.6810332123970007,
            0.7098405382492555,
            0.7388586118963465,
            0.7680000368787406,
            0.797171145526508,
            0.8262727094953067,
            0.8552007855918081,
            0.8838476884295521,
            0.9121030767008538,
            0.9398551352182243,
            0.9669918306221091,
            0.9934022150134755,
            1.0189777489953415,
            1.043613613872613,
            1.0672099822214753,
            1.0896732167500005,
            1.1109169693348655,
            1.1308631552423654,
            1.1494427816669373,
            1.1665966146270415,
            1.1822756736821844,
            1.1964415495849374,
            1.2090665455717728,
            1.2201336482528284,
            1.2296363387504947,
            1.2375782586796955,
            1.243972748631405,
            1.2488422789566374,
            1.252217793846708,
            1.2541379900171263,
            1.2546485508150464,
            1.2538013554123921,
            1.2516536810506655,
            1.2482674142208063,
            1.243708284335831,
            1.238045131013255,
            1.2313492136488016,
            1.2236935696234825,
            1.2151524253190151,
            1.2058006621695678,
            1.1957133382871334,
            1.1849652647752775,
            1.1736306346905936,
            1.161782701716718,
            1.1494935049578803,
            1.1368336358152464,
            1.1238720426543791,
            1.1106758688734422,
            1.0973103200161183,
            1.0838385557097607,
            1.0703216024289461,
            1.0568182833630706,
            1.043385161987608,
            1.0300764962868034,
            1.0169442009384766,
            1.0040378151408,
            0.9914044741258438,
            0.9790888827640861,
            0.9671332900081612,
            0.9555774632551968,
            0.944458662016997
        ],
        "imag": [
            0.12195737390060384,
            0.15123703269638708,
            0.17982995256784362,
            0.20764228541286178,
            0.23461025220076825,
            0.2607025716961232,
            0.2859198763591732,
            0.3102906076347384,
            0.33386392415373156,
            0.35670129746599755,
            0.3788685446101229,
            0.40042941189037795,
            0.4214410881544886,
            0.4419515102885906,
            0.46199807801910936,
            0.48160734649995535,
            0.5007953221883201,
            0.5195680819908133,
            0.537922528777729,
            0.5558471715057067,
            0.5733228719246383,
            0.5903235348741731,
            0.6068167401562151,
            0.6227643253765625,
            0.6381229345015285,
            0.6528445486430827,
            0.6668770153468924,
            0.6801645913456721,
            0.6926485118745914,
            0.7042675974668056,
            0.7149589067622104,
            0.7246584412947211,
            0.7333019054777408,
            0.7408255220686369,
            0.747166900294605,
            0.7522659505804811,
            0.7560658365186609,
            0.7585139514476589,
            0.7595629038885345,
            0.7591714932717626,
            0.7573056550309069,
            0.7539393524094136,
            0.7490553913756213,
            0.742646135003181,
            0.7347140946410529,
            0.7252723772200224,
            0.7143449710989931,
            0.7019668568733431,
            0.6881839343946028,
            0.6730527626864682,
            0.6566401152244413,
            0.6390223588907873,
            0.6202846705185573,
            0.6005201100084152,
            0.5798285732782633,
            0.5583156515804536,
            0.5360914258519706,
            0.513269225676325,
            0.4899643821477046,
            0.46629300250843364,
            0.4423707920288847,
            0.4183119453990309,
            0.3942281261211398,
            0.37022754826668025,
            0.34641417070851444,
            0.3228870097709099,
            0.29973957233034954,
            0.2770594078866631,
            0.25492777510686265,
            0.2334194158802416,
            0.2126024280334254,
            0.192538226529662,
            0.17328158217650988,
            0.154880726541151,
            0.1373775118513507,
            0.1208076150698112,
            0.10520077600008278,
            0.09058106013806966,
            0.07696713796395382,
            0.06437257341631557,
            0.05280611535727707,
            0.042271986886740665,
            0.032770168365724064,
            0.02429667094146309,
            0.016843798219768644,
            0.010400394490534603,
            0.0049520785811897365,
            0.00048146298982765804,
            -0.0030316415645251474,
            -0.0056100356319282105,
            -0.007278953694346807,
            -0.008065898878204544,
            -0.008000488402183448,
            -0.007114308311430239,
            -0.005440775967462544,
            -0.0030150087243369034,
            0.00012630277329686687
        ]
    },
    "CPU_time": {
        "derivatives": 0.06847167015075684,
        "buildingVn": 5.494922161102295,