{
    "geometry1": "new_broken_cubic",
    "geometry2": "small",
    "ope": "b2p_tang_ipp",
    "lc": 0.015,
    "dimP": 2,
    "dimQ": 2,
    "N": 65,
    "f0": 1000,
    "BSP": true,
    "frequencies": [
        80,
        100,
        120,
        140,
        160,
        180,
        200,
        220,
        240,
        260,
        280,
        300,
        320,
        340,
        360,
        380,
        400,
        420,
        440,
        460,
        480,
        500,
        520,
        540,
        560,
        580,
        600,
        620,
        640,
        660,
        680,
        700,
        720,
        740,
        760,
        780,
        800,
        820,
        840,
        860,
        880,
        900,
        920,
        940,
        960,
        980,
        1000,
        1020,
        1040,
        1060,
        1080,
        1100,
        1120,
        1140,
        1160,
        1180,
        1200,
        1220,
        1240,
        1260,
        1280,
        1300,
        1320,
        1340,
        1360,
        1380,
        1400,
        1420,
        1440,
        1460,
        1480,
        1500,
        1520,
        1540,
        1560,
        1580,
        1600,
        1620,
        1640,
        1660,
        1680,
        1700,
        1720,
        1740,
        1760,
        1780,
        1800,
        1820,
        1840,
        1860,
        1880,
        1900,
        1920,
        1940,
        1960,
        1980,
        2000
    ],
    "Z_center": {
        "real": [
            0.012402534575055432,
            0.019708024270921987,
            0.028338357970191873,
            0.03813161641214444,
            0.04892370699882661,
            0.060553162336522665,
            0.07287263425204145,
            0.08575856433023389,
            0.09911660769661464,
            0.11288266818343685,
            0.12702051904296108,
            0.14151736966660752,
            0.15637863933079324,
            0.17162285531821908,
            0.1872772019682101,
            0.20337392584332586,
            0.21994759033356148,
            0.23703306188351134,
            0.2546640709247211,
            0.27287219378901667,
            0.29168612488037526,
            0.3111311371550597,
            0.33122865622908365,
            0.35199589627214206,
            0.37344552370991374,
            0.39558532819664827,
            0.41841789024137044,
            0.44194024216979877,
            0.466143524517567,
            0.4910126440367501,
            0.5165259426342492,
            0.5426548889744144,
            0.56936380631469,
            0.5966096514358548,
            0.6243418602778573,
            0.6525022760607961,
            0.6810251751985464,
            0.7098374051519766,
            0.7388586464672126,
            0.7680018085997743,
            0.7971735657486805,
            0.8262750348898945,
            0.8552025936176779,
            0.8838488304517919,
            0.9121036151472469,
            0.9398552715187014,
            0.9669918306221468,
            0.993402338102994,
            1.018978186382363,
            1.043614440322414,
            1.0672111242565303,
            1.0896744388629644,
            1.1109178783124387,
            1.130863221331876,
            1.149441374135204,
            1.166593048336025,
            1.1822692626870106,
            1.1964316634725072,
            1.2090526642982737,
            1.2201154115751365,
            1.2296135869328109,
            1.2375510619264678,
            1.2439414235799673,
            1.2488073914855806,
            1.2521801483500323,
            1.254098606102231,
            1.254608629062229,
            1.2537622343507142,
            1.2516167878485267,
            1.2482342117583172,
            1.2436802173269745,
            1.238023573703262,
            1.2313354213490615,
            1.2236886359933494,
            1.215157246889407,
            1.2058159111608824,
            1.1957394443232499,
            1.1850024056660484,
            1.1736787360607979,
            1.161841444915602,
            1.149562342397996,
            1.1369118126704414,
            1.1239586236916825,
            1.1107697691052085,
            1.0974103378285998,
            1.0839434071512404,
            1.070429955413914,
            1.0569287906617117,
            1.043496492014908,
            1.0301873608731171,
            1.017053379445267,
            1.0041441744743527,
            0.9915069843903922,
            0.9791866284768631,
            0.9672254769681684,
            0.9556634213078705,
            0.944537844087136
        ],
        "imag": [
            0.12356554218817917,
            0.15322226288948912,
            0.18200636183297214,
            0.20985910282501755,
            0.2367425111759665,
            0.2626521632444238,
            0.287617698769881,
            0.31169630319450337,
            0.334962974722848,
            0.3575004121038703,
            0.3793903568272855,
            0.400707250277168,
            0.4215143020946531,
            0.441861601876193,
            0.461785720765895,
            0.48131025655042253,
            0.5004468808458847,
            0.5191965787260445,
            0.5375508896750183,
            0.5554930487014518,
            0.5729989870388329,
            0.5900381886526038,
            0.606574418713309,
            0.6225663493174262,
            0.6379681104763942,
            0.6527297936756156,
            0.666797932923739,
            0.6801159851200793,
            0.6926248282940811,
            0.7042632929747272,
            0.7149687386967031,
            0.724677684407673,
            0.7333264982481027,
            0.7408521488000477,
            0.7471930164120685,
            0.752289759620454,
            0.7560862280460153,
            0.7585304095410798,
            0.7595753959018703,
            0.7591803483029854,
            0.757311440918944,
            0.7539427591439315,
            0.7490571275837358,
            0.7426468427144687,
            0.7347142859031958,
            0.725272394415103,
            0.7143449710990408,
            0.7019668175585093,
            0.6881836806443005,
            0.6730520078135046,
            0.656638513029647,
            0.6390195610992537,
            0.6202803843383228,
            0.6005141509029521,
            0.5798209087216214,
            0.5583064325004446,
            0.536081003574079,
            0.5132581533683762,
            0.4899534009387739,
            0.4662830135304671,
            0.44236281653521353,
            0.4183070758031009,
            0.39422747123922813,
            0.37023217623367777,
            0.34642505298188314,
            0.3229049693671652,
            0.29976523899870017,
            0.27709318235793323,
            0.25496980391469604,
            0.2334695775849553,
            0.21266033102810925,
            0.1926032180113541,
            0.17335276734813093,
            0.1549569966941721,
            0.1374575796697772,
            0.12089005530226245,
            0.10528406955813195,
            0.09066363968940598,
            0.07704743318627265,
            0.06444905424333139,
            0.05287733177091908,
            0.04233660406684295,
            0.03282699629146258,
            0.024344687827091087,
            0.016882167452148687,
            0.010428475006167167,
            0.004969428865758503,
            0.00048783909836644574,
            -0.0030362933879924804,
            -0.005625591015042898,
            -0.007305126054198724,
            -0.008102258310451884,
            -0.008046482629614974,
            -0.007169284791568966,
            -0.005504004299984465,
            -0.003085702570830963,
            4.896495143062753e-05
        ]
    },
    "CPU_time": {
        "derivatives": 0.06865191459655762,
        "buildingVn": 7.136173725128174,
        "assembling_C": 0,