{
    "geometry1": "new_broken_cubic",
    "geometry2": "large",
    "ope": "b2p_tang_ipp",
    "lc": 0.015,
    "dimP": 2,
    "dimQ": 2,
    "N": 23,
    "f0": 1000,
    "BSP": true,
    "frequencies": [
        80,
        100,
        120,
        140,
        160,
        180,
        200,
        220,
        240,
        260,
        280,
        300,
        320,
        340,
        360,
        380,
        400,
        420,
        440,
        460,
        480,
        500,
        520,
        540,
        560,
        580,
        600,
        620,
        640,
        660,
        680,
        700,
        720,
        740,
        760,
        780,
        800,
        820,
        840,
        860,
        880,
        900,
        920,
        940,
        960,
        980,
        1000,
        1020,
        1040,
        1060,
        1080,
        1100,
        1120,
        1140,
        1160,
        1180,
        1200,
        1220,
        1240,
        1260,
        1280,
        1300,
        1320,
        1340,
        1360,
        1380,
        1400,
        1420,
        1440,
        1460,
        1480,
        1500,
        1520,
        1540,
        1560,
        1580,
        1600,
        1620,
        1640,
        1660,
        1680,
        1700,
        1720,
        1740,
        1760,
        1780,
        1800,
        1820,
        1840,
        1860,
        1880,
        1900,
        1920,
        1940,
        1960,
        1980,
        2000
    ],
    "Z_center": {
        "real": [
            0.00017403752233757024,
            0.002548194549489278,
            0.004356202989980304,
            0.006698420106962007,
            0.01736876988543694,
            0.043256012798204735,
            0.06243731667414497,
            0.0765087040149214,
            0.09141481359729833,
            0.10821246123654042,
            0.12665991177579955,
            0.14631707062570784,
            0.16681225104919636,
            0.18789076273445646,
            0.20938873866694405,
            0.2311931888912243,
            0.2532184521173584,
            0.27540492352071605,
            0.29773068783495726,
            0.32022212674718153,
            0.3429530816245784,
            0.36602934374661805,
            0.38956201174282223,
            0.41363720978023993,
            0.438290419172926,
            0.46349203583155907,
            0.4891476778080872,
            0.5151129776959718,
            0.5412188841010181,
            0.5673008548498429,
            0.59322464049287,
            0.6189028601502955,
            0.6442995990692221,
            0.6694235905005327,
            0.6943130558329761,
            0.7190164111280553,
            0.7435728969025516,
            0.7679962396844577,
            0.7922632628314153,
            0.816308325941667,
            0.8400237510278411,
            0.8632659512611289,
            0.8858666479439102,
            0.907648147971585,
            0.9284410544028028,
            0.948102090937237,
            0.9665292349434934,
            0.9836714306018735,
            0.999530977649085,
            1.0141581146848662,
            1.02763890786287,
            1.0400788253021596,
            1.0515850113165113,
            1.062250234582347,
            1.0721409407388764,
            1.0812910235853064,
            1.0897020121071033,
            1.0973494315189167,
            1.1041941646948128,
            1.110196773719521,
            1.1153320801071782,
            1.1196010542342048,
            1.1230374135831849,
            1.1257073117079468,
            1.1277019298311517,
            1.1291242958546612,
            1.130072858016874,
            1.1306249758718416,
            1.1308235055596836,
            1.1306691245128455,
            1.1301200310081256,
            1.1290991755661945,
            1.1275073200538481,
            1.1252383983347893,
            1.1221927283076116,
            1.1182845129807857,
            1.1134429219390387,
            1.1076096856622615,
            1.1007385080994294,
            1.0928011564949802,
            1.0838019250473196,
            1.0737979460789089,
            1.0629196002553203,
            1.0513843704490635,
            1.0394990144715441,
            1.0276480562231927,
            1.0162700307080992,
            1.0058254889203797,
            0.996761801406374,
            0.9894792769723366,
            0.9843015485869798,
            0.9814513129404986,
            0.9810310045719838,
            0.9830072442447819,
            0.9871980510463346,
            0.9932627680359177,
            1.000696205331834
        ],
        "imag": [
            0.10167934398644908,
            0.13445006976348595,
            0.1682978637565811,
            0.2064554048295895,
            0.2515157994373565,
            0.28699248560339813,
            0.3097979266087537,
            0.3346141538598421,
            0.3612213937412308,
            0.38772415348716893,
            0.41316282400552806,
            0.4371762177895263,
            0.45970643647369924,
            0.48082090540620925,
            0.5006184516905495,
            0.5191972879665523,
            0.5366569838418647,
            0.5531073814981529,
            0.5686675069237941,
            0.5834503478879524,
            0.5975391933685049,
            0.6109654216030933,
            0.623696525508451,
            0.6356389703911779,
            0.6466556077313289,
            0.6565933565451341,
            0.665314339701145,
            0.6727228919824747,
            0.6787820144378263,
            0.6835157741161992,
            0.6869980309964092,
            0.6893314125742852,
            0.6906224722174624,
            0.6909589978082115,
            0.690393866774904,
            0.6889375547549652,
            0.6865592702399762,
            0.683195226373774,
            0.6787618762605646,
            0.6731718443367877,
            0.6663504897976149,
            0.6582512783980403,
            0.6488682783683262,
            0.638244164966668,
            0.6264723017333013,
            0.6136920035066807,
            0.6000770935646762,
            0.585819193122574,
            0.5711084166623389,
            0.5561148234718867,
            0.5409738278807457,
            0.5257778681697114,
            0.5105753125478701,
            0.495376240409182,
            0.48016366312804903,
            0.46490804635368654,
            0.44958264182253593,
            0.4341770777677192,
            0.41870688403221384,
            0.4032171844170034,
            0.38777971112223764,
            0.37248352424417114,
            0.35742113904454287,
            0.34267283843739565,
            0.3282924457839368,
            0.31429758363411886,
            0.3006665233199586,
            0.28734240700750346,
            0.2742442078372143,
            0.2612825047790048,
            0.24837711378912095,
            0.23547299920746845,
            0.22255101179368558,
            0.20963125086316808,
            0.19676927925300086,
            0.18404828546090213,
            0.1715720875844398,
            0.1594632321397488,
            0.1478672816435881,
            0.1369602840412025,
            0.12695363091672593,
            0.11809049206892538,
            0.11063064492087923,
            0.10482445348263496,
            0.1008803114083681,
            0.09893179700649667,
            0.099010648918929,
            0.1010298187030408,
            0.10477818257240723,
            0.10992600631987218,
            0.11603869134971669,
            0.12259595353155281,
            0.12901423274386528,
            0.134671376044244,
            0.1389339937356308,
            0.14118891716846813,
            0.14088052728794379
        ]
    },
    "CPU_time": {
        "derivatives": 0.19457602500915527,
        "buildingVn": 30.024269104003906,
        "assembling_C": 0,