{
    "geometry1": "new_broken_cubic",
    "geometry2": "small",
    "ope": "b2p_tang_ipp",
    "lc": 0.015,
    "dimP": 2,
    "dimQ": 2,
    "N": 35,
    "f0": 1000,
    "BSP": true,
    "frequencies": [
        80,
        100,
        120,
        140,
        160,
        180,
        200,
        220,
        240,
        260,
        280,
        300,
        320,
        340,
        360,
        380,
        400,
        420,
        440,
        460,
        480,
        500,
        520,
        540,
        560,
        580,
        600,
        620,
        640,
        660,
        680,
        700,
        720,
        740,
        760,
        780,
        800,
        820,
        840,
        860,
        880,
        900,
        920,
        940,
        960,
        980,
        1000,
        1020,
        1040,
        1060,
        1080,
        1100,
        1120,
        1140,
        1160,
        1180,
        1200,
        1220,
        1240,
        1260,
        1280,
        1300,
        1320,
        1340,
        1360,
        1380,
        1400,
        1420,
        1440,
        1460,
        1480,
        1500,
        1520,
        1540,
        1560,
        1580,
        1600,
        1620,
        1640,
        1660,
        1680,
        1700,
        1720,
        1740,
        1760,
        1780,
        1800,
        1820,
        1840,
        1860,
        1880,
        1900,
        1920,
        1940,
        1960,
        1980,
        2000
    ],
    "Z_center": {
        "real": [
            0.012049340826634692,
            0.01900033226156044,
            0.027403996993370632,
            0.037134081307937904,
            0.048038787184475004,
            0.05995157013864631,
            0.07270245282920133,
            0.08612908536348747,
            0.10008667441855697,
            0.11445586681537054,
            0.12914785360076136,
            0.14410633605226822,
            0.1593064643772121,
            0.17475128962170414,
            0.19046654632288337,
            0.2064946586407355,
            0.222888758803307,
            0.2397072925617832,
            0.2570095402925941,
            0.27485216454484307,
            0.29328673654047727,
            0.3123581011004635,
            0.3321034013415871,
            0.3525515845978067,
            0.3737232330676647,
            0.3956305940353424,
            0.41827771691917337,
            0.44166063338566347,
            0.46576754052009683,
            0.49057896536628504,
            0.5160679026559011,
            0.542199927149146,
            0.5689332886051602,
            0.5962190017595007,
            0.6240009463842608,
            0.652215993947243,
            0.6807941778312019,
            0.7096589236696221,
            0.7387273551863625,
            0.7679106890331308,
            0.7971147295353509,
            0.8262404710225986,
            0.855184811604609,
            0.8838413779595394,
            0.9121014560709901,
            0.9398550180701758,
            0.9669918306220628,
            0.9934026258847162,
            1.0189803122100016,
            1.0436211986828245,
            1.067226205516909,
            1.089702031399147,
            1.110962249190367,
            1.1309283029707928,
            1.1495303821988834,
            1.1667081525952268,
            1.1824113280616637,
            1.1966000732439956,
            1.2092452319493325,
            1.2203283822413238,
            1.2298417243690176,
            1.2377878124840616,
            1.2441791451625062,
            1.2490376329289927,
            1.25239396319989,
            1.2542868843047839,
            1.2547624305555152,
            1.25387310979339,
            1.2516770735912537,
            1.2482372884573358,
            1.2436207241443162,
            1.2378975726637518,
            1.2311405089844245,
            1.2234240017831748,
            1.2148236801182017,
            1.2054157595910027,
            1.195276529507446,
            1.1844819007782295,
            1.173107012824615,
            1.161225896581356,
            1.1489111897948387,
            1.136233900184971,
            1.1232632116403494,
            1.1100663284197472,
            1.0967083523050407,
            1.0832521877623154,
            1.0697584703865273,
            1.0562855142081933,
            1.0428892738029913,
            1.0296233175481975,
            1.016538808797232,
            1.0036844921826429,
            0.9911066826973757,
            0.9788492556371542,
            0.9669536359056162,
            0.9554587855849406,
            0.9444011890536338
        ],
        "imag": [
            0.12427605470651643,
            0.1543774971306434,
            0.18372220969542533,
            0.21216557879165837,
            0.2396057734962024,
            0.26598615501088574,
            0.2912932705478682,
            0.3155522938625713,
            0.3388207420341117,
            0.3611807588354288,
            0.38273032711788246,
            0.40357408945060386,
            0.42381466382124544,
            0.4435452921661308,
            0.46284438986108895,
            0.4817721981965328,
            0.500369404935746,
            0.5186573686801859,
            0.5366394820325797,
            0.5543032154593778,
            0.5716224585234224,
            0.5885598782441609,
            0.6050691167255021,
            0.6210967355921958,
            0.6365838774487089,
            0.6514676554069215,
            0.6656823048480367,
            0.6791601419037963,
            0.691832375118574,
            0.703629813815118,
            0.7144835112273147,
            0.7243253739812755,
            0.7330887628594902,
            0.7407091033871308,
            0.7471245188027561,
            0.7522764924358473,
            0.75611056138897,
            0.7585770386795546,
            0.7596317566253784,
            0.759236820291516,
            0.7573613563125644,
            0.7539822394646208,
            0.7490847770971816,
            0.7426633300725488,
            0.734721848312965,
            0.7252742995140659,
            0.714344971098996,
            0.7019686280609246,
            0.6881905129100625,
            0.6730661783799956,
            0.6566611486688415,
            0.6390504105516783,
            0.6203177414190636,
            0.6005548868710253,
            0.579860605625718,
            0.558339603907292,
            0.5361013849324588,
            0.5132590414423385,
            0.48992802034068184,
            0.46622488837628984,
            0.4422661265163016,
            0.4181669783212947,
            0.3940403744431968,
            0.3699959515380766,
            0.34613917966337976,
            0.3225706078471015,
            0.29938523319957844,
            0.2766719948778954,
            0.25451339056391314,
            0.2329852099876633,
            0.21215637748791558,
            0.1920888936757462,
            0.1728378649456398,
            0.1544516088242065,
            0.1369718228982792,
            0.12043380524886617,
            0.10486671485743222,
            0.09029386125858078,
            0.07673301371782913,
            0.06419672134013578,
            0.0526926367015278,
            0.04222383679459332,
            0.032789136245349675,
            0.024383388862621556,
            0.016997774603003668,
            0.010620069955559867,
            0.00523490056944063,
            0.0008239756560087865,
            -0.002633695697746561,
            -0.005161605664974087,
            -0.0067855652164177235,
            -0.007533536690690882,
            -0.007435479787497541,
            -0.00652320920436617,
            -0.0048302620329861755,
            -0.0023917729838439186,
            0.0007556444870127953
        ]
    },
    "CPU_time": {
        "derivatives": 0.07623600959777832,
        "buildingVn": 4.665385007858276,
        "assembling_C": 0,