{
    "geometry1": "new_broken_cubic",
    "geometry2": "small",
    "ope": "b2p_tang_ipp",
    "lc": 0.015,
    "dimP": 2,
    "dimQ": 2,
    "N": 41,
    "f0": 1000,
    "BSP": true,
    "frequencies": [
        80,
        100,
        120,
        140,
        160,
        180,
        200,
        220,
        240,
        260,
        280,
        300,
        320,
        340,
        360,
        380,
        400,
        420,
        440,
        460,
        480,
        500,
        520,
        540,
        560,
        580,
        600,
        620,
        640,
        660,
        680,
        700,
        720,
        740,
        760,
        780,
        800,
        820,
        840,
        860,
        880,
        900,
        920,
        940,
        960,
        980,
        1000,
        1020,
        1040,
        1060,
        1080,
        1100,
        1120,
        1140,
        1160,
        1180,
        1200,
        1220,
        1240,
        1260,
        1280,
        1300,
        1320,
        1340,
        1360,
        1380,
        1400,
        1420,
        1440,
        1460,
        1480,
        1500,
        1520,
        1540,
        1560,
        1580,
        1600,
        1620,
        1640,
        1660,
        1680,
        1700,
        1720,
        1740,
        1760,
        1780,
        1800,
        1820,
        1840,
        1860,
        1880,
        1900,
        1920,
        1940,
        1960,
        1980,
        2000
    ],
    "Z_center": {
        "real": [
            0.012931616651038149,
            0.019305078466838328,
            0.027156266190123752,
            0.03641479986438764,
            0.04693530926705378,
            0.05854437605021731,
            0.07106663142423515,
            0.084337497952355,
            0.09821113450282788,
            0.11256649596187693,
            0.12731126612116925,
            0.1423831211452765,
            0.15774841250471414,
            0.1733988733802755,
            0.1893471380364219,
            0.20562180690936133,
            0.22226261617710552,
            0.23931607005291852,
            0.256831717611665,
            0.27485912413232105,
            0.2934455015848913,
            0.31263391644664185,
            0.3324619748722925,
            0.3529608852382347,
            0.3741548082015632,
            0.3960604190276832,
            0.418686622527277,
            0.44203437555701397,
            0.466096584791754,
            0.4908580581203982,
            0.5162954966490128,
            0.5423775211482704,
            0.5690647321298037,
            0.5963098068215513,
            0.6240576393215022,
            0.652245532281451,
            0.6808034496869256,
            0.7096543407089441,
            0.7387145442351754,
            0.7678942825626184,
            0.7970982508860923,
            0.826226306692631,
            0.8551742600523944,
            0.8838347621950478,
            0.9120982858233723,
            0.9398541865267522,
            0.966991830622063,
            0.9934017709936834,
            1.0189769492517122,
            1.043613899991014,
            1.067213931293638,
            1.089684255008194,
            1.1109390408389723,
            1.130900369894276,
            1.1494990660151956,
            1.1666753868069926,
            1.1823795606383005,
            1.1965721607280886,
            1.20922431254948,
            1.220317735880437,
            1.2298446276689285,
            1.2378073962352216,
            1.2442182610220482,
            1.2490987350018432,
            1.2524790088833917,
            1.2543972574154294,
            1.2548988883955148,
            1.2540357545361498,
            1.2518653472258185,
            1.2484499895787413,
            1.2438560441344886,
            1.2381531482821613,
            1.2314134880763115,
            1.2237111186955734,
            1.215121337466451,
            1.2057201132092075,
            1.195583573714373,
            1.1847875514610917,
            1.1734071862602815,
            1.1615165823468105,
            1.1491885165495497,
            1.1364941935138673,
            1.1235030435178235,
            1.1102825581822564,
            1.0968981592971243,
            1.0834130960450594,
            1.0698883660713994,
            1.0563826561020981,
            1.0429522981284187,
            1.0296512375382898,
            1.0165310099665976,
            1.0036407240442413,
            0.9910270476412016,
            0.9787341956117077,
            0.9668039174549273,
            0.9552754836957673,
            0.9441856701648318
        ],
        "imag": [
            0.12159502219530692,
            0.15134848736152878,
            0.1806010852962976,
            0.20913337943603935,
            0.2367858792674182,
            0.2634645537691674,
            0.2891295602648848,
            0.3137840925692641,
            0.33746576189855715,
            0.36023842189615124,
            0.38218339348614405,
            0.4033905248476377,
            0.4239500071806177,
            0.4439456758655413,
            0.46345013191315076,
            0.4825216695636365,
            0.5012027713964466,
            0.5195198295300766,
            0.5374837382841616,
            0.5550910438704113,
            0.5723254007179691,
            0.5891591519570512,
            0.6055549122076324,
            0.6214670794387771,
            0.6368432386372068,
            0.6516254448222093,
            0.6657513888182982,
            0.6791554584616886,
            0.6917697125302481,
            0.7035247861955393,
            0.714350746292183,
            0.7241779129442117,
            0.7329376615629596,
            0.740563216233922,
            0.7469904422328403,
            0.7521586419606041,
            0.7560113550589203,
            0.7584971599353875,
            0.7595704704842657,
            0.7591923185334004,
            0.7573311096045219,
            0.7539633370691975,
            0.7490742378572062,
            0.7426583716539401,
            0.7347201051272605,
            0.7252739832321173,
            0.714344971098971,
            0.7019685524141436,
            0.6881906734807075,
            0.6730675261912481,
            0.6566651677704483,
            0.6390589801371545,
            0.6203329768387893,
            0.6005789704561025,
            0.5798956178983632,
            0.5583873648672458,
            0.536163313758566,
            0.5133360412537049,
            0.4900203927426368,
            0.46633228051219056,
            0.4423875113797567,
            0.41830066727093024,
            0.39418405929345574,
            0.3701467723434093,
            0.34629381340519494,
            0.3227253726838135,
            0.2995362027383206,
            0.2768151170347735,
            0.2546446059496525,
            0.23310056533163867,
            0.21225213033001056,
            0.19216160535602553,
            0.1728844797488417,
            0.15446951794347138,
            0.1369589126317073,
            0.12038848950807214,
            0.10478795262608741,
            0.09018116008905588,
            0.07658642068738984,
            0.06401680311331395,
            0.05248045046979529,
            0.041980893901076066,
            0.03251736026406806,
            0.024085069805003374,
            0.016675520780581505,
            0.010276758854185459,
            0.0048736298949318725,
            0.00044801550836365007,
            -0.003020948768022219,
            -0.005556672161370803,
            -0.00718492338703781,
            -0.00793366019588801,
            -0.007832872279725189,
            -0.006914435877113485,
            -0.005211978292597171,
            -0.0027607504715304186,
            0.0004024942476169485
        ]
    },
    "CPU_time": {
        "derivatives": 0.06890225410461426,
        "buildingVn": 4.759728193283081,