{
    "geometry1": "new_broken_cubic",
    "geometry2": "large",
    "ope": "b2p_tang_ipp",
    "lc": 0.015,
    "dimP": 2,
    "dimQ": 2,
    "N": 30,
    "f0": 1000,
    "BSP": true,
    "frequencies": [
        80,
        100,
        120,
        140,
        160,
        180,
        200,
        220,
        240,
        260,
        280,
        300,
        320,
        340,
        360,
        380,
        400,
        420,
        440,
        460,
        480,
        500,
        520,
        540,
        560,
        580,
        600,
        620,
        640,
        660,
        680,
        700,
        720,
        740,
        760,
        780,
        800,
        820,
        840,
        860,
        880,
        900,
        920,
        940,
        960,
        980,
        1000,
        1020,
        1040,
        1060,
        1080,
        1100,
        1120,
        1140,
        1160,
        1180,
        1200,
        1220,
        1240,
        1260,
        1280,
        1300,
        1320,
        1340,
        1360,
        1380,
        1400,
        1420,
        1440,
        1460,
        1480,
        1500,
        1520,
        1540,
        1560,
        1580,
        1600,
        1620,
        1640,
        1660,
        1680,
        1700,
        1720,
        1740,
        1760,
        1780,
        1800,
        1820,
        1840,
        1860,
        1880,
        1900,
        1920,
        1940,
        1960,
        1980,
        2000
    ],
    "Z_center": {
        "real": [
            0.004485184810885764,
            0.007444837454810178,
            0.012290592356870233,
            0.019299001395056335,
            0.02899123115565741,
            0.04078912030128157,
            0.05452957164815137,
            0.07002454040263595,
            0.08705973636136954,
            0.10546894018819752,
            0.12510237793712173,
            0.1457738952035202,
            0.167239576305675,
            0.18921494652205498,
            0.21141914578976265,
            0.2336273206324842,
            0.2557115117708987,
            0.27765640974903744,
            0.2995472491176445,
            0.321537106324519,
            0.3438055046222418,
            0.3665191908208867,
            0.38980190947686966,
            0.4137158909581084,
            0.438255116111279,
            0.4633492624989251,
            0.48887680107392895,
            0.5146851432969852,
            0.5406146762884791,
            0.5665223559968465,
            0.5923001269484401,
            0.6178844568028906,
            0.6432555627273658,
            0.6684275532124763,
            0.6934326666661336,
            0.7183035029740915,
            0.743056723561887,
            0.7676806415653453,
            0.7921279598612658,
            0.8163139639334482,
            0.8401198349832901,
            0.8634003619599184,
            0.8859950819105596,
            0.9077416512055615,
            0.9284899859442292,
            0.9481154476143314,
            0.9665292349436646,
            0.9836843584569444,
            0.999576217167232,
            1.0142377756831211,
            1.0277303861633909,
            1.0401320942386194,
            1.0515255974192992,
            1.061987859639038,
            1.071582853644446,
            1.0803581944438523,
            1.0883457084524173,
            1.095565357178699,
            1.1020314489915575,
            1.107759751747588,
            1.112773989586082,
            1.1171103017810249,
            1.1208185784537115,
            1.1239601410279099,
            1.1266019173176072,
            1.1288079365317125,
            1.1306294941007229,
            1.1320956032819218,
            1.1332053193959408,
            1.133923221922096,
            1.1341788528865966,
            1.1338703564865529,
            1.1328720753668204,
            1.131045528860078,
            1.128253019609728,
            1.1243729360384724,
            1.1193154249997082,
            1.1130364540699362,
            1.1055477138303167,
            1.0969200048681955,
            1.0872792097378516,
            1.0767963411629742,
            1.0656752337242117,
            1.0541418245043714,
            1.0424372584274701,
            1.0308142533210922,
            1.0195339126709377,
            1.008859608877921,
            0.9990456987241068,
            0.9903208644698301,
            0.9828678309245571,
            0.9768024780596203,
            0.9721558148932032,
            0.9688620810686124,
            0.9667556433839308,
            0.9655784961213646,
            0.9649990543152721
        ],
        "imag": [
            0.11228726527240819,
            0.1404195871634657,
            0.17140202945049865,
            0.20541519404993483,
            0.23941136291070741,
            0.27228674611307296,
            0.303900022316471,
            0.3341282240187151,
            0.3629209097953009,
            0.3902438853971646,
            0.41602769457718497,
            0.44017978506745625,
            0.46263171877049164,
            0.4833868394871692,
            0.5025463473271023,
            0.5203038379304828,
            0.536910721883725,
            0.5526255043332694,
            0.5676640985405818,
            0.5821648562954251,
            0.5961741952983136,
            0.6096513955401129,
            0.6224871105083115,
            0.6345294006805119,
            0.6456121483182892,
            0.6555820213111788,
            0.664320918941739,
            0.6717611190086686,
            0.6778908077452853,
            0.6827489744225995,
            0.686410842969049,
            0.688967344953617,
            0.6905035401347147,
            0.691080731558871,
            0.6907255036741285,
            0.6894268246809349,
            0.687140518344394,
            0.6837992740412798,
            0.6793259519140766,
            0.6736480302942361,
            0.6667113666750382,
            0.6584918043278869,
            0.6490034628599755,
            0.638302811536799,
            0.6264879252973802,
            0.613692778239255,
            0.600077093564855,
            0.5858130594551675,
            0.5710709080361294,
            0.556005666373151,
            0.540747162265191,
            0.5253946507085643,
            0.5100164480696209,
            0.49465400774886403,
            0.47932916279182247,
            0.46405288968327085,
            0.4488338961581728,
            0.4336855342990939,
            0.4186299168507559,
            0.40369861713577115,
            0.3889299181054702,
            0.3743631865977253,
            0.3600314975732035,
            0.3459540117585096,
            0.33212972294386384,
            0.31853399556345313,
            0.30511884326325134,
            0.291817257493977,
            0.27855121917946163,
            0.2652424495773039,
            0.25182457904029165,
            0.2382552831503665,
            0.2245270331942975,
            0.21067532965907992,
            0.19678348061139372,
            0.1829830543626118,
            0.169449179488791,
            0.15639022063677283,
            0.14403236960376206,
            0.13260128083737782,
            0.12230429165419113,
            0.11331690594769402,
            0.10577554200342541,
            0.09977573927718779,
            0.0953726999144113,
            0.09258058138894723,
            0.09136850460122137,
            0.09165375663440715,
            0.09329478157015958,
            0.09608741979286765,
            0.09976741874954906,
            0.10402096757995098,
            0.10850348040284069,
            0.1128654570466865,
            0.11678311834042966,
            0.11999062021975308,
            0.12230997314192081
        ]
    },
    "CPU_time": {
        "derivatives": 0.19254779815673828,
        "buildingVn": 31.94892907142639,
        "assembling_C": 0,