{
    "geometry1": "new_broken_cubic",
    "geometry2": "small",
    "ope": "b2p_tang_ipp",
    "lc": 0.015,
    "dimP": 2,
    "dimQ": 2,
    "N": 78,
    "f0": 1000,
    "BSP": true,
    "frequencies": [
        80,
        100,
        120,
        140,
        160,
        180,
        200,
        220,
        240,
        260,
        280,
        300,
        320,
        340,
        360,
        380,
        400,
        420,
        440,
        460,
        480,
        500,
        520,
        540,
        560,
        580,
        600,
        620,
        640,
        660,
        680,
        700,
        720,
        740,
        760,
        780,
        800,
        820,
        840,
        860,
        880,
        900,
        920,
        940,
        960,
        980,
        1000,
        1020,
        1040,
        1060,
        1080,
        1100,
        1120,
        1140,
        1160,
        1180,
        1200,
        1220,
        1240,
        1260,
        1280,
        1300,
        1320,
        1340,
        1360,
        1380,
        1400,
        1420,
        1440,
        1460,
        1480,
        1500,
        1520,
        1540,
        1560,
        1580,
        1600,
        1620,
        1640,
        1660,
        1680,
        1700,
        1720,
        1740,
        1760,
        1780,
        1800,
        1820,
        1840,
        1860,
        1880,
        1900,
        1920,
        1940,
        1960,
        1980,
        2000
    ],
    "Z_center": {
        "real": [
            0.01370673669590661,
            0.021102326476633338,
            0.029734191496239185,
            0.03943147523255589,
            0.05003447082303739,
            0.06140479800874441,
            0.07342885840876888,
            0.08601776780812292,
            0.09910582517842874,
            0.1126482401958523,
            0.12661840403965757,
            0.14100494174284225,
            0.15580877147865968,
            0.1710403451983157,
            0.1867171770454136,
            0.20286170445205073,
            0.21949948166790606,
            0.23665767736973026,
            0.2543638337150576,
            0.272644839650099,
            0.2915260728539527,
            0.3110306696626047,
            0.33117888883256724,
            0.35198754190210857,
            0.3734694695786943,
            0.3956330496769439,
            0.41848172757440993,
            0.4420135649246519,
            0.4662208065162422,
            0.491089468759252,
            0.5165989563488522,
            0.5427217162336699,
            0.5694229401036994,
            0.5966603281741407,
            0.6243839280533638,
            0.6525360628713596,
            0.6810513625678132,
            0.709856911232388,
            0.7388725216296747,
            0.7680111455121373,
            0.7971794250607542,
            0.8262783868661328,
            0.8552042753931046,
            0.8838495180308551,
            0.9121038088294957,
            0.9398552931153157,
            0.9669918306221622,
            0.9934023108549647,
            1.0189779913623684,
            1.043613827647164,
            1.0672097627566628,
            1.089671945232319,
            1.1109138460753845,
            1.1308572486036477,
            1.1494330893716194,
            1.166582133469411,
            1.1822554732137205,
            1.1964148451931853,
            1.2090327665166805,
            1.2200924966368072,
            1.2295878360434433,
            1.2375227772327992,
            1.243911026539472,
            1.248775417593276,
            1.2521472383437324,
            1.254065493828226,
            1.254576126255603,
            1.2537312126621036,
            1.2515881585330026,
            1.2482089035210762,
            1.243659152895587,
            1.2380076457553124,
            1.2313254684676855,
            1.2236854193435436,
            1.2151614283061931,
            1.2058280333107345,
            1.1957599135485115,
            1.1850314780454656,
            1.1737165071224032,
            1.1618878433263786,
            1.1496171278290337,
            1.1369745779053695,
            1.1240288009116293,
            1.1108466401536154,
            1.097493048136518,
            1.084030982892881,
            1.0705213233683257,
            1.0570228001809183,
            1.0435919384453052,
            1.030283009745121,
            1.0171479907400962,
            1.0042365262919861,
            0.9915958953819208,
            0.9792709784631751,
            0.9673042252458445,
            0.9557356222351366,
            0.9446026596489535
        ],
        "imag": [
            0.12359934106570164,
            0.15293461298701527,
            0.18141167435117506,
            0.20899061775738875,
            0.2356587040036104,
            0.26143035860001745,
            0.2863432124988429,
            0.3104510095463965,
            0.3338159933920532,
            0.35650246008042913,
            0.37857197817592525,
            0.4000801603479358,
            0.4210746767349881,
            0.4415941909774543,
            0.46166794736976197,
            0.48131579487826204,
            0.5005484865776677,
            0.5193681378547331,
            0.5377687630192945,
            0.555736838294338,
            0.5732518604867114,
            0.5902868861313005,
            0.6068090467379282,
            0.6227800430239931,
            0.6381566256036284,
            0.6528910722382653,
            0.6669316729755813,
            0.680223234698017,
            0.6927076160303809,
            0.704324302386486,
            0.7150110292826112,
            0.7247044599646327,
            0.733340920950222,
            0.7408571963017196,
            0.7471913783823948,
            0.752283769564397,
            0.7560778259405573,
            0.7585211306569152,
            0.7595663811679418,
            0.7591723716723233,
            0.757304949399983,
            0.7539379214578258,
            0.7490538877836577,
            0.742644975539235,
            0.7347134511222073,
            0.7252721879323577,
            0.7143449710990682,
            0.7019666244812556,
            0.688182950240086,
            0.6730504769469107,
            0.6566360182505387,
            0.6390160502809488,
            0.6202759218876774,
            0.6005089171849728,
            0.5798151944162766,
            0.5583006286343432,
            0.5360755879580368,
            0.5132536741385936,
            0.4899504578546162,
            0.4662822376370011,
            0.4423648487637229,
            0.4183125450547727,
            0.3942369724827623,
            0.3702462491427899,
            0.3464441616335934,
            0.3229294835217668,
            0.29979541746824556,
            0.27712915894844425,
            0.2550115763873875,
            0.23351700002213865,
            0.21271310991389833,
            0.19266091223876958,
            0.17341479225778259,
            0.15502263212630124,
            0.13752598188725312,
            0.12096027251635821,
            0.10535506066918504,
            0.09073429574745154,
            0.0771166009836522,
            0.06451556138064903,
            0.05294001248749809,
            0.04239432510448018,
            0.03287868205950636,
            0.024389344164294776,
            0.016918903331679523,
            0.010456521600543021,
            0.004988155480182074,
            0.0004967655869166938,
            -0.00303748799275271,
            -0.005637063803123102,
            -0.007326869489132499,
            -0.008134103322850481,
            -0.00808810532991203,
            -0.007220216468251128,
            -0.0055636442773094145,
            -0.0031533334212002573,
            -2.5839597510446947e-05
        ]
    },
    "CPU_time": {
        "derivatives": 0.06937384605407715,
        "buildingVn": 8.765459060668945,