{
    "geometry1": "new_broken_cubic",
    "geometry2": "small",
    "ope": "b2p_tang_ipp",
    "lc": 0.015,
    "dimP": 2,
    "dimQ": 2,
    "N": 45,
    "f0": 1000,
    "BSP": true,
    "frequencies": [
        80,
        100,
        120,
        140,
        160,
        180,
        200,
        220,
        240,
        260,
        280,
        300,
        320,
        340,
        360,
        380,
        400,
        420,
        440,
        460,
        480,
        500,
        520,
        540,
        560,
        580,
        600,
        620,
        640,
        660,
        680,
        700,
        720,
        740,
        760,
        780,
        800,
        820,
        840,
        860,
        880,
        900,
        920,
        940,
        960,
        980,
        1000,
        1020,
        1040,
        1060,
        1080,
        1100,
        1120,
        1140,
        1160,
        1180,
        1200,
        1220,
        1240,
        1260,
        1280,
        1300,
        1320,
        1340,
        1360,
        1380,
        1400,
        1420,
        1440,
        1460,
        1480,
        1500,
        1520,
        1540,
        1560,
        1580,
        1600,
        1620,
        1640,
        1660,
        1680,
        1700,
        1720,
        1740,
        1760,
        1780,
        1800,
        1820,
        1840,
        1860,
        1880,
        1900,
        1920,
        1940,
        1960,
        1980,
        2000
    ],
    "Z_center": {
        "real": [
            0.013905018696081354,
            0.020916851965387007,
            0.0291928990031932,
            0.03862833834268952,
            0.04909062090665686,
            0.060433777974612794,
            0.07251744812663961,
            0.08522123517328588,
            0.09845160313550512,
            0.11214277375603181,
            0.12625412183217685,
            0.14076605240050968,
            0.15567556702664975,
            0.1709921371932372,
            0.18673414222641174,
            0.20292593085429708,
            0.219595465529292,
            0.23677246518361897,
            0.25448695007116207,
            0.2727680968825734,
            0.29164332452579905,
            0.3111375456695939,
            0.3312725335657185,
            0.35206636650550455,
            0.3735329231067019,
            0.39568141051904526,
            0.41851591483961526,
            0.44203496885183374,
            0.46623113692763707,
            0.4910906207957453,
            0.5165928930388078,
            0.5427103677379251,
            0.5694081196911767,
            0.5966436650824818,
            0.6243668173661646,
            0.652519632396899,
            0.6810364564416964,
            0.7098440896075237,
            0.7388620753795304,
            0.7680031243915365,
            0.7971736772735313,
            0.826274607519697,
            0.855202060918243,
            0.8838484233477729,
            0.912103403883796,
            0.9398552154179751,
            0.966991830622087,
            0.9934022873533314,
            1.0189780147339265,
            1.0436141493416042,
            1.0672108103656435,
            1.0896743032836727,
            1.1109182235885422,
            1.1308644352586423,
            1.1494439028456167,
            1.1665973610350335,
            1.182275811037494,
            1.1964408389002406,
            1.2090647564919212,
            1.2201305712352408,
            1.2296317953982074,
            1.2375721097301584,
            1.2439648993097192,
            1.2488326816048334,
            1.2522064479258086,
            1.254124939734985,
            1.2546338807543218,
            1.253785184614317,
            1.2516361560516789,
            1.248248701546175,
            1.243688562926263,
            1.2380245850098839,
            1.2313280258912958,
            1.2236719161351064,
            1.2151304709658923,
            1.2057785575969286,
            1.195691218156654,
            1.1849432472567036,
            1.1736088221045446,
            1.1617611821791518,
            1.1494723548450003,
            1.1368129228482615,
            1.1238518293954567,
            1.1106562164262113,
            1.0972912917332298,
            1.0838202207279692,
            1.0703040388714877,
            1.0568015810741462,
            1.0433694246887302,
            1.0300618430708415,
            1.0169307670427028,
            1.0040257519642133,
            0.991393948479635,
            0.9790800753642329,
            0.9671263932397396,
            0.9555726782545515,
            0.9444561951354624
        ],
        "imag": [
            0.12299817449228095,
            0.1523038590100207,
            0.18087960844883033,
            0.2086434000674699,
            0.23553178623260335,
            0.2615166995506049,
            0.2866084317796489,
            0.3108481251124126,
            0.33429635331277097,
            0.3570223609085303,
            0.37909580507523616,
            0.4005811889041493,
            0.4215345175121071,
            0.44200157867338397,
            0.46201732069609575,
            0.4816059208832329,
            0.5007812530771658,
            0.5195475570231498,
            0.5379001839158266,
            0.5558263441779288,
            0.5733058191249396,
            0.5903116215494073,
            0.606810604835468,
            0.6227640287215939,
            0.6381280943144754,
            0.6528544628790149,
            0.6668907732315881,
            0.6801811718714705,
            0.6926668686425858,
            0.7042867289316812,
            0.7149779112826934,
            0.7246765568796566,
            0.7333185346588963,
            0.7408402428681916,
            0.747179464731105,
            0.7522762725567468,
            0.756073971228449,
            0.7585200686198662,
            0.7595672572526431,
            0.7591743885768372,
            0.7573074187891707,
            0.7539403032768607,
            0.7490558157390814,
            0.7426462679407778,
            0.7347141069819079,
            0.7252723689749655,
            0.7143449710990171,
            0.7019668280557818,
            0.6881837838486371,
            0.6730523553218934,
            0.6566392897763796,
            0.6390209449226764,
            0.6202825051301537,
            0.6005170530893962,
            0.579824520350353,
            0.5583105435253263,
            0.5360852551015189,
            0.5132620387271517,
            0.4899562785268851,
            0.4662841305479672,
            0.44236134198804794,
            0.41830214059638254,
            0.3942182128035308,
            0.37021778494779434,
            0.3464048176672825,
            0.3228783193141535,
            0.29973178030999,
            0.277052726829175,
            0.25492238917491244,
            0.23341547775007884,
            0.21260005765152676,
            0.19253751160533394,
            0.17328258018724252,
            0.15488346796815353,
            0.13738200432846295,
            0.12081384811695278,
            0.1052087260191275,
            0.09059069537220235,
            0.07697842315646723,
            0.06438547394803927,
            0.05282060069071383,
            0.0422880331939237,
            0.03278776026582265,
            0.024315802320238455,
            0.016864472142683218,
            0.010422622257666641,
            0.004975878000666561,
            0.0005068559694078053,
            -0.003004631990567848,
            -0.005581388712533849,
            -0.007248654672471758,
            -0.008033942865019315,
            -0.007966884277180607,
            -0.0070790825151577945,
            -0.0054039760586339315,
            -0.0029767065813644297,
            0.00016600821770812365
        ]
    },
    "CPU_time": {
        "derivatives": 0.0688180923461914,
        "buildingVn": 5.107144832611084,