{
    "geometry1": "new_broken_cubic",
    "geometry2": "small",
    "ope": "b2p_tang_ipp",
    "lc": 0.015,
    "dimP": 2,
    "dimQ": 2,
    "N": 81,
    "f0": 1000,
    "BSP": true,
    "frequencies": [
        80,
        100,
        120,
        140,
        160,
        180,
        200,
        220,
        240,
        260,
        280,
        300,
        320,
        340,
        360,
        380,
        400,
        420,
        440,
        460,
        480,
        500,
        520,
        540,
        560,
        580,
        600,
        620,
        640,
        660,
        680,
        700,
        720,
        740,
        760,
        780,
        800,
        820,
        840,
        860,
        880,
        900,
        920,
        940,
        960,
        980,
        1000,
        1020,
        1040,
        1060,
        1080,
        1100,
        1120,
        1140,
        1160,
        1180,
        1200,
        1220,
        1240,
        1260,
        1280,
        1300,
        1320,
        1340,
        1360,
        1380,
        1400,
        1420,
        1440,
        1460,
        1480,
        1500,
        1520,
        1540,
        1560,
        1580,
        1600,
        1620,
        1640,
        1660,
        1680,
        1700,
        1720,
        1740,
        1760,
        1780,
        1800,
        1820,
        1840,
        1860,
        1880,
        1900,
        1920,
        1940,
        1960,
        1980,
        2000
    ],
    "Z_center": {
        "real": [
            0.013682713569645262,
            0.02104634399656092,
            0.029682795267897417,
            0.039413288922262195,
            0.050047735023704604,
            0.06143215917109078,
            0.07345542536580241,
            0.08603324516528872,
            0.09910335614317771,
            0.11262393353439043,
            0.1265710673050384,
            0.14093567064851684,
            0.15572040010422844,
            0.1709368553769684,
            0.18660314956168655,
            0.20274185849350884,
            0.21937831954009748,
            0.23653923290566015,
            0.2542515129576384,
            0.27254133830296207,
            0.29143335433984,
            0.3109499887771097,
            0.33111084793347034,
            0.35193216874792904,
            0.3734263079990747,
            0.3956012561018661,
            0.4184601680043313,
            0.4420009082108299,
            0.4662156108720553,
            0.4910902592706935,
            0.5166042919529722,
            0.5427302452093575,
            0.5694334436063057,
            0.596671751767657,
            0.6243954015622761,
            0.6525469092015568,
            0.6810610964356795,
            0.7098652289940358,
            0.7388792836126119,
            0.7680163524176365,
            0.7971831901165637,
            0.8262809054638994,
            0.8552057939317462,
            0.8838503036119134,
            0.9121041213057777,
            0.939855360787759,
            0.9669918306220865,
            0.9934023549489507,
            1.0189781175890014,
            1.0436139978637136,
            1.0672098658495743,
            1.0896718054511596,
            1.1109132357018545,
            1.130855903975439,
            1.1494307291586479,
            1.1665784780444017,
            1.1822502639767711,
            1.1964078627872534,
            1.209023847004081,
            1.2200815448796352,
            1.2295748357294198,
            1.2375077972013386,
            1.2438942232693166,
            1.2487570339116287,
            1.2521275985874178,
            1.2540449958311626,
            1.2545552306437873,
            1.2537104300132067,
            1.2515680349954423,
            1.248190005497427,
            1.243642051376348,
            1.237992900850142,
            1.231313614623744,
            1.2236769516741737,
            1.2151567903769693,
            1.2058276066535882,
            1.1957640090981045,
            1.1850403296177423,
            1.1737302669887208,
            1.1619065798730221,
            1.1496408252403412,
            1.1370031377592673,
            1.1240620455400887,
            1.1108843175873888,
            1.0975348384294448,
            1.084076505603835,
            1.0705701459662775,
            1.0570744471334401,
            1.0436459007493568,
            1.0303387546636382,
            1.0172049715159153,
            1.004294191623175,
            0.9916536984588036,
            0.9793283853871582,
            0.9673607226716915,
            0.9557907241043083,
            0.9446559129070796
        ],
        "imag": [
            0.12343163622838041,
            0.15280784231477684,
            0.18131380105230938,
            0.20891273578665176,
            0.23559455297538456,
            0.26136516674738336,
            0.2862636020957457,
            0.31035201634966414,
            0.33369988501056136,
            0.35637554292383244,
            0.3784419928426007,
            0.39995461508909924,
            0.4209599251540795,
            0.441495016912073,
            0.4615874725591388,
            0.4812555800300906,
            0.5005087383454764,
            0.5193479639268411,
            0.537766438174999,
            0.5557500585238518,
            0.5732779719861039,
            0.5903230824957912,
            0.6068525319414124,
            0.6228281604649325,
            0.6382069551273171,
            0.6529414979576059,
            0.6669804251705442,
            0.6802689092406222,
            0.6927491747779297,
            0.7043610578884251,
            0.7150426169917297,
            0.7247308009676272,
            0.7333621780404749,
            0.7408737260167585,
            0.7472036814154743,
            0.7522924417321081,
            0.7560835116437106,
            0.7585244805011236,
            0.7595680151179484,
            0.7591728487975422,
            0.7573047449306458,
            0.7539374115247778,
            0.7490533418582886,
            0.7426445562519706,
            0.734713220815224,
            0.725272121022739,
            0.71434497109907,
            0.7019665443558445,
            0.6881826146890525,
            0.6730497051823293,
            0.6566346459004357,
            0.6390139491804758,
            0.6202730167132766,
            0.6005051981250776,
            0.5798107253441491,
            0.5582955505304855,
            0.5360701176078037,
            0.5132480983858786,
            0.4899451239111081,
            0.46627754012147643,
            0.4423612142649201,
            0.4183104150803794,
            0.3942367856704089,
            0.3702484235771113,
            0.34644907804120223,
            0.3229374700126449,
            0.2998067363692618,
            0.27714399613807716,
            0.25503003340311237,
            0.23353908907805154,
            0.21273875184186278,
            0.1926899372591768,
            0.17344694339180947,
            0.15505757099080594,
            0.1375632965569966,
            0.12099948710247511,
            0.10539564624120289,
            0.0907756822202768,
            0.07715818959571655,
            0.06455673740639421,
            0.052980157848808926,
            0.04243283057682891,
            0.032914958801083624,
            0.024422834334417116,
            0.01694908960161852,
            0.010482935400173898,
            0.0050103838633642084,
            0.0005144566354050554,
            -0.00302462126731906,
            -0.00562924106616378,
            -0.0073242421700516315,
            -0.008136755123753834,
            -0.008096054066779903,
            -0.0072334171320501016,
            -0.005581993177659178,
            -0.003176673258565703,
            -5.396529354507392e-05
        ]
    },
    "CPU_time": {
        "derivatives": 0.07113790512084961,
        "buildingVn": 9.204608917236328,