{
    "geometry1": "spherical",
    "geometry2": "large",
    "ope": "b2p_tang_ipp",
    "lc": 0.015,
    "dimP": 2,
    "dimQ": 2,
    "N": 46,
    "f0": 1000,
    "BSP": true,
    "frequencies": [
        80,
        100,
        120,
        140,
        160,
        180,
        200,
        220,
        240,
        260,
        280,
        300,
        320,
        340,
        360,
        380,
        400,
        420,
        440,
        460,
        480,
        500,
        520,
        540,
        560,
        580,
        600,
        620,
        640,
        660,
        680,
        700,
        720,
        740,
        760,
        780,
        800,
        820,
        840,
        860,
        880,
        900,
        920,
        940,
        960,
        980,
        1000,
        1020,
        1040,
        1060,
        1080,
        1100,
        1120,
        1140,
        1160,
        1180,
        1200,
        1220,
        1240,
        1260,
        1280,
        1300,
        1320,
        1340,
        1360,
        1380,
        1400,
        1420,
        1440,
        1460,
        1480,
        1500,
        1520,
        1540,
        1560,
        1580,
        1600,
        1620,
        1640,
        1660,
        1680,
        1700,
        1720,
        1740,
        1760,
        1780,
        1800,
        1820,
        1840,
        1860,
        1880,
        1900,
        1920,
        1940,
        1960,
        1980,
        2000
    ],
    "Z_center": {
        "real": [
            0.01065464235715764,
            0.016613521138159854,
            0.023863299933363977,
            0.03238437066943126,
            0.04215386067786203,
            0.053145745611959484,
            0.06533095815318721,
            0.07867748894401289,
            0.0931504781416633,
            0.10871229820576217,
            0.1253226307267477,
            0.14293854199991984,
            0.1615145634118336,
            0.18100278335889314,
            0.20135295726812974,
            0.2225126413351407,
            0.24442735388164705,
            0.26704076597512527,
            0.290294920303208,
            0.3141304746004569,
            0.33848696346377827,
            0.3633030703981773,
            0.38851690077066076,
            0.41406624606172066,
            0.4398888305752547,
            0.46592253348428014,
            0.49210558163017587,
            0.518376711596679,
            0.5446753028282735,
            0.5709414866853783,
            0.5971162387946973,
            0.6231414636858745,
            0.6489600812222716,
            0.6745161237057393,
            0.6997548508726907,
            0.7246228874889017,
            0.7490683852350619,
            0.7730412073853049,
            0.7964931317633035,
            0.8193780649238371,
            0.8416522586746478,
            0.863274519081735,
            0.8842063980625203,
            0.9044123585469431,
            0.9238599058880984,
            0.9425196805646733,
            0.9603655100147843,
            0.9773744204041049,
            0.9935266119722181,
            1.0088054040371592,
            1.0231971575276793,
            1.0366911838816562,
            1.0492796492164755,
            1.0609574818654335,
            1.071722289807027,
            1.0815742923950187,
            1.0905162683856489,
            1.0985535198355234,
            1.1056938492544242,
            1.111947545663914,
            1.1173273740641163,
            1.1218485622940246,
            1.1255287793864552,
            1.1283881001519092,
            1.1304489517634744,
            1.13173603940562,
            1.132276249406812,
            1.1320985296407704,
            1.13123374813581,
            1.129714531838871,
            1.1275750881669977,
            1.1248510124868647,
            1.1215790848895661,
            1.1177970597086124,
            1.1135434511957312,
            1.1088573186787245,
            1.1037780544551197,
            1.0983451776734348,
            1.092598137463829,
            1.0865761286502054,
            1.0803179234558997,
            1.0738617223906357,
            1.067245027204951,
            1.060504538041165,
            1.053676075732702,
            1.0467945286217915,
            1.0398938213711189,
            1.033006901023194,
            1.0261657337092707,
            1.0194013038594822,
            1.012743607044648,
            1.0062216280283203,
            0.9998632976637601,
            0.9936954233044095,
            0.9877435920164461,
            0.9820320451428416,
            0.9765835280957642
        ],
        "imag": [
            0.12329832080899215,
            0.1536267912955397,
            0.1836271754207348,
            0.21323642465819284,
            0.24239279189060417,
            0.27103598078632885,
            0.2991072788271095,
            0.32654967895702935,
            0.3533079957379304,
            0.3793289820988302,
            0.4045614521761456,
            0.4289564144308534,
            0.452467217308244,
            0.47504970742486846,
            0.4966623978328893,
            0.5172666416271566,
            0.5368268042602522,
            0.5553104266973428,
            0.5726883710508422,
            0.5889349408094722,
            0.6040279690489418,
            0.6179488701644762,
            0.6306826533244962,
            0.642217898858427,
            0.6525467017852641,
            0.6616645892847183,
            0.6695704208960731,
            0.676266281162351,
            0.6817573743805039,
            0.6860519298902473,
            0.6891611241210901,
            0.6910990227104372,
            0.6918825426986782,
            0.6915314315441158,
            0.6900682568586699,
            0.6875183986585514,
            0.6839100347798033,
            0.6792741100023242,
            0.673644280347037,
            0.6670568258055936,
            0.6595505272396176,
            0.651166506077011,
            0.6419480284610836,
            0.6319402783889473,
            0.6211901068424434,
            0.6097457657481267,
            0.5976566366214098,
            0.5849729638695023,
            0.5717456019316186,
            0.5580257838104071,
            0.5438649162671437,
            0.529314404265273,
            0.5144255044337873,
            0.49924920469391704,
            0.48383612501472806,
            0.46823643274615867,
            0.45249976524167673,
            0.4366751525558246,
            0.42081093380741774,
            0.40495466219262843,
            0.38915299540932813,
            0.37345157020206515,
            0.35789486162582596,
            0.34252602929790443,
            0.32738675421618396,
            0.31251707061032546,
            0.29795519772646867,
            0.2837373765053495,
            0.269897715792079,
            0.25646805218013824,
            0.24347782688780528,
            0.23095398229066633,
            0.21892087998753293,
            0.20740024159434486,
            0.19641111289131724,
            0.18596985147365175,
            0.17609013769428034,
            0.16678300831894094,
            0.15805691192665533,
            0.14991778463694927,
            0.14236914400504772,
            0.13541219823050346,
            0.1290459667478126,
            0.12326740735866751,
            0.11807154417675238,
            0.11345158998156418,
            0.10939905661758326,
            0.1059038475898327,
            0.10295432846771345,
            0.1005373728949957,
            0.09863838488164663,
            0.0972413009679705,
            0.09632857836634681,
            0.09588117714714002,
            0.09587854489043503,
            0.09629861297599877,
            0.09711781300324841
        ]
    },
    "CPU_time": {
        "derivatives": 0.09118819236755371,
        "buildingVn": 13.097670078277588,
        "assembling_C": 0,