{
    "geometry1": "spherical",
    "geometry2": "small",
    "ope": "b2p_tang_ipp",
    "lc": 0.015,
    "dimP": 2,
    "dimQ": 2,
    "N": 57,
    "f0": 1000,
    "BSP": true,
    "frequencies": [
        80,
        100,
        120,
        140,
        160,
        180,
        200,
        220,
        240,
        260,
        280,
        300,
        320,
        340,
        360,
        380,
        400,
        420,
        440,
        460,
        480,
        500,
        520,
        540,
        560,
        580,
        600,
        620,
        640,
        660,
        680,
        700,
        720,
        740,
        760,
        780,
        800,
        820,
        840,
        860,
        880,
        900,
        920,
        940,
        960,
        980,
        1000,
        1020,
        1040,
        1060,
        1080,
        1100,
        1120,
        1140,
        1160,
        1180,
        1200,
        1220,
        1240,
        1260,
        1280,
        1300,
        1320,
        1340,
        1360,
        1380,
        1400,
        1420,
        1440,
        1460,
        1480,
        1500,
        1520,
        1540,
        1560,
        1580,
        1600,
        1620,
        1640,
        1660,
        1680,
        1700,
        1720,
        1740,
        1760,
        1780,
        1800,
        1820,
        1840,
        1860,
        1880,
        1900,
        1920,
        1940,
        1960,
        1980,
        2000
    ],
    "Z_center": {
        "real": [
            0.0105675659821207,
            0.01647852872342666,
            0.023670614806817928,
            0.03212455219457566,
            0.04181773177379878,
            0.05272428952317524,
            0.0648152000400788,
            0.07805838089070656,
            0.09241880720546301,
            0.10785863590960021,
            0.12433733895321548,
            0.14181184488332782,
            0.1602366880825585,
            0.17956416498329544,
            0.19974449655285823,
            0.22072599633441142,
            0.24245524332049045,
            0.2648772589315622,
            0.28793568737141506,
            0.3115729786345586,
            0.335730573448454,
            0.36034908944503286,
            0.38536850787154703,
            0.41072836016994435,
            0.4363679137761717,
            0.4622263565158774,
            0.4882429790000093,
            0.5143573544527941,
            0.5405095154345883,
            0.5666401269529583,
            0.592690655486516,
            0.6186035334771385,
            0.6443223188768812,
            0.6697918493658231,
            0.6949583908860901,
            0.7197697801650094,
            0.7441755609267484,
            0.7681271135166271,
            0.7915777776856654,
            0.8144829683044509,
            0.8368002837956421,
            0.8584896070927923,
            0.8795131989502085,
            0.8998357834442842,
            0.919424625521036,
            0.9382496004580165,
            0.9562832551213171,
            0.9735008609100677,
            0.9898804582925156,
            1.0054028928487893,
            1.0200518427469258,
            1.033813837590224,
            1.0466782685861606,
            1.0586373900000354,
            1.0696863118702324,
            1.0798229839771905,
            1.0890481710743527,
            1.0973654194074467,
            1.1047810145677346,
            1.1113039307462487,
            1.1169457714789106,
            1.1217207019973505,
            1.1256453733266547,
            1.1287388382998251,
            1.1310224596885383,
            1.1325198106813985,
            1.1332565679738213,
            1.133260397767601,
            1.1325608350132406,
            1.1311891562639076,
            1.129178246545542,
            1.1265624606840134,
            1.1233774795656701,
            1.1196601618426927,
            1.1154483916286968,
            1.1107809227622583,
            1.1056972202469257,
            1.100237299504347,
            1.094441564102961,
            1.0883506426473464,
            1.082005225532546,
            1.075445902283151,
            1.0687130002086622,
            1.0618464251133477,
            1.0548855048019572,
            1.047868836119993,
            1.0408341362604345,
            1.0338180990564614,
            1.0268562569626052,
            1.0199828494041525,
            1.0132306981473498,
            1.0066310903102904,
            1.0002136695970656,
            0.99400633629575,
            0.9880351565343571,
            0.9823242812382419,
            0.9768958751781698
        ],
        "imag": [
            0.12281155482281812,
            0.15302414977616516,
            0.18291214943658882,
            0.2124128930575081,
            0.24146493648372738,
            0.27000824140727064,
            0.29798435849729077,
            0.32533660369035805,
            0.35201022698733264,
            0.37795257316159714,
            0.4031132338397068,
            0.4274441904693486,
            0.45089994774160935,
            0.4734376570853579,
            0.49501722990219954,
            0.5156014402611494,
            0.5351560168233365,
            0.5536497238185328,
            0.5710544309469828,
            0.587345172131053,
            0.6025001930916251,
            0.6165009877728139,
            0.6293323236852736,
            0.6409822562825453,
            0.6514421325261042,
            0.6607065838328229,
            0.6687735086330892,
            0.6756440447990534,
            0.681322532229855,
            0.6858164659047893,
            0.6891364397359787,
            0.6912960815694175,
            0.6923119796976088,
            0.6922036012584358,
            0.6909932029038517,
            0.6887057341286374,
            0.6853687336539916,
            0.6810122192638693,
            0.6756685714934421,
            0.6693724115696531,
            0.6621604740035651,
            0.6540714742334829,
            0.6451459717168597,
            0.6354262288680462,
            0.6249560662382365,
            0.6137807143336884,
            0.6019466624685617,
            0.589501505049815,
            0.5764937856932955,
            0.5629728395730428,
            0.5489886344092093,
            0.5345916105046606,
            0.5198325202454638,
            0.504762267486672,
            0.48943174725133654,
            0.4738916861780191,
            0.45819248415938213,
            0.4423840576221617,
            0.42651568490613406,
            0.4106358542069198,
            0.39479211455373814,
            0.3790309302988785,
            0.36339753959989474,
            0.34793581737841317,
            0.33268814324042817,
            0.3176952748420509,
            0.30299622718126507,
            0.2886281582903916,
            0.2746262617952141,
            0.2610236667950268,
            0.24785134550284776,
            0.2351380290668006,
            0.2229101319720032,
            0.21119168539680247,
            0.20000427986862984,
            0.18936701753220755,
            0.17929647430694864,
            0.169806672171359,
            0.16090906176947706,
            0.15261251548921295,
            0.14492333111382139,
            0.1378452460972792,
            0.1313794624610788,
            0.12552468225532937,
            0.12027715347079367,
            0.11563072623113212,
            0.11157691903713328,
            0.10810499477655765,
            0.10520204615599203,
            0.1028530901544936,
            0.10104117104365097,
            0.0997474714656405,
            0.09895143100979134,
            0.09863087168061191,
            0.09876212960526151,
            0.09932019228817131,
            0.10027884068356371
        ]
    },
    "CPU_time": {
        "derivatives": 0.00427699089050293,
        "buildingVn": 0.18236708641052246,
        "assembling_C": 0,