{
    "geometry1": "spherical",
    "geometry2": "small",
    "ope": "b2p_tang_ipp",
    "lc": 0.015,
    "dimP": 2,
    "dimQ": 2,
    "N": 93,
    "f0": 1000,
    "BSP": true,
    "frequencies": [
        80,
        100,
        120,
        140,
        160,
        180,
        200,
        220,
        240,
        260,
        280,
        300,
        320,
        340,
        360,
        380,
        400,
        420,
        440,
        460,
        480,
        500,
        520,
        540,
        560,
        580,
        600,
        620,
        640,
        660,
        680,
        700,
        720,
        740,
        760,
        780,
        800,
        820,
        840,
        860,
        880,
        900,
        920,
        940,
        960,
        980,
        1000,
        1020,
        1040,
        1060,
        1080,
        1100,
        1120,
        1140,
        1160,
        1180,
        1200,
        1220,
        1240,
        1260,
        1280,
        1300,
        1320,
        1340,
        1360,
        1380,
        1400,
        1420,
        1440,
        1460,
        1480,
        1500,
        1520,
        1540,
        1560,
        1580,
        1600,
        1620,
        1640,
        1660,
        1680,
        1700,
        1720,
        1740,
        1760,
        1780,
        1800,
        1820,
        1840,
        1860,
        1880,
        1900,
        1920,
        1940,
        1960,
        1980,
        2000
    ],
    "Z_center": {
        "real": [
            0.010567608923646974,
            0.016478585273281048,
            0.023670683656858905,
            0.03212463109209683,
            0.04181781778190873,
            0.052724379301302984,
            0.06481529011867601,
            0.07805846791891448,
            0.09241888815654367,
            0.10785870823532394,
            0.12433740068432307,
            0.14181189467811176,
            0.16023672522925472,
            0.17956418936429655,
            0.19974450857988216,
            0.22072599686386693,
            0.2424552335576779,
            0.264877240331263,
            0.2879356615410415,
            0.31157294724463647,
            0.33573053815376835,
            0.36034905181853366,
            0.38536846935201663,
            0.41072832202350906,
            0.43636787707110725,
            0.46222632210956777,
            0.48824294753666253,
            0.5143573263702339,
            0.5405094909784175,
            0.5666401061963547,
            0.5926906383540045,
            0.6186035197708024,
            0.644322308303648,
            0.6697918415646152,
            0.6949583854538369,
            0.7197697766807031,
            0.7441755589729028,
            0.7681271126977128,
            0.7915777776431777,
            0.8144829687285369,
            0.836800284433197,
            0.8584896077521965,
            0.8795131995028664,
            0.8998357838232237,
            0.9194246257169542,
            0.9382496005131156,
            0.9562832551213171,
            0.9735008609748993,
            0.9898804585660279,
            1.0054028934879533,
            1.0200518439109172,
            1.0338138394297371,
            1.0466782712333604,
            1.05863739355936,
            1.0696863164103978,
            1.0798229895245421,
            1.0890481776078191,
            1.0973654268551116,
            1.1047810228052122,
            1.1113039395968225,
            1.1169457807154877,
            1.1217207113460996,
            1.1256453824723536,
            1.1287388468926949,
            1.131022467352479,
            1.1325198170234518,
            1.1332565725946435,
            1.1332604002727378,
            1.1325608350250007,
            1.1311891534336251,
            1.1291782405659168,
            1.1265624513013823,
            1.1233774665919294,
            1.1196601451666361,
            1.1154483712265577,
            1.1107808987072885,
            1.1056971927177417,
            1.1002372687919006,
            1.0944415306159456,
            1.0883506069159334,
            1.082005188210222,
            1.0754458641466824,
            1.0687129621559082,
            1.0618463881590336,
            1.054885470071208,
            1.0478688048396942,
            1.0408341097483267,
            1.0338180787080604,
            1.0268562442359106,
            1.019982845802267,
            1.0132307051990668,
            1.0066311095487186,
            1.000213702536506,
            0.9940063844069449,
            0.9880352212182814,
            0.9823243637986969,
            0.9768959767933509
        ],
        "imag": [
            0.12281159051475873,
            0.1530241834970284,
            0.18291217714015962,
            0.21241291137350962,
            0.2414649428968824,
            0.2700082343497736,
            0.29798433735921065,
            0.32533656875929995,
            0.3520101793330768,
            0.37795251448339273,
            0.40311316629370086,
            0.42744411649189745,
            0.45089986988135905,
            0.4734375778537646,
            0.495017151648804,
            0.5156013650768857,
            0.5351559464726094,
            0.5536496596988136,
            0.5710543740731704,
            0.5873451231410819,
            0.6025001522691954,
            0.6165009550831079,
            0.6293322988196599,
            0.6409822387086005,
            0.6514421215397752,
            0.6607065786099952,
            0.6687735082784806,
            0.6756440483907344,
            0.6813225388582625,
            0.6858164747055129,
            0.6891364499159484,
            0.6912960924264748,
            0.6923119906336379,
            0.6922036117865349,
            0.690993212650086,
            0.6887057428290212,
            0.6853687411475059,
            0.6810122254822536,
            0.6756685764485438,
            0.6693724153391111,
            0.6621604767155125,
            0.6540714760509739,
            0.6451459728225801,
            0.6354262294498261,
            0.6249560664758333,
            0.6137807143871687,
            0.6019466624685629,
            0.5895015050898659,
            0.576493785824346,
            0.5629728398001939,
            0.5489886346906684,
            0.5345916107527873,
            0.5198325203298306,
            0.5047622672388902,
            0.4894317464714947,
            0.47389168464242704,
            0.4581924816293961,
            0.4423840538537813,
            0.42651567966011245,
            0.41063584725905156,
            0.39479210570507284,
            0.3790309193855798,
            0.36339752650249796,
            0.34793580203020436,
            0.33268812563477973,
            0.3176952550384778,
            0.3029962053100871,
            0.2886281345558118,
            0.2746262364767716,
            0.261023640247284,
            0.24785131815332517,
            0.23513800141213692,
            0.22291010457228994,
            0.2111916588682432,
            0.20000425487450038,
            0.18936699477223046,
            0.1792964545052401,
            0.16980665606301965,
            0.16090905008603545,
            0.15261250894302555,
            0.14492333038168617,
            0.1378452518034346,
            0.13137947515977463,
            0.12552470241322877,
            0.12027718144941776,
            0.11563076226957236,
            0.11157696323534014,
            0.10810504707932773,
            0.1052021063380836,
            0.10285315780690692,
            0.10104124556153173,
            0.09974755203792274,
            0.09895151661085337,
            0.09863096106421329,
            0.09876222130095126,
            0.09932028460042153,
            0.10027893169378246
        ]
    },
    "CPU_time": {
        "derivatives": 0.004163980484008789,
        "buildingVn": 0.4007718563079834,
        "assembling_C": 0,