{
    "geometry1": "spherical",
    "geometry2": "large",
    "ope": "b2p_tang_ipp",
    "lc": 0.015,
    "dimP": 2,
    "dimQ": 2,
    "N": 85,
    "f0": 1000,
    "BSP": true,
    "frequencies": [
        80,
        100,
        120,
        140,
        160,
        180,
        200,
        220,
        240,
        260,
        280,
        300,
        320,
        340,
        360,
        380,
        400,
        420,
        440,
        460,
        480,
        500,
        520,
        540,
        560,
        580,
        600,
        620,
        640,
        660,
        680,
        700,
        720,
        740,
        760,
        780,
        800,
        820,
        840,
        860,
        880,
        900,
        920,
        940,
        960,
        980,
        1000,
        1020,
        1040,
        1060,
        1080,
        1100,
        1120,
        1140,
        1160,
        1180,
        1200,
        1220,
        1240,
        1260,
        1280,
        1300,
        1320,
        1340,
        1360,
        1380,
        1400,
        1420,
        1440,
        1460,
        1480,
        1500,
        1520,
        1540,
        1560,
        1580,
        1600,
        1620,
        1640,
        1660,
        1680,
        1700,
        1720,
        1740,
        1760,
        1780,
        1800,
        1820,
        1840,
        1860,
        1880,
        1900,
        1920,
        1940,
        1960,
        1980,
        2000
    ],
    "Z_center": {
        "real": [
            0.010654642510487292,
            0.01661352071614842,
            0.023863299029116488,
            0.03238436952101154,
            0.042153859553049164,
            0.05314574473395518,
            0.06533095766937619,
            0.07867748892120129,
            0.09315047856398238,
            0.10871229900145352,
            0.12532263177407066,
            0.14293854315388507,
            0.16151456452509708,
            0.1810027842998432,
            0.20135295793708582,
            0.22251264167175897,
            0.2444273538717344,
            0.2670407656457984,
            0.2902949197159844,
            0.3141304738401798,
            0.3384869626264174,
            0.363303069579635,
            0.3885169000531971,
            0.41406624550717325,
            0.4398888302205225,
            0.465922533338388,
            0.4921055816798677,
            0.5183767118069653,
            0.5446753031536604,
            0.5709414870722607,
            0.5971162391932167,
            0.623141464052455,
            0.6489600815253506,
            0.6745161239267189,
            0.6997548510069125,
            0.7246228875438202,
            0.7490683852267007,
            0.7730412073338271,
            0.7964931316900854,
            0.8193780648479012,
            0.8416522586087436,
            0.863274519033286,
            0.8842063980328084,
            0.9044123585317523,
            0.9238599058834236,
            0.9425196805640501,
            0.9603655100147742,
            0.9773744204049264,
            0.99352661197744,
            1.0088054040531351,
            1.0231971575616636,
            1.0366911839379578,
            1.0492796492943188,
            1.0609574819567869,
            1.0717222898928276,
            1.0815742924485412,
            1.0905162683729552,
            1.098553519718782,
            1.1056938490009551,
            1.1119475452503158,
            1.11732737348784,
            1.1218485615823688,
            1.125528778606728,
            1.1283880994204583,
            1.130448951252087,
            1.1317360393395044,
            1.13227625005596,
            1.1320985312902496,
            1.1312337510371917,
            1.129714536120328,
            1.1275750937106075,
            1.1248510187641694,
            1.121579090771488,
            1.1177970632865672,
            1.1135434496784644,
            1.1088573084596787,
            1.1037780314753998,
            1.0983451381928464,
            1.0925980793295589,
            1.0865760530702127,
            1.0803178371006057,
            1.0738616394924305,
            1.0672449710314875,
            1.0605045410167366,
            1.0536761772565602,
            1.0467947698741757,
            1.0398942366664183,
            1.0330075061570343,
            1.026166512716183,
            1.0194021967114355,
            1.0127445017075227,
            1.006222360607934,
            0.9998636623780213,
            0.9936951937938734,
            0.9877425506966088,
            0.9820300177149258,
            0.9765804173723341
        ],
        "imag": [
            0.12329831986233715,
            0.15362679032681864,
            0.18362717475882034,
            0.21323642449547472,
            0.24239279225974542,
            0.27103598160006065,
            0.2991072799295233,
            0.32654968016253916,
            0.35330799686121817,
            0.3793289829865584,
            0.40456145271933874,
            0.4289564145743498,
            0.45246721705279075,
            0.4750497068214812,
            0.4966623969724778,
            0.5172666406237924,
            0.5368268032356339,
            0.5553104257659649,
            0.57268837030674,
            0.5889349403151514,
            0.6040279688324712,
            0.6179488702208845,
            0.6306826536182658,
            0.6422178993323953,
            0.6525467023688959,
            0.6616645899050557,
            0.6695704214849504,
            0.6762662816645059,
            0.6817573747587926,
            0.6860519301276861,
            0.6891611242182958,
            0.6910990226840917,
            0.6918825425774113,
            0.6915314313614945,
            0.6900682566494285,
            0.6875183984531728,
            0.6839100346011134,
            0.6792741098644075,
            0.6736442802541328,
            0.6670568257534885,
            0.6595505272203023,
            0.6511665060782876,
            0.6419480284716323,
            0.6319402784002697,
            0.6211901068491971,
            0.6097457657500442,
            0.5976566366215154,
            0.584972963871588,
            0.5717456019385865,
            0.5580257838217101,
            0.5438649162774064,
            0.5293144042641194,
            0.5144255044065448,
            0.4992492046239514,
            0.4838361248877725,
            0.4682364325545399,
            0.45249976498901073,
            0.43667515226114245,
            0.42081093350855936,
            0.4049546619458273,
            0.38915299528964103,
            0.3734515702973167,
            0.3578948620266125,
            0.34252603008346866,
            0.3273867554354651,
            0.3125170722496735,
            0.2979551996771654,
            0.2837373785209197,
            0.2698977174444039,
            0.25646805282832574,
            0.24347782566894302,
            0.23095397817028254,
            0.21892087189215292,
            0.20740022867651867,
            0.1964110949462903,
            0.18596982951103594,
            0.1760901146227857,
            0.16678298961643928,
            0.15805690610157958,
            0.14991780315964046,
            0.14236920040646422,
            0.13541230599839935,
            0.12904613583619157,
            0.12326763936805536,
            0.11807182664332583,
            0.11345189079409322,
            0.10939932007033616,
            0.10590399395897213,
            0.10295425904920834,
            0.1005369817607246,
            0.0986375773098077,
            0.09724001672970185,
            0.09632681605707603,
            0.09587901481796439,
            0.09587615246206758,
            0.09629625302544549,
            0.09711582929065313
        ]
    },
    "CPU_time": {
        "derivatives": 0.09748983383178711,
        "buildingVn": 20.840656995773315,
        "assembling_C": 0,