{
    "geometry1": "spherical",
    "geometry2": "large",
    "ope": "b2p_tang_ipp",
    "lc": 0.015,
    "dimP": 2,
    "dimQ": 2,
    "N": 58,
    "f0": 1000,
    "BSP": true,
    "frequencies": [
        80,
        100,
        120,
        140,
        160,
        180,
        200,
        220,
        240,
        260,
        280,
        300,
        320,
        340,
        360,
        380,
        400,
        420,
        440,
        460,
        480,
        500,
        520,
        540,
        560,
        580,
        600,
        620,
        640,
        660,
        680,
        700,
        720,
        740,
        760,
        780,
        800,
        820,
        840,
        860,
        880,
        900,
        920,
        940,
        960,
        980,
        1000,
        1020,
        1040,
        1060,
        1080,
        1100,
        1120,
        1140,
        1160,
        1180,
        1200,
        1220,
        1240,
        1260,
        1280,
        1300,
        1320,
        1340,
        1360,
        1380,
        1400,
        1420,
        1440,
        1460,
        1480,
        1500,
        1520,
        1540,
        1560,
        1580,
        1600,
        1620,
        1640,
        1660,
        1680,
        1700,
        1720,
        1740,
        1760,
        1780,
        1800,
        1820,
        1840,
        1860,
        1880,
        1900,
        1920,
        1940,
        1960,
        1980,
        2000
    ],
    "Z_center": {
        "real": [
            0.010654642705319763,
            0.016613521268178253,
            0.02386329975960567,
            0.03238437018245729,
            0.042153859960304615,
            0.05314574479459994,
            0.06533095738691935,
            0.07867748837293055,
            0.09315047788200297,
            0.10871229831069833,
            0.12532263118188877,
            0.14293854273319542,
            0.16151456431828265,
            0.18100278429460823,
            0.2013529581161623,
            0.22251264198659867,
            0.2444273542630988,
            0.26704076605556476,
            0.29029492009858315,
            0.3141304741595732,
            0.3384869628592374,
            0.36330306971553544,
            0.38851690009467893,
            0.41406624546918014,
            0.4398888301241115,
            0.4659225332027409,
            0.49210558152714634,
            0.5183767116578799,
            0.5446753030197979,
            0.5709414869658942,
            0.5971162391166167,
            0.6231414640068802,
            0.648960081505386,
            0.6745161239275073,
            0.69975485102225,
            0.7246228875668019,
            0.7490683852516551,
            0.7730412073572902,
            0.796493131709157,
            0.8193780648612772,
            0.8416522586177063,
            0.8632745190384844,
            0.8842063980350316,
            0.9044123585333499,
            0.923859905883451,
            0.942519680563946,
            0.9603655100146782,
            0.9773744204049202,
            0.9935266119766942,
            1.0088054040516132,
            1.0231971575588785,
            1.0366911839348982,
            1.049279649290235,
            1.0609574819524696,
            1.0717222898905219,
            1.0815742924495464,
            1.0905162683777898,
            1.0985535197286727,
            1.1056938490141488,
            1.1119475452655565,
            1.117327373500958,
            1.1218485615865619,
            1.1255287785926569,
            1.1283880993789934,
            1.1304489511784104,
            1.1317360392275568,
            1.1322762499158001,
            1.1320985311430123,
            1.1312337509079955,
            1.1297145360773715,
            1.1275750937990212,
            1.1248510190345666,
            1.1215790912628847,
            1.1177970639968238,
            1.1135434505646553,
            1.1088573094041159,
            1.1037780323124118,
            1.0983451387108811,
            1.0925980792957541,
            1.086576052282123,
            1.0803178354837446,
            1.0738616370995493,
            1.0672449681306382,
            1.0605045381815499,
            1.0536761751117296,
            1.0467947693167676,
            1.0398942384833942,
            1.0330075108898447,
            1.0261665202913781,
            1.019402206241995,
            1.0127445112175335,
            1.0062223670892065,
            0.9998636620620193,
            0.993695182729892,
            0.9877425258310839,
            0.9820299780961832,
            0.9765803654892713
        ],
        "imag": [
            0.12329832043144034,
            0.1536267907194461,
            0.18362717478947085,
            0.21323642412891697,
            0.24239279159868077,
            0.27103598082561153,
            0.29910727921740027,
            0.32654967965036835,
            0.3533079966206017,
            0.3793289830369063,
            0.4045614530057033,
            0.4289564150521297,
            0.4524672176089473,
            0.47504970738257446,
            0.4966623974649147,
            0.5172666410031476,
            0.5368268034693607,
            0.5553104258565815,
            0.5726883702569081,
            0.5889349401580112,
            0.6040279686051697,
            0.6179488699540431,
            0.6306826533568369,
            0.642217899090196,
            0.6525467021724849,
            0.6616645897649606,
            0.6695704214024439,
            0.6762662816357977,
            0.6817573747738405,
            0.686051930174506,
            0.6891611242831625,
            0.691099022756177,
            0.6918825426468395,
            0.6915314314221682,
            0.6900682566972448,
            0.6875183984864435,
            0.6839100346220905,
            0.6792741098739546,
            0.6736442802566265,
            0.6670568257521332,
            0.6595505272162946,
            0.6511665060736997,
            0.6419480284680213,
            0.6319402783976071,
            0.6211901068480287,
            0.6097457657498846,
            0.5976566366213745,
            0.5849729638712535,
            0.5717456019381495,
            0.5580257838213566,
            0.5438649162776243,
            0.5293144042656504,
            0.514425504409428,
            0.49924920462861794,
            0.48383612489495237,
            0.4682364325626794,
            0.452499764998155,
            0.43667515226840675,
            0.4208109335109959,
            0.40495466193907326,
            0.38915299527106245,
            0.3734515702670087,
            0.35789486198537523,
            0.34252603003779963,
            0.3273867554043437,
            0.31251707224869146,
            0.2979551997260596,
            0.283737378648679,
            0.2698977176789336,
            0.25646805314326543,
            0.24347782606048005,
            0.23095397858555922,
            0.21892087225329526,
            0.2074002288773017,
            0.19641109486535532,
            0.18596982904369017,
            0.17609011370205233,
            0.1667829882574038,
            0.15805690441980244,
            0.1499178013747363,
            0.14236919888142271,
            0.13541230514433958,
            0.12904613607204954,
            0.12326764099858531,
            0.11807182982455355,
            0.11345189523431577,
            0.10939932503810168,
            0.10590399823991493,
            0.10295426101039212,
            0.10053697957284342,
            0.09863756941202542,
            0.09724000239694754,
            0.09632679596247976,
            0.09587899167259141,
            0.09587613112232801,
            0.09629624081365065,
            0.09711583439696551
        ]
    },
    "CPU_time": {
        "derivatives": 0.09671616554260254,
        "buildingVn": 15.439552068710327,
        "assembling_C": 0,