{
    "geometry1": "spherical",
    "geometry2": "small",
    "ope": "b2p_tang_ipp",
    "lc": 0.015,
    "dimP": 2,
    "dimQ": 2,
    "N": 53,
    "f0": 1000,
    "BSP": true,
    "frequencies": [
        80,
        100,
        120,
        140,
        160,
        180,
        200,
        220,
        240,
        260,
        280,
        300,
        320,
        340,
        360,
        380,
        400,
        420,
        440,
        460,
        480,
        500,
        520,
        540,
        560,
        580,
        600,
        620,
        640,
        660,
        680,
        700,
        720,
        740,
        760,
        780,
        800,
        820,
        840,
        860,
        880,
        900,
        920,
        940,
        960,
        980,
        1000,
        1020,
        1040,
        1060,
        1080,
        1100,
        1120,
        1140,
        1160,
        1180,
        1200,
        1220,
        1240,
        1260,
        1280,
        1300,
        1320,
        1340,
        1360,
        1380,
        1400,
        1420,
        1440,
        1460,
        1480,
        1500,
        1520,
        1540,
        1560,
        1580,
        1600,
        1620,
        1640,
        1660,
        1680,
        1700,
        1720,
        1740,
        1760,
        1780,
        1800,
        1820,
        1840,
        1860,
        1880,
        1900,
        1920,
        1940,
        1960,
        1980,
        2000
    ],
    "Z_center": {
        "real": [
            0.010567561521846005,
            0.01647852289486042,
            0.02367060773886049,
            0.03212454410820803,
            0.04181772295807447,
            0.05272428030805116,
            0.06481519076877934,
            0.078058371894062,
            0.09241879878017424,
            0.10785862830173609,
            0.12433733234757542,
            0.14181183939865263,
            0.1602366837720698,
            0.17956416183965263,
            0.19974449451643983,
            0.22072599530372874,
            0.24245524316362757,
            0.26487725949766366,
            0.2879356885014323,
            0.3115729801706931,
            0.3357305752419327,
            0.3603490913620408,
            0.38536850979730536,
            0.41072836201104757,
            0.43636791546137677,
            0.4622263579955813,
            0.48824298024470986,
            0.5143573554507989,
            0.5405095161892277,
            0.5666401274795545,
            0.5926906558092871,
            0.618603533626229,
            0.644322318885624,
            0.6697918492683214,
            0.6949583907152073,
            0.7197697799507595,
            0.7441755606951148,
            0.7681271132887962,
            0.7915777774776297,
            0.8144829681269621,
            0.8368002836544672,
            0.8584896069891826,
            0.879513198881605,
            0.8998357834051351,
            0.9194246255037055,
            0.9382496004537842,
            0.9562832551213165,
            0.9735008609062622,
            0.9898804582785719,
            1.0054028928208976,
            1.020051842704493,
            1.0338138375364594,
            1.0466782685285358,
            1.058637389950598,
            1.0696863118457853,
            1.0798229839993294,
            1.0890481711693816,
            1.09736541960615,
            1.1047810149050141,
            1.1113039312606816,
            1.1169457722121865,
            1.1217207029936034,
            1.1256453746317467,
            1.1287388399605363,
            1.1310224617517068,
            1.1325198131930447,
            1.133256570978207,
            1.1332604013062744,
            1.132560839124113,
            1.1311891609802855,
            1.1291782518952045,
            1.1265624666883145,
            1.1233774862386376,
            1.1196601691902337,
            1.1154483996477842,
            1.1107809314402302,
            1.1056972295608043,
            1.1002373094202518,
            1.0944415745755913,
            1.0883506536195442,
            1.082005236934928,
            1.0754459140338646,
            1.0687130122131872,
            1.0618464372644356,
            1.0548855169796574,
            1.047868848191796,
            1.040834148081508,
            1.033818110470035,
            1.0268562678004507,
            1.0199828594872287,
            1.0132307072865672,
            1.006631098307432,
            1.0002136762458402,
            0.9940063413830746,
            0.9880351598417328,
            0.9823242825433639,
            0.9768958742566823
        ],
        "imag": [
            0.12281155101021829,
            0.15302414607403503,
            0.18291214624356275,
            0.21241289070843114,
            0.2414649352306307,
            0.2700082414085743,
            0.2979843598153741,
            0.3253366062967788,
            0.35201023077433263,
            0.37795257795810383,
            0.40311323942988775,
            0.4274441966118606,
            0.45089995418789836,
            0.4734376635957696,
            0.49501723625906446,
            0.5156014462783838,
            0.5351560223525099,
            0.5536497287516049,
            0.5710544352161289,
            0.5873451757061339,
            0.6025001959758982,
            0.6165009899974839,
            0.6293323253034295,
            0.6409822573629663,
            0.6514421331473109,
            0.6607065840776633,
            0.66877350858407,
            0.6756440445345095,
            0.6813225318210172,
            0.68581646541374,
            0.6891364392144187,
            0.6912960810581772,
            0.6923119792267838,
            0.6922036008480343,
            0.6909932025648444,
            0.6887057338642577,
            0.6853687334612361,
            0.6810122191350523,
            0.6756685714177577,
            0.6693724115346478,
            0.6621604739964986,
            0.6540714742425033,
            0.6451459717319988,
            0.6354262288819892,
            0.6249560662468725,
            0.6137807143364543,
            0.6019466624685618,
            0.5895015050537497,
            0.5764937857112132,
            0.5629728396179308,
            0.5489886344964532,
            0.534591610651385,
            0.5198325204697991,
            0.504762267806946,
            0.4894317476852384,
            0.4738916867417277,
            0.4581924848667228,
            0.4423840584837555,
            0.4265156859286088,
            0.4106358553921676,
            0.39479211589822194,
            0.3790309317930436,
            0.3633975412276488,
            0.3479358191166965,
            0.33268814505889666,
            0.3176952767028529,
            0.30299622903892237,
            0.28862816009178344,
            0.27462626347968394,
            0.26102366829456963,
            0.24785134674241846,
            0.2351380299647234,
            0.22291013244045849,
            0.211191685342418,
            0.20000427919318484,
            0.1893670161333617,
            0.17929647207910468,
            0.16980666900656438,
            0.16090905755842808,
            0.15261251012226315,
            0.1449233244821138,
            0.13784523809388882,
            0.13137945298220896,
            0.12552467120156827,
            0.12027714074838149,
            0.11563071175328173,
            0.11157690272537352,
            0.10810497656208229,
            0.1052020259810465,
            0.10285306797374678,
            0.10104114682556772,
            0.09974744519385766,
            0.09895140268447525,
            0.0986308413197235,
            0.09876209724586432,
            0.09932015798758913,
            0.10027880452047688
        ]
    },
    "CPU_time": {
        "derivatives": 0.00368499755859375,
        "buildingVn": 0.1535632610321045,
        "assembling_C": 0,