{
    "geometry1": "spherical",
    "geometry2": "large",
    "ope": "b2p_tang_ipp",
    "lc": 0.015,
    "dimP": 2,
    "dimQ": 2,
    "N": 50,
    "f0": 1000,
    "BSP": true,
    "frequencies": [
        80,
        100,
        120,
        140,
        160,
        180,
        200,
        220,
        240,
        260,
        280,
        300,
        320,
        340,
        360,
        380,
        400,
        420,
        440,
        460,
        480,
        500,
        520,
        540,
        560,
        580,
        600,
        620,
        640,
        660,
        680,
        700,
        720,
        740,
        760,
        780,
        800,
        820,
        840,
        860,
        880,
        900,
        920,
        940,
        960,
        980,
        1000,
        1020,
        1040,
        1060,
        1080,
        1100,
        1120,
        1140,
        1160,
        1180,
        1200,
        1220,
        1240,
        1260,
        1280,
        1300,
        1320,
        1340,
        1360,
        1380,
        1400,
        1420,
        1440,
        1460,
        1480,
        1500,
        1520,
        1540,
        1560,
        1580,
        1600,
        1620,
        1640,
        1660,
        1680,
        1700,
        1720,
        1740,
        1760,
        1780,
        1800,
        1820,
        1840,
        1860,
        1880,
        1900,
        1920,
        1940,
        1960,
        1980,
        2000
    ],
    "Z_center": {
        "real": [
            0.010654642618990432,
            0.016613521098173267,
            0.023863299533898763,
            0.032384369985897415,
            0.04215385987318992,
            0.05314574487571974,
            0.06533095765074588,
            0.07867748878001772,
            0.09315047834576912,
            0.10871229873600742,
            0.1253226314885651,
            0.14293854286674956,
            0.16151456425306987,
            0.18100278405925627,
            0.20135295774291811,
            0.22251264154029957,
            0.2444273538144083,
            0.2670407656682639,
            0.29029491981773475,
            0.31413047401193167,
            0.33848696285265617,
            0.36330306983611627,
            0.3885169003151415,
            0.41406624574858925,
            0.4398888304193364,
            0.46592253347885104,
            0.49210558175397373,
            0.5183767118140654,
            0.54467530310007,
            0.5709414869729961,
            0.597116239063854,
            0.6231414639109951,
            0.6489600813880569,
            0.6745161238068311,
            0.699754850913611,
            0.7246228874806365,
            0.7490683851927634,
            0.7730412073246303,
            0.7964931316988492,
            0.8193780648663745,
            0.8416522586305284,
            0.8632745190529659,
            0.8842063980471799,
            0.904412358540963,
            0.9238599058869595,
            0.9425196805648035,
            0.9603655100147575,
            0.9773744204050563,
            0.9935266119773479,
            1.0088054040506698,
            1.0231971575530294,
            1.036691183919664,
            1.049279649263363,
            1.0609574819115941,
            1.071722289836078,
            1.081574292383645,
            1.090516268306529,
            1.0985535196575458,
            1.1056938489483197,
            1.1119475452085268,
            1.1173273734545193,
            1.1218485615514429,
            1.1255287785750048,
            1.128388099393438,
            1.1304489512530647,
            1.1317360394206255,
            1.1322762503045378,
            1.1320985318299124,
            1.1312337520123399,
            1.129714537672076,
            1.1275750959218371,
            1.1248510216020018,
            1.1215790940058217,
            1.1177970664227779,
            1.1135434519249856,
            1.108857308701328,
            1.1037780283858227,
            1.098345130417136,
            1.0925980657775984,
            1.0865760333247747,
            1.0803178119526566,
            1.0738616113767465,
            1.0672449444571321,
            1.0605045226632759,
            1.0536761756696242,
            1.0467947946272824,
            1.0398942974182128,
            1.0330076083222544,
            1.0261666581528224,
            1.0194023787258404,
            1.0127447032941077,
            1.0062225524563178,
            0.9998638036037543,
            0.9936952332212189,
            0.9877424322457039,
            0.9820296869247953,
            0.9765798292253905
        ],
        "imag": [
            0.12329832035130697,
            0.15362679067914875,
            0.18362717485278013,
            0.21323642433516468,
            0.24239279192841642,
            0.27103598119941663,
            0.29910727953916594,
            0.32654967983024913,
            0.3533079966113178,
            0.37932898282219435,
            0.40456145263844034,
            0.42895641457285305,
            0.4524672171251014,
            0.4750497069617034,
            0.496662397172474,
            0.5172666408689948,
            0.5368268035095957,
            0.5553104260447367,
            0.5726883705660358,
            0.5889349405319146,
            0.6040279689858562,
            0.6179488702992456,
            0.6306826536156621,
            0.642217899254338,
            0.6525467022263121,
            0.6616645897177259,
            0.6695704212741067,
            0.6762662814550126,
            0.6817573745702808,
            0.6860519299751411,
            0.6891611241117798,
            0.6910990226269962,
            0.6918825425662808,
            0.6915314313886096,
            0.6900682567035371,
            0.6875183985219475,
            0.6839100346732763,
            0.6792741099299143,
            0.6736442803068893,
            0.6670568257917373,
            0.6595505272431935,
            0.6511665060891908,
            0.6419480284745073,
            0.6319402783990105,
            0.6211901068475296,
            0.6097457657494674,
            0.5976566366213716,
            0.5849729638705413,
            0.5717456019346259,
            0.5580257838132355,
            0.5438649162645134,
            0.529314404248627,
            0.5144255043924945,
            0.4992492046172171,
            0.4838361248947597,
            0.4682364325802792,
            0.4524997650365116,
            0.436675152330897,
            0.42081093359817423,
            0.404954662052737,
            0.3891529954125904,
            0.3734515704409736,
            0.3578948622065243,
            0.34252603032522705,
            0.3273867557721652,
            0.312517072716347,
            0.2979552002905653,
            0.2837373792593954,
            0.26989771821886227,
            0.2564680534541748,
            0.2434778258540112,
            0.23095397751318278,
            0.21892086992384324,
            0.20740022494034027,
            0.19641108910672642,
            0.185969821544686,
            0.17609010499212502,
            0.16678297948506762,
            0.158056897434442,
            0.14991779875450495,
            0.14236920375888973,
            0.13541232081664215,
            0.1290461653908741,
            0.12326768551487528,
            0.11807188862983946,
            0.11345196400499384,
            0.10939939510252995,
            0.10590405608751714,
            0.10295428858160277,
            0.10053695569672944,
            0.09863747189243419,
            0.0972398122525233,
            0.09632650107796213,
            0.09587859313536394,
            0.09587564692504698,
            0.09629571247714544,
            0.09711532821475967
        ]
    },
    "CPU_time": {
        "derivatives": 0.09256172180175781,
        "buildingVn": 13.76082706451416,
        "assembling_C": 0,