{
    "geometry1": "spherical",
    "geometry2": "large",
    "ope": "b2p_tang_ipp",
    "lc": 0.015,
    "dimP": 2,
    "dimQ": 2,
    "N": 13,
    "f0": 1000,
    "BSP": true,
    "frequencies": [
        80,
        100,
        120,
        140,
        160,
        180,
        200,
        220,
        240,
        260,
        280,
        300,
        320,
        340,
        360,
        380,
        400,
        420,
        440,
        460,
        480,
        500,
        520,
        540,
        560,
        580,
        600,
        620,
        640,
        660,
        680,
        700,
        720,
        740,
        760,
        780,
        800,
        820,
        840,
        860,
        880,
        900,
        920,
        940,
        960,
        980,
        1000,
        1020,
        1040,
        1060,
        1080,
        1100,
        1120,
        1140,
        1160,
        1180,
        1200,
        1220,
        1240,
        1260,
        1280,
        1300,
        1320,
        1340,
        1360,
        1380,
        1400,
        1420,
        1440,
        1460,
        1480,
        1500,
        1520,
        1540,
        1560,
        1580,
        1600,
        1620,
        1640,
        1660,
        1680,
        1700,
        1720,
        1740,
        1760,
        1780,
        1800,
        1820,
        1840,
        1860,
        1880,
        1900,
        1920,
        1940,
        1960,
        1980,
        2000
    ],
    "Z_center": {
        "real": [
            0.010584902546205237,
            0.016513959313913616,
            0.023735179522958547,
            0.03223218013252976,
            0.041984807619984334,
            0.052968980640780504,
            0.06515663172647787,
            0.07851575653604952,
            0.09301056577332849,
            0.10860172349507152,
            0.12524664768823013,
            0.1428998454807787,
            0.16151325616235332,
            0.181036579629324,
            0.20141757473834743,
            0.2226023199125188,
            0.24453543577390333,
            0.26716027540953174,
            0.29041909138228866,
            0.314253189559791,
            0.3386030785470371,
            0.36340862066156543,
            0.38860918688355767,
            0.4141438149474619,
            0.43995136742935026,
            0.46597068574318945,
            0.49214073649030227,
            0.5184007484308436,
            0.5446903410529222,
            0.5709496486887536,
            0.5971194465940372,
            0.6231412865478299,
            0.6489576486980028,
            0.6745121133556216,
            0.6997495516455593,
            0.724616328427956,
            0.7490605062710981,
            0.7730320371373283,
            0.7964829301068649,
            0.8193673892955763,
            0.8416419252780817,
            0.863265453673499,
            0.8841994030072483,
            0.9044078572355734,
            0.9238577538479387,
            0.9425191452388448,
            0.9603655100148082,
            0.9773740748796612,
            0.9935260810031663,
            1.0088069067544585,
            1.0232059478125064,
            1.036716163184104,
            1.0493332287506376,
            1.0610543037577793,
            1.0718765098311522,
            1.0817953364368416,
            1.0908032970871044,
            1.0988892284830014,
            1.1060386048522888,
            1.1122350990793972,
            1.1174633679675725,
            1.1217127398350217,
            1.1249812630342086,
            1.1272795680245642,
            1.1286342713938255,
            1.1290911333764617,
            1.1287186127670465,
            1.1276124461431876,
            1.1259010743765447,
            1.1237502324730628,
            1.121363575574927,
            1.1189759818620184,
            1.1168377465028427,
            1.1151905623366076,
            1.1142384091160427,
            1.1141171235544487,
            1.1148656452258199,
            1.1164007687843343,
            1.1184966848793523,
            1.1207710679864074,
            1.1226807760437656,
            1.1235317716949658,
            1.1225087965096392,
            1.118729585460223,
            1.1113250267697274,
            1.0995403156644774,
            1.0828438747400877,
            1.0610234675818593,
            1.034246455580969,
            1.003066516277456,
            0.9683719714894027,
            0.9312866575439027,
            0.8930464579187343,
            0.8548783989189322,
            0.8179041572027184,
            0.7830795262670206,
            0.751170741345876
        ],
        "imag": [
            0.12322982631521227,
            0.153561806278894,
            0.18357592411091456,
            0.2132082254826526,
            0.24239509250760038,
            0.27107363312227983,
            0.29918212102711,
            0.32666044994112087,
            0.3534505670825258,
            0.3794968566155405,
            0.4047464529808665,
            0.4291494747824999,
            0.4526591804127688,
            0.47523205529020573,
            0.4968278463772942,
            0.5174095620579469,
            0.5369434546267761,
            0.5553989992436684,
            0.5727488782689139,
            0.5889689745853386,
            0.6040383729114321,
            0.6179393649979724,
            0.6306574533482787,
            0.6421813486396869,
            0.6525029579224323,
            0.6616173632895925,
            0.6695227933438975,
            0.676220591782445,
            0.681715188247023,
            0.6860140758980433,
            0.6891277978932611,
            0.6910699414064331,
            0.69185713376339,
            0.6915090318118173,
            0.6900482939748321,
            0.6875005254887934,
            0.6838941913733458,
            0.6792604981242462,
            0.6736332524478722,
            0.6670487113930059,
            0.6595454406408516,
            0.6511641946799854,
            0.6419478235457452,
            0.6319411968762453,
            0.6211911200676339,
            0.6097462033150272,
            0.5976566366214262,
            0.5849738262046313,
            0.5717498627606222,
            0.5580368209292748,
            0.5438859313934025,
            0.5293467190318966,
            0.514466255317181,
            0.4992887186139654,
            0.4838554750354263,
            0.4682058649587251,
            0.4523787890638631,
            0.4364150289314906,
            0.42036003275662626,
            0.4042667023782522,
            0.38819761534269553,
            0.3722261810553116,
            0.35643648401468403,
            0.3409219334459294,
            0.3257831405682688,
            0.31112545747480636,
            0.29705617375360444,
            0.28368054017854355,
            0.2710949979777209,
            0.2593759589916612,
            0.24856376185186374,
            0.23864374505496483,
            0.22952847217391953,
            0.22104564796717804,
            0.21293490048903027,
            0.20485442484588234,
            0.1963968846036635,
            0.18711359999391858,
            0.17654660073673417,
            0.1642687723398689,
            0.14993228162948335,
            0.13332418823738515,
            0.11442543654990812,
            0.09346557467208741,
            0.07096159090838226,
            0.04772704593587992,
            0.024839460665360243,
            0.003561177227548585,
            -0.014779167839740086,
            -0.028924668684575335,
            -0.03781980994116602,
            -0.04070497684346413,
            -0.03715920560746208,
            -0.027089353683223127,
            -0.010677007456985483,
            0.011698525487082752,
            0.03954268135285477
        ]
    },
    "CPU_time": {
        "derivatives": 0.09906601905822754,
        "buildingVn": 9.248883962631226,
        "assembling_C": 0,