{
    "geometry1": "spherical",
    "geometry2": "large",
    "ope": "b2p_tang_ipp",
    "lc": 0.015,
    "dimP": 2,
    "dimQ": 2,
    "N": 87,
    "f0": 1000,
    "BSP": true,
    "frequencies": [
        80,
        100,
        120,
        140,
        160,
        180,
        200,
        220,
        240,
        260,
        280,
        300,
        320,
        340,
        360,
        380,
        400,
        420,
        440,
        460,
        480,
        500,
        520,
        540,
        560,
        580,
        600,
        620,
        640,
        660,
        680,
        700,
        720,
        740,
        760,
        780,
        800,
        820,
        840,
        860,
        880,
        900,
        920,
        940,
        960,
        980,
        1000,
        1020,
        1040,
        1060,
        1080,
        1100,
        1120,
        1140,
        1160,
        1180,
        1200,
        1220,
        1240,
        1260,
        1280,
        1300,
        1320,
        1340,
        1360,
        1380,
        1400,
        1420,
        1440,
        1460,
        1480,
        1500,
        1520,
        1540,
        1560,
        1580,
        1600,
        1620,
        1640,
        1660,
        1680,
        1700,
        1720,
        1740,
        1760,
        1780,
        1800,
        1820,
        1840,
        1860,
        1880,
        1900,
        1920,
        1940,
        1960,
        1980,
        2000
    ],
    "Z_center": {
        "real": [
            0.010654642507560123,
            0.016613520700528107,
            0.023863299008364033,
            0.03238436950466932,
            0.04215385954672214,
            0.053145744737171874,
            0.0653309576784559,
            0.07867748893039984,
            0.09315047857444683,
            0.10871229900624717,
            0.12532263177446704,
            0.1429385431522749,
            0.16151456452198176,
            0.18100278429712566,
            0.20135295793469288,
            0.22251264167127166,
            0.24442735387242823,
            0.2670407656474704,
            0.29029491971751464,
            0.31413047384189197,
            0.3384869626288656,
            0.3633030695806723,
            0.38851690005390127,
            0.41406624550717586,
            0.43988883022054176,
            0.4659225333373176,
            0.4921055816786639,
            0.5183767118058831,
            0.5446753031519495,
            0.5709414870713732,
            0.5971162391922775,
            0.6231414640518472,
            0.6489600815246241,
            0.6745161239263622,
            0.6997548510067093,
            0.7246228875437345,
            0.7490683852265622,
            0.7730412073340049,
            0.7964931316902601,
            0.8193780648479166,
            0.8416522586090116,
            0.8632745190333649,
            0.8842063980330065,
            0.9044123585327013,
            0.9238599058834913,
            0.9425196805644837,
            0.9603655100148457,
            0.9773744204047503,
            0.9935266119774352,
            1.008805404053197,
            1.0231971575610823,
            1.036691183937714,
            1.04927964929371,
            1.0609574819551946,
            1.0717222898912337,
            1.0815742924464111,
            1.0905162683701757,
            1.0985535197163194,
            1.1056938489978647,
            1.1119475452479843,
            1.117327373486948,
            1.121848561584028,
            1.1255287786119368,
            1.1283880994298863,
            1.1304489512666398,
            1.131736039359331,
            1.1322762500804706,
            1.1320985313181424,
            1.1312337510654082,
            1.129714536145128,
            1.1275750937278517,
            1.1248510187694318,
            1.1215790907598242,
            1.1177970632560477,
            1.1135434496278482,
            1.1088573083900748,
            1.1037780313911278,
            1.0983451381001337,
            1.0925980792354542,
            1.086576052984252,
            1.080317837032579,
            1.0738616394423173,
            1.0672449710080987,
            1.0605045410199554,
            1.0536761772919203,
            1.0467947699445894,
            1.0398942367766368,
            1.033007506314808,
            1.0261665129272841,
            1.0194021969853666,
            1.0127445020685857,
            1.0062223609946885,
            0.9998636627905086,
            0.9936951941761651,
            0.9877425509931962,
            0.9820300178241571,
            0.9765804171944233
        ],
        "imag": [
            0.1232983198421049,
            0.1536267903124205,
            0.18362717475786966,
            0.21323642450554045,
            0.2423927922748829,
            0.27103598161516035,
            0.29910727993854425,
            0.3265496801642248,
            0.35330799685742353,
            0.3793289829810678,
            0.40456145271346217,
            0.4289564145699316,
            0.4524672170505524,
            0.47504970682168557,
            0.49666239697428277,
            0.5172666406257111,
            0.5368268032379451,
            0.5553104257667977,
            0.57268837030672,
            0.5889349403145632,
            0.604027968831773,
            0.6179488702194155,
            0.6306826536161853,
            0.64221789933129,
            0.6525467023667276,
            0.6616645899034371,
            0.6695704214842152,
            0.6762662816639983,
            0.6817573747590384,
            0.6860519301279909,
            0.6891611242187582,
            0.691099022684658,
            0.6918825425779259,
            0.6915314313621658,
            0.6900682566500611,
            0.6875183984537504,
            0.683910034601705,
            0.6792741098649108,
            0.6736442802542151,
            0.6670568257543302,
            0.6595505272205431,
            0.6511665060784303,
            0.6419480284715476,
            0.6319402783998412,
            0.6211901068492804,
            0.6097457657500336,
            0.5976566366215081,
            0.5849729638716019,
            0.5717456019384834,
            0.5580257838215487,
            0.5438649162773516,
            0.5293144042637662,
            0.5144255044060351,
            0.4992492046233876,
            0.48383612488761335,
            0.46823643255477804,
            0.4524997649900407,
            0.43667515226332543,
            0.42081093351214216,
            0.40495466195149715,
            0.38915299529737923,
            0.37345157030656084,
            0.35789486203696236,
            0.3425260300944194,
            0.3273867554447483,
            0.3125170722554897,
            0.2979551996772621,
            0.28373737851262276,
            0.26989771742555946,
            0.25646805279798185,
            0.24347782562766412,
            0.2309539781190247,
            0.21892087183568318,
            0.20740022862045326,
            0.19641109489589995,
            0.18596982947404586,
            0.17609011460569648,
            0.16678298962441057,
            0.15805690613699652,
            0.14991780322288512,
            0.14236920049575796,
            0.13541230610829713,
            0.1290461359620415,
            0.12326763950451534,
            0.11807182678889233,
            0.11345189094359266,
            0.10939932021675966,
            0.10590399409875033,
            0.10295425916570734,
            0.10053698183476041,
            0.09863757731928453,
            0.09724001663245817,
            0.09632681581708907,
            0.09587901441547302,
            0.095876151860669,
            0.0962962522316484,
            0.09711582834750028
        ]
    },
    "CPU_time": {
        "derivatives": 0.09538507461547852,
        "buildingVn": 21.735729932785034,
        "assembling_C": 0,