{
    "geometry1": "spherical",
    "geometry2": "small",
    "ope": "b2p_tang_ipp",
    "lc": 0.015,
    "dimP": 2,
    "dimQ": 2,
    "N": 8,
    "f0": 1000,
    "BSP": true,
    "frequencies": [
        80,
        100,
        120,
        140,
        160,
        180,
        200,
        220,
        240,
        260,
        280,
        300,
        320,
        340,
        360,
        380,
        400,
        420,
        440,
        460,
        480,
        500,
        520,
        540,
        560,
        580,
        600,
        620,
        640,
        660,
        680,
        700,
        720,
        740,
        760,
        780,
        800,
        820,
        840,
        860,
        880,
        900,
        920,
        940,
        960,
        980,
        1000,
        1020,
        1040,
        1060,
        1080,
        1100,
        1120,
        1140,
        1160,
        1180,
        1200,
        1220,
        1240,
        1260,
        1280,
        1300,
        1320,
        1340,
        1360,
        1380,
        1400,
        1420,
        1440,
        1460,
        1480,
        1500,
        1520,
        1540,
        1560,
        1580,
        1600,
        1620,
        1640,
        1660,
        1680,
        1700,
        1720,
        1740,
        1760,
        1780,
        1800,
        1820,
        1840,
        1860,
        1880,
        1900,
        1920,
        1940,
        1960,
        1980,
        2000
    ],
    "Z_center": {
        "real": [
            0.01056675022891874,
            0.016477241124509576,
            0.023668777818912575,
            0.03212210893741158,
            0.04181464797371092,
            0.052720554441958244,
            0.06481082637654105,
            0.07805340369841467,
            0.09241328192014107,
            0.10785263562021624,
            0.12433095107999513,
            0.1418051674430978,
            0.16022982572751082,
            0.17955722499476015,
            0.19973758495890048,
            0.22071921430094965,
            0.24244868394220562,
            0.2648710045228419,
            0.28792980733035534,
            0.3115675279258979,
            0.33572559172498045,
            0.3603446008022406,
            0.38536452120761444,
            0.4107248701027413,
            0.43636490205139256,
            0.46222379382566003,
            0.4882408271198221,
            0.5143555685960265,
            0.5405080467193326,
            0.5666389248739404,
            0.5926896702870391,
            0.6186027183211136,
            0.6443216317294765,
            0.6697912545025881,
            0.694957859964349,
            0.7197692928074488,
            0.7441751047848485,
            0.768126683800544,
            0.7915773761663886,
            0.8144826018133559,
            0.8367999622647847,
            0.8584893411961536,
            0.879512997420854,
            0.8998356501543973,
            0.9194245564207834,
            0.9382495804746087,
            0.956283255121317,
            0.9735008348259867,
            0.9898803405086904,
            1.0054025959322304,
            1.0200512555960008,
            1.0338128240588162,
            1.04667666662341,
            1.058635011327083,
            1.0696829421962724,
            1.079818383738426,
            1.0890420766622526,
            1.0973575448378563,
            1.1047710535308528,
            1.111291558969935,
            1.1169306493352495,
            1.121702477284686,
            1.1256236841677696,
            1.1287133161104428,
            1.1309927321897455,
            1.1324855049537819,
            1.1332173135794759,
            1.1332158299980029,
            1.1325105983546275,
            1.1311329082056738,
            1.1291156618902007,
            1.1264932365466716,
            1.1233013412756576,
            1.119576869977399,
            1.115357750418227,
            1.1106827901014458,
            1.105591519536736,
            1.1001240335170581,
            1.0943208310233825,
            1.0882226543857327,
            1.0818703283337787,
            1.075304599572179,
            1.0685659775151872,
            1.0616945768118173,
            1.0547299622881856,
            1.047710996927191,
            1.0406756934981443,
            1.033661070441005,
            1.026703012601204,
            1.019836137402451,
            1.0130936670362136,
            1.0065073072380024,
            1.000107133211825,
            0.9939214832553368,
            0.9879768606283101,
            0.9822978441964304,
            0.9769070083692437
        ],
        "imag": [
            0.12280846405299674,
            0.15302045135556683,
            0.18290794733611576,
            0.21240830396258237,
            0.24146008529754087,
            0.27000325650581086,
            0.2979793669707366,
            0.325331726796408,
            0.3520055760192729,
            0.37794824590032966,
            0.40310931171821857,
            0.4274407365339719,
            0.4508970054501788,
            0.4734352499409433,
            0.49501536188426726,
            0.5156000969850462,
            0.53515516733452,
            0.5536493229099481,
            0.571054421876068,
            0.5873454896067655,
            0.6025007664007122,
            0.6165017439179622,
            0.6293331904150037,
            0.6409831649032813,
            0.651443020400215,
            0.6607073964820593,
            0.6687742013843724,
            0.6756445839282719,
            0.6813228955790088,
            0.6858166429677282,
            0.6891364312276437,
            0.6912958985124663,
            0.6923116420779116,
            0.6922031363167718,
            0.6909926431446317,
            0.6887051151372436,
            0.6853680918221213,
            0.6810115895265008,
            0.6756679851819601,
            0.6693718944828807,
            0.6621600447921967,
            0.6540711431838836,
            0.6451457400075924,
            0.6354260883574072,
            0.6249559998239502,
            0.6137806969073933,
            0.6019466624685628,
            0.5895014865964153,
            0.5764937112728824,
            0.5629726732203418,
            0.5489883453229393,
            0.5345911770204459,
            0.5198319340821772,
            0.5047615381785772,
            0.4894309066789038,
            0.4738907931150827,
            0.4581916287634157,
            0.4423833658074305,
            0.42651532255603825,
            0.4106360312010086,
            0.3947930886061153,
            0.3790330106267084,
            0.3634010904624599,
            0.34794126154733596,
            0.3326959654790957,
            0.31770602548540783,
            0.30301052591510325,
            0.28864669823054856,
            0.2746498139611645,
            0.2610530850580963,
            0.24788757206664508,
            0.23518210050611033,
            0.2229631858165933,
            0.21125496719933945,
            0.2000791506417965,
            0.18945496138106346,
            0.17939910602039413,
            0.1699257444732801,
            0.1610464718688161,
            0.15277031051123782,
            0.14510371194573662,
            0.13805056914269165,
            0.13161223877325462,
            0.12578757351140557,
            0.12057296426079124,
            0.11596239216927659,
            0.11194749026017274,
            0.10851761447586958,
            0.10565992389747121,
            0.10335946987211776,
            0.10159929374804338,
            0.10036053288493002,
            0.09962253457406736,
            0.0993629774679437,
            0.09955800008219841,
            0.10018233589370287,
            0.10120945451649936
        ]
    },
    "CPU_time": {
        "derivatives": 0.003937959671020508,
        "buildingVn": 0.026723146438598633,
        "assembling_C": 0,