{
    "geometry1": "spherical",
    "geometry2": "large",
    "ope": "b2p_tang_ipp",
    "lc": 0.015,
    "dimP": 2,
    "dimQ": 2,
    "N": 90,
    "f0": 1000,
    "BSP": true,
    "frequencies": [
        80,
        100,
        120,
        140,
        160,
        180,
        200,
        220,
        240,
        260,
        280,
        300,
        320,
        340,
        360,
        380,
        400,
        420,
        440,
        460,
        480,
        500,
        520,
        540,
        560,
        580,
        600,
        620,
        640,
        660,
        680,
        700,
        720,
        740,
        760,
        780,
        800,
        820,
        840,
        860,
        880,
        900,
        920,
        940,
        960,
        980,
        1000,
        1020,
        1040,
        1060,
        1080,
        1100,
        1120,
        1140,
        1160,
        1180,
        1200,
        1220,
        1240,
        1260,
        1280,
        1300,
        1320,
        1340,
        1360,
        1380,
        1400,
        1420,
        1440,
        1460,
        1480,
        1500,
        1520,
        1540,
        1560,
        1580,
        1600,
        1620,
        1640,
        1660,
        1680,
        1700,
        1720,
        1740,
        1760,
        1780,
        1800,
        1820,
        1840,
        1860,
        1880,
        1900,
        1920,
        1940,
        1960,
        1980,
        2000
    ],
    "Z_center": {
        "real": [
            0.01065464248996053,
            0.016613520581329467,
            0.023863298823327737,
            0.03238436931600022,
            0.04215385941098967,
            0.0531457446909083,
            0.06533095772804803,
            0.0786774890562446,
            0.09315047874305099,
            0.10871229918125046,
            0.12532263192450724,
            0.14293854325444716,
            0.16151456456841182,
            0.18100278428838878,
            0.20135295788039584,
            0.2225126415878722,
            0.24442735377330865,
            0.2670407655498863,
            0.29029491963357007,
            0.31413047378011916,
            0.33848696259237193,
            0.3633030695701367,
            0.3885169000651981,
            0.41406624553553895,
            0.4398888302582639,
            0.4659225333801735,
            0.4921055817193412,
            0.5183767118406306,
            0.5446753031781817,
            0.5709414870879508,
            0.5971162391995836,
            0.6231414640511111,
            0.6489600815177842,
            0.6745161239157725,
            0.6997548509945963,
            0.7246228875318396,
            0.7490683852162687,
            0.7730412073259799,
            0.7964931316851137,
            0.8193780648449179,
            0.8416522586077202,
            0.863274519033615,
            0.8842063980335299,
            0.9044123585331362,
            0.9238599058838449,
            0.9425196805642271,
            0.9603655100148216,
            0.9773744204050842,
            0.9935266119777248,
            1.0088054040540317,
            1.0231971575624286,
            1.0366911839382276,
            1.0492796492931207,
            1.06095748195203,
            1.0717222898848118,
            1.0815742924354428,
            1.090516268353914,
            1.0985535196950273,
            1.1056938489727133,
            1.1119475452205831,
            1.1173273734607982,
            1.1218485615634488,
            1.1255287786023096,
            1.1283880994367173,
            1.130448951294881,
            1.1317360394129816,
            1.1322762501615746,
            1.1320985314258605,
            1.1312337511953474,
            1.1297145362890957,
            1.1275750938738265,
            1.1248510189016045,
            1.1215790908610848,
            1.1177970633066008,
            1.1135434496099235,
            1.10885730828861,
            1.1037780311972956,
            1.0983451378134257,
            1.092598078865359,
            1.0865760525523624,
            1.0803178365725912,
            1.073861638997877,
            1.0672449706300102,
            1.0605045407584608,
            1.0536761771928573,
            1.04679477003847,
            1.0398942370736486,
            1.033007506800388,
            1.026166513563233,
            1.019402197709577,
            1.0127445028125683,
            1.0062223616836823,
            0.9998636633718742,
            0.9936951946127566,
            0.9877425512793712,
            0.9820300179879531,
            0.976580417290715
        ],
        "imag": [
            0.12329831968908174,
            0.15362679018292788,
            0.18362717471241824,
            0.21323642456594766,
            0.24239279242526293,
            0.27103598181150235,
            0.2991072801306597,
            0.326549680308338,
            0.3533079969320169,
            0.3793289829775331,
            0.404561452643021,
            0.4289564144534349,
            0.4524672169128568,
            0.4750497066865943,
            0.49666239686145336,
            0.5172666405404626,
            0.5368268031989095,
            0.5553104257670403,
            0.5726883703381307,
            0.5889349403680088,
            0.6040279688971091,
            0.61794887028626,
            0.6306826536769494,
            0.6422178993788595,
            0.6525467023995214,
            0.6616645899196363,
            0.669570421485285,
            0.6762662816532521,
            0.681757374739794,
            0.6860519301038382,
            0.6891611241940218,
            0.6910990226623217,
            0.6918825425595388,
            0.6915314313489085,
            0.6900682566419787,
            0.6875183984505238,
            0.6839100346022687,
            0.6792741098676695,
            0.673644280258645,
            0.6670568257586962,
            0.6595505272242347,
            0.6511665060810442,
            0.6419480284732029,
            0.6319402784005502,
            0.6211901068493855,
            0.6097457657502325,
            0.597656636621541,
            0.5849729638715814,
            0.5717456019387138,
            0.5580257838206675,
            0.5438649162752419,
            0.5293144042601746,
            0.5144255044007104,
            0.49924920461648886,
            0.4838361248797866,
            0.4682364325474183,
            0.4524997649850317,
            0.4366751522629524,
            0.42081093351866933,
            0.40495466196819674,
            0.3891529953261293,
            0.3734515703479623,
            0.35789486209085897,
            0.34252603015799876,
            0.32738675551365476,
            0.3125170723229976,
            0.2979551997348307,
            0.2837373785502925,
            0.26989771743318874,
            0.2564680527648597,
            0.24347782554638644,
            0.2309539779854818,
            0.21892087165025817,
            0.2074002283895791,
            0.1964110946329104,
            0.18596982919855723,
            0.17609011434452182,
            0.16678298940862835,
            0.15805690599896932,
            0.14991780319432302,
            0.1423692006018324,
            0.1354123063630198,
            0.12904613636456022,
            0.12326764003668622,
            0.11807182741074801,
            0.11345189160217016,
            0.10939932084549096,
            0.10590399463027939,
            0.10295425954247417,
            0.10053698201191234,
            0.09863757728960752,
            0.097240016394921,
            0.09632681541990844,
            0.0958790139152178,
            0.09587615132356868,
            0.0962962517111355,
            0.09711582787285689
        ]
    },
    "CPU_time": {
        "derivatives": 0.09343695640563965,
        "buildingVn": 22.089508771896362,
        "assembling_C": 0,