{
    "geometry1": "spherical",
    "geometry2": "small",
    "ope": "b2p_tang_ipp",
    "lc": 0.015,
    "dimP": 2,
    "dimQ": 2,
    "N": 64,
    "f0": 1000,
    "BSP": true,
    "frequencies": [
        80,
        100,
        120,
        140,
        160,
        180,
        200,
        220,
        240,
        260,
        280,
        300,
        320,
        340,
        360,
        380,
        400,
        420,
        440,
        460,
        480,
        500,
        520,
        540,
        560,
        580,
        600,
        620,
        640,
        660,
        680,
        700,
        720,
        740,
        760,
        780,
        800,
        820,
        840,
        860,
        880,
        900,
        920,
        940,
        960,
        980,
        1000,
        1020,
        1040,
        1060,
        1080,
        1100,
        1120,
        1140,
        1160,
        1180,
        1200,
        1220,
        1240,
        1260,
        1280,
        1300,
        1320,
        1340,
        1360,
        1380,
        1400,
        1420,
        1440,
        1460,
        1480,
        1500,
        1520,
        1540,
        1560,
        1580,
        1600,
        1620,
        1640,
        1660,
        1680,
        1700,
        1720,
        1740,
        1760,
        1780,
        1800,
        1820,
        1840,
        1860,
        1880,
        1900,
        1920,
        1940,
        1960,
        1980,
        2000
    ],
    "Z_center": {
        "real": [
            0.010567578600037915,
            0.01647854513135006,
            0.023670634565533522,
            0.03212457462152164,
            0.0418177560246758,
            0.05272431467492053,
            0.06481522516786209,
            0.07805840513339968,
            0.09241882981610054,
            0.10785865628937696,
            0.12433735666933196,
            0.14181185967233365,
            0.16023669984173708,
            0.17956417375305891,
            0.1997445024932033,
            0.22072599969825338,
            0.2424552444262893,
            0.26487725813717167,
            0.2879356850505304,
            0.31157297515668025,
            0.3357305691628028,
            0.36034908466853144,
            0.38536850288069446,
            0.41072835519621065,
            0.43636790900444,
            0.46222635208537394,
            0.4882429750071739,
            0.514357350955551,
            0.5405095124575219,
            0.5666401244929686,
            0.5926906535186165,
            0.6186035319600637,
            0.6443223177583302,
            0.66979184858716,
            0.6949583903864001,
            0.7197697798844871,
            0.744175560809361,
            0.7681271135121307,
            0.7915777777509586,
            0.8144829684043834,
            0.8368002839033154,
            0.8584896071894328,
            0.8795131990247204,
            0.8998357834925301,
            0.9194246255449311,
            0.9382496004645152,
            0.9562832551213167,
            0.9735008609173376,
            0.9898804583226303,
            1.0054028929181444,
            1.0200518428718528,
            1.0338138377861972,
            1.04667826886717,
            1.0586373903780495,
            1.0696863123548335,
            1.0798229845753182,
            1.0890481717902165,
            1.097365420242521,
            1.1047810155209083,
            1.111303931814068,
            1.1169457726559548,
            1.1217207032766785,
            1.1256453747003725,
            1.1287388397597289,
            1.1310224612268374,
            1.1325198122915514,
            1.1332565696514119,
            1.1332603995112875,
            1.1325608368258204,
            1.131189158153372,
            1.129178248526249,
            1.1265624627778579,
            1.1233774818033084,
            1.1196601642648003,
            1.115448394287156,
            1.110780925721426,
            1.1056972235847533,
            1.1002373033134956,
            1.0944415684917774,
            1.0883506477407117,
            1.0820052314725161,
            1.0754459092294517,
            1.0687130083388192,
            1.0618464346226224,
            1.0548855159028874,
            1.047868849041535,
            1.0408341512467374,
            1.0338181163651523,
            1.0268562768625886,
            1.0199828721729003,
            1.0132307240676692,
            1.0066311196664972,
            1.000213702670679,
            0.9940063733605543,
            0.9880351978510052,
            0.9823243270482579,
            0.9768959256975642
        ],
        "imag": [
            0.12281156595585555,
            0.1530241604601751,
            0.18291215855056386,
            0.21241289970286645,
            0.24146494002346205,
            0.2700082414792321,
            0.2979843550043556,
            0.3253365967720026,
            0.35201021697808765,
            0.3779525605420466,
            0.4031132191852655,
            0.42744417440118276,
            0.4508999308829596,
            0.4734376400254002,
            0.49501721316849284,
            0.5156014243008409,
            0.5351560019925657,
            0.5536497103790696,
            0.5710544190687706,
            0.5873451618993076,
            0.6025001845171135,
            0.6165009808040425,
            0.6293323182215399,
            0.6409822521869315,
            0.6514421296377582,
            0.6607065819780145,
            0.668773507634787,
            0.6756440444847808,
            0.6813225324378589,
            0.6858164664885407,
            0.6891364405671306,
            0.6912960825394188,
            0.6923119807181235,
            0.6922036022608298,
            0.6909932038379438,
            0.6887057349608671,
            0.6853687343652551,
            0.6810122198471397,
            0.6756685719513152,
            0.6693724119119636,
            0.6621604742451082,
            0.6540714743919681,
            0.6451459718111002,
            0.6354262289164284,
            0.6249560662574766,
            0.6137807143378954,
            0.6019466624685622,
            0.5895015050527486,
            0.5764937857024491,
            0.5629728395878832,
            0.5489886344256066,
            0.5345916105152511,
            0.5198325202401343,
            0.5047622674531334,
            0.48943174717576166,
            0.47389168604572407,
            0.4581924839555182,
            0.44238405733241437,
            0.426515684517418,
            0.41063585370802513,
            0.3947921139359622,
            0.3790309295565925,
            0.3633975387310718,
            0.34793581638505966,
            0.3326881421289904,
            0.31769527362369204,
            0.30299622587209196,
            0.2886281569115477,
            0.2746262603728863,
            0.2610236653603219,
            0.24785134409151713,
            0.2351380277188459,
            0.2229101307310824,
            0.21119168430948598,
            0.2000042789834495,
            0.18936701689848484,
            0.17929647397344636,
            0.16980667218465956,
            0.16090906217215584,
            0.1526125163177578,
            0.1449233323963392,
            0.137845247850935,
            0.13137946468934766,
            0.1255246849450592,
            0.1202771565890339,
            0.11563072972186755,
            0.11157692281792078,
            0.1081049987350423,
            0.10520205014645913,
            0.10285309399443684,
            0.10104117451047029,
            0.09974747429349518,
            0.098951432886727,
            0.09863087224597672,
            0.09876212844758574,
            0.09932018894345256,
            0.10027883463420807
        ]
    },
    "CPU_time": {
        "derivatives": 0.0038688182830810547,
        "buildingVn": 0.2147209644317627,
        "assembling_C": 0,