{
    "geometry1": "spherical",
    "geometry2": "large",
    "ope": "b2p_tang_ipp",
    "lc": 0.015,
    "dimP": 2,
    "dimQ": 2,
    "N": 57,
    "f0": 1000,
    "BSP": true,
    "frequencies": [
        80,
        100,
        120,
        140,
        160,
        180,
        200,
        220,
        240,
        260,
        280,
        300,
        320,
        340,
        360,
        380,
        400,
        420,
        440,
        460,
        480,
        500,
        520,
        540,
        560,
        580,
        600,
        620,
        640,
        660,
        680,
        700,
        720,
        740,
        760,
        780,
        800,
        820,
        840,
        860,
        880,
        900,
        920,
        940,
        960,
        980,
        1000,
        1020,
        1040,
        1060,
        1080,
        1100,
        1120,
        1140,
        1160,
        1180,
        1200,
        1220,
        1240,
        1260,
        1280,
        1300,
        1320,
        1340,
        1360,
        1380,
        1400,
        1420,
        1440,
        1460,
        1480,
        1500,
        1520,
        1540,
        1560,
        1580,
        1600,
        1620,
        1640,
        1660,
        1680,
        1700,
        1720,
        1740,
        1760,
        1780,
        1800,
        1820,
        1840,
        1860,
        1880,
        1900,
        1920,
        1940,
        1960,
        1980,
        2000
    ],
    "Z_center": {
        "real": [
            0.010654642602513663,
            0.016613521162004832,
            0.023863299691895858,
            0.032384370200266986,
            0.0421538600626539,
            0.05314574496149069,
            0.06533095757234156,
            0.07867748855439116,
            0.09315047801041174,
            0.10871229837292196,
            0.12532263117299478,
            0.14293854265951922,
            0.16151456418942087,
            0.18100278414859458,
            0.2013529579615115,
            0.222512641845363,
            0.24442735415210767,
            0.2670407659869797,
            0.2902949200703265,
            0.31413047417041773,
            0.338486962904695,
            0.3633030697876479,
            0.38851690018222446,
            0.41406624555874344,
            0.43988883020423625,
            0.4659225332649997,
            0.49210558157501055,
            0.5183767116840227,
            0.544675303028116,
            0.5709414869546688,
            0.5971162390928269,
            0.6231414639644666,
            0.6489600814718957,
            0.674516123895659,
            0.6997548509958823,
            0.7246228875469723,
            0.7490683852391826,
            0.7730412073509279,
            0.7964931317084049,
            0.8193780648637158,
            0.8416522586213386,
            0.8632745190418976,
            0.8842063980379621,
            0.9044123585352061,
            0.9238599058841536,
            0.9425196805640006,
            0.9603655100148804,
            0.9773744204047381,
            0.9935266119766561,
            1.0088054040510162,
            1.0231971575573602,
            1.0366911839308488,
            1.0492796492845518,
            1.0609574819441046,
            1.0717222898803664,
            1.0815742924384242,
            1.0905162683686045,
            1.0985535197239278,
            1.1056938490155446,
            1.1119475452745928,
            1.1173273735224711,
            1.1218485616176421,
            1.125528778631783,
            1.1283880994245574,
            1.1304489512179938,
            1.131736039254591,
            1.1322762499121068,
            1.1320985310815237,
            1.1312337507752377,
            1.129714535817759,
            1.1275750933893698,
            1.1248510184452782,
            1.121579090501051,
            1.1177970631089702,
            1.1135434496746193,
            1.1088573087456501,
            1.103778032253241,
            1.0983451397444022,
            1.0925980820087864,
            1.0865760573569962,
            1.0803178434985716,
            1.073861648430137,
            1.0672449826181616,
            1.0605045548437801,
            1.0536761919833697,
            1.0467947828812236,
            1.0398942437107987,
            1.0330075012656523,
            1.0261664882140134,
            1.019402144052048,
            1.0127444125912803,
            1.0062222289034737,
            0.9998634869524498,
            0.9936949815162158,
            0.9877423199331502,
            0.982029801360658,
            0.9765802649964198
        ],
        "imag": [
            0.12329832042474229,
            0.1536267907875834,
            0.18362717492050093,
            0.21323642429165507,
            0.24239279175089834,
            0.27103598092487735,
            0.2991072792303257,
            0.32654967957952563,
            0.3533079964874185,
            0.3793289828622335,
            0.4045614528317449,
            0.42895641487985825,
            0.45246721748704205,
            0.47504970731489293,
            0.49666239745862045,
            0.5172666410425893,
            0.5368268035483649,
            0.5553104259581984,
            0.5726883703778999,
            0.5889349402734076,
            0.6040279687054125,
            0.6179488700312884,
            0.6306826533972119,
            0.6422178991076506,
            0.6525467021604751,
            0.6616645897306707,
            0.6695704213518653,
            0.6762662815770064,
            0.6817573747158675,
            0.686051930121408,
            0.6891611242426633,
            0.6910990227227787,
            0.6918825426325677,
            0.6915314314193823,
            0.6900682567028295,
            0.6875183984986497,
            0.68391003463637,
            0.6792741098888875,
            0.6736442802688818,
            0.6670568257610103,
            0.6595505272221799,
            0.6511665060771207,
            0.6419480284693225,
            0.6319402783975747,
            0.6211901068474306,
            0.6097457657496506,
            0.5976566366212672,
            0.5849729638711738,
            0.5717456019370813,
            0.5580257838195329,
            0.5438649162749888,
            0.5293144042623158,
            0.5144255044071288,
            0.49924920462854594,
            0.4838361248980675,
            0.4682364325700685,
            0.45249976501045774,
            0.4366751522852762,
            0.42081093353039173,
            0.40495466195798296,
            0.3891529952888455,
            0.3734515702754134,
            0.35789486198108644,
            0.3425260300163989,
            0.3273867553525797,
            0.3125170721625275,
            0.2979551996019981,
            0.28373737849592,
            0.26989771749400343,
            0.25646805298011355,
            0.24347782594704498,
            0.230953978612211,
            0.21892087253285064,
            0.20740022955049775,
            0.19641109609738513,
            0.1859698309802494,
            0.17609011647240405,
            0.16678299181717493,
            0.15805690854976356,
            0.14991780552892117,
            0.14236920211171936,
            0.13541230603982404,
            0.12904613276525084,
            0.1232676312435421,
            0.11807181119201936,
            0.11345186570143774,
            0.10939928350684412,
            0.10590394542196602,
            0.10295420033692317,
            0.10053691817534172,
            0.09863751878542362,
            0.09723997870203901,
            0.09632681951226352,
            0.09587908545776483,
            0.09587631833032435,
            0.09629654040580271,
            0.09711625625489537
        ]
    },
    "CPU_time": {
        "derivatives": 0.09298992156982422,
        "buildingVn": 15.240528106689453,
        "assembling_C": 0,