{
    "geometry1": "spherical",
    "geometry2": "small",
    "ope": "b2p_tang_ipp",
    "lc": 0.015,
    "dimP": 2,
    "dimQ": 2,
    "N": 61,
    "f0": 1000,
    "BSP": true,
    "frequencies": [
        80,
        100,
        120,
        140,
        160,
        180,
        200,
        220,
        240,
        260,
        280,
        300,
        320,
        340,
        360,
        380,
        400,
        420,
        440,
        460,
        480,
        500,
        520,
        540,
        560,
        580,
        600,
        620,
        640,
        660,
        680,
        700,
        720,
        740,
        760,
        780,
        800,
        820,
        840,
        860,
        880,
        900,
        920,
        940,
        960,
        980,
        1000,
        1020,
        1040,
        1060,
        1080,
        1100,
        1120,
        1140,
        1160,
        1180,
        1200,
        1220,
        1240,
        1260,
        1280,
        1300,
        1320,
        1340,
        1360,
        1380,
        1400,
        1420,
        1440,
        1460,
        1480,
        1500,
        1520,
        1540,
        1560,
        1580,
        1600,
        1620,
        1640,
        1660,
        1680,
        1700,
        1720,
        1740,
        1760,
        1780,
        1800,
        1820,
        1840,
        1860,
        1880,
        1900,
        1920,
        1940,
        1960,
        1980,
        2000
    ],
    "Z_center": {
        "real": [
            0.010567563524269056,
            0.016478526843887887,
            0.023670613770621927,
            0.032124552150555194,
            0.041817732765611085,
            0.052724291507153624,
            0.06481520290692437,
            0.07805838448822171,
            0.09241881135999391,
            0.10785864044449048,
            0.12433734370326047,
            0.14181184970483518,
            0.16023669285915879,
            0.17956416962800376,
            0.19974450100713545,
            0.22072600056505015,
            0.24245524731514445,
            0.2648772626936599,
            0.28793569091504034,
            0.31157298197976896,
            0.3357305766172974,
            0.3603490924584492,
            0.38536851074718736,
            0.4107283629208484,
            0.4363679164102458,
            0.4622263590359741,
            0.48824298140451305,
            0.5143573567365184,
            0.5405095175898574,
            0.5666401289707589,
            0.5926906573576131,
            0.6186035351930744,
            0.6443223204308186,
            0.6697918507532072,
            0.694958392105093,
            0.7197697812168051,
            0.7441755618155813,
            0.7681271142497517,
            0.7915777782731345,
            0.8144829687588209,
            0.8368002841316017,
            0.8584896073267373,
            0.8795131990998254,
            0.8998357835281059,
            0.9194246255580202,
            0.9382496004671704,
            0.9562832551213172,
            0.9735008609189597,
            0.9898804583274118,
            1.0054028929256402,
            1.0200518428802896,
            1.033813837793067,
            1.0466782688697025,
            1.0586373903735808,
            1.0696863123410283,
            1.0798229845502783,
            1.0890481717524472,
            1.0973654201908019,
            1.1047810154540225,
            1.1113039317304572,
            1.1169457725532368,
            1.1217207031511387,
            1.1256453745463704,
            1.128738839569044,
            1.131022460988008,
            1.132519811989167,
            1.1332565692654297,
            1.1332603990163255,
            1.1325608361905177,
            1.131189157339734,
            1.1291782474890704,
            1.1265624614642114,
            1.1233774801520893,
            1.119660162206332,
            1.1154483917429658,
            1.1107809226040217,
            1.1056972197976083,
            1.1002372987510973,
            1.0944415630398479,
            1.088350641276551,
            1.0820052238655395,
            1.075445900341864,
            1.068712998026468,
            1.0618464227360742,
            1.054885502288655,
            1.0478688335435657,
            1.0408341337080351,
            1.0338180966296797,
            1.026856254777338,
            1.019982847590216,
            1.0132306968477311,
            1.0066310896800446,
            1.0002136698018564,
            0.9940063375100402,
            0.9880351589391327,
            0.9823242850184093,
            0.9768958805195427
        ],
        "imag": [
            0.12281156134594817,
            0.15302415752760853,
            0.18291215808683345,
            0.21241290225798745,
            0.2414649458984097,
            0.27000825073701873,
            0.2979843674961118,
            0.3253366121736636,
            0.3520102348331329,
            0.3779525803060717,
            0.4031132402688233,
            0.4274441962082294,
            0.45089995284312007,
            0.4734376616191471,
            0.4950172339450521,
            0.5156014438891781,
            0.5351560201062178,
            0.553649726815818,
            0.5710544337062111,
            0.587345174687425,
            0.602500195468848,
            0.616500989984749,
            0.629332325738055,
            0.6409822581768674,
            0.6514421342594681,
            0.6607065854015212,
            0.6687735100338885,
            0.6756440460304646,
            0.6813225332929765,
            0.6858164668037917,
            0.689136440478215,
            0.6912960821652508,
            0.6923119801600157,
            0.6922036016024407,
            0.6909932031458871,
            0.6887057342858315,
            0.6853687337434814,
            0.6810122193021525,
            0.6756685714957976,
            0.6693724115496484,
            0.6621604739726562,
            0.6540714742007225,
            0.6451459716886948,
            0.6354262288481947,
            0.6249560662276612,
            0.613780714330615,
            0.6019466624685622,
            0.5895015050459163,
            0.5764937856761359,
            0.5629728395310233,
            0.548988634328682,
            0.5345916103700914,
            0.519832520039638,
            0.5047622671908725,
            0.4894317468455431,
            0.47389168564110473,
            0.45819248346933483,
            0.44238405675630565,
            0.42651568384139177,
            0.41063585292009036,
            0.3947921130218007,
            0.379030928499343,
            0.36339753751118503,
            0.34793581498026543,
            0.33268814051435563,
            0.31769527177180557,
            0.3029962237533359,
            0.28862815449449974,
            0.27462625762483045,
            0.2610236622478457,
            0.247851340581244,
            0.23513802377824436,
            0.22291012632939336,
            0.2111916794187176,
            0.20000427357948658,
            0.1893670109622582,
            0.17929646749218417,
            0.16980666515318793,
            0.16090905459429264,
            0.15261250820770073,
            0.1449233237801288,
            0.13784523876792718,
            0.13137945519368005,
            0.1255246751071044,
            0.12027714649684097,
            0.11563071948256193,
            0.11157691255897421,
            0.10810498860549442,
            0.10520204031802621,
            0.10285308466239941,
            0.1010411658944736,
            0.09974746663803667,
            0.09895142646149285,
            0.09863086734583135,
            0.09876212539229325,
            0.0993201880770667,
            0.10027883632409164
        ]
    },
    "CPU_time": {
        "derivatives": 0.00399017333984375,
        "buildingVn": 0.20208215713500977,
        "assembling_C": 0,