{
    "geometry1": "spherical",
    "geometry2": "large",
    "ope": "b2p_tang_ipp",
    "lc": 0.015,
    "dimP": 2,
    "dimQ": 2,
    "N": 69,
    "f0": 1000,
    "BSP": true,
    "frequencies": [
        80,
        100,
        120,
        140,
        160,
        180,
        200,
        220,
        240,
        260,
        280,
        300,
        320,
        340,
        360,
        380,
        400,
        420,
        440,
        460,
        480,
        500,
        520,
        540,
        560,
        580,
        600,
        620,
        640,
        660,
        680,
        700,
        720,
        740,
        760,
        780,
        800,
        820,
        840,
        860,
        880,
        900,
        920,
        940,
        960,
        980,
        1000,
        1020,
        1040,
        1060,
        1080,
        1100,
        1120,
        1140,
        1160,
        1180,
        1200,
        1220,
        1240,
        1260,
        1280,
        1300,
        1320,
        1340,
        1360,
        1380,
        1400,
        1420,
        1440,
        1460,
        1480,
        1500,
        1520,
        1540,
        1560,
        1580,
        1600,
        1620,
        1640,
        1660,
        1680,
        1700,
        1720,
        1740,
        1760,
        1780,
        1800,
        1820,
        1840,
        1860,
        1880,
        1900,
        1920,
        1940,
        1960,
        1980,
        2000
    ],
    "Z_center": {
        "real": [
            0.010654642639004439,
            0.01661352104351647,
            0.02386329942562756,
            0.03238436984037621,
            0.04215385969396708,
            0.053145744670587074,
            0.06533095743857782,
            0.07867748859128991,
            0.09315047821615027,
            0.10871229870172616,
            0.12532263156576517,
            0.14293854305780374,
            0.16151456453667684,
            0.18100278440029863,
            0.20135295809859138,
            0.22251264186310984,
            0.24442735406318628,
            0.2670407658141428,
            0.2902949198447336,
            0.3141304739218541,
            0.33848696266087347,
            0.3633030695712951,
            0.388516900011308,
            0.4140662454431346,
            0.43988883014521135,
            0.4659225332624693,
            0.4921055816114625,
            0.5183767117521081,
            0.5446753031141096,
            0.5709414870505981,
            0.5971162391860795,
            0.6231414640577084,
            0.6489600815387985,
            0.6745161239449196,
            0.6997548510264708,
            0.7246228875617867,
            0.7490683852413508,
            0.7730412073446381,
            0.7964931316969011,
            0.819378064850863,
            0.841652258609522,
            0.8632745190326016,
            0.8842063980314911,
            0.9044123585314707,
            0.9238599058827848,
            0.9425196805637762,
            0.9603655100148067,
            0.9773744204045576,
            0.993526611977188,
            1.0088054040524892,
            1.0231971575612544,
            1.0366911839389745,
            1.0492796492980785,
            1.0609574819642298,
            1.071722289906347,
            1.081574292468268,
            1.0905162683983634,
            1.098553519748564,
            1.105693849030193,
            1.1119475452741556,
            1.1173273734985611,
            1.1218485615714562,
            1.1255287785655645,
            1.128388099340905,
            1.130448951129983,
            1.1317360391751023,
            1.1322762498572156,
            1.1320985310742082,
            1.131233750831158,
            1.129714535956036,
            1.1275750936312656,
            1.1248510188127958,
            1.121579090981201,
            1.117797063684177,
            1.1135434502565131,
            1.10885730918295,
            1.103778032271189,
            1.0983451389513614,
            1.0925980799154549,
            1.0865760533483588,
            1.0803178369549178,
            1.073861638877295,
            1.0672449699977908,
            1.0605045397228918,
            1.053676176012022,
            1.0467947690633264,
            1.0398942367113704,
            1.0330075073300413,
            1.026166515035393,
            1.0194021997594263,
            1.012744504520673,
            1.0062223615698567,
            0.9998636595213791,
            0.9936951850633361,
            0.9877425345931087,
            0.9820299939986984,
            0.9765803879531892
        ],
        "imag": [
            0.1232983201783996,
            0.15362679051714703,
            0.18362717472210102,
            0.21323642424152556,
            0.24239279187829513,
            0.27103598120761757,
            0.2991072796233305,
            0.32654967999837303,
            0.3533079968530631,
            0.3793289831173322,
            0.4045614529449873,
            0.4289564148425073,
            0.4524672173184538,
            0.4750497070464888,
            0.49666239713227284,
            0.5172666407081539,
            0.5368268032477882,
            0.5553104257158668,
            0.5726883702117525,
            0.5889349401947336,
            0.6040279687048602,
            0.6179488701023232,
            0.630682653518975,
            0.6422178992601165,
            0.6525467023255315,
            0.6616645898895203,
            0.669570421492895,
            0.6762662816905758,
            0.6817573747961958,
            0.6860519301688299,
            0.6891611242585596,
            0.6910990227194337,
            0.6918825426046273,
            0.6915314313800655,
            0.6900682566594122,
            0.6875183984560486,
            0.6839100345988536,
            0.6792741098589224,
            0.6736442802471907,
            0.6670568257474989,
            0.6595505272149885,
            0.6511665060745117,
            0.6419480284693326,
            0.631940278398846,
            0.6211901068488601,
            0.6097457657501063,
            0.5976566366215087,
            0.5849729638719883,
            0.5717456019389477,
            0.5580257838231688,
            0.5438649162805803,
            0.529314404269121,
            0.5144255044129632,
            0.4992492046311548,
            0.48383612489386185,
            0.4682364325567777,
            0.4524997649840406,
            0.43667515224519027,
            0.4208109334780299,
            0.40495466189869134,
            0.38915299522574776,
            0.37345157021813985,
            0.35789486193869224,
            0.3425260299972218,
            0.3273867553652111,
            0.31251707221396297,
            0.2979551996962655,
            0.28373737861448606,
            0.26989771762837267,
            0.25646805310727905,
            0.24347782603741777,
            0.23095397860192732,
            0.21892087234359334,
            0.20740022908655206,
            0.19641109523564476,
            0.18596982960025496,
            0.17609011444286196,
            0.16678298912422254,
            0.15805690530068373,
            0.14991780211713432,
            0.14236919925509464,
            0.13541230493867337,
            0.12904613509367993,
            0.12326763915785076,
            0.11807182710486772,
            0.1134518918898485,
            0.10939932152599394,
            0.10590399528033632,
            0.1029542594565666,
            0.10053698038955106,
            0.0986375734163977,
            0.09724000998881946,
            0.09632680697128022,
            0.09587900506307873,
            0.09587614504305833,
            0.09629625220937675,
            0.09711584021224988
        ]
    },
    "CPU_time": {
        "derivatives": 0.10028219223022461,
        "buildingVn": 17.479739904403687,
        "assembling_C": 0,