{
    "geometry1": "spherical",
    "geometry2": "small",
    "ope": "b2p_tang_ipp",
    "lc": 0.015,
    "dimP": 2,
    "dimQ": 2,
    "N": 77,
    "f0": 1000,
    "BSP": true,
    "frequencies": [
        80,
        100,
        120,
        140,
        160,
        180,
        200,
        220,
        240,
        260,
        280,
        300,
        320,
        340,
        360,
        380,
        400,
        420,
        440,
        460,
        480,
        500,
        520,
        540,
        560,
        580,
        600,
        620,
        640,
        660,
        680,
        700,
        720,
        740,
        760,
        780,
        800,
        820,
        840,
        860,
        880,
        900,
        920,
        940,
        960,
        980,
        1000,
        1020,
        1040,
        1060,
        1080,
        1100,
        1120,
        1140,
        1160,
        1180,
        1200,
        1220,
        1240,
        1260,
        1280,
        1300,
        1320,
        1340,
        1360,
        1380,
        1400,
        1420,
        1440,
        1460,
        1480,
        1500,
        1520,
        1540,
        1560,
        1580,
        1600,
        1620,
        1640,
        1660,
        1680,
        1700,
        1720,
        1740,
        1760,
        1780,
        1800,
        1820,
        1840,
        1860,
        1880,
        1900,
        1920,
        1940,
        1960,
        1980,
        2000
    ],
    "Z_center": {
        "real": [
            0.010567597502354309,
            0.016478569917974726,
            0.023670664701450746,
            0.03212460916290106,
            0.04181779371708792,
            0.05272435406515086,
            0.06481526471853487,
            0.07805844333091548,
            0.09241886526445581,
            0.10785868778484194,
            0.12433738325340493,
            0.14181188066256448,
            0.16023671484178756,
            0.17956418264463245,
            0.1997445054132726,
            0.22072599700534518,
            0.24245523665959418,
            0.26487724597196494,
            0.2879356692529388,
            0.31157295654030454,
            0.3357305485491098,
            0.3603490628523796,
            0.3853684806018348,
            0.41072833311716006,
            0.43636788769473317,
            0.46222633201191093,
            0.4882429565301637,
            0.5143573343293586,
            0.5405094978356888,
            0.5666401119365704,
            0.592690643007133,
            0.6186035234040199,
            0.644322311012925,
            0.6697918434662458,
            0.6949583866762485,
            0.7197697773568222,
            0.7441755592332961,
            0.7681271126646985,
            0.7915777774260191,
            0.8144829684197717,
            0.8368002841061952,
            0.8584896074598337,
            0.8795131992773653,
            0.8998357836770233,
            0.9194246256444925,
            0.9382496004934332,
            0.9562832551213166,
            0.9735008609530879,
            0.9898804584765987,
            1.0054028932850616,
            1.0200518435529198,
            1.0338138388833407,
            1.0466782704774302,
            1.058637392588348,
            1.0696863152372147,
            1.0798229881828134,
            1.0890481761534268,
            1.0973654253669691,
            1.104781021385252,
            1.1113039383691665,
            1.1169457798247928,
            1.1217207109551435,
            1.125645382758851,
            1.128738848045453,
            1.1310224695669313,
            1.1325198204966733,
            1.1332565775199195,
            1.1332604068338459,
            1.1325608433902827,
            1.1311891637499045,
            1.1291782529525474,
            1.1265624658443598,
            1.1233774833382928,
            1.1196601641192516,
            1.115448392339386,
            1.1107809218812348,
            1.1056972177971522,
            1.1002372955618722,
            1.0944415588004377,
            1.0883506361767619,
            1.082005218147069,
            1.0754458942979772,
            1.0687129920008427,
            1.0618464171205273,
            1.0548854975199449,
            1.0478688300991472,
            1.040834132100821,
            1.0338180974017512,
            1.026856258492729,
            1.0199828548266958,
            1.013230708187683,
            1.0066311057004895,
            1.0002136910636539,
            0.9940063645463472,
            0.9880351922432449,
            0.9823243250310089,
            0.976895927615507
        ],
        "imag": [
            0.12281157908145371,
            0.1530241724604782,
            0.18291216772364108,
            0.21241290459963258,
            0.2414649395333576,
            0.2700082348819402,
            0.297984341987442,
            0.3253365774174846,
            0.35201019172320996,
            0.3779525301208974,
            0.4031131845582922,
            0.427444136679411,
            0.45089989125285235,
            0.47343759967918797,
            0.49501717324347044,
            0.5156013858298687,
            0.535155965866864,
            0.5536496773233965,
            0.5710543896283232,
            0.5873451364371437,
            0.6025001632205009,
            0.6165009636980159,
            0.629332305187823,
            0.6409822429865353,
            0.6514421239356191,
            0.660706579368277,
            0.6687735076655178,
            0.6756440466811787,
            0.681322536323187,
            0.6858164716022788,
            0.6891364464800228,
            0.6912960888652232,
            0.6923119871221327,
            0.6922036084652035,
            0.6909932096241177,
            0.6887057401693286,
            0.6853687388930072,
            0.6810122236432581,
            0.6756685750109919,
            0.6693724142693902,
            0.6621604759656627,
            0.6540714755639867,
            0.6451459725376075,
            0.6354262293071261,
            0.624956066421236,
            0.6137807143759352,
            0.6019466624685632,
            0.5895015050839307,
            0.5764937858117815,
            0.5629728397974159,
            0.548988634730955,
            0.5345916108851992,
            0.5198325206173148,
            0.5047622677556707,
            0.4894317472998265,
            0.47389168586881497,
            0.45819248334041307,
            0.4423840561315752,
            0.4265156825777754,
            0.4106358508759535,
            0.3947921100622897,
            0.3790309245015757,
            0.3633975323691291,
            0.3479358086092108,
            0.3326881328548202,
            0.3176952627928342,
            0.3029962134550871,
            0.2886281429100259,
            0.27462624482105724,
            0.26102364832569974,
            0.247851325674885,
            0.23513800805344856,
            0.2229101099810563,
            0.21119166266756806,
            0.20000425666796867,
            0.18936699414970332,
            0.17929645104929265,
            0.16980664935593803,
            0.1609090397172834,
            0.15261249451708325,
            0.1449233115261817,
            0.1378452281773861,
            0.1313794464619204,
            0.12552466839024357,
            0.12027714190398031,
            0.11563071706810776,
            0.11157691231530718,
            0.10810499045602207,
            0.105202044110695,
            0.10285309016389158,
            0.10104117278509168,
            0.09974747450742372,
            0.09895143480535741,
            0.09863087556367554,
            0.09876213278632862,
            0.0993201938524097,
            0.10027883959026408
        ]
    },
    "CPU_time": {
        "derivatives": 0.003956794738769531,
        "buildingVn": 0.28965091705322266,
        "assembling_C": 0,