{
    "geometry1": "spherical",
    "geometry2": "small",
    "ope": "b2p_tang_ipp",
    "lc": 0.015,
    "dimP": 2,
    "dimQ": 2,
    "N": 62,
    "f0": 1000,
    "BSP": true,
    "frequencies": [
        80,
        100,
        120,
        140,
        160,
        180,
        200,
        220,
        240,
        260,
        280,
        300,
        320,
        340,
        360,
        380,
        400,
        420,
        440,
        460,
        480,
        500,
        520,
        540,
        560,
        580,
        600,
        620,
        640,
        660,
        680,
        700,
        720,
        740,
        760,
        780,
        800,
        820,
        840,
        860,
        880,
        900,
        920,
        940,
        960,
        980,
        1000,
        1020,
        1040,
        1060,
        1080,
        1100,
        1120,
        1140,
        1160,
        1180,
        1200,
        1220,
        1240,
        1260,
        1280,
        1300,
        1320,
        1340,
        1360,
        1380,
        1400,
        1420,
        1440,
        1460,
        1480,
        1500,
        1520,
        1540,
        1560,
        1580,
        1600,
        1620,
        1640,
        1660,
        1680,
        1700,
        1720,
        1740,
        1760,
        1780,
        1800,
        1820,
        1840,
        1860,
        1880,
        1900,
        1920,
        1940,
        1960,
        1980,
        2000
    ],
    "Z_center": {
        "real": [
            0.010567574416357755,
            0.01647854070260644,
            0.023670630278936393,
            0.03212457083675469,
            0.04181775304602705,
            0.05272431273136458,
            0.06481522440200449,
            0.07805840559913171,
            0.09241883148393869,
            0.10785865905785005,
            0.12433736038046064,
            0.14181186412920513,
            0.16023670482634828,
            0.17956417904293573,
            0.1997445078756955,
            0.2207260049818329,
            0.24245524944856497,
            0.2648772627696534,
            0.2879356892004323,
            0.31157297876620327,
            0.33573057220643837,
            0.36034908714895014,
            0.3853685048237578,
            0.4107283566455817,
            0.43636791001622516,
            0.4622263527230742,
            0.4882429753372004,
            0.5143573510434537,
            0.5405095123649841,
            0.5666401242756041,
            0.5926906532244997,
            0.6186035316289692,
            0.6443223174215463,
            0.6697918482677866,
            0.6949583901000357,
            0.7197697796401444,
            0.7441755606105889,
            0.7681271133581776,
            0.7915777776379406,
            0.8144829683263952,
            0.8368002838534099,
            0.8584896071604782,
            0.8795131990100704,
            0.8998357834865367,
            0.9194246255432611,
            0.93824960046434,
            0.9562832551213163,
            0.9735008609176079,
            0.9898804583244678,
            1.005402892923785,
            1.0200518428841137,
            1.0338138378081394,
            1.0466782689017307,
            1.0586373904276971,
            1.0696863124212592,
            1.079822984659169,
            1.0890481718908798,
            1.0973654203579943,
            1.1047810156477,
            1.1113039319472018,
            1.1169457727889787,
            1.1217207034017636,
            1.125645374808452,
            1.1287388398406402,
            1.1310224612694957,
            1.1325198122841318,
            1.133256569581514,
            1.1332603993660675,
            1.1325608365920852,
            1.131189157817659,
            1.1291782480748007,
            1.126562462196562,
            1.1233774810775727,
            1.119660163379317,
            1.115448393225679,
            1.1107809244663673,
            1.1056972221168453,
            1.100237301611319,
            1.0944415665312677,
            1.0883506454946792,
            1.0820052289101045,
            1.0754459063156656,
            1.0687130050340394,
            1.0618464308822098,
            1.0548855116767744,
            1.0478688442740616,
            1.0408341458764199,
            1.0338181103247146,
            1.0268562700790336,
            1.0199828645678253,
            1.0132307155576878,
            1.0066311101638397,
            1.0002136920839884,
            0.994006361595871,
            0.9880351848128562,
            0.9823243126410267,
            0.9768959098268779
        ],
        "imag": [
            0.12281156802551367,
            0.15302416367859767,
            0.18291216294029108,
            0.21241290517598593,
            0.24146494639961882,
            0.2700082485097232,
            0.2979843623992508,
            0.32533660422736593,
            0.3520102242007829,
            0.3779525672702717,
            0.403113225203671,
            0.4274441795501895,
            0.4508999350624704,
            0.47343764319358117,
            0.49501721533662685,
            0.5156014255253324,
            0.5351560023652583,
            0.5536497100168812,
            0.5710544181035045,
            0.587345160468328,
            0.6025001827553235,
            0.6165009788374446,
            0.6293323161624603,
            0.6409822501309043,
            0.6514421276619139,
            0.6607065801407711,
            0.668773505976591,
            0.675644043029686,
            0.6813225311956382,
            0.6858164654571425,
            0.6891364397352662,
            0.6912960818890964,
            0.6923119802270432,
            0.6922036019044983,
            0.6909932035914647,
            0.6887057348003951,
            0.6853687342690639,
            0.6810122197963524,
            0.6756685719303203,
            0.6693724119085266,
            0.6621604742502658,
            0.6540714743997198,
            0.6451459718179731,
            0.6354262289209472,
            0.624956066259596,
            0.6137807143384081,
            0.6019466624685623,
            0.5895015050531188,
            0.5764937857034482,
            0.5629728395888058,
            0.5489886344245402,
            0.5345916105089353,
            0.5198325202239057,
            0.5047622674209555,
            0.48943174712034154,
            0.47389168595866754,
            0.4581924838275506,
            0.44238405715362406,
            0.42651568427750197,
            0.41063585339655495,
            0.39479211354260224,
            0.37903092907132513,
            0.3633975381443462,
            0.3479358156879291,
            0.3326881413131595,
            0.3176952726815396,
            0.3029962247966198,
            0.2886281556962834,
            0.2746262590117649,
            0.2610236638474777,
            0.24785134242109383,
            0.23513802588479202,
            0.22291012872692248,
            0.21119168212813333,
            0.2000042766170255,
            0.18936701433821423,
            0.17929647120958195,
            0.1698066692064941,
            0.16090905896813695,
            0.15261251287566657,
            0.14492332870360153,
            0.13784524389502772,
            0.1313794604583183,
            0.12552468042813794,
            0.12027715177740747,
            0.11563072460949327,
            0.11157691740243414,
            0.10810499301877853,
            0.10520204413750157,
            0.10285308770769774,
            0.1010411679687979,
            0.09974746752877957,
            0.09895142594098404,
            0.09863086517230803,
            0.09876212131113078,
            0.0993201818222122,
            0.100278827619673
        ]
    },
    "CPU_time": {
        "derivatives": 0.004030942916870117,
        "buildingVn": 0.21216106414794922,
        "assembling_C": 0,