{
    "geometry1": "spherical",
    "geometry2": "large",
    "ope": "b2p_tang_ipp",
    "lc": 0.015,
    "dimP": 2,
    "dimQ": 2,
    "N": 36,
    "f0": 1000,
    "BSP": true,
    "frequencies": [
        80,
        100,
        120,
        140,
        160,
        180,
        200,
        220,
        240,
        260,
        280,
        300,
        320,
        340,
        360,
        380,
        400,
        420,
        440,
        460,
        480,
        500,
        520,
        540,
        560,
        580,
        600,
        620,
        640,
        660,
        680,
        700,
        720,
        740,
        760,
        780,
        800,
        820,
        840,
        860,
        880,
        900,
        920,
        940,
        960,
        980,
        1000,
        1020,
        1040,
        1060,
        1080,
        1100,
        1120,
        1140,
        1160,
        1180,
        1200,
        1220,
        1240,
        1260,
        1280,
        1300,
        1320,
        1340,
        1360,
        1380,
        1400,
        1420,
        1440,
        1460,
        1480,
        1500,
        1520,
        1540,
        1560,
        1580,
        1600,
        1620,
        1640,
        1660,
        1680,
        1700,
        1720,
        1740,
        1760,
        1780,
        1800,
        1820,
        1840,
        1860,
        1880,
        1900,
        1920,
        1940,
        1960,
        1980,
        2000
    ],
    "Z_center": {
        "real": [
            0.010654642072924924,
            0.0166135220322998,
            0.023863301780352612,
            0.03238437286348598,
            0.04215386255575818,
            0.05314574669442331,
            0.06533095824164692,
            0.07867748810605242,
            0.0931504766357522,
            0.10871229637093882,
            0.12532262891258333,
            0.14293854049334992,
            0.16151456240066467,
            0.18100278292333924,
            0.20135295738968578,
            0.2225126419183172,
            0.2444273547840754,
            0.26704076703632873,
            0.2902949213677031,
            0.31413047554039086,
            0.3384869641888994,
            0.3633030708609549,
            0.38851690096356123,
            0.4140662460125323,
            0.4398888303338454,
            0.4659225331145576,
            0.4921055811993857,
            0.5183767111641282,
            0.5446753024424904,
            0.570941486378324,
            0.5971162385812997,
            0.6231414635672947,
            0.6489600811870361,
            0.6745161237353617,
            0.6997548509450908,
            0.7246228875817057,
            0.7490683853295164,
            0.7730412074668087,
            0.7964931318231857,
            0.8193780649593864,
            0.8416522586882568,
            0.8632745190795309,
            0.8842063980524182,
            0.9044123585363163,
            0.9238599058815601,
            0.94251968056283,
            0.9603655100148215,
            0.9773744204030346,
            0.9935266119730433,
            1.0088054040569059,
            1.0231971576049814,
            1.036691184079356,
            1.049279649613479,
            1.0609574825319237,
            1.0717222907592197,
            1.081574293529462,
            1.0905162694034716,
            1.0985535201721404,
            1.10569384804521,
            1.1119475417785147,
            1.1173273662382508,
            1.121848549390264,
            1.1255287607612077,
            1.1283880761060245,
            1.1304489239887354,
            1.1317360113030446,
            1.1322762261537533,
            1.1320985178720502,
            1.1312337551979594,
            1.129714564709463,
            1.1275751523078157,
            1.1248511111205086,
            1.1215792192656897,
            1.1177972308111035,
            1.1135436628985265,
            1.1088575815868607,
            1.103778388569739,
            1.0983456113168792,
            1.0925986992305976,
            1.0865768308812556,
            1.0803187361219064,
            1.0738625412422014,
            1.0672456416747216,
            1.0605046094075368,
            1.0536751364451002,
            1.0467920137840827,
            1.0398891410255637,
            1.0329995569445742,
            1.0261554751185105,
            1.0193883120008267,
            1.0127286830018796,
            1.0062063563841077,
            0.999850143758441,
            0.9936877253372777,
            0.9877454038150697,
            0.9820478006781139,
            0.9766175099851129
        ],
        "imag": [
            0.12329832257789711,
            0.15362679308324917,
            0.18362717647794863,
            0.2132364245832549,
            0.24239279071908712,
            0.2710359788756679,
            0.2991072766780441,
            0.3265496770467876,
            0.353307994414657,
            0.379328981536609,
            0.40456145238018354,
            0.42895641527700695,
            0.4524672185851554,
            0.47504970889151954,
            0.4966623992608,
            0.5172666428302957,
            0.5368268051159081,
            0.5553104271493448,
            0.5726883711068926,
            0.5889349405252157,
            0.6040279685130634,
            0.6179488694813695,
            0.6306826525973765,
            0.6422178981783442,
            0.6525467012181474,
            0.6616645888723126,
            0.6695704206527042,
            0.6762662810779511,
            0.6817573744307713,
            0.6860519300383741,
            0.6891611243273917,
            0.691099022937162,
            0.6918825429146669,
            0.6915314317266035,
            0.6900682569948907,
            0.687518398744735,
            0.6839100348201548,
            0.6792741100058899,
            0.67364428032604,
            0.667056825772866,
            0.6595505272062385,
            0.6511665060508013,
            0.6419480284455822,
            0.6319402783831316,
            0.6211901068422879,
            0.609745765748987,
            0.5976566366214048,
            0.584972963872689,
            0.5717456019489988,
            0.5580257838562487,
            0.543864916349151,
            0.5293144043666852,
            0.5144255044893006,
            0.4992492045647602,
            0.4838361244722637,
            0.4682364314771091,
            0.4524997628902909,
            0.436675148816116,
            0.42081092856912494,
            0.4049546557305086,
            0.38915298858770936,
            0.3734515646419789,
            0.35789485977181573,
            0.342526034310605,
            0.3273867696438425,
            0.31251709980846654,
            0.29795524309358623,
            0.28373743865185086,
            0.26989779287524746,
            0.2564681396635332,
            0.243477917971384,
            0.230954069065717,
            0.21892095504376344,
            0.20740029939122184,
            0.19641114970367118,
            0.1859698626611212,
            0.17609011123576998,
            0.1667829149474955,
            0.158056693153127,
            0.1499173434647826,
            0.142368342682862,
            0.1354108696225862,
            0.1290439452580838,
            0.12326458005281157,
            0.11806792071769419,
            0.11344738393166624,
            0.10939476325701337,
            0.10590030194506901,
            0.10295272098005326,
            0.1005392035904341,
            0.0986453364500253,
            0.09725502068842463,
            0.09635036985371216,
            0.09591161410414266,
            0.09591704279099673,
            0.09634300777672714,
            0.09716401492525946
        ]
    },
    "CPU_time": {
        "derivatives": 0.091339111328125,
        "buildingVn": 11.698853969573975,
        "assembling_C": 0,
        "spliting_Vn": 0.18566083908081055,