{
    "geometry1": "spherical",
    "geometry2": "small",
    "ope": "b2p_tang_ipp",
    "lc": 0.015,
    "dimP": 2,
    "dimQ": 2,
    "N": 95,
    "f0": 1000,
    "BSP": true,
    "frequencies": [
        80,
        100,
        120,
        140,
        160,
        180,
        200,
        220,
        240,
        260,
        280,
        300,
        320,
        340,
        360,
        380,
        400,
        420,
        440,
        460,
        480,
        500,
        520,
        540,
        560,
        580,
        600,
        620,
        640,
        660,
        680,
        700,
        720,
        740,
        760,
        780,
        800,
        820,
        840,
        860,
        880,
        900,
        920,
        940,
        960,
        980,
        1000,
        1020,
        1040,
        1060,
        1080,
        1100,
        1120,
        1140,
        1160,
        1180,
        1200,
        1220,
        1240,
        1260,
        1280,
        1300,
        1320,
        1340,
        1360,
        1380,
        1400,
        1420,
        1440,
        1460,
        1480,
        1500,
        1520,
        1540,
        1560,
        1580,
        1600,
        1620,
        1640,
        1660,
        1680,
        1700,
        1720,
        1740,
        1760,
        1780,
        1800,
        1820,
        1840,
        1860,
        1880,
        1900,
        1920,
        1940,
        1960,
        1980,
        2000
    ],
    "Z_center": {
        "real": [
            0.010567613355105625,
            0.016478590737574975,
            0.02367068995334304,
            0.03212463796945389,
            0.04181782496169275,
            0.05272438650041651,
            0.06481529706903108,
            0.07805847438309504,
            0.09241889393888653,
            0.10785871318835992,
            0.12433740471094878,
            0.14181189773014713,
            0.16023672730320823,
            0.17956419049518996,
            0.19974450883395045,
            0.22072599633084053,
            0.24245523234321678,
            0.2648772385499625,
            0.2879356593103013,
            0.31157294467953806,
            0.3357305353630216,
            0.3603490489014784,
            0.38536846639658695,
            0.41072831910505714,
            0.43636787425195506,
            0.46222631943914483,
            0.488242945052098,
            0.5143573240972907,
            0.5405094889326404,
            0.5666401043843593,
            0.5926906367748235,
            0.6186035184172217,
            0.6443223071635088,
            0.6697918406220271,
            0.6949583846902846,
            0.7197697760760504,
            0.7441755585062686,
            0.768127112348221,
            0.7915777773906016,
            0.814482968553811,
            0.8368002843188528,
            0.8584896076826627,
            0.8795131994647136,
            0.8998357838053311,
            0.9194246257105726,
            0.9382496005119056,
            0.9562832551213157,
            0.9735008609744388,
            0.9898804585656088,
            1.005402893490112,
            1.0200518439199986,
            1.033813839451728,
            1.046678271275623,
            1.0586373936304114,
            1.069686316519639,
            1.0798229896820024,
            1.0890481778238799,
            1.0973654271402653,
            1.1047810231698052,
            1.1113039400508067,
            1.1169457812681967,
            1.1217207120060662,
            1.125645383247121,
            1.1287388477886626,
            1.1310224683748031,
            1.1325198181759644,
            1.1332565738797755,
            1.1332604016915224,
            1.132560836577111,
            1.131189155117406,
            1.129178242378498,
            1.1265624532387755,
            1.1233774686491824,
            1.1196601473380048,
            1.1154483735056793,
            1.1107809010873761,
            1.1056971951917687,
            1.1002372713527906,
            1.0944415332567545,
            1.0883506096299749,
            1.0820051909912107,
            1.0754458669888076,
            1.0687129650538432,
            1.0618463911079665,
            1.0548854730667152,
            1.0478688078776126,
            1.0408341128245433,
            1.0338180818182092,
            1.0268562473750167,
            1.0199828489643215,
            1.013230708376485,
            1.0066311127318035,
            1.0002137057127765,
            0.9940063875604682,
            0.9880352243289157,
            0.9823243668413238,
            0.9768959797371182
        ],
        "imag": [
            0.12281159217655124,
            0.15302418467457374,
            0.182912177562389,
            0.2124129108434068,
            0.24146494129709786,
            0.2700082316414498,
            0.2979843335751376,
            0.32533656399288774,
            0.35201017372474674,
            0.3779525082059183,
            0.4031131595378164,
            0.4274441094531804,
            0.45089986274909155,
            0.4734375708021331,
            0.4950171448305465,
            0.5156013586192959,
            0.5351559404756345,
            0.5536496542349291,
            0.5710543691886467,
            0.58734511885826,
            0.6025001485894637,
            0.6165009519902346,
            0.6293322962832606,
            0.6409822366875425,
            0.6514421199853563,
            0.6607065774688381,
            0.6687735074950408,
            0.6756440479094193,
            0.6813225386251682,
            0.6858164746697817,
            0.6891364500307711,
            0.6912960926497782,
            0.6923119909285296,
            0.6922036121214836,
            0.6909932129989331,
            0.6887057431708408,
            0.6853687414663315,
            0.6810122257667323,
            0.6756685766915188,
            0.6693724155371589,
            0.6621604768684658,
            0.65407147616143,
            0.645145972895399,
            0.6354262294916664,
            0.624956066494687,
            0.6137807143919144,
            0.6019466624685622,
            0.5895015050945847,
            0.5764937858430053,
            0.5629728398414533,
            0.548988634762354,
            0.5345916108616594,
            0.5198325204813746,
            0.5047622674371574,
            0.4894317467189831,
            0.4738916849399881,
            0.45819248197619966,
            0.4423840542473055,
            0.42651568009616814,
            0.41063584773183764,
            0.394792106207286,
            0.3790309199085206,
            0.3633975270362389,
            0.34793580256373435,
            0.3326881261562074,
            0.3176952555352341,
            0.3029962057691086,
            0.2886281349637679,
            0.27462623682024656,
            0.2610236405129915,
            0.24785131832824933,
            0.23513800148369737,
            0.22291010452846874,
            0.21119165869765724,
            0.20000425456646895,
            0.189366994316774,
            0.1792964538930583,
            0.16980665528540356,
            0.16090904913475743,
            0.1526125078101728,
            0.1449233290594625,
            0.13784525028391556,
            0.13137947343462808,
            0.12552470047343656,
            0.12027717928494563,
            0.11563075986906372,
            0.11157696058577415,
            0.10810504416573863,
            0.10520210314327334,
            0.10285315431120856,
            0.10104124174258855,
            0.09974754787060751,
            0.09895151206720128,
            0.09863095611346523,
            0.09876221590970284,
            0.09932027873288114,
            0.10027892531214738
        ]
    },
    "CPU_time": {
        "derivatives": 0.004295825958251953,
        "buildingVn": 0.42925190925598145,
        "assembling_C": 0,