{
    "geometry1": "spherical",
    "geometry2": "small",
    "ope": "b2p_tang_ipp",
    "lc": 0.015,
    "dimP": 2,
    "dimQ": 2,
    "N": 10,
    "f0": 1000,
    "BSP": true,
    "frequencies": [
        80,
        100,
        120,
        140,
        160,
        180,
        200,
        220,
        240,
        260,
        280,
        300,
        320,
        340,
        360,
        380,
        400,
        420,
        440,
        460,
        480,
        500,
        520,
        540,
        560,
        580,
        600,
        620,
        640,
        660,
        680,
        700,
        720,
        740,
        760,
        780,
        800,
        820,
        840,
        860,
        880,
        900,
        920,
        940,
        960,
        980,
        1000,
        1020,
        1040,
        1060,
        1080,
        1100,
        1120,
        1140,
        1160,
        1180,
        1200,
        1220,
        1240,
        1260,
        1280,
        1300,
        1320,
        1340,
        1360,
        1380,
        1400,
        1420,
        1440,
        1460,
        1480,
        1500,
        1520,
        1540,
        1560,
        1580,
        1600,
        1620,
        1640,
        1660,
        1680,
        1700,
        1720,
        1740,
        1760,
        1780,
        1800,
        1820,
        1840,
        1860,
        1880,
        1900,
        1920,
        1940,
        1960,
        1980,
        2000
    ],
    "Z_center": {
        "real": [
            0.01056719566560489,
            0.016477926137073398,
            0.023669740636503105,
            0.032123378444412466,
            0.04181624257560465,
            0.05272248133628215,
            0.06481308127788293,
            0.07805597104012982,
            0.09241613552572918,
            0.10785573980778286,
            0.1243342621373224,
            0.14180863539103333,
            0.16023339627703911,
            0.17956084159847913,
            0.19974119085996583,
            0.2207227544906539,
            0.24245210694955835,
            0.26487426397423075,
            0.2879328632332067,
            0.3115703476459551,
            0.33572815064159534,
            0.3603468826394283,
            0.38536651805016087,
            0.4107265821163866,
            0.4363663369341261,
            0.4622249660234671,
            0.4882417568451977,
            0.5143562806912242,
            0.540508569408969,
            0.5666392884533029,
            0.5926899057933678,
            0.6186028562353836,
            0.6443217007557518,
            0.669791280470978,
            0.6949578649019327,
            0.7197692942191771,
            0.7441751151836015,
            0.7681267105218509,
            0.7915774214991913,
            0.8144826634733515,
            0.8368000342314488,
            0.8584894149285538,
            0.8795130634607983,
            0.8998357001184487,
            0.919424585375198,
            0.9382495896793697,
            0.9562832551213166,
            0.9735008488588743,
            0.9898804081903336,
            1.0054027771717788,
            1.020051634683714,
            1.0338135138605826,
            1.0466778128068728,
            1.058636796535093,
            1.0696855900742712,
            1.0798221627132742,
            1.0890473033611863,
            1.0973645870275706,
            1.1047803324484304,
            1.111303550909855,
            1.116945886349564,
            1.1217215468480457,
            1.1256472276543517,
            1.1287420259276104,
            1.1310273474129677,
            1.1325268053100346,
            1.133266111632544,
            1.1332729613989154,
            1.132576910035312,
            1.1312092444135837,
            1.129202847987327,
            1.126592060528115,
            1.123412533001335,
            1.1197010781558658,
            1.115495517433865,
            1.110834524835396,
            1.105757468397583,
            1.1003042499687088,
            1.0945151439737788,
            1.088430635879771,
            1.0820912610754083,
            1.0755374448820205,
            1.0688093444086555,
            1.0619466929564645,
            1.0549886476639445,
            1.047973641066871,
            1.0409392372243067,
            1.0339219930352443,
            1.0269573253401851,
            1.020079384367598,
            1.0133209340482547,
            1.0067132396804326,
            1.00028596338683,
            0.994067067760262,
            0.9880827280497908,
            0.9823572531927202,
            0.9769130159514493
        ],
        "imag": [
            0.12281013969272395,
            0.15302246195470262,
            0.18291024149857812,
            0.21241082379661244,
            0.241462768297094,
            0.2700060376496155,
            0.29798218094438556,
            0.3253345102297313,
            0.3520082696272874,
            0.37795079642173685,
            0.40311167355972616,
            0.4274428730494911,
            0.4508988898085342,
            0.47343686556137304,
            0.49501670244332896,
            0.5156011660198773,
            0.5351559774845727,
            0.5536498948519347,
            0.5710547830150161,
            0.5873456725901343,
            0.6025008075231718,
            0.6165016814823054,
            0.6293330631105809,
            0.6409830102577906,
            0.6514428733542023,
            0.6607072881285617,
            0.6687741579089127,
            0.6756446257772025,
            0.6813230368770266,
            0.6858168911983493,
            0.6891367871835422,
            0.6912963565158541,
            0.6923121904645455,
            0.6922037581707531,
            0.6909933172648657,
            0.6887058172103778,
            0.6853687957707882,
            0.6810122689961937,
            0.6756686151244371,
            0.669372452789071,
            0.6621605139231377,
            0.6540715117440992,
            0.645146004202011,
            0.6354262532700302,
            0.6249560804544129,
            0.6137807189001081,
            0.6019466624685633,
            0.5895015121661382,
            0.5764938203050888,
            0.562972932784252,
            0.5489888298832946,
            0.534591965972887,
            0.519833108552859,
            0.5047631770415377,
            0.4894330817513969,
            0.4738935634989344,
            0.45819503430963243,
            0.44238741969186157,
            0.4265200029659878,
            0.41064127214654383,
            0.39479876988540136,
            0.3790389469923407,
            0.36340702005527553,
            0.34794683368601437,
            0.33270072791751837,
            0.31770941127561475,
            0.30301184004119763,
            0.2886451042081183,
            0.27464432062692823,
            0.26104253380533615,
            0.24787062481258837,
            0.23515722870705266,
            0.22292866087410684,
            0.21120885262522265,
            0.20001929636922236,
            0.18937900062311808,
            0.17930445508347498,
            0.1698096059298464,
            0.16090584148050857,
            0.1526019882672615,
            0.14490431754192826,
            0.13781656217187993,
            0.1313399438268911,
            0.12547321030494135,
            0.12021268279072216,
            0.11555231278849633,
            0.11148374842072807,
            0.10799640973592675,
            0.10507757262434464,
            0.10271246089816051,
            0.10088434605441667,
            0.09957465420453253,
            0.09876307962291864,
            0.09842770434090599,
            0.09854512318901178,
            0.09909057367190899,
            0.1000380700457931
        ]
    },
    "CPU_time": {
        "derivatives": 0.0039141178131103516,
        "buildingVn": 0.029940366744995117,
        "assembling_C": 0,