{
    "geometry1": "spherical",
    "geometry2": "large",
    "ope": "b2p_tang_ipp",
    "lc": 0.015,
    "dimP": 2,
    "dimQ": 2,
    "N": 12,
    "f0": 1000,
    "BSP": true,
    "frequencies": [
        80,
        100,
        120,
        140,
        160,
        180,
        200,
        220,
        240,
        260,
        280,
        300,
        320,
        340,
        360,
        380,
        400,
        420,
        440,
        460,
        480,
        500,
        520,
        540,
        560,
        580,
        600,
        620,
        640,
        660,
        680,
        700,
        720,
        740,
        760,
        780,
        800,
        820,
        840,
        860,
        880,
        900,
        920,
        940,
        960,
        980,
        1000,
        1020,
        1040,
        1060,
        1080,
        1100,
        1120,
        1140,
        1160,
        1180,
        1200,
        1220,
        1240,
        1260,
        1280,
        1300,
        1320,
        1340,
        1360,
        1380,
        1400,
        1420,
        1440,
        1460,
        1480,
        1500,
        1520,
        1540,
        1560,
        1580,
        1600,
        1620,
        1640,
        1660,
        1680,
        1700,
        1720,
        1740,
        1760,
        1780,
        1800,
        1820,
        1840,
        1860,
        1880,
        1900,
        1920,
        1940,
        1960,
        1980,
        2000
    ],
    "Z_center": {
        "real": [
            0.010526148472690348,
            0.016432612301662486,
            0.02363419809086758,
            0.03211703494433226,
            0.04186262594380155,
            0.05284759669963098,
            0.06504368916835845,
            0.07841796414780822,
            0.09293316037135742,
            0.10854815447738843,
            0.12521846974677944,
            0.1428967890739164,
            0.1615334372176364,
            0.18107680784991365,
            0.20147372147320913,
            0.22266971013635886,
            0.24460923327124065,
            0.2672358352442342,
            0.2904922589723982,
            0.3143205311551216,
            0.3386620336408888,
            0.3634575727952687,
            0.38864745521849026,
            0.4141715745386225,
            0.43996951092256437,
            0.4659806428595799,
            0.4921442699217283,
            0.5183997455821904,
            0.5446866204736636,
            0.5709447980836321,
            0.5971147059780983,
            0.6231374853907843,
            0.6489551999037614,
            0.6745110600756342,
            0.6997496560556709,
            0.7246171858496134,
            0.7490616646032038,
            0.7730331014343008,
            0.7964836356511193,
            0.8193676332359496,
            0.8416417556152401,
            0.8632650232843759,
            0.8841989035774366,
            0.9044074518013151,
            0.9238575262511188,
            0.942519080229662,
            0.9603655100148069,
            0.9773740103553608,
            0.9935258632815552,
            1.0088065671789819,
            1.0232057068125897,
            1.0367164766785213,
            1.049334804021206,
            1.061058076031071,
            1.0718835561691336,
            1.0818066700444557,
            1.0908194388045922,
            1.0989094194089501,
            1.1060595550321204,
            1.112249323829522,
            1.1174574834142728,
            1.1216665339236302,
            1.124868770650239,
            1.1270734913353007,
            1.1283146052066881,
            1.1286576180619856,
            1.1282048042589439,
            1.127097377500976,
            1.1255136637681347,
            1.123662641738811,
            1.1217726801224583,
            1.1200757686811127,
            1.118787917072222,
            1.1180866352552519,
            1.1180865362713603,
            1.118814217935432,
            1.1201838375608317,
            1.121975349944195,
            1.1238183225583864,
            1.1251855008726173,
            1.1254015294936999,
            1.1236727519865204,
            1.1191428260967047,
            1.110975035797047,
            1.0984553791222718,
            1.0811019871061673,
            1.0587592701073647,
            1.0316534609122368,
            1.0003927203458194,
            0.9659087866533884,
            0.9293532041774557,
            0.8919727039456016,
            0.8549908620724106,
            0.8195169584201936,
            0.7864920880981344,
            0.7566720420499885,
            0.7306395571740435
        ],
        "imag": [
            0.12318099181673298,
            0.15351963035317612,
            0.18354845481526483,
            0.21320183322347974,
            0.2424138175174717,
            0.27111891633598556,
            0.299252880563654,
            0.3267534243125426,
            0.35356083146150913,
            0.379618422591937,
            0.40487287687347356,
            0.4292744180792781,
            0.4527768840648738,
            0.47533770529764074,
            0.4969178207539155,
            0.5174815590388888,
            0.5369965094034401,
            0.5554334021327697,
            0.5727660114648911,
            0.5889710877365784,
            0.6040283197333371,
            0.6179203238870842,
            0.6306326543483306,
            0.6421538270597863,
            0.6524753515053389,
            0.661591765340592,
            0.6695006690479227,
            0.6762027594629941,
            0.6817018618828009,
            0.6860049600584215,
            0.6891222216361869,
            0.6910670139837111,
            0.6918559027530428,
            0.6915086241787277,
            0.6900480230405855,
            0.6874999519587839,
            0.6838931339232245,
            0.6792589974737729,
            0.6736315007900661,
            0.6670469648395295,
            0.6595439346503695,
            0.6511630806165356,
            0.6419471388524233,
            0.6319408730274079,
            0.6211910233024808,
            0.60974619520666,
            0.5976566366214253,
            0.5849738575981617,
            0.5717500671311082,
            0.5580374331250689,
            0.543887214591264,
            0.5293488642949905,
            0.5144692487934783,
            0.4992921715618479,
            0.483858402346148,
            0.46820640041195766,
            0.4523738615966534,
            0.43640011469342493,
            0.4203292451013262,
            0.40421364595267356,
            0.38811751242251863,
            0.37211963592196345,
            0.35631475903009246,
            0.34081275640616165,
            0.3257350398691582,
            0.311207857065199,
            0.2973525441858231,
            0.28427325217394805,
            0.27204311250823593,
            0.2606901533618781,
            0.25018445045531473,
            0.24042797946034306,
            0.23124847129708193,
            0.222398351731492,
            0.21355968082529775,
            0.20435597096731112,
            0.1943718488341562,
            0.1831816156812926,
            0.17038760117716456,
            0.15566843904227456,
            0.13883563463766185,
            0.11989382574625797,
            0.09909620412862953,
            0.07698270509890565,
            0.05438670713043523,
            0.03239840274290113,
            0.012281064908451511,
            -0.004651013027747918,
            -0.01717134347297938,
            -0.024268072385417686,
            -0.025232425305475755,
            -0.01969374691892965,
            -0.0076013650065358375,
            0.010833753557956426,
            0.03521848526751377,
            0.06505992082817769,
            0.09983759929368317
        ]
    },
    "CPU_time": {
        "derivatives": 0.09656929969787598,
        "buildingVn": 9.15999174118042,
        "assembling_C": 0,