{
    "geometry1": "spherical",
    "geometry2": "small",
    "ope": "b2p_tang_ipp",
    "lc": 0.015,
    "dimP": 2,
    "dimQ": 2,
    "N": 49,
    "f0": 1000,
    "BSP": true,
    "frequencies": [
        80,
        100,
        120,
        140,
        160,
        180,
        200,
        220,
        240,
        260,
        280,
        300,
        320,
        340,
        360,
        380,
        400,
        420,
        440,
        460,
        480,
        500,
        520,
        540,
        560,
        580,
        600,
        620,
        640,
        660,
        680,
        700,
        720,
        740,
        760,
        780,
        800,
        820,
        840,
        860,
        880,
        900,
        920,
        940,
        960,
        980,
        1000,
        1020,
        1040,
        1060,
        1080,
        1100,
        1120,
        1140,
        1160,
        1180,
        1200,
        1220,
        1240,
        1260,
        1280,
        1300,
        1320,
        1340,
        1360,
        1380,
        1400,
        1420,
        1440,
        1460,
        1480,
        1500,
        1520,
        1540,
        1560,
        1580,
        1600,
        1620,
        1640,
        1660,
        1680,
        1700,
        1720,
        1740,
        1760,
        1780,
        1800,
        1820,
        1840,
        1860,
        1880,
        1900,
        1920,
        1940,
        1960,
        1980,
        2000
    ],
    "Z_center": {
        "real": [
            0.0105675497455556,
            0.016478507451159596,
            0.023670588875310705,
            0.03212452227825691,
            0.04181769877092513,
            0.05272425447627992,
            0.06481516405747219,
            0.07805834507439209,
            0.0924187725894309,
            0.10785860341096112,
            0.12433730933722965,
            0.1418118187421786,
            0.16023666582678583,
            0.17956414684416094,
            0.19974448259356753,
            0.22072598646797476,
            0.24245523733207433,
            0.2648772565033757,
            0.28793568810843245,
            0.3115729820897049,
            0.33573057914618165,
            0.36034909690251726,
            0.38536851661701144,
            0.410728369757827,
            0.43636792379907546,
            0.4622263666133338,
            0.4882429888642695,
            0.5143573638318804,
            0.5405095241329206,
            0.5666401348299059,
            0.5926906624532082,
            0.6186035394919032,
            0.6443223239396338,
            0.6697918535117356,
            0.6949583941788281,
            0.7197697826898108,
            0.7441755627835717,
            0.7681271148135959,
            0.7915777785329388,
            0.8144829688087206,
            0.8368002840553289,
            0.8584896071940266,
            0.8795131989636935,
            0.8998357834230126,
            0.9194246254989245,
            0.9382496004494073,
            0.9562832551213166,
            0.9735008608956929,
            0.9898804582245554,
            1.0054028926743084,
            1.0200518424023364,
            1.0338138370047798,
            1.0466782676858335,
            1.0586373887115952,
            1.0696863101254728,
            1.0798229817171432,
            1.08904816825342,
            1.097365415997322,
            1.1047810105610028,
            1.1113039261596105,
            1.1169457663559181,
            1.1217206964105613,
            1.1256453673792115,
            1.1287388321263354,
            1.131022453455255,
            1.1325198045857021,
            1.1332565622429376,
            1.133260392656577,
            1.1325608308022626,
            1.1311891532548628,
            1.1291782450580232,
            1.1265624610506844,
            1.1233774821271363,
            1.1196601669419404,
            1.1154483996051818,
            1.1107809339457366,
            1.1056972349511267,
            1.1002373180205902,
            1.094441586693825,
            1.0883506695405056,
            1.082005256914864,
            1.0754459382951755,
            1.0687130409395316,
            1.0618464705963304,
            1.0548855550106124,
            1.047868890965109,
            1.0408341955877172,
            1.033818162645174,
            1.0268563245250757,
            1.0199829205862672,
            1.0132307725300669,
            1.0066311674120771,
            1.000213748877441,
            0.9940064171597458,
            0.988035238337985,
            0.9823243632948381,
            0.9768959567656015
        ],
        "imag": [
            0.12281154094563496,
            0.15302413615698088,
            0.1829121374571795,
            0.21241288389729082,
            0.24146493106767491,
            0.27000824037689064,
            0.29798436220355373,
            0.3253366122058226,
            0.3520102401336857,
            0.3779525905482908,
            0.4031132549093284,
            0.42744421454574666,
            0.450899974077307,
            0.4734376849056045,
            0.4950172584437257,
            0.5156014688044307,
            0.5351560447178112,
            0.5536497505007744,
            0.5710544559521363,
            0.5873451950982462,
            0.6025002137641493,
            0.6165010059939823,
            0.6293323393908906,
            0.6409822694908811,
            0.6514421433261931,
            0.6607065923717999,
            0.6687735151032485,
            0.6756440494250927,
            0.6813225352567636,
            0.6858164675867185,
            0.6891364403263043,
            0.6912960813121891,
            0.6923119788204551,
            0.692203599966982,
            0.690993201377659,
            0.6887057325185351,
            0.6853687320808107,
            0.6810122178184148,
            0.6756685702375759,
            0.6693724105383614,
            0.6621604732078358,
            0.6540714736638503,
            0.6451459713474369,
            0.6354262286608978,
            0.6249560661479417,
            0.6137807143119164,
            0.6019466624685623,
            0.5895015050306607,
            0.5764937856237782,
            0.5629728394351188,
            0.5489886342009187,
            0.5345916102424155,
            0.5198325199657085,
            0.5047622672468144,
            0.4894317471299905,
            0.4738916862745005,
            0.45819248459252104,
            0.4423840585283925,
            0.42651568643698223,
            0.4106358565258734,
            0.39479211783259777,
            0.3790309347136627,
            0.36339754532636936,
            0.3479358245873564,
            0.3326881520927141,
            0.31769528548365966,
            0.30299623973830603,
            0.28862817286426634,
            0.27462627845801707,
            0.26102368558526134,
            0.24785136642154643,
            0.2351380520742053,
            0.22291015698478445,
            0.2111917122859573,
            0.20000430845810607,
            0.1893670475982451,
            0.17929650557831608,
            0.16980670433031392,
            0.16090909445364643,
            0.15261254829423757,
            0.14492336359687866,
            0.13784527778134945,
            0.13137949283998943,
            0.12552471079949226,
            0.12027717963350601,
            0.1156307494555108,
            0.11157693876347137,
            0.10810501045001794,
            0.10520205723462608,
            0.10285309611732522,
            0.1010411713988878,
            0.09974746575873351,
            0.09895141883132595,
            0.09863085267384217,
            0.09876210347325551,
            0.09932015880032694,
            0.10027879968147925
        ]
    },
    "CPU_time": {
        "derivatives": 0.004227876663208008,
        "buildingVn": 0.14670014381408691,
        "assembling_C": 0,