{
    "geometry1": "spherical",
    "geometry2": "small",
    "ope": "b2p_tang_ipp",
    "lc": 0.015,
    "dimP": 2,
    "dimQ": 2,
    "N": 76,
    "f0": 1000,
    "BSP": true,
    "frequencies": [
        80,
        100,
        120,
        140,
        160,
        180,
        200,
        220,
        240,
        260,
        280,
        300,
        320,
        340,
        360,
        380,
        400,
        420,
        440,
        460,
        480,
        500,
        520,
        540,
        560,
        580,
        600,
        620,
        640,
        660,
        680,
        700,
        720,
        740,
        760,
        780,
        800,
        820,
        840,
        860,
        880,
        900,
        920,
        940,
        960,
        980,
        1000,
        1020,
        1040,
        1060,
        1080,
        1100,
        1120,
        1140,
        1160,
        1180,
        1200,
        1220,
        1240,
        1260,
        1280,
        1300,
        1320,
        1340,
        1360,
        1380,
        1400,
        1420,
        1440,
        1460,
        1480,
        1500,
        1520,
        1540,
        1560,
        1580,
        1600,
        1620,
        1640,
        1660,
        1680,
        1700,
        1720,
        1740,
        1760,
        1780,
        1800,
        1820,
        1840,
        1860,
        1880,
        1900,
        1920,
        1940,
        1960,
        1980,
        2000
    ],
    "Z_center": {
        "real": [
            0.010567597542557112,
            0.016478569904426796,
            0.023670664617619405,
            0.032124609002017114,
            0.04181779348354674,
            0.05272435377474165,
            0.06481526439755605,
            0.07805844301434348,
            0.09241886499339481,
            0.10785868760353139,
            0.12433738320606003,
            0.14181188079031276,
            0.16023671517992358,
            0.1795641832203636,
            0.19974450624406914,
            0.2207259980979607,
            0.24245523800976118,
            0.26487724756473124,
            0.28793567106358,
            0.3115729585356973,
            0.3357305506894813,
            0.36034906509328474,
            0.3853684828962561,
            0.41072833541760134,
            0.4363678899552194,
            0.4622263341897916,
            0.48824295858765243,
            0.5143573362347621,
            0.5405094995642795,
            0.5666401134711077,
            0.5926906443380106,
            0.6186035245290853,
            0.6443223119369668,
            0.6697918442002426,
            0.6949583872363685,
            0.7197697777632708,
            0.7441755595090679,
            0.7681271128342537,
            0.7915777775139903,
            0.814482968449732,
            0.836800284099507,
            0.8584896074346889,
            0.8795131992479677,
            0.8998357836530029,
            0.9194246256305354,
            0.9382496004891473,
            0.9562832551213164,
            0.9735008609473186,
            0.9898804584508557,
            1.0054028932216843,
            1.020051843431687,
            1.0338138386824192,
            1.0466782701744746,
            1.0586373921616237,
            1.0696863146667293,
            1.0798229874514365,
            1.0890481752479366,
            1.0973654242790205,
            1.1047810201121893,
            1.1113039369146969,
            1.1169457781994896,
            1.1217207091767274,
            1.125645380852314,
            1.1287388460429024,
            1.13102246750728,
            1.1325198184250913,
            1.1332565754870947,
            1.1332604048950667,
            1.1325608416043496,
            1.1311891621779278,
            1.1291782516565971,
            1.1265624648860788,
            1.1233774827774232,
            1.1196601640121913,
            1.1154483927377161,
            1.1107809228303398,
            1.1056972193349097,
            1.1002372977174482,
            1.0944415615932528,
            1.0883506396156022,
            1.0820052222293723,
            1.0754458990093911,
            1.0687129973149303,
            1.0618464229987516,
            1.0548855039118532,
            1.0478688369428184,
            1.0408341393235159,
            1.0338181049208293,
            1.0268562662167038,
            1.0199828626565206,
            1.013230716018229,
            1.0066311134220933,
            1.0002136985638763,
            0.9940063717117399,
            0.9880351989612375,
            0.9823243311917628,
            0.9768959331138053
        ],
        "imag": [
            0.12281157920834183,
            0.15302417261811188,
            0.18291216793377393,
            0.21241290489061979,
            0.241464939936538,
            0.2700082354278859,
            0.2979843427024339,
            0.32533657832050794,
            0.3520101928236979,
            0.3779525314173548,
            0.40311318603783697,
            0.4274441383181919,
            0.45089989301726113,
            0.47343760152768044,
            0.49501717512885157,
            0.5156013877018393,
            0.535155967674647,
            0.5536496790182746,
            0.5710543911659471,
            0.5873451377794895,
            0.6025001643374166,
            0.6165009645682674,
            0.6293323057996772,
            0.6409822433378289,
            0.6514421240333975,
            0.6607065792280196,
            0.6687735073100309,
            0.6756440461392461,
            0.681322535628021,
            0.6858164707898972,
            0.6891364455875929,
            0.6912960879294863,
            0.6923119861779248,
            0.6922036075441742,
            0.6909932087536584,
            0.6887057393717622,
            0.6853687381850467,
            0.6810122230357343,
            0.675668574508873,
            0.6693724138720566,
            0.6621604756674084,
            0.6540714753547442,
            0.64514597240383,
            0.6354262292328015,
            0.6249560663889864,
            0.613780714368163,
            0.6019466624685622,
            0.5895015050769932,
            0.5764937857861756,
            0.5629728397452616,
            0.5489886346489468,
            0.534591610775129,
            0.5198325204864213,
            0.5047622676167687,
            0.4894317471712145,
            0.4738916857739903,
            0.4581924833075674,
            0.4423840561929101,
            0.42651568276864965,
            0.41063585123386254,
            0.39479211062577285,
            0.37903092530899807,
            0.36339753345743353,
            0.34793581001264173,
            0.33268813460368746,
            0.31769526491230154,
            0.302996215964064,
            0.2886281458201874,
            0.2746262481359819,
            0.26102365204020256,
            0.24785132977451868,
            0.23513801251423547,
            0.22291011476941874,
            0.21119166774047216,
            0.20000426197331295,
            0.18936699962691553,
            0.17929645663013596,
            0.16980665496550018,
            0.16090904527516686,
            0.15261249993873216,
            0.14492331672433967,
            0.13784523306365357,
            0.13137945094839587,
            0.1255246723912152,
            0.12027714533756807,
            0.11563071985795137,
            0.1115769143921439,
            0.10810499175920628,
            0.1052020445895727,
            0.1028530897790606,
            0.10104117150944814,
            0.09974747232705518,
            0.09895143172021634,
            0.09863087158798275,
            0.09876212794879773,
            0.09932018819616768,
            0.10027883317261213
        ]
    },
    "CPU_time": {
        "derivatives": 0.003928184509277344,
        "buildingVn": 0.29070186614990234,
        "assembling_C": 0,