{
    "geometry1": "spherical",
    "geometry2": "small",
    "ope": "b2p_tang_ipp",
    "lc": 0.015,
    "dimP": 2,
    "dimQ": 2,
    "N": 30,
    "f0": 1000,
    "BSP": true,
    "frequencies": [
        80,
        100,
        120,
        140,
        160,
        180,
        200,
        220,
        240,
        260,
        280,
        300,
        320,
        340,
        360,
        380,
        400,
        420,
        440,
        460,
        480,
        500,
        520,
        540,
        560,
        580,
        600,
        620,
        640,
        660,
        680,
        700,
        720,
        740,
        760,
        780,
        800,
        820,
        840,
        860,
        880,
        900,
        920,
        940,
        960,
        980,
        1000,
        1020,
        1040,
        1060,
        1080,
        1100,
        1120,
        1140,
        1160,
        1180,
        1200,
        1220,
        1240,
        1260,
        1280,
        1300,
        1320,
        1340,
        1360,
        1380,
        1400,
        1420,
        1440,
        1460,
        1480,
        1500,
        1520,
        1540,
        1560,
        1580,
        1600,
        1620,
        1640,
        1660,
        1680,
        1700,
        1720,
        1740,
        1760,
        1780,
        1800,
        1820,
        1840,
        1860,
        1880,
        1900,
        1920,
        1940,
        1960,
        1980,
        2000
    ],
    "Z_center": {
        "real": [
            0.010567468531242734,
            0.01647840583505395,
            0.02367047146291282,
            0.032124395143768206,
            0.041817568796924144,
            0.052724128696948695,
            0.0648150490682406,
            0.07805824655379147,
            0.0924186949596049,
            0.10785854964469414,
            0.12433728090370778,
            0.1418118156722314,
            0.1602366868714268,
            0.17956418969750323,
            0.19974454415182577,
            0.22072606309937695,
            0.2424553251370402,
            0.26487735154951836,
            0.28793578663007113,
            0.31157308064626427,
            0.3357306747377716,
            0.360349187044071,
            0.3853685993745788,
            0.41072844375206136,
            0.4363679881817505,
            0.4622264210229489,
            0.48824303336664454,
            0.5143573988512179,
            0.5405095503781595,
            0.5666401532204755,
            0.5926906740475368,
            0.6186035454212643,
            0.6443223253492277,
            0.6697918515102648,
            0.6949583897972663,
            0.7197697768495783,
            0.7441755562739605,
            0.7681271082779688,
            0.7915777724629917,
            0.8144829635459181,
            0.8368002797985314,
            0.8584896040122506,
            0.8795131968129034,
            0.8998357821659424,
            0.9194246249268397,
            0.9382496003049219,
            0.9562832551213187,
            0.9735008607536842,
            0.989880457671645,
            1.0054028914783397,
            1.0200518403846333,
            1.033813834054181,
            1.0466782637697267,
            1.058637383883766,
            1.0696863045307272,
            1.0798229755926696,
            1.0890481619269872,
            1.0973654098824233,
            1.104781005149222,
            1.1113039220103718,
            1.116945764083976,
            1.1217206966715674,
            1.1256453708536729,
            1.1287388395023525,
            1.131022465410446,
            1.1325198217686863,
            1.1332565852547651,
            1.133260422032447,
            1.1325608669939544,
            1.131189196614193,
            1.1291782958215981,
            1.126562519326287,
            1.1233775478820318,
            1.1196602399932218,
            1.1154484796124429,
            1.1107810204061543,
            1.1056973271970942,
            1.100237415219972,
            1.0944416878528713,
            1.0883507735093862,
            1.082005362395835,
            1.0754460438533004,
            1.0687131450158114,
            1.0618465715231815,
            1.0548856510294573,
            1.0478689802459256,
            1.040834276250414,
            1.0338182327824128,
            1.026856382226433,
            1.019982963963414,
            1.0132307997426748,
            1.0066311766942462,
            1.0002137385641734,
            0.9940063857134118,
            0.9880351843741892,
            0.9823242856075737,
            0.9768958543512509
        ],
        "imag": [
            0.12281151097981874,
            0.1530241185624881,
            0.18291213850108876,
            0.21241290801510648,
            0.24146498062350902,
            0.27000831563866934,
            0.2979844615058148,
            0.3253367322572453,
            0.352010376418889,
            0.37795273777309313,
            0.4031134074439654,
            0.4274443668295897,
            0.4509001209593981,
            0.47343782190616956,
            0.4950173819315586,
            0.5156015760928934,
            0.5351561340879392,
            0.553649821163511,
            0.571054507963542,
            0.5873452292416848,
            0.6025002314126175,
            0.6165010089641776,
            0.6293323297986035,
            0.640982249615186,
            0.6514421154878631,
            0.6607065588294272,
            0.6687734779689641,
            0.6756440106003881,
            0.6813224963878329,
            0.6858164300379717,
            0.6891364051701312,
            0.6912960493326815,
            0.6923119505286842,
            0.692203575625311,
            0.6909931810307346,
            0.6887057160286981,
            0.6853687191658833,
            0.6810122080900696,
            0.675668563238772,
            0.6693724057785718,
            0.6621604701950502,
            0.654071471932616,
            0.645145970482393,
            0.6354262283155101,
            0.6249560660582693,
            0.6137807143055009,
            0.6019466624685615,
            0.5895015050555452,
            0.5764937857829677,
            0.5629728399210097,
            0.5489886352778143,
            0.5345916122329072,
            0.5198325232350618,
            0.504762272185933,
            0.4894317541375173,
            0.4738916957386009,
            0.4581924968728441,
            0.4423840739387228,
            0.4265157052289847,
            0.4106358788743321,
            0.3947921438225014,
            0.3790309643293895,
            0.36339757844325554,
            0.3479358609657475,
            0.3326881913746933,
            0.3176953271924732,
            0.3029962832805124,
            0.2886282175345838,
            0.2746263234467484,
            0.26102372998820794,
            0.24785140925225665,
            0.23513809227829044,
            0.22291019345611687,
            0.21119174388450798,
            0.20000433402908502,
            0.18936706599231684,
            0.17929651567249769,
            0.16980670504933024,
            0.16090908479136343,
            0.15261252733487918,
            0.14492333053569914,
            0.13784523194450152,
            0.1313794337032302,
            0.1255246380055058,
            0.12027709300759921,
            0.11563064901933574,
            0.11157682474669058,
            0.10810488329963477,
            0.10520191762180736,
            0.10285294494160077,
            0.10104100978953817,
            0.09974729507334493,
            0.09895124065137177,
            0.09863066879728424,
            0.09876191590406039,
            0.0993199697350183,
            0.1002786114927225
        ]
    },
    "CPU_time": {
        "derivatives": 0.0037391185760498047,
        "buildingVn": 0.07183098793029785,
        "assembling_C": 0,