{
    "geometry1": "spherical",
    "geometry2": "large",
    "ope": "b2p_tang_ipp",
    "lc": 0.015,
    "dimP": 2,
    "dimQ": 2,
    "N": 52,
    "f0": 1000,
    "BSP": true,
    "frequencies": [
        80,
        100,
        120,
        140,
        160,
        180,
        200,
        220,
        240,
        260,
        280,
        300,
        320,
        340,
        360,
        380,
        400,
        420,
        440,
        460,
        480,
        500,
        520,
        540,
        560,
        580,
        600,
        620,
        640,
        660,
        680,
        700,
        720,
        740,
        760,
        780,
        800,
        820,
        840,
        860,
        880,
        900,
        920,
        940,
        960,
        980,
        1000,
        1020,
        1040,
        1060,
        1080,
        1100,
        1120,
        1140,
        1160,
        1180,
        1200,
        1220,
        1240,
        1260,
        1280,
        1300,
        1320,
        1340,
        1360,
        1380,
        1400,
        1420,
        1440,
        1460,
        1480,
        1500,
        1520,
        1540,
        1560,
        1580,
        1600,
        1620,
        1640,
        1660,
        1680,
        1700,
        1720,
        1740,
        1760,
        1780,
        1800,
        1820,
        1840,
        1860,
        1880,
        1900,
        1920,
        1940,
        1960,
        1980,
        2000
    ],
    "Z_center": {
        "real": [
            0.010654642632283932,
            0.01661352110680332,
            0.023863299539353226,
            0.032384369985694834,
            0.04215385986143681,
            0.0531457448492669,
            0.06533095761028619,
            0.0786774887321904,
            0.09315047830158263,
            0.10871229870784643,
            0.12532263148416797,
            0.14293854289014607,
            0.16151456430149513,
            0.18100278412450607,
            0.20135295781515666,
            0.22251264160637796,
            0.24442735386575523,
            0.26704076569554897,
            0.2902949198151747,
            0.31413047398602967,
            0.3384869628044555,
            0.36330306977433213,
            0.3885169002479779,
            0.4140662456861756,
            0.43988883036835763,
            0.46592253344554435,
            0.49210558173877883,
            0.5183767118181264,
            0.5446753031203513,
            0.5709414870045779,
            0.5971162391011554,
            0.6231414639488773,
            0.6489600814218592,
            0.6745161238341149,
            0.6997548509318793,
            0.7246228874902525,
            0.7490683851944353,
            0.7730412073209876,
            0.7964931316917364,
            0.8193780648582192,
            0.8416522586230517,
            0.8632745190470064,
            0.8842063980432513,
            0.9044123585389734,
            0.9238599058862846,
            0.94251968056476,
            0.960365510015299,
            0.9773744204048936,
            0.9935266119778176,
            1.0088054040528724,
            1.023197157558146,
            1.036691183929276,
            1.0492796492783991,
            1.060957481932172,
            1.0717222898602705,
            1.0815742924072422,
            1.0905162683217486,
            1.0985535196554468,
            1.1056938489162804,
            1.1119475451338152,
            1.1173273733243105,
            1.1218485613588092,
            1.1255287783179384,
            1.128388099083261,
            1.13044895091687,
            1.1317360391081837,
            1.1322762500905266,
            1.1320985318130552,
            1.1312337523166758,
            1.1297145384293312,
            1.1275750972629186,
            1.124851023618554,
            1.1215790967179486,
            1.1177970697227384,
            1.113543455499424,
            1.1088573120092897,
            1.1037780305700062,
            1.098345130287651,
            1.092598061878939,
            1.086576024040674,
            1.0803177957523329,
            1.0738615872108368,
            1.06724491227676,
            1.0605044839510225,
            1.053676134221155,
            1.0467947567765863,
            1.0398942719184086,
            1.0330076081813795,
            1.0261666966155163,
            1.019402470174815,
            1.0127448603694464,
            1.0062227834418331,
            0.9998641096822761,
            0.993695604152791,
            0.9877428430041334,
            0.9820300943347577,
            0.9765801729870163
        ],
        "imag": [
            0.12329832033828061,
            0.15362679066353815,
            0.18362717483433372,
            0.21323642431102638,
            0.24239279190039031,
            0.27103598117448313,
            0.299107279526788,
            0.32654967983810446,
            0.35330799664263335,
            0.3793289828736431,
            0.4045614527009597,
            0.42895641463398065,
            0.45246721717369853,
            0.4750497069878469,
            0.4966623971708706,
            0.5172666408397463,
            0.5368268034570828,
            0.5553104259761166,
            0.5726883704935938,
            0.588934940463815,
            0.6040279689337746,
            0.617948870267711,
            0.6306826536089373,
            0.642217899271363,
            0.6525467022622079,
            0.6616645897664578,
            0.6695704213296519,
            0.6762662815078145,
            0.6817573746154237,
            0.6860519300085285,
            0.689161124131079,
            0.6910990226325878,
            0.6918825425603395,
            0.6915314313736712,
            0.6900682566833722,
            0.687518398500331,
            0.6839100346529625,
            0.6792741099133011,
            0.6736442802951086,
            0.6670568257844318,
            0.6595505272392973,
            0.6511665060884749,
            0.6419480284754452,
            0.6319402784001462,
            0.6211901068483591,
            0.6097457657495805,
            0.5976566366212106,
            0.5849729638708386,
            0.5717456019356855,
            0.558025783815547,
            0.5438649162675007,
            0.529314404250741,
            0.5144255043912561,
            0.4992492046088783,
            0.4838361248745776,
            0.46823643254435915,
            0.4524997649815309,
            0.43667515225600245,
            0.42081093350631565,
            0.4049546619519251,
            0.3891529953188095,
            0.37345157037616067,
            0.3578948622037291,
            0.3425260304212367,
            0.3273867560069702,
            0.31251707312781224,
            0.2979552009070485,
            0.2837373800823116,
            0.26989771921211336,
            0.2564680545325865,
            0.24347782685400013,
            0.23095397818902233,
            0.2189208699379014,
            0.207400223870436,
            0.19641108648917507,
            0.18596981692678038,
            0.1760900980440986,
            0.1667829701311169,
            0.1580568860719306,
            0.1499177864674996,
            0.14236919248600494,
            0.1354123135425683,
            0.12904616609314498,
            0.12326769898735852,
            0.11807191987588044,
            0.11345201761081368,
            0.10939947385451447,
            0.10590415976202326,
            0.10295441241602017,
            0.10053708901506937,
            0.0986375970459112,
            0.09723990380880292,
            0.09632652739267783,
            0.09587851626229743,
            0.09587542775763765,
            0.09629531312684911,
            0.09711471837297175
        ]
    },
    "CPU_time": {
        "derivatives": 0.09965109825134277,
        "buildingVn": 14.308785915374756,
        "assembling_C": 0,