{
    "geometry1": "spherical",
    "geometry2": "small",
    "ope": "b2p_tang_ipp",
    "lc": 0.015,
    "dimP": 2,
    "dimQ": 2,
    "N": 35,
    "f0": 1000,
    "BSP": true,
    "frequencies": [
        80,
        100,
        120,
        140,
        160,
        180,
        200,
        220,
        240,
        260,
        280,
        300,
        320,
        340,
        360,
        380,
        400,
        420,
        440,
        460,
        480,
        500,
        520,
        540,
        560,
        580,
        600,
        620,
        640,
        660,
        680,
        700,
        720,
        740,
        760,
        780,
        800,
        820,
        840,
        860,
        880,
        900,
        920,
        940,
        960,
        980,
        1000,
        1020,
        1040,
        1060,
        1080,
        1100,
        1120,
        1140,
        1160,
        1180,
        1200,
        1220,
        1240,
        1260,
        1280,
        1300,
        1320,
        1340,
        1360,
        1380,
        1400,
        1420,
        1440,
        1460,
        1480,
        1500,
        1520,
        1540,
        1560,
        1580,
        1600,
        1620,
        1640,
        1660,
        1680,
        1700,
        1720,
        1740,
        1760,
        1780,
        1800,
        1820,
        1840,
        1860,
        1880,
        1900,
        1920,
        1940,
        1960,
        1980,
        2000
    ],
    "Z_center": {
        "real": [
            0.010567476063576726,
            0.016478415972626927,
            0.02367048397906785,
            0.032124409626777053,
            0.04181758471472818,
            0.052724145463173416,
            0.06481506610215489,
            0.07805826332903569,
            0.09241871103886794,
            0.10785856469970047,
            0.12433729472161385,
            0.14181182815072088,
            0.16023669800541607,
            0.17956419956050268,
            0.19974455287478862,
            0.22072607084939228,
            0.24245533209767184,
            0.26487735790398953,
            0.28793579254796703,
            0.3115730862739625,
            0.33573068019248387,
            0.360349192411111,
            0.38536860470736584,
            0.41072844907427086,
            0.4363679934910202,
            0.4622264262956088,
            0.4882430385629732,
            0.514357403920821,
            0.5405095552651435,
            0.5666401578681677,
            0.5926906784025899,
            0.6186035494370229,
            0.6443223289883133,
            0.6697918547463719,
            0.69495839261618,
            0.7197697792494795,
            0.744175558265083,
            0.7681271098816866,
            0.7915777737104213,
            0.8144829644761473,
            0.8368002804565287,
            0.8584896044465731,
            0.8795131970732868,
            0.8998357823008227,
            0.9194246249809145,
            0.9382496003167984,
            0.9562832551213166,
            0.9735008607618189,
            0.9898804576958743,
            1.0054028915130875,
            1.0200518404096226,
            1.0338138340336025,
            1.046678263651758,
            1.0586373836004486,
            1.0696863039982007,
            1.0798229747117545,
            1.0890481605841174,
            1.0973654079508974,
            1.1047810024907436,
            1.1113039184768656,
            1.1169457595196488,
            1.1217206909151551,
            1.1256453637408328,
            1.1287388308681963,
            1.131022455092131,
            1.1325198096080207,
            1.1332565711007916,
            1.133260405744015,
            1.1325608484421408,
            1.1311891756846053,
            1.1291782724165231,
            1.1265624933666645,
            1.1233775193091753,
            1.1196602087703698,
            1.1154484457260438,
            1.1107809838669227,
            1.1056972880408658,
            1.1002373735082993,
            1.0944416436734343,
            1.0883507269762176,
            1.082005313649372,
            1.075445993060236,
            1.0687130923689117,
            1.061846517240876,
            1.054885595355416,
            1.0478689234485012,
            1.040834218622013,
            1.0338181746387756,
            1.026856323905813,
            1.019982905825694,
            1.0132307421682587,
            1.0066311200828593,
            1.0002136833334687,
            0.994006332297242,
            0.9880351332206468,
            0.9823242371766805,
            0.9768958091122018
        ],
        "imag": [
            0.1228115186937924,
            0.15302412626608944,
            0.18291214546165135,
            0.21241291364373974,
            0.2414649845098507,
            0.2700083175619619,
            0.29798446142541785,
            0.32533673028749,
            0.35201037279395925,
            0.3779527328075046,
            0.40311340149346486,
            0.42744436025610705,
            0.4509001141024612,
            0.4734378150619265,
            0.4950173753395668,
            0.5156015699300774,
            0.5351561284685645,
            0.5536498161438793,
            0.5710545035499387,
            0.5873452254002796,
            0.6025002280801595,
            0.6165010060585461,
            0.6293323272285325,
            0.6409822472886888,
            0.6514421133190725,
            0.6607065567437779,
            0.6687734759066815,
            0.6756440085184439,
            0.6813224942605253,
            0.685816427856338,
            0.6891364029404122,
            0.6912960470740979,
            0.6923119482706825,
            0.692203573404557,
            0.6909931788879394,
            0.6887057140055057,
            0.6853687173018816,
            0.6810122064200794,
            0.6756685617904488,
            0.6693724045703973,
            0.6621604692347475,
            0.6540714712160154,
            0.6451459699927521,
            0.6354262280232686,
            0.6249560659212661,
            0.6137807142695776,
            0.6019466624685632,
            0.5895015050166573,
            0.576493785622371,
            0.5629728395497774,
            0.5489886346030273,
            0.534591611159933,
            0.5198325216699374,
            0.5047622700378112,
            0.489431751321115,
            0.4738916921765986,
            0.4581924924982035,
            0.44238406869686375,
            0.42651569907977654,
            0.4106358717938738,
            0.3947921358046454,
            0.3790309553869959,
            0.3633975686091406,
            0.34793585029331325,
            0.33268817993824623,
            0.317695315087195,
            0.3029962706221365,
            0.2886282044587209,
            0.27462631010795396,
            0.2610237165587518,
            0.24785139592063377,
            0.23513807924752675,
            0.2229101809418781,
            0.21119173211304387,
            0.2000043232350601,
            0.189367056416532,
            0.17929650755956286,
            0.16980669864531514,
            0.16090908034140053,
            0.15261252508080833,
            0.1449233307137443,
            0.13784523478292668,
            0.13137943942009211,
            0.1255246468063983,
            0.1202771050834175,
            0.11563066454408566,
            0.11157684387524777,
            0.10810490616547536,
            0.10520194433473107,
            0.10285297558533874,
            0.10104104441931218,
            0.09974733371329299,
            0.09895128329189376,
            0.09863071539224226,
            0.09876196636793293,
            0.09932002393998744,
            0.10027866926566034
        ]
    },
    "CPU_time": {
        "derivatives": 0.0042989253997802734,
        "buildingVn": 0.08762192726135254,
        "assembling_C": 0,