{
    "geometry1": "spherical",
    "geometry2": "large",
    "ope": "b2p_tang_ipp",
    "lc": 0.015,
    "dimP": 2,
    "dimQ": 2,
    "N": 6,
    "f0": 1000,
    "BSP": true,
    "frequencies": [
        80,
        100,
        120,
        140,
        160,
        180,
        200,
        220,
        240,
        260,
        280,
        300,
        320,
        340,
        360,
        380,
        400,
        420,
        440,
        460,
        480,
        500,
        520,
        540,
        560,
        580,
        600,
        620,
        640,
        660,
        680,
        700,
        720,
        740,
        760,
        780,
        800,
        820,
        840,
        860,
        880,
        900,
        920,
        940,
        960,
        980,
        1000,
        1020,
        1040,
        1060,
        1080,
        1100,
        1120,
        1140,
        1160,
        1180,
        1200,
        1220,
        1240,
        1260,
        1280,
        1300,
        1320,
        1340,
        1360,
        1380,
        1400,
        1420,
        1440,
        1460,
        1480,
        1500,
        1520,
        1540,
        1560,
        1580,
        1600,
        1620,
        1640,
        1660,
        1680,
        1700,
        1720,
        1740,
        1760,
        1780,
        1800,
        1820,
        1840,
        1860,
        1880,
        1900,
        1920,
        1940,
        1960,
        1980,
        2000
    ],
    "Z_center": {
        "real": [
            0.001752077601100482,
            0.002877683120336143,
            0.0044050639451624005,
            0.0064479497888394206,
            0.009166565505341367,
            0.012786604639362698,
            0.01762630047405274,
            0.024133914959738646,
            0.03293662558589738,
            0.04489622224305624,
            0.06115125519108352,
            0.08308916807875806,
            0.11212823757645354,
            0.14912966346856926,
            0.19335880869280855,
            0.241443330562557,
            0.2875758811722115,
            0.32587521248967144,
            0.3534548621610213,
            0.371399775483272,
            0.3832019350309635,
            0.3926587728450955,
            0.40271192720393895,
            0.4152236590332011,
            0.4311657937319392,
            0.4508646661579843,
            0.47418274445927566,
            0.5006376875114739,
            0.529493846380202,
            0.559857300842426,
            0.5907874398551263,
            0.6214173185133584,
            0.6510602963809212,
            0.6792782213246293,
            0.7058969974568439,
            0.7309720829659292,
            0.7547201545654934,
            0.7774383048977254,
            0.7994291131052594,
            0.8209428675372312,
            0.8421413060023141,
            0.8630826255247923,
            0.8837252977498923,
            0.903947429479325,
            0.9235779295383517,
            0.9424349100478692,
            0.960365510014806,
            0.9772802099204676,
            0.9931745889089695,
            1.008133194359973,
            1.0223140245610962,
            1.0359173600690146,
            1.049147550200615,
            1.0621785929591863,
            1.0751323423069323,
            1.0880722860197545,
            1.101008678655023,
            1.113905963064878,
            1.1266831510574113,
            1.1392017634776443,
            1.1512416295165588,
            1.162469790923283,
            1.1724107642011643,
            1.1804276574823922,
            1.1857237114411285,
            1.1873728195152629,
            1.1843847625373862,
            1.175805203959571,
            1.160841574951745,
            1.1389953603407987,
            1.1101728569631821,
            1.0747452479288817,
            1.0335380534024867,
            0.9877480966006498,
            0.9388062760732608,
            0.8882181036790747,
            0.8374159011840544,
            0.7876476093587952,
            0.7399129237323733,
            0.6949442869297183,
            0.6532220384142092,
            0.615010375111187,
            0.5804021689704097,
            0.5493639874797323,
            0.5217761924133243,
            0.49746584684940925,
            0.4762320749132136,
            0.45786459074984104,
            0.4421565751461093,
            0.4289131629198383,
            0.4179566910567985,
            0.409129664336329,
            0.4022961894427734,
            0.39734244358450127,
            0.39417659197623,
            0.3927284516079065,
            0.39294911285204365
        ],
        "imag": [
            0.10617443131251307,
            0.13371551365349268,
            0.16195451171492245,
            0.19106473384171757,
            0.22123693780325354,
            0.25267859888521443,
            0.2856074854473606,
            0.320233668281697,
            0.35671911869631656,
            0.3950962330705665,
            0.4351171377741155,
            0.4760033392506758,
            0.5160997745974872,
            0.552570761148447,
            0.5815496175847129,
            0.5993422557044709,
            0.6046639242137243,
            0.600263636886032,
            0.591899347626675,
            0.5852974916769449,
            0.5838801268169731,
            0.5885284908392275,
            0.5984851316102433,
            0.6122789417329881,
            0.6282804146384149,
            0.6449517764289102,
            0.6609449778020601,
            0.6751507273164264,
            0.6867416326051038,
            0.6952124207453572,
            0.7004003109151102,
            0.7024661479229063,
            0.7018282914625005,
            0.6990590748218811,
            0.6947678090796239,
            0.6894975685542011,
            0.6836552606162437,
            0.6774816394130834,
            0.6710567576608648,
            0.6643304415038527,
            0.657166486070969,
            0.6493911813838648,
            0.640839274797165,
            0.6313923377073803,
            0.6210055619811208,
            0.6097197725263632,
            0.5976566366214336,
            0.5849972199215735,
            0.5719472047097303,
            0.558695566447611,
            0.5453760041115994,
            0.5320404791535932,
            0.5186509839862705,
            0.5050896817947658,
            0.4911810530668322,
            0.4767157371980271,
            0.4614665547338628,
            0.44519242267861814,
            0.42763274725658634,
            0.40850000045701357,
            0.3874796977441403,
            0.3642452398476743,
            0.3384916089387065,
            0.3099880226697068,
            0.2786457150624143,
            0.24459275834153485,
            0.20824318820165613,
            0.17034356206709242,
            0.1319786312952765,
            0.09452176331721361,
            0.059526637941708024,
            0.02857286436743154,
            0.0030939349824910785,
            -0.015775962943613706,
            -0.02730401603828895,
            -0.03119276359155108,
            -0.02754848252067677,
            -0.016801977462338934,
            0.0003935328159834552,
            0.023264745348915563,
            0.051005333956310135,
            0.08284055524273663,
            0.11806883857658904,
            0.15608375841299688,
            0.19638135157387873,
            0.2385577052693143,
            0.2823008982296357,
            0.32738029522384837,
            0.37363519156697306,
            0.4209640087532082,
            0.4693146744332087,
            0.5186764475181213,
            0.569073224666354,
            0.6205582425666405,
            0.6732100351029093,
            0.7271294895040418,
            0.7824378533132689
        ]
    },
    "CPU_time": {
        "derivatives": 0.09536504745483398,
        "buildingVn": 8.499518156051636,
        "assembling_C": 0,