{
    "geometry1": "spherical",
    "geometry2": "large",
    "ope": "b2p_tang_ipp",
    "lc": 0.015,
    "dimP": 2,
    "dimQ": 2,
    "N": 66,
    "f0": 1000,
    "BSP": true,
    "frequencies": [
        80,
        100,
        120,
        140,
        160,
        180,
        200,
        220,
        240,
        260,
        280,
        300,
        320,
        340,
        360,
        380,
        400,
        420,
        440,
        460,
        480,
        500,
        520,
        540,
        560,
        580,
        600,
        620,
        640,
        660,
        680,
        700,
        720,
        740,
        760,
        780,
        800,
        820,
        840,
        860,
        880,
        900,
        920,
        940,
        960,
        980,
        1000,
        1020,
        1040,
        1060,
        1080,
        1100,
        1120,
        1140,
        1160,
        1180,
        1200,
        1220,
        1240,
        1260,
        1280,
        1300,
        1320,
        1340,
        1360,
        1380,
        1400,
        1420,
        1440,
        1460,
        1480,
        1500,
        1520,
        1540,
        1560,
        1580,
        1600,
        1620,
        1640,
        1660,
        1680,
        1700,
        1720,
        1740,
        1760,
        1780,
        1800,
        1820,
        1840,
        1860,
        1880,
        1900,
        1920,
        1940,
        1960,
        1980,
        2000
    ],
    "Z_center": {
        "real": [
            0.010654642615183254,
            0.01661352103759779,
            0.0238632994395394,
            0.032384369873770885,
            0.04215385974105817,
            0.053145744725286714,
            0.06533095749065564,
            0.07867748863363759,
            0.09315047824301342,
            0.10871229870421381,
            0.12532263154737286,
            0.14293854301755662,
            0.16151456448142534,
            0.18100278433737665,
            0.20135295803325637,
            0.2225126418080433,
            0.2444273540231684,
            0.2670407657928674,
            0.29029491984358674,
            0.31413047393982313,
            0.338486962694129,
            0.36330306961396713,
            0.38851690005786155,
            0.41406624548786874,
            0.43988883018403563,
            0.46592253329134975,
            0.49210558162830204,
            0.5183767117579829,
            0.5446753031098385,
            0.5709414870383854,
            0.5971162391692119,
            0.6231414640388385,
            0.648960081520247,
            0.6745161239288542,
            0.6997548510140017,
            0.7246228875533984,
            0.7490683852366313,
            0.773041207343088,
            0.7964931316975572,
            0.8193780648525989,
            0.8416522586116486,
            0.8632745190346186,
            0.8842063980331111,
            0.9044123585323501,
            0.9238599058831072,
            0.9425196805639273,
            0.9603655100153232,
            0.9773744204046605,
            0.9935266119768786,
            1.008805404052311,
            1.0231971575604584,
            1.0366911839375663,
            1.0492796492959882,
            1.0609574819612808,
            1.0717222899029073,
            1.0815742924651512,
            1.0905162683961587,
            1.0985535197480005,
            1.105693849031117,
            1.1119475452762795,
            1.1173273735008786,
            1.1218485615722165,
            1.1255287785621753,
            1.1283880993313717,
            1.1304489511120508,
            1.1317360391482187,
            1.132276249822324,
            1.1320985310350358,
            1.1312337507945638,
            1.1297145359358765,
            1.1275750936443625,
            1.1248510188776242,
            1.1215790911213552,
            1.1177970639123032,
            1.1135434505807682,
            1.1088573095849499,
            1.1037780327010807,
            1.0983451393224593,
            1.0925980801074915,
            1.0865760532247706,
            1.080317836403187,
            1.0738616378412489,
            1.0672449685404284,
            1.0605045380422506,
            1.0536761744093697,
            1.0467947679045841,
            1.039894236302669,
            1.0330075078806515,
            1.026166516517867,
            1.0194022019136728,
            1.0127445069074705,
            1.0062223636769232,
            0.9998636609416706,
            0.993695185622315,
            0.987742534468033,
            0.9820299937007688,
            0.9765803881981012
        ],
        "imag": [
            0.123298320208759,
            0.15362679055945538,
            0.18362717476627002,
            0.2132364242774857,
            0.24239279189846907,
            0.27103598121041744,
            0.29910727960245154,
            0.32654967995890866,
            0.3533079968012348,
            0.3793289830564527,
            0.40456145288400897,
            0.4289564147934121,
            0.4524672172845946,
            0.47504970703422167,
            0.49666239714634863,
            0.5172666407397845,
            0.5368268032947459,
            0.5553104257717013,
            0.5726883702703018,
            0.5889349402476934,
            0.6040279687469537,
            0.617948870129006,
            0.6306826535302662,
            0.6422178992562213,
            0.6525467023086665,
            0.6616645898625101,
            0.6695704214617315,
            0.6762662816582591,
            0.6817573747664685,
            0.6860519301448027,
            0.6891611242413247,
            0.6910990227094191,
            0.6918825426012921,
            0.6915314313823234,
            0.6900682566654,
            0.6875183984639983,
            0.6839100346070421,
            0.6792741098663893,
            0.6736442802532743,
            0.6670568257518877,
            0.6595505272175354,
            0.6511665060756912,
            0.6419480284696437,
            0.6319402783988146,
            0.6211901068486945,
            0.6097457657499851,
            0.5976566366216788,
            0.5849729638716364,
            0.5717456019388687,
            0.558025783822613,
            0.5438649162796229,
            0.5293144042680793,
            0.5144255044122483,
            0.4992492046312008,
            0.48383612489528305,
            0.4682364325590012,
            0.4524997649874599,
            0.43667515224902564,
            0.42081093348124254,
            0.4049546619006765,
            0.38915299522474983,
            0.3734515702141608,
            0.35789486193200454,
            0.34252602998991766,
            0.3273867553601131,
            0.31251707221568203,
            0.2979551997107788,
            0.28373737864885945,
            0.2698977176878536,
            0.2564680531966122,
            0.24347782615649685,
            0.23095397874391807,
            0.21892087249058195,
            0.2074002292055541,
            0.19641109528146594,
            0.18596982951329905,
            0.17609011416410558,
            0.16678298861200483,
            0.1580569045508432,
            0.14991780119328757,
            0.142369198301076,
            0.13541230415746722,
            0.12904613474085616,
            0.12326763943574501,
            0.1180718281277742,
            0.11345189362209497,
            0.10939932375075435,
            0.10590399758662504,
            0.10295426140910709,
            0.10053698158452569,
            0.09863757362864017,
            0.09724000925656491,
            0.09632680561788022,
            0.09587900358182452,
            0.09587614400891203,
            0.09629625199433416,
            0.09711584077691138
        ]
    },
    "CPU_time": {
        "derivatives": 0.09187602996826172,
        "buildingVn": 16.659559965133667,
        "assembling_C": 0,