{
    "geometry1": "spherical",
    "geometry2": "large",
    "ope": "b2p_tang_ipp",
    "lc": 0.015,
    "dimP": 2,
    "dimQ": 2,
    "N": 67,
    "f0": 1000,
    "BSP": true,
    "frequencies": [
        80,
        100,
        120,
        140,
        160,
        180,
        200,
        220,
        240,
        260,
        280,
        300,
        320,
        340,
        360,
        380,
        400,
        420,
        440,
        460,
        480,
        500,
        520,
        540,
        560,
        580,
        600,
        620,
        640,
        660,
        680,
        700,
        720,
        740,
        760,
        780,
        800,
        820,
        840,
        860,
        880,
        900,
        920,
        940,
        960,
        980,
        1000,
        1020,
        1040,
        1060,
        1080,
        1100,
        1120,
        1140,
        1160,
        1180,
        1200,
        1220,
        1240,
        1260,
        1280,
        1300,
        1320,
        1340,
        1360,
        1380,
        1400,
        1420,
        1440,
        1460,
        1480,
        1500,
        1520,
        1540,
        1560,
        1580,
        1600,
        1620,
        1640,
        1660,
        1680,
        1700,
        1720,
        1740,
        1760,
        1780,
        1800,
        1820,
        1840,
        1860,
        1880,
        1900,
        1920,
        1940,
        1960,
        1980,
        2000
    ],
    "Z_center": {
        "real": [
            0.010654642634663881,
            0.016613521049905728,
            0.023863299441520432,
            0.0323843698586551,
            0.04215385971030323,
            0.053145744684018476,
            0.06533095744796427,
            0.07867748859804735,
            0.09315047821994576,
            0.10871229870086146,
            0.12532263155926787,
            0.14293854304570153,
            0.16151456452174837,
            0.1810027843827298,
            0.20135295808002304,
            0.22251264184551287,
            0.2444273540490509,
            0.2670407658056584,
            0.29029491984208317,
            0.3141304739275299,
            0.33848696267234857,
            0.3633030695870574,
            0.3885169000298136,
            0.4140662454617175,
            0.43988883016282265,
            0.4659225332763083,
            0.49210558162055146,
            0.5183767117548544,
            0.5446753031131739,
            0.5709414870448469,
            0.5971162391780337,
            0.623141464048192,
            0.648960081529014,
            0.6745161239362141,
            0.6997548510192734,
            0.7246228875571661,
            0.7490683852387698,
            0.7730412073440162,
            0.7964931316974802,
            0.8193780648522571,
            0.841652258611134,
            0.8632745190340451,
            0.8842063980325684,
            0.904412358531912,
            0.923859905883059,
            0.9425196805639643,
            0.9603655100148085,
            0.9773744204046074,
            0.9935266119764333,
            1.0088054040521488,
            1.0231971575603296,
            1.0366911839372241,
            1.0492796492956113,
            1.0609574819613121,
            1.0717222899035217,
            1.0815742924656016,
            1.0905162683988237,
            1.0985535197524248,
            1.1056938490374137,
            1.1119475452849037,
            1.1173273735120433,
            1.1218485615856464,
            1.125528778577905,
            1.1283880993481195,
            1.1304489511304572,
            1.131736039166091,
            1.1322762498375174,
            1.1320985310445917,
            1.1312337507921009,
            1.1297145359144911,
            1.1275750935896864,
            1.124851018774116,
            1.1215790909512724,
            1.117797063657322,
            1.1135434502381494,
            1.1088573091761682,
            1.103778032284164,
            1.098345139010044,
            1.092598080065493,
            1.086576053637958,
            1.0803178374553004,
            1.0738616396179335,
            1.0672449709805314,
            1.0605045408546439,
            1.053676177059338,
            1.0467947696468929,
            1.039894236311993,
            1.0330075053895202,
            1.0261665110386948,
            1.0194021934416861,
            1.0127444961061733,
            1.006222351933939,
            0.9998636503470754,
            0.9936951788077625,
            0.9877425342164228,
            0.982030002602147,
            0.9765804080448767
        ],
        "imag": [
            0.1232983201964765,
            0.15362679053514508,
            0.18362717473500725,
            0.21323642424574576,
            0.242392791875645,
            0.2710359811998893,
            0.2991072796126949,
            0.3265496799860316,
            0.35330799684175157,
            0.379328983099556,
            0.4045614529304581,
            0.4289564148309424,
            0.4524672173093017,
            0.4750497070419784,
            0.49666239713478616,
            0.5172666407172314,
            0.5368268032619625,
            0.5553104257347501,
            0.5726883702323903,
            0.588934940214001,
            0.6040279687203881,
            0.6179488701141435,
            0.6306826535252398,
            0.6422178992603381,
            0.6525467023192209,
            0.6616645898789782,
            0.6695704214796344,
            0.6762662816756411,
            0.681757374781929,
            0.6860519301571972,
            0.689161124249421,
            0.6910990227137382,
            0.6918825426026072,
            0.6915314313810662,
            0.6900682566629509,
            0.6875183984605316,
            0.683910034603803,
            0.6792741098634487,
            0.6736442802508807,
            0.6670568257500854,
            0.6595505272164055,
            0.6511665060751558,
            0.6419480284696655,
            0.6319402783986839,
            0.6211901068486807,
            0.6097457657501241,
            0.597656636621441,
            0.5849729638716172,
            0.5717456019389965,
            0.5580257838230498,
            0.543864916280086,
            0.5293144042688656,
            0.5144255044135781,
            0.49924920463289657,
            0.4838361248970583,
            0.468236432561804,
            0.45249976499090144,
            0.43667515225279147,
            0.42081093348490417,
            0.40495466190304974,
            0.38915299522530344,
            0.37345157021224434,
            0.3578948619258939,
            0.34252602997891207,
            0.3273867553423833,
            0.3125170721894819,
            0.2979551996739135,
            0.2837373785986698,
            0.26989771762188053,
            0.25646805311451887,
            0.24347782605877816,
            0.23095397863743075,
            0.21892087239363447,
            0.20740022914918238,
            0.19641109531742737,
            0.18596982970415873,
            0.17609011458251367,
            0.16678298931157912,
            0.15805690553782742,
            0.1499178023764609,
            0.14236919947836318,
            0.1354123050087671,
            0.12904613484458666,
            0.12326763838573387,
            0.11807182560407693,
            0.11345188955009948,
            0.10939931841331857,
            0.1059039916919062,
            0.10295425607990269,
            0.10053697826161528,
            0.0986375738400075,
            0.09724001436345416,
            0.0963268164609003,
            0.09587902017191392,
            0.09587616520842343,
            0.09629627542645205,
            0.0971158627855874
        ]
    },
    "CPU_time": {
        "derivatives": 0.09609699249267578,
        "buildingVn": 17.243168115615845,
        "assembling_C": 0,