{
    "geometry1": "spherical",
    "geometry2": "small",
    "ope": "b2p_tang_ipp",
    "lc": 0.015,
    "dimP": 2,
    "dimQ": 2,
    "N": 59,
    "f0": 1000,
    "BSP": true,
    "frequencies": [
        80,
        100,
        120,
        140,
        160,
        180,
        200,
        220,
        240,
        260,
        280,
        300,
        320,
        340,
        360,
        380,
        400,
        420,
        440,
        460,
        480,
        500,
        520,
        540,
        560,
        580,
        600,
        620,
        640,
        660,
        680,
        700,
        720,
        740,
        760,
        780,
        800,
        820,
        840,
        860,
        880,
        900,
        920,
        940,
        960,
        980,
        1000,
        1020,
        1040,
        1060,
        1080,
        1100,
        1120,
        1140,
        1160,
        1180,
        1200,
        1220,
        1240,
        1260,
        1280,
        1300,
        1320,
        1340,
        1360,
        1380,
        1400,
        1420,
        1440,
        1460,
        1480,
        1500,
        1520,
        1540,
        1560,
        1580,
        1600,
        1620,
        1640,
        1660,
        1680,
        1700,
        1720,
        1740,
        1760,
        1780,
        1800,
        1820,
        1840,
        1860,
        1880,
        1900,
        1920,
        1940,
        1960,
        1980,
        2000
    ],
    "Z_center": {
        "real": [
            0.0105675656921425,
            0.016478528186468465,
            0.02367061397450388,
            0.032124551039053255,
            0.0418177302902137,
            0.05272428772980673,
            0.06481519797632004,
            0.07805837861330954,
            0.09241880478360914,
            0.10785863341940323,
            0.12433733647223535,
            0.14181184248556808,
            0.16023668583430128,
            0.17956416293997923,
            0.1997444947570854,
            0.2207259948150501,
            0.2424552420927523,
            0.2648772579979013,
            0.2879356867230301,
            0.3115729782533163,
            0.33573057330902895,
            0.360349089517091,
            0.3853685081218394,
            0.4107283605641977,
            0.4363679142807178,
            0.4622263570989444,
            0.48824297963270097,
            0.5143573551097351,
            0.5405095160942647,
            0.5666401275978099,
            0.592690656102806,
            0.6186035340546657,
            0.6443223194085704,
            0.6697918498472624,
            0.6949583913150545,
            0.7197697805409857,
            0.7441755612505214,
            0.7681271137899468,
            0.7915777779109764,
            0.814482968484745,
            0.8368002839343869,
            0.8584896071939487,
            0.8795131990183295,
            0.8998357834846868,
            0.9194246255399983,
            0.9382496004630307,
            0.956283255121317,
            0.9735008609156797,
            0.9898804583162601,
            1.0054028929052445,
            1.020051842852837,
            1.0338138377645494,
            1.0466782688500353,
            1.058637390376662,
            1.0696863123846998,
            1.079822984656194,
            1.0890481719458749,
            1.0973654205003458,
            1.1047810159112967,
            1.1113039323696763,
            1.1169457734108181,
            1.1217207042651791,
            1.1256453759561587,
            1.1287388413144954,
            1.13102246310909,
            1.1325198145252946,
            1.1332565722548085,
            1.1332604024953103,
            1.132560840192878,
            1.1311891618959513,
            1.129178252625581,
            1.1265624672025951,
            1.1233774865082438,
            1.119660169189643,
            1.1154483993553832,
            1.1107809308391872,
            1.1056972286399211,
            1.1002373081747885,
            1.0944415730080608,
            1.0883506517404333,
            1.0820052347633669,
            1.0754459115982336,
            1.068713009551573,
            1.0618464344250307,
            1.0548855140210025,
            1.0478688451828744,
            1.0408341451017222,
            1.0338181076089763,
            1.0268562651575395,
            1.0199828571711136,
            1.013230705414353,
            1.0066310970037,
            1.0002136756414546,
            0.9940063416137288,
            0.9880351610463075,
            0.982324284862017,
            0.9768958778287348
        ],
        "imag": [
            0.12281155415177734,
            0.15302414899282757,
            0.18291214860387656,
            0.2124128922506358,
            0.24146493578334163,
            0.27000824089238806,
            0.29798435823880837,
            0.32533660374575174,
            0.3520102273969356,
            0.37795257394663173,
            0.40311323500200213,
            0.42744419199256883,
            0.45089994959364654,
            0.4734376592215321,
            0.4950172322688935,
            0.5156014427995412,
            0.5351560194729312,
            0.5536497265203053,
            0.571054433645957,
            0.5873451747782802,
            0.6025001956455059,
            0.6165009901998169,
            0.6293323259601206,
            0.6409822583879236,
            0.6514421344520425,
            0.6607065855757833,
            0.6687735101949289,
            0.6756440461859083,
            0.6813225334510227,
            0.6858164669717022,
            0.689136440661276,
            0.6912960823661797,
            0.6923119803787341,
            0.6922036018362157,
            0.690993203389689,
            0.6887057345328995,
            0.6853687339860123,
            0.6810122195320286,
            0.675668571705323,
            0.669372411732244,
            0.6621604741234619,
            0.6540714743170934,
            0.6451459717705644,
            0.6354262288983145,
            0.6249560662516794,
            0.6137807143370326,
            0.6019466624685619,
            0.5895015050530742,
            0.5764937857060262,
            0.5629728396007653,
            0.5489886344563923,
            0.5345916105743247,
            0.5198325203387704,
            0.5047622676024897,
            0.4894317473858219,
            0.4738916863242168,
            0.45819248430685977,
            0.44238405775669465,
            0.4265156850094456,
            0.4106358542564983,
            0.3947921145227145,
            0.3790309301559893,
            0.3633975393095283,
            0.34793581690072745,
            0.33268814253154894,
            0.3176952738543418,
            0.302996225863661,
            0.2886281565887758,
            0.27462625965287263,
            0.2610236641530963,
            0.24785134230080844,
            0.23513802524299704,
            0.2229101274641351,
            0.2111916801424202,
            0.20000427380561478,
            0.1893670105991937,
            0.17929646644374955,
            0.16980666331929595,
            0.1609090518717057,
            0.15261250449095476,
            0.14492331896255714,
            0.13784523274286253,
            0.1313794478558092,
            0.12552466635397425,
            0.12027713623051152,
            0.11563070761140057,
            0.11157689899959977,
            0.10810497328485619,
            0.10520202317556705,
            0.1028530656523207,
            0.10104114498805633,
            0.09974744382599057,
            0.0989514017563305,
            0.09863084078418377,
            0.09876209703713486,
            0.09932015801987573,
            0.10027880468675673
        ]
    },
    "CPU_time": {
        "derivatives": 0.003756999969482422,
        "buildingVn": 0.1871349811553955,
        "assembling_C": 0,