{
    "geometry1": "spherical",
    "geometry2": "small",
    "ope": "b2p_tang_ipp",
    "lc": 0.015,
    "dimP": 2,
    "dimQ": 2,
    "N": 96,
    "f0": 1000,
    "BSP": true,
    "frequencies": [
        80,
        100,
        120,
        140,
        160,
        180,
        200,
        220,
        240,
        260,
        280,
        300,
        320,
        340,
        360,
        380,
        400,
        420,
        440,
        460,
        480,
        500,
        520,
        540,
        560,
        580,
        600,
        620,
        640,
        660,
        680,
        700,
        720,
        740,
        760,
        780,
        800,
        820,
        840,
        860,
        880,
        900,
        920,
        940,
        960,
        980,
        1000,
        1020,
        1040,
        1060,
        1080,
        1100,
        1120,
        1140,
        1160,
        1180,
        1200,
        1220,
        1240,
        1260,
        1280,
        1300,
        1320,
        1340,
        1360,
        1380,
        1400,
        1420,
        1440,
        1460,
        1480,
        1500,
        1520,
        1540,
        1560,
        1580,
        1600,
        1620,
        1640,
        1660,
        1680,
        1700,
        1720,
        1740,
        1760,
        1780,
        1800,
        1820,
        1840,
        1860,
        1880,
        1900,
        1920,
        1940,
        1960,
        1980,
        2000
    ],
    "Z_center": {
        "real": [
            0.01056761561111829,
            0.01647859359473083,
            0.023670693329623727,
            0.03212464174795049,
            0.04181782900194627,
            0.052724390650362225,
            0.06481530117647381,
            0.07805847830582652,
            0.09241889755280988,
            0.10785871639326432,
            0.12433740743384906,
            0.1418118999263271,
            0.16023672895526647,
            0.17956419161050716,
            0.19974450944102065,
            0.22072599647492594,
            0.2424552320817319,
            0.26487723794793405,
            0.2879356584361647,
            0.3115729436014726,
            0.33573053414593645,
            0.36034904760468517,
            0.3853684650721762,
            0.41072831779693,
            0.4363678729954172,
            0.4622263182610039,
            0.48824294397113915,
            0.514357323125042,
            0.5405094880743349,
            0.566640103639998,
            0.5926906361402683,
            0.6186035178852781,
            0.6443223067249069,
            0.6697918402662955,
            0.6949583844065141,
            0.7197697758534843,
            0.7441755583347563,
            0.7681271122185346,
            0.7915777772946128,
            0.8144829684845533,
            0.8368002842705019,
            0.8584896076504286,
            0.8795131994446752,
            0.8998357837942432,
            0.9194246257056644,
            0.9382496005106686,
            0.9562832551213158,
            0.9735008609731504,
            0.989880458560295,
            1.0054028934777326,
            1.0200518438972082,
            1.0338138394148633,
            1.0466782712207816,
            1.0586373935535602,
            1.069686316416764,
            1.0798229895493008,
            1.0890481776579546,
            1.0973654269383677,
            1.104781022930055,
            1.111303939772442,
            1.1169457809517938,
            1.1217207116537515,
            1.1256453828627562,
            1.1287388473779918,
            1.131022467945583,
            1.1325198177380051,
            1.1332565734450133,
            1.133260401273966,
            1.1325608361927837,
            1.1311891547842208,
            1.1291782421160734,
            1.1265624530682514,
            1.1233774685929283,
            1.1196601474193306,
            1.115448373748517,
            1.1107809015158974,
            1.1056971958300097,
            1.1002372722242597,
            1.094441534384018,
            1.0883506110342451,
            1.0820051926919438,
            1.0754458690033197,
            1.0687129673969318,
            1.0618463937915767,
            1.0548854760996187,
            1.0478688112651249,
            1.0408341165683042,
            1.0338180859159924,
            1.0268562518205973,
            1.019982853747387,
            1.0132307134826015,
            1.006631118142445,
            1.0002137114054106,
            0.9940063935086935,
            0.9880352305026395,
            0.9823243732070193,
            0.9768959862580905
        ],
        "imag": [
            0.12281159346690083,
            0.15302418580092805,
            0.18291217835916937,
            0.2124129111786505,
            0.24146494107851135,
            0.27000823081889513,
            0.2979843321397535,
            0.32533656197332195,
            0.35201017118120376,
            0.3779525052227964,
            0.40311315621572597,
            0.4274441059010431,
            0.45089985907687297,
            0.4734375671146273,
            0.4950171412224674,
            0.5156013551717487,
            0.5351559372539785,
            0.5536496512878687,
            0.5710543665484217,
            0.5873451165416896,
            0.60250014659962,
            0.6165009503185438,
            0.6293322949118139,
            0.6409822355914667,
            0.6514421191350867,
            0.660706576832195,
            0.6687735070390621,
            0.6756440476018696,
            0.6813225384357203,
            0.68581647457089,
            0.6891364499982381,
            0.691296092663049,
            0.692311990970753,
            0.6922036121793873,
            0.6909932130625488,
            0.6887057432331257,
            0.6853687415227353,
            0.6810122258147303,
            0.6756685767301501,
            0.6693724155665853,
            0.6621604768895994,
            0.6540714761755917,
            0.6451459729040769,
            0.63542622949633,
            0.6249560664966733,
            0.6137807143923929,
            0.6019466624685623,
            0.5895015050950588,
            0.5764937858449491,
            0.5629728398460553,
            0.5489886347711583,
            0.5345916108767321,
            0.519832520505475,
            0.5047622674738886,
            0.4894317467729029,
            0.4738916850167284,
            0.45819248208249663,
            0.4423840543910283,
            0.4265156802862776,
            0.41063584797831093,
            0.39479210652099045,
            0.3790309203010542,
            0.363397527519692,
            0.34793580315048217,
            0.3326881268586128,
            0.3176952563653517,
            0.30299620673837463,
            0.2886281360826719,
            0.2746262380980081,
            0.2610236419572361,
            0.2478513199447076,
            0.23513800327591858,
            0.22291010649756773,
            0.2111916608420831,
            0.20000425688182533,
            0.1893669967956874,
            0.17929645652507054,
            0.16980665805696224,
            0.16090905202918784,
            0.15261251080777308,
            0.14492333213762484,
            0.13784525341728288,
            0.13137947659532528,
            0.1255247036313635,
            0.12027718240803291,
            0.11563076292370789,
            0.11157696353717055,
            0.10810504697835831,
            0.10520210578124213,
            0.10285315673881602,
            0.10104124392478872,
            0.09974754977342191,
            0.09895151365828464,
            0.09863095736251193,
            0.09876221678893805,
            0.09932027921749047,
            0.10027892538072393
        ]
    },
    "CPU_time": {
        "derivatives": 0.004037141799926758,
        "buildingVn": 0.43152689933776855,
        "assembling_C": 0,