{
    "geometry1": "spherical",
    "geometry2": "large",
    "ope": "b2p_tang_ipp",
    "lc": 0.015,
    "dimP": 2,
    "dimQ": 2,
    "N": 99,
    "f0": 1000,
    "BSP": true,
    "frequencies": [
        80,
        100,
        120,
        140,
        160,
        180,
        200,
        220,
        240,
        260,
        280,
        300,
        320,
        340,
        360,
        380,
        400,
        420,
        440,
        460,
        480,
        500,
        520,
        540,
        560,
        580,
        600,
        620,
        640,
        660,
        680,
        700,
        720,
        740,
        760,
        780,
        800,
        820,
        840,
        860,
        880,
        900,
        920,
        940,
        960,
        980,
        1000,
        1020,
        1040,
        1060,
        1080,
        1100,
        1120,
        1140,
        1160,
        1180,
        1200,
        1220,
        1240,
        1260,
        1280,
        1300,
        1320,
        1340,
        1360,
        1380,
        1400,
        1420,
        1440,
        1460,
        1480,
        1500,
        1520,
        1540,
        1560,
        1580,
        1600,
        1620,
        1640,
        1660,
        1680,
        1700,
        1720,
        1740,
        1760,
        1780,
        1800,
        1820,
        1840,
        1860,
        1880,
        1900,
        1920,
        1940,
        1960,
        1980,
        2000
    ],
    "Z_center": {
        "real": [
            0.010654642423701309,
            0.016613520357881578,
            0.02386329851224191,
            0.032384369014979694,
            0.04215385920845529,
            0.05314574463679963,
            0.06533095782727143,
            0.07867748928181408,
            0.09315047904357988,
            0.10871229948962244,
            0.12532263219112907,
            0.14293854345122842,
            0.16151456466859118,
            0.1810027842820296,
            0.20135295779426146,
            0.2225126414371652,
            0.24442735359229686,
            0.2670407653566572,
            0.2902949194548694,
            0.31413047363762864,
            0.3384869624925587,
            0.3633030695225944,
            0.3885169000617157,
            0.4140662455698497,
            0.43988883032141085,
            0.4659225334626257,
            0.4921055818074406,
            0.5183767119225748,
            0.5446753032477707,
            0.5709414871426426,
            0.5971162392316774,
            0.6231414640662342,
            0.6489600815168902,
            0.6745161239033154,
            0.6997548509754594,
            0.7246228875087345,
            0.7490683851935296,
            0.7730412073064691,
            0.7964931316697993,
            0.8193780648342766,
            0.8416522586018802,
            0.8632745190308311,
            0.8842063980328555,
            0.904412358533584,
            0.9238599058845921,
            0.9425196805642712,
            0.9603655100148586,
            0.9773744204051112,
            0.9935266119789327,
            1.0088054040564676,
            1.0231971575663426,
            1.0366911839434514,
            1.049279649297192,
            1.0609574819538197,
            1.0717222898799532,
            1.08157429242052,
            1.0905162683272454,
            1.0985535196541452,
            1.1056938489172687,
            1.111947545152537,
            1.117327373385961,
            1.1218485614876186,
            1.1255287785380874,
            1.1283880993968116,
            1.1304489512908693,
            1.1317360394580227,
            1.132276250265453,
            1.1320985315933039,
            1.1312337514211295,
            1.129714536570043,
            1.127575094186294,
            1.124851019222701,
            1.1215790911567107,
            1.117797063543566,
            1.1135434497477443,
            1.1088573082899649,
            1.103778031053796,
            1.098345137484183,
            1.0925980783537586,
            1.0865760518859124,
            1.0803178357974195,
            1.0738616381190162,
            1.0672449697991502,
            1.060504540002989,
            1.0536761765858127,
            1.0467947696544797,
            1.0398942369679218,
            1.033007507021369,
            1.026166514121947,
            1.019402198633911,
            1.0127445040324157,
            1.0062223631866587,
            0.9998636650609326,
            0.9936951964180621,
            0.9877425530808279,
            0.9820300196348878,
            0.976580418660045
        ],
        "imag": [
            0.12329831944148513,
            0.15362678999413007,
            0.1836271746697904,
            0.21323642469515489,
            0.24239279269502145,
            0.2710359821438215,
            0.2991072804510738,
            0.32654968054945704,
            0.353307997067579,
            0.3793289829736126,
            0.4045614525255566,
            0.4289564142461018,
            0.45246721665947026,
            0.47504970643586886,
            0.4966623966386525,
            0.5172666403814433,
            0.5368268031012079,
            0.5553104257390208,
            0.5726883703766167,
            0.5889349404527225,
            0.6040279690196606,
            0.6179488704227553,
            0.6306826538101745,
            0.642217899497699,
            0.6525467024888988,
            0.6616645899783794,
            0.6695704215113069,
            0.6762662816523026,
            0.681757374714611,
            0.6860519300591829,
            0.689161124144682,
            0.6910990226128513,
            0.6918825425142593,
            0.6915314313103548,
            0.6900682566145419,
            0.6875183984331128,
            0.6839100345934518,
            0.6792741098671712,
            0.6736442802625756,
            0.6670568257649292,
            0.6595505272310463,
            0.6511665060869988,
            0.6419480284773812,
            0.63194027840289,
            0.6211901068506863,
            0.6097457657504315,
            0.5976566366212193,
            0.5849729638716417,
            0.5717456019382343,
            0.5580257838198207,
            0.5438649162723249,
            0.5293144042531891,
            0.5144255043897338,
            0.49924920459987454,
            0.48383612485800814,
            0.46823643252136304,
            0.452499764959011,
            0.4366751522418126,
            0.4208109335087815,
            0.4049546619761045,
            0.38915299535640485,
            0.3734515704086668,
            0.3578948621834166,
            0.3425260302821251,
            0.32738675566542336,
            0.31251707248900856,
            0.297955199899671,
            0.28373737870024757,
            0.26989771753993635,
            0.2564680528022053,
            0.24347782550666633,
            0.23095397783877072,
            0.21892087139338753,
            0.20740022802504104,
            0.19641109417967914,
            0.18596982867640213,
            0.17609011380344544,
            0.1667829888860895,
            0.15805690554855306,
            0.14991780288287948,
            0.14236920048091686,
            0.13541230645829744,
            0.12904613670620527,
            0.12326764064248776,
            0.11807182825469277,
            0.1134518926426578,
            0.10939932201911595,
            0.1059039958670699,
            0.10295426073099592,
            0.10053698310104794,
            0.09863757814490061,
            0.09724001696506739,
            0.09632681558161643,
            0.09587901362522244,
            0.09587615053151685,
            0.09629625040766937,
            0.09711582607834343
        ]
    },
    "CPU_time": {
        "derivatives": 0.10023784637451172,
        "buildingVn": 24.76665711402893,
        "assembling_C": 0,