{
    "geometry1": "spherical",
    "geometry2": "large",
    "ope": "b2p_tang_ipp",
    "lc": 0.015,
    "dimP": 2,
    "dimQ": 2,
    "N": 30,
    "f0": 1000,
    "BSP": true,
    "frequencies": [
        80,
        100,
        120,
        140,
        160,
        180,
        200,
        220,
        240,
        260,
        280,
        300,
        320,
        340,
        360,
        380,
        400,
        420,
        440,
        460,
        480,
        500,
        520,
        540,
        560,
        580,
        600,
        620,
        640,
        660,
        680,
        700,
        720,
        740,
        760,
        780,
        800,
        820,
        840,
        860,
        880,
        900,
        920,
        940,
        960,
        980,
        1000,
        1020,
        1040,
        1060,
        1080,
        1100,
        1120,
        1140,
        1160,
        1180,
        1200,
        1220,
        1240,
        1260,
        1280,
        1300,
        1320,
        1340,
        1360,
        1380,
        1400,
        1420,
        1440,
        1460,
        1480,
        1500,
        1520,
        1540,
        1560,
        1580,
        1600,
        1620,
        1640,
        1660,
        1680,
        1700,
        1720,
        1740,
        1760,
        1780,
        1800,
        1820,
        1840,
        1860,
        1880,
        1900,
        1920,
        1940,
        1960,
        1980,
        2000
    ],
    "Z_center": {
        "real": [
            0.01065464194779562,
            0.016613521688084987,
            0.023863301108690237,
            0.03238437187584979,
            0.042153861372304695,
            0.05314574550119623,
            0.06533095725368823,
            0.0786774874912366,
            0.09315047651081726,
            0.10871229677168798,
            0.12532262979938708,
            0.1429385417515433,
            0.16151456388357735,
            0.18100278444281573,
            0.20135295876411743,
            0.2225126429524413,
            0.24442735544807898,
            0.2670407672453729,
            0.290294921143804,
            0.31413047495168445,
            0.33848696335225537,
            0.3633030699124423,
            0.38851690004497147,
            0.4140662452232632,
            0.4398888297373865,
            0.4659225327363619,
            0.49210558101834784,
            0.5183767111441673,
            0.544675302532627,
            0.5709414865430543,
            0.5971162388074172,
            0.6231414638619734,
            0.648960081573796,
            0.6745161242378649,
            0.6997548515700862,
            0.7246228883031445,
            0.7490683860839522,
            0.7730412081635092,
            0.7964931323601908,
            0.819378065258162,
            0.8416522587179947,
            0.8632745188783055,
            0.884206397719688,
            0.9044123582041553,
            0.9238599056616404,
            0.9425196804901834,
            0.960365510015286,
            0.9773744203113026,
            0.9935266116373574,
            1.0088054035314602,
            1.02319715741449,
            1.0366911855085343,
            1.0492796549018146,
            1.0609574948954024,
            1.0717223140487884,
            1.0815743314310169,
            1.0905163241230267,
            1.0985535907009896,
            1.1056939274255655,
            1.111947616799539,
            1.1173274124128685,
            1.1218485334563681,
            1.1255286393384212,
            1.1283878013335777,
            1.1304484438248463,
            1.131735298314547,
            1.1322752676409469,
            1.1320973482541186,
            1.1312324655537107,
            1.1297133245608546,
            1.1275742006235667,
            1.1248507743561957,
            1.1215798727617963,
            1.1177992060421722,
            1.1135472618217437,
            1.1088629680718751,
            1.103785490913496,
            1.0983539855822158,
            1.0926075464133398,
            1.086584908724019,
            1.0803245086429833,
            1.0738641393102761,
            1.0672412484013405,
            1.0604926461365634,
            1.0536546637562973,
            1.0467626599884163,
            1.0398527455133175,
            1.0329594071068122,
            1.0261155044217156,
            1.0193556982538972,
            1.0127134105562716,
            1.0062172319839846,
            0.9998955168521866,
            0.9937778896276765,
            0.9878871145468786,
            0.9822392866426097,
            0.9768501889595997
        ],
        "imag": [
            0.12329832217256852,
            0.15362679255373082,
            0.18362717596869288,
            0.2132364242957227,
            0.24239279081544618,
            0.271035979438608,
            0.2991072776895323,
            0.32654967840490023,
            0.35330799594674267,
            0.37932898304956214,
            0.40456145368438867,
            0.42895641622051384,
            0.4524672190280385,
            0.47504970883150804,
            0.4966623987072324,
            0.5172666418930112,
            0.53682680391163,
            0.5553104258547892,
            0.5726883698908574,
            0.5889349395171917,
            0.6040279678144184,
            0.6179488691217025,
            0.6306826525937036,
            0.6422178984532321,
            0.6525467016831112,
            0.6616645894317311,
            0.6695704212283986,
            0.6762662816271711,
            0.6817573749110879,
            0.6860519304648689,
            0.6891611247137276,
            0.6910990232988107,
            0.6918825432472838,
            0.6915314320011389,
            0.6900682571586036,
            0.6875183987357614,
            0.6839100345865355,
            0.6792741095293607,
            0.673644279637833,
            0.6670568249578069,
            0.6595505263852058,
            0.6511665053492744,
            0.6419480279551533,
            0.6319402781257786,
            0.6211901067632334,
            0.6097457657466318,
            0.5976566366219704,
            0.584972963933889,
            0.5717456023699394,
            0.5580257852296227,
            0.5438649194999821,
            0.5293144100893514,
            0.5144255132165838,
            0.49924921553913415,
            0.48383613506123796,
            0.46823643642475526,
            0.45249975367313333,
            0.43667511387679875,
            0.4208108539823537,
            0.4049545262829512,
            0.3891527925573101,
            0.37345129756509376,
            0.35789452860351145,
            0.34252566619696556,
            0.32738641652061484,
            0.31251684545217523,
            0.2979551973082061,
            0.2837377360732941,
            0.26989858364789765,
            0.2564695404650642,
            0.24348002553164416,
            0.23095688295362157,
            0.2189243162269209,
            0.20740396681442122,
            0.1964146402257185,
            0.1859725222420118,
            0.1760911503670714,
            0.16678145310573514,
            0.1580519323353161,
            0.14990864368221032,
            0.1423556753053803,
            0.13539469321805842,
            0.1290253472428222,
            0.12324550377609517,
            0.11805142522247007,
            0.11343650932182134,
            0.10939460649958138,
            0.1059144812090012,
            0.1029842099938507,
            0.10059052738324004,
            0.09871599801083444,
            0.09734305723517404,
            0.09644691368272999,
            0.09600246777248082,
            0.09599179119999784,
            0.0963717137706549,
            0.09712641316146696
        ]
    },
    "CPU_time": {
        "derivatives": 0.09392881393432617,
        "buildingVn": 10.904491186141968,
        "assembling_C": 0,