{
    "geometry1": "spherical",
    "geometry2": "small",
    "ope": "b2p_tang_ipp",
    "lc": 0.015,
    "dimP": 2,
    "dimQ": 2,
    "N": 29,
    "f0": 1000,
    "BSP": true,
    "frequencies": [
        80,
        100,
        120,
        140,
        160,
        180,
        200,
        220,
        240,
        260,
        280,
        300,
        320,
        340,
        360,
        380,
        400,
        420,
        440,
        460,
        480,
        500,
        520,
        540,
        560,
        580,
        600,
        620,
        640,
        660,
        680,
        700,
        720,
        740,
        760,
        780,
        800,
        820,
        840,
        860,
        880,
        900,
        920,
        940,
        960,
        980,
        1000,
        1020,
        1040,
        1060,
        1080,
        1100,
        1120,
        1140,
        1160,
        1180,
        1200,
        1220,
        1240,
        1260,
        1280,
        1300,
        1320,
        1340,
        1360,
        1380,
        1400,
        1420,
        1440,
        1460,
        1480,
        1500,
        1520,
        1540,
        1560,
        1580,
        1600,
        1620,
        1640,
        1660,
        1680,
        1700,
        1720,
        1740,
        1760,
        1780,
        1800,
        1820,
        1840,
        1860,
        1880,
        1900,
        1920,
        1940,
        1960,
        1980,
        2000
    ],
    "Z_center": {
        "real": [
            0.010567467742864932,
            0.016478404877547547,
            0.023670470478580837,
            0.03212439430365503,
            0.04181756827739404,
            0.05272412865857529,
            0.06481504963902329,
            0.07805824781795671,
            0.0924186969524139,
            0.10785855235289558,
            0.12433728427067173,
            0.14181181960643013,
            0.16023669125680934,
            0.17956419440438373,
            0.1997445490471477,
            0.22072606805551795,
            0.24245533003867087,
            0.2648773562983141,
            0.2879357911473533,
            0.3115730848737856,
            0.3357306786370233,
            0.3603491905944686,
            0.38536860257092953,
            0.4107284466016653,
            0.43636799070140064,
            0.46222642323606344,
            0.48824303530068647,
            0.5143574005354815,
            0.5405095518419811,
            0.5666401544918581,
            0.5926906751521767,
            0.6186035463819342,
            0.6443223261854636,
            0.6697918522383168,
            0.6949583904302437,
            0.7197697773977546,
            0.744175556745195,
            0.7681271086782125,
            0.7915777727968425,
            0.8144829638172105,
            0.8368002800109433,
            0.8584896041698898,
            0.8795131969209105,
            0.8998357822310327,
            0.919424624957833,
            0.9382496003132179,
            0.9562832551213174,
            0.9735008607631527,
            0.9898804577119942,
            1.005402891574846,
            1.0200518405665562,
            1.0338138343548102,
            1.0466782642263157,
            1.058637384537409,
            1.0696863054261105,
            1.0798229767777427,
            1.089048163452574,
            1.0973654118017373,
            1.1047810075173077,
            1.1113039248835022,
            1.116945767519015,
            1.1217207007252634,
            1.1256453755819418,
            1.1287388449595535,
            1.131022471648619,
            1.1325198288367893,
            1.1332565931978849,
            1.133260430891054,
            1.1325608768030786,
            1.1311892074025898,
            1.129178307610871,
            1.126562532129977,
            1.1233775617045747,
            1.1196602548288566,
            1.1154484954439186,
            1.1107810372033542,
            1.1056973449154244,
            1.1002374337985528,
            1.09444170721248,
            1.088350793550179,
            1.082005382994777,
            1.075446064861325,
            1.0687131662547433,
            1.0618465927823755,
            1.0548856720622355,
            1.0478690007658675,
            1.0408342959274817,
            1.0338182512390837,
            1.0268563990338553,
            1.01998297863777,
            1.0132308117417927,
            1.0066311854146641,
            1.0002137433388658,
            0.9940063858101552,
            0.9880351789949824,
            0.9823242738891367,
            0.9768958353668724
        ],
        "imag": [
            0.12281150978933149,
            0.15302411771158014,
            0.1829121381448818,
            0.21241290823798423,
            0.2414649814389343,
            0.2700083169959996,
            0.29798446330263795,
            0.3253367343552369,
            0.35201037866101076,
            0.3779527400001223,
            0.403113409508744,
            0.42744436860791324,
            0.45090012235707083,
            0.47343782286224934,
            0.4950173824182175,
            0.5156015761125942,
            0.5351561336687168,
            0.5536498203531969,
            0.5710545068236133,
            0.5873452278413426,
            0.6025002298235035,
            0.6165010072559848,
            0.6293323280356975,
            0.6409822478542554,
            0.6514421137764967,
            0.6607065572055248,
            0.6687734764607899,
            0.6756440092271243,
            0.6813224951604997,
            0.6858164289605329,
            0.689136404240725,
            0.6912960485448494,
            0.69231194987255,
            0.6922035750886849,
            0.6909931806000574,
            0.6887057156898742,
            0.6853687189049525,
            0.681012207893752,
            0.6756685630948643,
            0.6693724056762083,
            0.662160470124852,
            0.6540714718867205,
            0.6451459704543799,
            0.6354262283002162,
            0.6249560660515281,
            0.6137807143037901,
            0.6019466624685624,
            0.5895015050536452,
            0.5764937857747018,
            0.5629728399004377,
            0.5489886352368671,
            0.5345916121607065,
            0.519832523117208,
            0.5047622720038011,
            0.4894317538675632,
            0.47389169535166564,
            0.4581924963335123,
            0.44238407320470857,
            0.4265157042505694,
            0.410635877593846,
            0.39479214217387193,
            0.37903096223774135,
            0.3633975758245583,
            0.3479358577265246,
            0.3326881874117737,
            0.31769532239275583,
            0.3029962775207884,
            0.28862821068134514,
            0.27462631535601933,
            0.26102372050536654,
            0.2478513982118248,
            0.23513807950373794,
            0.22291017875962754,
            0.21119172706673592,
            0.20000431487891232,
            0.18936704428661866,
            0.17929649117593374,
            0.1698066775142297,
            0.16090905395768448,
            0.15261249293033835,
            0.14492329227611506,
            0.13784518953437272,
            0.13137938683670117,
            0.12552458636768074,
            0.12027703627640132,
            0.11563058686789998,
            0.11157675684640432,
            0.10810480932388047,
            0.10520183725051468,
            0.10285285786664455,
            0.1010409157210185,
            0.09974719374679095,
            0.0989511318359216,
            0.0986305523047254,
            0.09876179159882668,
            0.09931983754502245,
            0.10027847142089064
        ]
    },
    "CPU_time": {
        "derivatives": 0.003777027130126953,
        "buildingVn": 0.06981825828552246,
        "assembling_C": 0,