{
    "geometry1": "spherical",
    "geometry2": "large",
    "ope": "b2p_tang_ipp",
    "lc": 0.02,
    "dimP": 2,
    "dimQ": 2,
    "ndofs": 33536,
    "ndofs_P": 30283,
    "ndofs_Q": 3253,
    "frequencies": [
        1500,
        1550,
        1600,
        1650,
        1700,
        1750,
        1800,
        1850,
        1900,
        1950,
        2000,
        2050,
        2100,
        2150,
        2200
    ],
    "Z_center": {
        "real": [
            1.1248585493469099,
            1.1156403324687405,
            1.1035808054433582,
            1.0893519276624604,
            1.0736172003678095,
            1.0569842783972707,
            1.0399754033910877,
            1.0230301144930467,
            1.006540423058074,
            0.9909002373502853,
            0.9765385972026946,
            0.9639096109930428,
            0.9534323688242874,
            0.9454021131363824,
            0.9399143565009916
        ],
        "imag": [
            0.22951713180618002,
            0.2003257252829296,
            0.17457726376299,
            0.15247801267032512,
            0.13409084029531915,
            0.11935459063357624,
            0.10812766749763424,
            0.10023973972748354,
            0.09552709250514876,
            0.09383106386738324,
            0.09495636169242133,
            0.09860951622012418,
            0.10435392361020093,
            0.11161564779729988,
            0.11975231048836654
        ]
    },
    "CPU_time": {
        "mesh_setup": 2.505687713623047,
        "fom_sweep": 25.868810176849365
    }
}